company_code,company_name,metric,page_number,matched_label,numeric_tokens_on_page,page_text_snippet,review_status
600570.SH,恒生电子,revenue,6,营业收入,"2025|11|3588|2|11|2024|5|15|2024|3588|2|11|1888|43|1888|310052|1888|600570|128|2025|2024|2023|5,782,928,939|92|6,581,075,306","恒生电子股份有限公司2025年年度报告 厦11层”变更为“杭州市滨江区江南大道3588号2幢11层” ；2024年5月15日经公司2024年第一次临时股东大会审议 通过，注册地址由“杭州市滨江区江南大道3588号2幢11 层”变更为“杭州市滨江区滨兴路1888号43层”。 公司办公地址 杭州市滨江区滨兴路1888号数智恒生中心 公司办公地址的邮政编码 310052 公司网址 www.hundsun.com 电子信箱 investor@hundsun.com 四、 信息披露及备置地点 公司披露年度报告的媒体名称及网址 中国证券报、上海证券报、证券时报 公司披露年度报告的证券交易所网址 www.sse.com.cn 公司年度报告备置地点 杭州市滨江区滨兴路1888号数智恒生中心 五、 公司股票简况 公司股票简况 股票种类 股票上市交易所 股票简称 股票代码 变更前股票简称 A股 上海证券交易所 恒生电子 600570 六、 其他相关资料 名称 天健会计师事务所（特殊普通合伙） 公司聘请的会计师事务所（境 办公地址 浙江省杭州市西湖区灵隐街道西溪路128号 内） 签字会计师姓名 周晨、周扬 七、 近三年主要会计数据和财务指标 (一) 主要会计数据 单位：元 币种：人民币 本期比上年同期 主要会计数据 2025年 2024年 2023年 增减(%) 营业收入 5,782,928,939.92 6,581,075,306.06 -12.13 7,281,202,979.92 利润总额 1,303,308,172.26 1,062,649,068.71 22.65 1,452,602,692.45 归属于上市公司股东 1,231,182,835.03 1,043,264,189.37 18.01 1,424,319,349.61 的净利润 归属于上市公司股东 的扣除非经常性损益 1,013,375,226.58 834,330,463.25 21.46 1,448,236,551.96 的净利润 经营活动产生的现金 1,066,754,032.01 867,929,234.22 22.91 1,261,324,141.04 流量净额 本期末比上年同 2025年末 2024年末 2023年末 期末增减（%） 归属于上市公司股东 9,848,043,226.53 8,666,315",candidate_requires_manual_selection
600570.SH,恒生电子,revenue,7,营业收入,2025|2025|2024|2023|0.65|0.55|18.18|0.75|0.65|0.55|18.18|0.75|0.54|0.44|22.73|0.76|0.85|13.33|12.48|19.27|0.99|10.97|9.98|19.59|2025,"恒生电子股份有限公司2025年年度报告 (二) 主要财务指标 本期比上年同 主要财务指标 2025年 2024年 2023年 期增减(%) 基本每股收益（元／股） 0.65 0.55 18.18 0.75 稀释每股收益（元／股） 0.65 0.55 18.18 0.75 扣除非经常性损益后的基本每股 0.54 0.44 22.73 0.76 收益（元／股） 增加0.85个百 加权平均净资产收益率（%） 13.33 12.48 19.27 分点 扣除非经常性损益后的加权平均 增加0.99个百 10.97 9.98 19.59 净资产收益率（%） 分点 报告期末公司前三年主要会计数据和财务指标的说明 □适用 √不适用 八、 境内外会计准则下会计数据差异 (一) 同时按照国际会计准则与按中国会计准则披露的财务报告中净利润和归属于上市公司股东 的净资产差异情况 □适用 √不适用 (二) 同时按照境外会计准则与按中国会计准则披露的财务报告中净利润和归属于上市公司股东 的净资产差异情况 □适用 √不适用 (三) 境内外会计准则差异的说明： □适用 √不适用 九、 2025年分季度主要财务数据 单位：元 币种：人民币 第一季度 第二季度 第三季度 第四季度 （1-3月份） （4-6月份） （7-9月份） （10-12月份） 营业收入 1,025,881,877.64 1,400,537,937.95 1,063,480,320.25 2,293,028,804.08 归属于上市公司股 31,334,213.72 229,178,934.78 194,636,973.19 776,032,713.34 东的净利润 归属于上市公司股 东的扣除非经常性 9,994,720.70 182,387,773.45 98,727,344.67 722,265,387.76 损益后的净利润 经营活动产生的现 -1,057,367,227.62 156,298,542.28 231,300,854.70 1,736,521,862.65 金流量净额 季度数据与已披露定期报告数据差异说明 □适用 √不适用 7/238",candidate_requires_manual_selection
600570.SH,恒生电子,revenue,12,营业收入,2025|1|57.83|12.13|12.31|18.01|10.13|21.46|10.67|22.91|2025|2025|71.06|2026|2|2025|1|2|45|3.0|3|2025|21.80|37.70|2025,恒生电子股份有限公司2025年年度报告 金融系统是高度敏感、拒绝“机器幻觉”、对数据的精确度与及时性要求极高的行业。尽管 AI在应用层快速扩张，金融行业作为一个强监管行业，AI的应用会比其他领域更为审慎。 三、经营情况讨论与分析 1.报告期内总体经营情况 报告期内，公司实现营业收入约57.83亿元，同比下降12.13%。实现归属于上市公司股东的 净利润约12.31亿元，同比增长18.01%。实现归属于上市公司股东的扣除非经常性损益的净利润 约10.13 亿元，同比增长21.46%。实现经营活动产生的现金流量净额约10.67 亿元，同比增长 22.91%。 2025年的经营中，相对收入的增长，公司更加关注收入质量的提升。报告期内，公司主动优 化业务结构，将资源进一步聚焦到核心产品线，对非核心、非战略且亏损的产品线进行战略性收 缩，这一举措为公司未来增长积聚动能。2025年，公司一方面持续加强回款管理，另一方面加大 了降本增效的管理力度，向管理要效益，积极推进人员队伍的结构优化，公司经营活动产生的现 金流量净额实现了增长。 公司主营业务毛利率为71.06%，继续保持市场领先和产品竞争力优势。2026年，公司将继续 关注收入质量、精进项目管理，提升新一代核心自主创新产品的交付效率，并建立收入和成本相 匹配的经营策略；同时加强AI内部提效和AI产品研发，为转型升级提供有力支撑。 2.报告期内重要经营举措 2025年以来，面对复杂多变的外部环境，公司更加关注收入质量，保障经营性现金流的增长。 公司进一步聚焦核心产品与主赛道，通过动态优化预算管控，实现了经营质量的稳步提升。 具体举措有： （1）提升客户满意度 公司坚持深耕行业，聚焦于战略客户经营，通过签订战略合作协议，与战略客户构建深度互 信的合作关系。公司积极落实以客户为中心的“三个代表”（交付代表、解决方案代表、客户代 表）机制，精准定位客户需求，从需求洞察、方案定制到价值交付，公司全流程响应客户在业务 拓展、技术迭代及生态协同等维度的差异化诉求，对端到端的客户经营和持续商业成功负责。 （2）提升产品竞争力 公司推进产品工程分离策略，集中优势资源打造平台化产品。在产品经营上，加强产品规划， 保障标准产品的研发资源；加强接口标准能力的建设；不断夯实现有核心产品竞争力，同时积极 布局未来。在资管领域，推进O45产品在行业的自主,candidate_requires_manual_selection
600570.SH,恒生电子,revenue,14,营业收入,"2025|1|5,782,928,939|92|6,581,075,306|06|12.13|1,673,330,301|22|1,841,317,277|99|9.12|425,180,123|98|543,156,143|68|21.72|732,807,089|49|904,556,515|01|18.99|6,847,085|17|16,629,421","恒生电子股份有限公司2025年年度报告 (一) 主营业务分析 1、 利润表及现金流量表相关科目变动分析表 单位：元 币种：人民币 科目 本期数 上年同期数 变动比例（%） 营业收入 5,782,928,939.92 6,581,075,306.06 -12.13 营业成本 1,673,330,301.22 1,841,317,277.99 -9.12 销售费用 425,180,123.98 543,156,143.68 -21.72 管理费用 732,807,089.49 904,556,515.01 -18.99 财务费用 6,847,085.17 16,629,421.71 -58.83 研发费用 2,180,002,239.53 2,458,468,971.10 -11.33 经营活动产生的现金流量净额 1,066,754,032.01 867,929,234.22 22.91 投资活动产生的现金流量净额 -1,904,613,068.73 -594,889,692.33 不适用 筹资活动产生的现金流量净额 -89,824,974.16 -407,569,443.78 不适用 营业收入变动原因说明：主要系资管科技服务、风险与平台科技服务、企金、保险核心与金融基 础设施科技服务收入下降较大所致。 营业成本变动原因说明：主要系本期人员薪酬费用下降所致。 销售费用变动原因说明：主要系本期人员薪酬费用下降所致。 管理费用变动原因说明：主要系本期人员薪酬费用下降所致。 财务费用变动原因说明：主要系公司本期利息支出较上年同期减少所致。 研发费用变动原因说明：主要系本期人员薪酬费用下降所致。 经营活动产生的现金流量净额变动原因说明：主要系公司本期支付给职工以及为职工支付的现金 较上年同期下降所致。 投资活动产生的现金流量净额变动原因说明：主要系公司本期投资支付的现金增加所致。 筹资活动产生的现金流量净额变动原因说明：主要系公司本期吸收投资所收到的现金增加、收到 员工股权激励缴款增加、支付股份回购减少所致。 本期公司业务类型、利润构成或利润来源发生重大变动的详细说明 □适用 √不适用 2、 收入和成本分析 √适用 □不适用 公司主营业务收入和成本详细情况如下： (1).主营业务分行业、分产品、分地区、分销售模式情况 单位：元 币种：人民币 主营业务分行业情况 营业收入 营业成",candidate_requires_manual_selection
600570.SH,恒生电子,revenue,15,营业收入,"2025|4.13|352,134,997|79|132,194,220|80|62.46|0.47|10.32|1.04|490,401,050|23|110,066,383|77|77.56|4.85|0.22|4.86|540,096,737|13|321,063,826|71|40.55|21.75|14.79","恒生电子股份有限公司2025年年度报告 增加4.13 数据服务业务 352,134,997.79 132,194,220.80 62.46 -0.47 -10.32 个百分点 减少1.04 创新业务 490,401,050.23 110,066,383.77 77.56 -4.85 -0.22 个百分点 企金、保险核 减少4.86 心与金融基础 540,096,737.13 321,063,826.71 40.55 -21.75 -14.79 个百分点 设施科技服务 减少0.66 其他 217,657,215.10 64,508,444.59 70.36 -6.66 -4.54 个百分点 减少0.99 合计 5,779,567,380.33 1,672,733,518.87 71.06 -12.13 -9.02 个百分点 主营业务分产品情况 营业收入 营业成本 毛利率比 毛利率 分产品 营业收入 营业成本 比上年增 比上年增 上年增减 （%） 减（%） 减（%） （%） 减少0.91 软件业收入 5,749,844,315.19 1,661,266,339.53 71.11 -12.18 -9.32 个百分点 减少16.22 物业出租收入 29,723,065.14 11,467,179.34 61.42 -0.70 71.33 个百分点 减少0.99 合计 5,779,567,380.33 1,672,733,518.87 71.06 -12.13 -9.02 个百分点 主营业务分地区情况 营业收入 营业成本 毛利率比 毛利率 分地区 营业收入 营业成本 比上年增 比上年增 上年增减 （%） 减（%） 减（%） （%） 减少0.63 境内 5,566,858,570.59 1,610,399,235.52 71.07 -12.13 -10.18 个百分点 减少10.45 境外 212,708,809.74 62,334,283.35 70.70 -12.13 36.58 个百分点 减少0.99 合计 5,779,567,380.33 1,672,733,518.87 71.06 -12.13 -9.02 个百分点 主营业务分销售模式情况 营业收入 营业成本 毛利率比 毛利率 销售模式 营业收入 营业成本 比上年增 比上年增 上年增减 （%） 减（%） 减（%） （",candidate_requires_manual_selection
600570.SH,恒生电子,revenue,17,营业收入,"2025|50|5|50|5|10|10|3|425,180,123|98|543,156,143|68|21.72|732,807,089|49|904,556,515|01|18.99|2,180,002,239|53|2,458,468,971|10|11.33|6,847,085|17","恒生电子股份有限公司2025年年度报告 B.报告期内向单个客户的销售比例超过总额的50%、前5名客户中存在新增客户的或严重依赖于 少数客户的情形 □适用 √不适用 报告期内向单个供应商的采购比例超过总额的50%、前5名供应商中存在新增供应商的或严重依 赖于少数供应商的情形 □适用 √不适用 C. 报告期内公司股票被实施退市风险警示或其他风险警示 前五名销售客户 □适用 √不适用 前五名供应商 □适用 √不适用 D. 报告期内公司存在贸易业务收入 □适用 √不适用 贸易业务占营业收入比例超过10%前五名销售客户 □适用 √不适用 贸易业务收入占营业收入比例超过10%前五名供应商 □适用 √不适用 3、 费用 √适用 □不适用 单位：元 币种：人民币 费用项目 本期数 上年同期数 变动比例（%） 变动原因说明 主要系本期人员薪酬 销售费用 425,180,123.98 543,156,143.68 -21.72 费用下降所致 主要系本期人员薪酬 管理费用 732,807,089.49 904,556,515.01 -18.99 费用下降所致 主要系本期人员薪酬 研发费用 2,180,002,239.53 2,458,468,971.10 -11.33 费用下降所致 主要系公司本期利息 财务费用 6,847,085.17 16,629,421.71 -58.83 支出较上年同期减少 所致 4、 研发投入 (1).研发投入情况表 √适用 □不适用 单位：元 币种：人民币 本期费用化研发投入 2,180,002,239.53 本期资本化研发投入 研发投入合计 2,180,002,239.53 研发投入总额占营业收入比例（%） 37.70 研发投入资本化的比重（%） 17/238",candidate_requires_manual_selection
600570.SH,恒生电子,revenue,20,营业收入,"2025|620,242,870|87|3.90|642,953,563|39|4.37|3.53|278,862,246|06|1.75|260,259,311|70|1.77|7.15|702,644,838|26|4.42|649,470,070|10|4.41|8.19|46,600,537|58|0.29","恒生电子股份有限公司2025年年度报告 商誉 620,242,870.87 3.90 642,953,563.39 4.37 -3.53 无重大变化 递延所得税资产 278,862,246.06 1.75 260,259,311.70 1.77 7.15 无重大变化 其他非流动资产 702,644,838.26 4.42 649,470,070.10 4.41 8.19 无重大变化 主要系公司金融 其他债权投资 46,600,537.58 0.29 24,920,335.72 0.17 87.00 债投资增加所致 一年内到期的非 18,713,088.32 0.12 26,598,085.37 0.18 -29.64 无重大变化 流动负债 主要系本期票据 应付票据 108,229,467.29 0.68 72,023,747.66 0.49 50.27 支付增加所致 短期借款 206,183,855.44 1.30 258,057,992.79 1.75 -20.10 无重大变化 主要系本期支付 交易性金融负债 10,000,000.00 0.07 -100.00 业务合并或有对 价所致 应付账款 440,658,630.77 2.77 545,672,244.44 3.70 -19.24 无重大变化 合同负债 2,664,703,377.17 16.75 2,527,002,319.92 17.16 5.45 无重大变化 应付职工薪酬 675,985,955.85 4.25 678,913,516.80 4.61 -0.43 无重大变化 应交税费 230,500,451.35 1.45 258,625,044.06 1.76 -10.87 无重大变化 主要系本期暂收 其他应付款 163,908,139.56 1.03 274,810,779.76 1.87 -40.36 款项支付所致 其他流动负债 285,880,811.68 1.80 338,788,538.37 2.30 -15.62 无重大变化 长期借款 209,654,906.79 1.32 174,408,976.28 1.18 20.21 无重大变化 2、 境外资产情况 √适用 □不适用 (1). 资产规模 其中：境外资产1,117,982,141.39（单位：元 币种：人民币），占总资产的比例为7.",candidate_requires_manual_selection
600570.SH,恒生电子,revenue,28,营业收入,"2025|10,000|00|44,478|86|32,965|47|24,349|28|11,454|83|10,095|31|13,923|26|45,402|38|24,243|62|35,754|91|2,137|76|2,127|82","恒生电子股份有限公司2025年年度报告 单位：万元 币种：人民币 公司名称 公司类型 主要业务 注册资本 总资产 净资产 营业收入 营业利润 净利润 杭州云毅网络科技有 子公司 软件业 10,000.00 44,478.86 32,965.47 24,349.28 11,454.83 10,095.31 限公司 上海恒生聚源数据服 子公司 软件业 13,923.26 45,402.38 24,243.62 35,754.91 2,137.76 2,127.82 务有限公司 恒云控股有限公司 子公司 投资管理 HKD100 97,035.74 75,818.16 15,001.96 1,253.41 1,346.27 蚂蚁（杭州）基金销售 参股公司 金融业 15,562.00 16,131,460.53 344,967.68 2,023,422.84 140,794.70 108,469.67 有限公司 深圳市赢时胜信息技 参股公司 软件业 75,100.308 术股份有限公司[注1] 注1：根据赢时胜披露的2025年度业绩预告，赢时胜预计2025年盈利1,600万元至2,400万元(数据未经审计)，鉴于赢时胜为上市公司，具体财务信息 请参阅其披露的2025年年度报告。 报告期内取得和处置子公司的情况 √适用 □不适用 公司名称 报告期内取得和处置子公司方式 对整体生产经营和业绩的影响 杭州智股网络科技有限公司 注销 无重大影响 无锡星禄天成投资管理合伙企业（有限合伙） 注销 无重大影响 其他说明 □适用 √不适用 (八) 公司控制的结构化主体情况 □适用 √不适用 28/238",candidate_requires_manual_selection
600570.SH,恒生电子,revenue,84,营业收入,"2025|1|1|2025|578,292|89|574,984|43|99.43|2|1|2|3|4|5|6|7|8|9|10|1|19|2025|12|31","恒生电子股份有限公司2025年年度报告 三、关键审计事项 关键审计事项是我们根据职业判断，认为对本期财务报表审计最为重要的事项。这些事项的 应对以对财务报表整体进行审计并形成审计意见为背景，我们不对这些事项单独发表意见。 (一) 收入确认 1. 事项描述 相关信息披露详见财务报表附注三（二十五）和五（二）1。 恒生电子公司营业收入主要来源于为证券、期货、基金、信托、保险、银行、交易所、私募 等机构提供整体的软件解决方案和网络服务。2025 年度，恒生电子公司的营业收入为人民币 578,292.89万元，其中软件产品销售及服务业务营业收入为人民币574,984.43万元，占营业收 入的99.43%。 由于营业收入是恒生电子公司关键业绩指标之一，可能存在恒生电子公司管理层（以下简称 管理层）通过不恰当的收入确认以达到特定目标或预期的固有风险，因此，我们将收入确认作为 关键审计事项。 2. 审计应对 针对收入确认，我们实施的审计程序主要包括： (1) 了解与收入确认相关的关键内部控制，评价这些控制的设计，确定其是否得到执行，并 测试相关内部控制的运行有效性； (2) 按月度、产品、客户等对营业收入实施分析程序，识别是否存在重大或异常波动，并查 明波动原因； (3) 结合同行业收入情况，分析公司收入波动的合理性； (4) 检查销售合同，了解主要合同条款或条件，评价收入确认方法是否适当； (5) 选取样本，检查相关合同、竣工单、结算单及审核记录等支持性文件，判断收入确认的 合理性； (6) 抽取项目实施现场走访程序，了解项目实施情况； (7) 对重要客户实施函证程序，询证合同金额、实施状态、服务期限等信息； (8) 实施截止测试，检查收入是否在恰当期间确认； (9) 获取资产负债表日后的冲回记录，检查是否存在资产负债表日不满足收入确认条件的情 况； (10) 检查与营业收入相关的信息是否已在财务报表中作出恰当列报。 (二) 商誉减值测试 1. 事项描述 相关信息披露详见财务报表附注三（二十）和五（一）19。 截至2025年12月31日，恒生电子公司商誉账面原值为人民币92,173.58万元，减值准备为 人民币30,149.30万元，账面价值为人民币62,024.28万元。 84/238",candidate_requires_manual_selection
600570.SH,恒生电子,total_assets,87,资产合计,"2025|2025|12|31|2025|12|31|2024|12|31|1|1,363,722,500|39|2,277,324,647|14|2|3,030,376,511|45|1,676,963,700|52|4|28,770,880|48|31,020,103|99","恒生电子股份有限公司2025年年度报告 （项目合伙人） 中国·杭州 中国注册会计师： 二〇二六年三月二十六日 二、财务报表 合并资产负债表 2025年12月31日 编制单位：恒生电子股份有限公司 单位：元 币种：人民币 项目 附注 2025年12月31日 2024年12月31日 流动资产： 货币资金 七、1 1,363,722,500.39 2,277,324,647.14 结算备付金 拆出资金 交易性金融资产 七、2 3,030,376,511.45 1,676,963,700.52 衍生金融资产 应收票据 七、4 28,770,880.48 31,020,103.99 应收账款 七、5 806,543,937.12 951,427,654.84 应收款项融资 预付款项 七、8 11,833,176.69 6,881,574.46 应收保费 应收分保账款 应收分保合同准备金 其他应收款 七、9 48,030,361.98 56,937,158.46 其中：应收利息 应收股利 买入返售金融资产 存货 七、10 677,166,726.77 633,199,357.60 其中：数据资源 合同资产 七、6 56,980,138.37 45,511,329.63 持有待售资产 一年内到期的非流动资产 七、12 395,026,203.79 113,242,210.19 其他流动资产 七、13 33,756,836.92 26,410,319.77 流动资产合计 6,452,207,273.96 5,818,918,056.60 非流动资产： 发放贷款和垫款 债权投资 其他债权投资 七、15 46,600,537.58 24,920,335.72 长期应收款 长期股权投资 七、17 2,632,061,132.24 2,490,995,735.73 其他权益工具投资 其他非流动金融资产 七、19 2,046,879,068.52 1,730,048,962.26 投资性房地产 七、20 305,695,038.28 159,292,142.54 固定资产 七、21 1,426,010,945.70 1,481,401,154.24 87/238",candidate_requires_manual_selection
600570.SH,恒生电子,total_assets,88,资产合计,"2025|22|624,294,603|61|607,203,001|12|25|24,260,855|50|28,855,386|75|26|734,833,135|81|822,106,558|81|27|620,242,870|87|642,953,563|39|28|12,525,446|08|12,387,397","恒生电子股份有限公司2025年年度报告 在建工程 七、22 624,294,603.61 607,203,001.12 生产性生物资产 油气资产 使用权资产 七、25 24,260,855.50 28,855,386.75 无形资产 七、26 734,833,135.81 822,106,558.81 其中：数据资源 开发支出 其中：数据资源 商誉 七、27 620,242,870.87 642,953,563.39 长期待摊费用 七、28 12,525,446.08 12,387,397.96 递延所得税资产 七、29 278,862,246.06 260,259,311.70 其他非流动资产 七、30 702,644,838.26 649,470,070.10 非流动资产合计 9,454,910,718.51 8,909,893,620.32 资产总计 15,907,117,992.47 14,728,811,676.92 流动负债： 短期借款 七、32 206,183,855.44 258,057,992.79 向中央银行借款 拆入资金 交易性金融负债 七、33 10,000,000.00 衍生金融负债 应付票据 七、35 108,229,467.29 72,023,747.66 应付账款 七、36 440,658,630.77 545,672,244.44 预收款项 七、37 2,494,449.12 1,152,863.47 合同负债 七、38 2,664,703,377.17 2,527,002,319.92 卖出回购金融资产款 吸收存款及同业存放 代理买卖证券款 代理承销证券款 应付职工薪酬 七、39 675,985,955.85 678,913,516.80 应交税费 七、40 230,500,451.35 258,625,044.06 其他应付款 七、41 163,908,139.56 274,810,779.76 其中：应付利息 应付股利 应付手续费及佣金 应付分保账款 持有待售负债 一年内到期的非流动负债 七、43 18,713,088.32 26,598,085.37 其他流动负债 七、44 285,880,811.68 338,788,538.37 流动负债合计 4,797,258,226.55 4,991,645,132.64 非流动负债",candidate_requires_manual_selection
600570.SH,恒生电子,total_assets,90,资产合计,"2025|3,698,485,781|77|3,579,050,276|46|3|5,637,832,795|32|5,536,704,106|88|1,670,644,805|64|1,430,665,158|01|48,255,609|00|49,042,354|49|1,110,372,195|29|1,143,752,198|38|434,657,037|27|434,548,255","恒生电子股份有限公司2025年年度报告 其他流动资产 流动资产合计 3,698,485,781.77 3,579,050,276.46 非流动资产： 债权投资 其他债权投资 长期应收款 长期股权投资 十九、3 5,637,832,795.32 5,536,704,106.88 其他权益工具投资 其他非流动金融资产 1,670,644,805.64 1,430,665,158.01 投资性房地产 48,255,609.00 49,042,354.49 固定资产 1,110,372,195.29 1,143,752,198.38 在建工程 434,657,037.27 434,548,255.15 生产性生物资产 油气资产 使用权资产 2,578,818.43 6,089,387.14 无形资产 149,911,867.40 171,740,890.92 其中：数据资源 开发支出 其中：数据资源 商誉 33,116,093.17 33,116,093.17 长期待摊费用 290,412.32 970,898.11 递延所得税资产 312,634,480.65 288,418,075.60 其他非流动资产 413,579,692.68 10,344,589.05 非流动资产合计 9,813,873,807.17 9,105,392,006.90 资产总计 13,512,359,588.94 12,684,442,283.36 流动负债： 短期借款 49,027,222.22 交易性金融负债 10,000,000.00 衍生金融负债 应付票据 282,125,735.39 170,409,045.62 应付账款 438,943,987.74 609,702,118.53 预收款项 合同负债 2,190,526,570.38 2,174,112,012.59 应付职工薪酬 539,528,614.61 529,080,882.92 应交税费 179,561,150.59 204,013,601.64 其他应付款 34,652,422.94 100,344,060.04 其中：应付利息 应付股利 持有待售负债 一年内到期的非流动负债 2,521,402.69 16,086,275.62 其他流动负债 流动负债合计 3,667,859,884.34 3,862,775,219.1",candidate_requires_manual_selection
600570.SH,恒生电子,revenue,91,营业收入,"2025|13,626,304|32|16,751,055|05|23,667,329|07|26,473,766|05|10,354,926|90|14,923,630|75|48,163,988|88|83,108,821|48|3,716,023,873|22|3,945,884,040|66|1,894,130,907|00|1,894,145,075|00","恒生电子股份有限公司2025年年度报告 长期应付款 长期应付职工薪酬 预计负债 13,626,304.32 16,751,055.05 递延收益 23,667,329.07 26,473,766.05 递延所得税负债 10,354,926.90 14,923,630.75 其他非流动负债 非流动负债合计 48,163,988.88 83,108,821.48 负债合计 3,716,023,873.22 3,945,884,040.66 所有者权益（或股东权益）： 实收资本（或股本） 1,894,130,907.00 1,894,145,075.00 其他权益工具 其中：优先股 永续债 资本公积 194,275,737.21 149,107,774.67 减：库存股 57,939,401.12 174,909,384.69 其他综合收益 346,075.73 346,075.73 专项储备 盈余公积 1,119,523,377.53 1,011,068,255.54 未分配利润 6,645,999,019.37 5,858,800,446.45 所有者权益（或股东权 9,796,335,715.72 8,738,558,242.70 益）合计 负债和所有者权益（或 13,512,359,588.94 12,684,442,283.36 股东权益）总计 公司负责人：彭政纲 主管会计工作负责人：姚曼英 会计机构负责人：姚曼英 合并利润表 2025年1—12月 单位：元 币种：人民币 项目 附注 2025年度 2024年度 一、营业总收入 七、61 5,782,928,939.92 6,581,075,306.06 其中：营业收入 七、61 5,782,928,939.92 6,581,075,306.06 利息收入 已赚保费 手续费及佣金收入 二、营业总成本 5,091,619,353.47 5,876,331,902.72 其中：营业成本 七、61 1,673,330,301.22 1,841,317,277.99 利息支出 手续费及佣金支出 退保金 赔付支出净额 提取保险责任准备金净额 保单红利支出 分保费用 税金及附加 七、62 73,452,514.08 112,203,573.23 销售费用 七、63 425,180,123.98 543,156,143.68 ",candidate_requires_manual_selection
600570.SH,恒生电子,net_profit_attributable,92,归属于母公司股东的净利润,"2025|66|6,847,085|17|16,629,421|71|12,088,463|61|37,118,706|08|7,924,331|47|25,628,475|21|67|192,850,990|98|233,244,246|24|68|526,216,681|67|195,389,961|11|253,914,684","恒生电子股份有限公司2025年年度报告 财务费用 七、66 6,847,085.17 16,629,421.71 其中：利息费用 12,088,463.61 37,118,706.08 利息收入 -7,924,331.47 -25,628,475.21 加：其他收益 七、67 192,850,990.98 233,244,246.24 投资收益（损失以“－”号填 七、68 526,216,681.67 195,389,961.11 列） 其中：对联营企业和合营企业 253,914,684.53 50,122,663.04 的投资收益 以摊余成本计量的金融 1,580,271.33 389,534.31 资产终止确认收益 汇兑收益（损失以“－”号填 列） 净敞口套期收益（损失以“-” 号填列） 公允价值变动收益（损失以 七、70 26,440,073.59 162,205,158.65 “－”号填列） 信用减值损失（损失以“-”号 七、71 -27,969,267.70 -95,436,017.21 填列） 资产减值损失（损失以“-”号 七、72 -101,671,411.27 -137,215,403.29 填列） 资产处置收益（损失以“－” 七、73 713,607.48 -714,147.38 号填列） 三、营业利润（亏损以“－”号填列） 1,307,890,261.20 1,062,217,201.46 加：营业外收入 七、74 863,499.74 4,107,137.58 减：营业外支出 七、75 5,445,588.68 3,675,270.33 四、利润总额（亏损总额以“－”号填 1,303,308,172.26 1,062,649,068.71 列） 减：所得税费用 七、76 17,179,310.91 22,244,648.16 五、净利润（净亏损以“－”号填列） 1,286,128,861.35 1,040,404,420.55 （一）按经营持续性分类 1.持续经营净利润（净亏损以 1,286,128,861.35 1,040,404,420.55 “－”号填列） 2.终止经营净利润（净亏损以 “－”号填列） （二）按所有权归属分类 1.归属于母公司股东的净利润 1,231,182,835.03 1,043,264,189.37 （净亏损以“-”",candidate_requires_manual_selection
600570.SH,恒生电子,revenue,93,营业收入,"2025|4|2|19,788,905|56|723,270|59|1|3,963,344|27|2|978,491|78|732,572|21|3|4|5|6|16,804,053|07|9,301|62|7|1,239,246","恒生电子股份有限公司2025年年度报告 变动 （4）企业自身信用风险公允价值 变动 2．将重分类进损益的其他综合 -19,788,905.56 -723,270.59 收益 （1）权益法下可转损益的其他综 -3,963,344.27 合收益 （2）其他债权投资公允价值变动 978,491.78 -732,572.21 （3）金融资产重分类计入其他综 合收益的金额 （4）其他债权投资信用减值准备 （5）现金流量套期储备 （6）外币财务报表折算差额 -16,804,053.07 9,301.62 （7）其他 （二）归属于少数股东的其他综合 -1,239,246.82 -822,211.84 收益的税后净额 七、综合收益总额 1,265,100,708.97 1,038,858,938.12 （一）归属于母公司所有者的综合 1,211,393,929.47 1,042,540,918.78 收益总额 （二）归属于少数股东的综合收益 53,706,779.50 -3,681,980.66 总额 八、每股收益： （一）基本每股收益(元/股) 0.65 0.55 （二）稀释每股收益(元/股) 0.65 0.55 公司负责人：彭政纲 主管会计工作负责人：姚曼英 会计机构负责人：姚曼英 母公司利润表 2025年1—12月 单位：元 币种：人民币 项目 附注 2025年度 2024年度 一、营业收入 十九、4 4,610,676,639.80 5,329,948,899.18 减：营业成本 十九、4 1,411,576,362.56 1,535,264,725.55 税金及附加 54,946,926.75 60,955,707.64 销售费用 300,659,950.38 388,848,819.63 管理费用 557,800,302.44 697,950,401.90 研发费用 1,832,278,249.82 2,078,852,066.65 财务费用 -514,305.13 7,797,815.28 其中：利息费用 2,927,330.97 18,506,007.44 利息收入 3,965,424.63 -12,003,197.69 加：其他收益 172,975,534.80 213,588,143.90 投资收益（损失以“－”号填 十九、5 547,226,997.19 31",candidate_requires_manual_selection
600570.SH,恒生电子,total_assets,106,资产总额,2025|5|0.5|0.5|0.5|1|0.5|0.5|0.5|1|1|0.5|0.5|1|0.5|1|0.5|10|5|5|5|5|5|5|106,恒生电子股份有限公司2025年年度报告 日本恒生、恒云国际、恒云控股、恒云科技、香港恒生、新加坡艾雅斯、洲际控股、美国恒生、 香港清链、恒生国际、恒迈香港及金纳精诚等境外子公司从事境外经营，选择其经营所处的主要 经济环境中的货币为记账本位币。 5、 重要性标准确定方法和选择依据 √适用 □不适用 项目 重要性标准 重要的单项计提坏账准备的应收账款 公司将单项应收账款金额超过资产总额×0.5% 重要的应收账款坏账准备收回或转回 的应收账款认定为重要应收账款 重要的核销应收账款 重要的单项计提坏账准备的其他应收款 公司将单项其他应收款金额超过资产总额× 重要的其他应收款坏账准备收回或转回 0.5%的其他应收款认定为重要其他应收款 重要的核销其他应收款 公司将单项预付款项金额超过资产总额×0.5% 重要的账龄超过1年的预付款项 的预付款项认定为重要预付款项 公司将单项其他债权投资金额超过资产总额× 重要的其他债权投资 0.5%的其他债权投资认定为重要其他债权投资 公司将单项在建工程金额预算数超过资产总额× 重要的在建工程项目 0.5%的在建工程认定为重要在建工程 公司将单项应付账款金额超过资产总额×0.5% 重要的账龄超过1年的应付账款 的应付账款认定为重要应付账款 公司将单项其他应付款金额超过资产总额× 重要的账龄超过1年的其他应付款 0.5%的其他应付款认定为重要其他应付款 公司将单项预收款项金额超过资产总额×0.5% 重要的账龄超过1年或逾期的预收款项 的预收款项认定为重要预收款项 公司将单项合同负债金额超过资产总额×0.5% 重要的账龄超过1年的合同负债 的合同负债认定为重要合同负债 公司将单项预计负债金额超过资产总额×0.5% 重要的预计负债 的预计负债认定为重要预计负债 公司将投资活动现金流量金额超过资产总额10% 重要的投资活动现金流量 的投资活动现金流量认定为重要的投资活动现金 流量 重要的境外经营实体 公司将资产总额/收入总额/利润总额超过合并总 资产/总收入/利润总额的 5%的子公司确定为重 重要的子公司、非全资子公司 要的境外经营实体、子公司、重要非全资子公司 公司将对公司利润总额的绝对值贡献超过合并利 重要的联营企业 润总额5%以上的联营企业确定为重要联营企业 对影响财务状况的事项，公司将资产总额超过合 并总资产5%以上的承诺事项确定为重要的承诺 ,candidate_requires_manual_selection
600570.SH,恒生电子,revenue,175,营业收入,"2025|5,841,742,581|49|5,148,556,074|23|1,231,182,835|03|1,043,264,189|37|108,455,121|99|104,197,014|87|188,897,525|00|245,880,667|24|6,775,572,769|53|5,841,742,581|49|2024|2024|10|1.0","恒生电子股份有限公司2025年年度报告 +，调减－） 调整后期初未分配利润 5,841,742,581.49 5,148,556,074.23 加：本期归属于母公司所有者的净利 1,231,182,835.03 1,043,264,189.37 润 减：提取法定盈余公积 108,455,121.99 104,197,014.87 应付普通股股利 188,897,525.00 245,880,667.24 期末未分配利润 6,775,572,769.53 5,841,742,581.49 根据公司2024年年度股东大会审议通过的《公司2024年度利润分配预案》，公司以实施权 益分派股权登记日登记的总股本扣除公司回购专用证券账户持有的股票数量为基数，向全体股东 每10股派发现金红利1.0元（含税）。以股权登记日2025年6月5日的总股本1,891,767,477股 扣除回购专用证券账户2,792,227股的剩余股数1,888,975,250股作为实际参与分配股数，分派现 金股利188,897,525.00元。 61、营业收入和营业成本 (1).营业收入和营业成本情况 √适用 □不适用 单位：元 币种：人民币 本期发生额 上期发生额 项目 收入 成本 收入 成本 主营业务 5,779,567,380.33 1,672,733,518.87 6,577,242,947.46 1,838,602,669.15 其他业务 3,361,559.59 596,782.35 3,832,358.60 2,714,608.84 合计 5,782,928,939.92 1,673,330,301.22 6,581,075,306.06 1,841,317,277.99 (2).营业收入、营业成本的分解信息 √适用 □不适用 单位：元 币种：人民币 分部 合计 合同分类 营业收入 营业成本 营业收入 营业成本 商品类型 软件业 5,749,844,315.19 1,661,266,339.53 5,749,844,315.19 1,661,266,339.53 物业管理 6,896,996.19 3,494,610.71 6,896,996.19 3,494,610.71 按经营地区分类 境 内 5,544,032,501.64 1,602,426,666.89 5,544,032,501",candidate_requires_manual_selection
600570.SH,恒生电子,total_assets,191,资产合计,"2025|3|39,544|25|57,491|49|97,035|74|14,365|63|6,851|96|21,217|59|33,062|36|60,880|61|93,942|97|9,804|27|7,711|92|17,516","恒生电子股份有限公司2025年年度报告 (3).重要非全资子公司的主要财务信息 √适用 □不适用 单位：万元 币种：人民币 期末余额 期初余额 子公司名称 流动资产 非流动资产 资产合计 流动负债 非流动负债 负债合计 流动资产 非流动资产 资产合计 流动负债 非流动负债 负债合计 恒云控股 39,544.25 57,491.49 97,035.74 14,365.63 6,851.96 21,217.59 33,062.36 60,880.61 93,942.97 9,804.27 7,711.92 17,516.19 上海聚源 40,965.22 4,437.16 45,402.38 20,393.30 765.47 21,158.77 29,579.04 10,157.25 39,736.29 17,060.81 522.01 17,582.82 云毅网络 28,959.10 15,519.76 44,478.86 11,386.87 126.52 11,513.39 18,063.75 18,221.64 36,285.39 10,151.22 196.73 10,347.95 本期发生额 上期发生额 子公司名称 综合收益 经营活动现 综合收益 经营活动现 营业收入 净利润 营业收入 净利润 总额 金流量 总额 金流量 恒云控股 15,001.96 1,346.27 -617.97 8,671.31 17,904.82 705.91 713.20 8,664.28 上海聚源 35,754.91 2,127.82 2,127.82 8,026.30 36,261.84 -6,443.70 -6,443.70 -951.35 云毅网络 24,349.28 10,095.31 10,095.31 12,996.10 23,885.00 10,349.59 10,349.59 7,359.31 (4).使用企业集团资产和清偿企业集团债务的重大限制 □适用 √不适用 (5).向纳入合并财务报表范围的结构化主体提供的财务支持或其他支持 □适用 √不适用 其他说明： □适用 √不适用 191/238",candidate_requires_manual_selection
600570.SH,恒生电子,revenue,191,营业收入,"2025|3|39,544|25|57,491|49|97,035|74|14,365|63|6,851|96|21,217|59|33,062|36|60,880|61|93,942|97|9,804|27|7,711|92|17,516","恒生电子股份有限公司2025年年度报告 (3).重要非全资子公司的主要财务信息 √适用 □不适用 单位：万元 币种：人民币 期末余额 期初余额 子公司名称 流动资产 非流动资产 资产合计 流动负债 非流动负债 负债合计 流动资产 非流动资产 资产合计 流动负债 非流动负债 负债合计 恒云控股 39,544.25 57,491.49 97,035.74 14,365.63 6,851.96 21,217.59 33,062.36 60,880.61 93,942.97 9,804.27 7,711.92 17,516.19 上海聚源 40,965.22 4,437.16 45,402.38 20,393.30 765.47 21,158.77 29,579.04 10,157.25 39,736.29 17,060.81 522.01 17,582.82 云毅网络 28,959.10 15,519.76 44,478.86 11,386.87 126.52 11,513.39 18,063.75 18,221.64 36,285.39 10,151.22 196.73 10,347.95 本期发生额 上期发生额 子公司名称 综合收益 经营活动现 综合收益 经营活动现 营业收入 净利润 营业收入 净利润 总额 金流量 总额 金流量 恒云控股 15,001.96 1,346.27 -617.97 8,671.31 17,904.82 705.91 713.20 8,664.28 上海聚源 35,754.91 2,127.82 2,127.82 8,026.30 36,261.84 -6,443.70 -6,443.70 -951.35 云毅网络 24,349.28 10,095.31 10,095.31 12,996.10 23,885.00 10,349.59 10,349.59 7,359.31 (4).使用企业集团资产和清偿企业集团债务的重大限制 □适用 √不适用 (5).向纳入合并财务报表范围的结构化主体提供的财务支持或其他支持 □适用 √不适用 其他说明： □适用 √不适用 191/238",candidate_requires_manual_selection
600570.SH,恒生电子,total_assets,193,资产合计,"2025|2|3|161,192,214,276|84|94,274,248,004|08|122,391,010|43|113,858,922|19|161,314,605,287|27|94,388,106,926|27|157,860,434,116|61|92,015,725,012|32|4,494,339|62|5,180,097|40|157,864,928,456|23","恒生电子股份有限公司2025年年度报告 (2).重要合营企业的主要财务信息 □适用 √不适用 (3).重要联营企业的主要财务信息 √适用 □不适用 单位：元 币种：人民币 期末余额/本期发生额 期初余额/上期发生额 蚂蚁基金 赢时胜 蚂蚁基金 赢时胜 流动资产 161,192,214,276.84 94,274,248,004.08 非流动资产 122,391,010.43 113,858,922.19 资产合计 161,314,605,287.27 94,388,106,926.27 流动负债 157,860,434,116.61 92,015,725,012.32 非流动负债 4,494,339.62 5,180,097.40 负债合计 157,864,928,456.23 92,020,905,109.72 少数股东权益 归属于母公司股东权益 3,449,676,831.04 2,367,201,816.55 按持股比例计算的净资产份 831,275,525.33 570,428,403.31 额 调整事项 --商誉 --内部交易未实现利润 --其他 15,339,388.62 15,339,388.62 对联营企业权益投资的账面 846,613,961.12 581,669,400.39 585,767,791.93 684,413,239.13 价值 存在公开报价的联营企业权 1,859,476,901.15 2,685,115,349.28 益投资的公允价值 营业收入 20,234,228,386.14 16,291,269,745.65 净利润 1,084,696,737.88 450,304,567.66 终止经营的净利润 其他综合收益 综合收益总额 1,084,696,737.88 450,304,567.66 本年度收到的来自联营企业 的股利 注12：根据赢时胜披露的2025年度业绩预告，赢时胜预计2025年盈利1,600万元至2,400 万元(数据未经审计)，鉴于赢时胜为上市公司，具体财务信息请参阅其披露的2025年年度报告 (4).不重要的合营企业和联营企业的汇总财务信息 √适用 □不适用 单位：元 币种：人民币 期末余额/本期发生额 期初余额/上期发生额 联营企业： 投资账面价值合计 1,203,777,770.73 1,220,814,7",candidate_requires_manual_selection
600570.SH,恒生电子,revenue,193,营业收入,"2025|2|3|161,192,214,276|84|94,274,248,004|08|122,391,010|43|113,858,922|19|161,314,605,287|27|94,388,106,926|27|157,860,434,116|61|92,015,725,012|32|4,494,339|62|5,180,097|40|157,864,928,456|23","恒生电子股份有限公司2025年年度报告 (2).重要合营企业的主要财务信息 □适用 √不适用 (3).重要联营企业的主要财务信息 √适用 □不适用 单位：元 币种：人民币 期末余额/本期发生额 期初余额/上期发生额 蚂蚁基金 赢时胜 蚂蚁基金 赢时胜 流动资产 161,192,214,276.84 94,274,248,004.08 非流动资产 122,391,010.43 113,858,922.19 资产合计 161,314,605,287.27 94,388,106,926.27 流动负债 157,860,434,116.61 92,015,725,012.32 非流动负债 4,494,339.62 5,180,097.40 负债合计 157,864,928,456.23 92,020,905,109.72 少数股东权益 归属于母公司股东权益 3,449,676,831.04 2,367,201,816.55 按持股比例计算的净资产份 831,275,525.33 570,428,403.31 额 调整事项 --商誉 --内部交易未实现利润 --其他 15,339,388.62 15,339,388.62 对联营企业权益投资的账面 846,613,961.12 581,669,400.39 585,767,791.93 684,413,239.13 价值 存在公开报价的联营企业权 1,859,476,901.15 2,685,115,349.28 益投资的公允价值 营业收入 20,234,228,386.14 16,291,269,745.65 净利润 1,084,696,737.88 450,304,567.66 终止经营的净利润 其他综合收益 综合收益总额 1,084,696,737.88 450,304,567.66 本年度收到的来自联营企业 的股利 注12：根据赢时胜披露的2025年度业绩预告，赢时胜预计2025年盈利1,600万元至2,400 万元(数据未经审计)，鉴于赢时胜为上市公司，具体财务信息请参阅其披露的2025年年度报告 (4).不重要的合营企业和联营企业的汇总财务信息 √适用 □不适用 单位：元 币种：人民币 期末余额/本期发生额 期初余额/上期发生额 联营企业： 投资账面价值合计 1,203,777,770.73 1,220,814,7",candidate_requires_manual_selection
600570.SH,恒生电子,total_assets,198,资产总额,"2025|1|1,326,244,433|73|2,724,719,100|39|1,026,292,045|85|5,077,255,579|97|1|1,326,244,433|73|2,724,719,100|39|1,026,292,045|85|5,077,255,579|97|1|2|211,051,172|72|1,026,292,045|85","恒生电子股份有限公司2025年年度报告 □适用 √不适用 十三、 公允价值的披露 1、 以公允价值计量的资产和负债的期末公允价值 √适用 □不适用 单位：元 币种：人民币 期末公允价值 项目 第一层次公允价 第二层次公允价 第三层次公允价 合计 值计量 值计量 值计量 一、持续的公允价值计 量 （一）交易性金融资产 1,326,244,433.73 2,724,719,100.39 1,026,292,045.85 5,077,255,579.97 1.以公允价值计量且变 动计入当期损益的金融 1,326,244,433.73 2,724,719,100.39 1,026,292,045.85 5,077,255,579.97 资产 （1）债务工具投资 （2）权益工具投资 211,051,172.72 1,026,292,045.85 1,237,343,218.57 （3）衍生金融资产 （4）其 他 1,115,193,261.01 2,724,719,100.39 3,839,912,361.40 （二）其他债权投资 46,600,537.58 46,600,537.58 持续以公允价值计量的 1,372,844,971.31 2,724,719,100.39 1,026,292,045.85 5,123,856,117.55 资产总额 2、 持续和非持续第一层次公允价值计量项目市价的确定依据 √适用 □不适用 本公司持有的第一层次公允价值计量的交易性金融资产为在活跃市场上交易的股票、基金等， 本公司以其活跃市场报价确定其公允价值。 3、 持续和非持续第二层次公允价值计量项目，采用的估值技术和重要参数的定性及定量信息 √适用 □不适用 本公司持有的第二层次公允价值计量的交易性金融资产为在活跃市场无报价的理财产品、信 托计划、资管计划等，本公司以其管理人提供的报价确定其公允价值。 4、 持续和非持续第三层次公允价值计量项目，采用的估值技术和重要参数的定性及定量信息 √适用 □不适用 本公司持有的第三层次公允价值计量的其他权益工具投资为非上市公司股权。对于非上市的 权益工具投资，本公司综合考虑采用市场法和未来现金流折现等方法估计公允价值。对于被投资 企业经营环境和经营情况、财务状况未发生重大变化的，本公司以投资成本作为公允价值的合理 估计进行计量。 5、 持续的第三",candidate_requires_manual_selection
600570.SH,恒生电子,revenue,210,营业收入,2025|2023|7|2022|2024|7|2022|2025|7|2022|3|2022|2022|8|24|2022|9|13|2022|2022|2022|34.88|2022|2023|2024,"恒生电子股份有限公司2025年年度报告 个人实际解锁份额根据上年度考评结果进行兑现，根据持有人个人考评结果，持有人当期实 际解锁份额=持有人获授总份额×当期解锁比例×个人解锁系数。当期实际解锁份额对应标的股 票在锁定期满后由管理委员会择时选择合适方式集中出售，并将股票售出扣除相关税费后的剩余 收益按本计划的规定分配给持有人。若第一年或第二年个人考评结果为C级，则持有人当期不能 解锁份额相应递延到下一年，在下一年个人考评结果为B级及以上时按照相应比例解锁，若下一 年个人考评结果仍为C级，则持有人仍然不能解锁份额由员工持股计划管理委员会按照相应规定 收回。若第三年个人考评结果为C，则持有人当期不能解锁 份额由员工持股计划管理委员会按照 相应规定收回。若个人考评结果为D，则持有人当期不能解锁份额由员工持股计划管理委员会按 照相应规定收回。未解锁的持股计划权益和份额，管理委员会有权予以收回，收回价格按照该份 额所对应标的股票的原始出资金额与管理委员会实际处置(或卖出)该份额所对应标的股票后对应 的价值两者孰低原则确定。 2023年7月，2022年员工持股计划第一个等待期结束，满足解锁条件的限制性股票予以解锁。 2024年7月，2022年员工持股计划第二个等待期结束，满足解锁条件的限制性股票予以解锁。2025 年7月，2022年员工持股计划第三个等待期结束，解锁条件未成就，限制性股票不能解锁。 3)2022年股票期权激励计划 根据公司2022年8月24日第八届董事会第四次会议及2022年9月13日2022年第三次临时 股东大会审议通过的《<恒生电子股份有限公司2022年股票期权激励计划(草案)>及其摘要的议案》 《关于<恒生电子股份有限公司2022年股票期权激励计划实施考核管理办法>的议案》等相关议 案，公司拟向激励对象定向发行公司A股普通股，行权价格为34.88元/份，结合公司2022年、 2023年度和2024年度权益分派方案，行权价格调整为34.52元/份。 a. 首次授予部分 截至2022年10月12日，公司已完成本激励计划的首次授予股票期权授予登记，实际授予股 票期权16,660,000份。根据《恒生电子股份有限公司2022年股票期权激励计划(草案)》的规定， 本激励计划授予的首次股票期权等待期为股票期权自授予之日至股票期权可行权日之间的时间段， 对应的等待期分别为",candidate_requires_manual_selection
600570.SH,恒生电子,total_assets,218,资产总额,"2025|6|1|2|1|5,608,850,757|63|212,708,809|74|41,992,187|04|5,779,567,380|33|1,611,304,564|55|62,334,283|35|905,329|03|1,672,733,518|87|14,908,848,490|06|1,117,982,141|39","恒生电子股份有限公司2025年年度报告 6、 分部信息 (1).报告分部的确定依据与会计政策 √适用 □不适用 公司以内部组织结构、管理要求、内部报告制度等为依据确定报告分部，并以行业分部为基 础确定报告分部。分别对软件业务、物业管理业务及投资管理业务等的经营业绩进行考核。与各 分部共同使用的资产、负债按照规模比例在不同的分部之间分配。 本公司以地区分部为基础确定报告分部，主营业务收入、主营业务成本按最终实现销售地进 行划分，资产和负债按经营实体所在地进行划分。 (2).报告分部的财务信息 √适用 □不适用 (1)地区分部 单位：元 币种：人民币 项目 境内 境外 分部间抵销 合计 主营业务收入 5,608,850,757.63 212,708,809.74 41,992,187.04 5,779,567,380.33 主营业务成本 1,611,304,564.55 62,334,283.35 905,329.03 1,672,733,518.87 资产总额 14,908,848,490.06 1,117,982,141.39 119,712,638.98 15,907,117,992.47 负债总额 4,993,642,844.58 298,107,862.62 126,026,191.53 5,165,724,515.67 (2) 业务分部 单位：元 币种：人民币 项目 软件业 物业管理 投资管理 分部间抵销 合 计 主营业务收入 5,749,713,904.42 34,225,996.66 15,792,452.86 20,164,973.61 5,779,567,380.33 主营业务成本 1,661,037,947.97 11,695,570.90 1,672,733,518.87 资产总额 14,469,038,879.51 787,437,003.43 654,170,619.15 3,528,509.62 15,907,117,992.47 负债总额 4,509,320,427.24 650,648,251.81 9,271,246.24 3,515,409.62 5,165,724,515.67 (3).公司无报告分部的，或者不能披露各报告分部的资产总额和负债总额的，应说明原因 □适用 √不适用 (4).其他说明 □适用 √不适用 7、 其他对投资",candidate_requires_manual_selection
600570.SH,恒生电子,revenue,232,营业收入,"2025|3|26,843,744|13|16,191,094|85|10,652,649|28|26,843,744|13|16,191,094|85|10,652,649|28|4|1|4,571,849,933|35|1,407,858,955|83|5,286,457,233|73|1,531,587,507|40|38,826,706","恒生电子股份有限公司2025年年度报告 (3).长期股权投资的减值测试情况 √适用 □不适用 可收回金额按公允价值减去处置费用后的净额确定 √适用 □不适用 单位：元 币种：人民币 公允价值和处置 关键参数的 项目 账面价值 可收回金额 减值金额 关键参数 费用的确定方式 确定依据 被投资单位的经 杭州复朴共进 营及资产状况/上 被投资单位/可比交易 投资合伙企业 26,843,744.13 16,191,094.85 10,652,649.28 市公司可比交易 标的经营及资产状况 （有限合伙） 案例法 合计 26,843,744.13 16,191,094.85 10,652,649.28 / / / 可收回金额按预计未来现金流量的现值确定 □适用 √不适用 前述信息与以前年度减值测试采用的信息或外部信息明显不一致的差异原因 □适用 √不适用 公司以前年度减值测试采用信息与当年实际情况明显不一致的差异原因 □适用 √不适用 4、 营业收入和营业成本 (1). 营业收入和营业成本情况 √适用 □不适用 单位：元 币种：人民币 本期发生额 上期发生额 项目 收入 成本 收入 成本 主营业务 4,571,849,933.35 1,407,858,955.83 5,286,457,233.73 1,531,587,507.40 其他业务 38,826,706.45 3,717,406.73 43,491,665.45 3,677,218.15 合计 4,610,676,639.80 1,411,576,362.56 5,329,948,899.18 1,535,264,725.55 (1). 营业收入、营业成本的分解信息 √适用 □不适用 单位：元 币种：人民币 分部 合计 合同分类 营业收入 营业成本 营业收入 营业成本 商品类型 软件业 4,597,263,692.23 1,407,858,955.83 4,597,263,692.23 1,407,858,955.83 按经营地区分类 境 内 4,597,263,692.23 1,407,858,955.83 4,597,263,692.23 1,407,858,955.83 232/238",candidate_requires_manual_selection
300663.SZ,科蓝软件,total_assets,8,资产总额,"2025|66|4|2025|2024|2023|590,844,813|06|842,565,148|09|29.88|1,169,408,900|72|394,960,371|14|534,585,585|26|26.12|122,989,246|83|404,497,909|15|538,569,755|30|24.89","北京科蓝软件系统股份有限公司2025年年度报告全文 适用 □不适用 保荐机构名称 保荐机构办公地址 保荐代表人姓名 持续督导期间 截至本报告期末，保荐机构 持续督导期已届满，鉴于公 北京市朝阳区安立路66号 司募集资金尚未使用完毕， 中信建投证券股份有限公司 田东阁、张林 4号楼 中信建投证券股份有限公司 仍需对公司募集资金的使用 情况履行持续督导义务 公司聘请的报告期内履行持续督导职责的财务顾问 □适用 不适用 五、主要会计数据和财务指标 公司是否需追溯调整或重述以前年度会计数据 □是 否 2025年 2024年 本年比上年增减 2023年 营业收入（元） 590,844,813.06 842,565,148.09 -29.88% 1,169,408,900.72 归属于上市公司股东 -394,960,371.14 -534,585,585.26 26.12% -122,989,246.83 的净利润（元） 归属于上市公司股东 的扣除非经常性损益 -404,497,909.15 -538,569,755.30 24.89% -130,210,046.62 的净利润（元） 经营活动产生的现金 100,552,371.38 50,528,339.12 99.00% 16,611,890.84 流量净额（元） 基本每股收益（元/ -0.8255 -1.15 28.22% -0.27 股） 稀释每股收益（元/ -0.8255 -1.02 19.07% -0.2 股） 加权平均净资产收益 -64.06% -58.38% -5.68% -10.50% 率 2025年末 2024年末 本年末比上年末增减 2023年末 资产总额（元） 1,766,409,273.43 2,329,304,143.55 -24.17% 2,997,116,315.99 归属于上市公司股东 402,864,013.51 813,910,022.25 -50.50% 1,101,588,561.35 的净资产（元） 公司最近三个会计年度扣除非经常性损益前后净利润孰低者均为负值，且最近一年审计报告显示公司持续经营能力存在 不确定性 □是 否 公司报告期内经审计利润总额、净利润、扣除非经常性损益后的净利润三者孰低为负值 是 □否 项目 2025年 2024年 备注 营业收入（元） 590,844",candidate_requires_manual_selection
300663.SZ,科蓝软件,revenue,8,营业收入,"2025|66|4|2025|2024|2023|590,844,813|06|842,565,148|09|29.88|1,169,408,900|72|394,960,371|14|534,585,585|26|26.12|122,989,246|83|404,497,909|15|538,569,755|30|24.89","北京科蓝软件系统股份有限公司2025年年度报告全文 适用 □不适用 保荐机构名称 保荐机构办公地址 保荐代表人姓名 持续督导期间 截至本报告期末，保荐机构 持续督导期已届满，鉴于公 北京市朝阳区安立路66号 司募集资金尚未使用完毕， 中信建投证券股份有限公司 田东阁、张林 4号楼 中信建投证券股份有限公司 仍需对公司募集资金的使用 情况履行持续督导义务 公司聘请的报告期内履行持续督导职责的财务顾问 □适用 不适用 五、主要会计数据和财务指标 公司是否需追溯调整或重述以前年度会计数据 □是 否 2025年 2024年 本年比上年增减 2023年 营业收入（元） 590,844,813.06 842,565,148.09 -29.88% 1,169,408,900.72 归属于上市公司股东 -394,960,371.14 -534,585,585.26 26.12% -122,989,246.83 的净利润（元） 归属于上市公司股东 的扣除非经常性损益 -404,497,909.15 -538,569,755.30 24.89% -130,210,046.62 的净利润（元） 经营活动产生的现金 100,552,371.38 50,528,339.12 99.00% 16,611,890.84 流量净额（元） 基本每股收益（元/ -0.8255 -1.15 28.22% -0.27 股） 稀释每股收益（元/ -0.8255 -1.02 19.07% -0.2 股） 加权平均净资产收益 -64.06% -58.38% -5.68% -10.50% 率 2025年末 2024年末 本年末比上年末增减 2023年末 资产总额（元） 1,766,409,273.43 2,329,304,143.55 -24.17% 2,997,116,315.99 归属于上市公司股东 402,864,013.51 813,910,022.25 -50.50% 1,101,588,561.35 的净资产（元） 公司最近三个会计年度扣除非经常性损益前后净利润孰低者均为负值，且最近一年审计报告显示公司持续经营能力存在 不确定性 □是 否 公司报告期内经审计利润总额、净利润、扣除非经常性损益后的净利润三者孰低为负值 是 □否 项目 2025年 2024年 备注 营业收入（元） 590,844",candidate_requires_manual_selection
300663.SZ,科蓝软件,revenue,9,营业收入,"2025|388,289,720|00|547,772,007|89|29.11|133,429,948|94|0.00|0.00|0.8255|175,605,123|80|136,623,160|60|106,532,620|52|172,083,908|14|5,756,773|28|459,204|77|4,336,500|50","北京科蓝软件系统股份有限公司2025年年度报告全文 扣除股份支付影响后 -388,289,720.00 -547,772,007.89 29.11% -133,429,948.94 的净利润（元） 公司报告期末至年度报告披露日股本是否因发行新股、增发、配股、股权激励行权、回购等原因发生变化且影响所有者 权益金额 是 □否 支付的优先股股利 0.00 支付的永续债利息（元） 0.00 用最新股本计算的全面摊薄每股收益（元/股） -0.8255 六、分季度主要财务指标 单位：元 第一季度 第二季度 第三季度 第四季度 营业收入 175,605,123.80 136,623,160.60 106,532,620.52 172,083,908.14 归属于上市公司股东 -5,756,773.28 -459,204.77 -4,336,500.50 -384,407,892.59 的净利润 归属于上市公司股东 的扣除非经常性损益 -7,225,118.51 -1,787,532.91 -4,865,234.06 -390,620,023.67 的净利润 经营活动产生的现金 7,639,538.09 12,714,719.62 31,324,199.94 48,873,913.73 流量净额 上述财务指标或其加总数是否与公司已披露季度报告、半年度报告相关财务指标存在重大差异 □是 否 七、境内外会计准则下会计数据差异 1、同时按照国际会计准则与按照中国会计准则披露的财务报告中净利润和净资产差异情况 □适用 不适用 公司报告期不存在按照国际会计准则与按照中国会计准则披露的财务报告中净利润和净资产差异情况。 2、同时按照境外会计准则与按照中国会计准则披露的财务报告中净利润和净资产差异情况 □适用 不适用 公司报告期不存在按照境外会计准则与按照中国会计准则披露的财务报告中净利润和净资产差异情况。 八、非经常性损益项目及金额 适用 □不适用 单位：元 项目 2025年金额 2024年金额 2023年金额 说明 非流动性资产处置损 益（包括已计提资产 -985,676.29 -174,943.24 5,105,137.40 减值准备的冲销部 分） 计入当期损益的政府 3,957,929.45 6,707,449.75 5,580,926.78 9",candidate_requires_manual_selection
300663.SZ,科蓝软件,revenue,34,营业收入,"2025|9001|5|20000|27001|22301|45001|14001|1|1|2|3|2|1|2025|2024|590,844,813|06|100|842,565,148|09|100|29.88|590,844,813|06","北京科蓝软件系统股份有限公司2025年年度报告全文 公司拥有ISO9001、CMMI5、ISO20000、ISO27001、ISO22301、ISO45001、ISO14001等多项国际权威认证，在软件 研发、项目管理、交付服务、信息安全及质量管理等方面建立了全流程严格控制体系。在行业标准建设领域，公司深度 参与国家层面技术规范制定，参与起草中国信息通信研究院《数据库应用迁移解决方案能力分级要求》《数据库发展白 皮书》、中国金融电子化公司《金融信息技术创新应用 事务型数据库检测规范》等专项标准，并作为核心成员参与全国 信息安全标准化技术委员会《信息安全技术 软件供应链安全要求》国家标准编制工作，行业影响力与话语权持续提升。 四、主营业务分析 1、概述 报告期内，公司已完成在数字银行和智能软硬件领域布局，创新推出中国原创自主品牌的交易型数据库、鸿蒙智能 高柜机器人“小蓝”，未来将基于AI的数字化转型和国产化替代，为中国自主可控的数字银行服务体系注入科技力量。 上述创新产品均为国家重点支持、有刚性要求的，将成为公司未来三、五年新的盈利点。 本报告期业绩亏损的主要原因是：（1）公司处于AI战略转型阶段，公司持续增加在AI智能及信创等领域的研发投 入，因此研发项目的开发支出较上年同期增加；（2）公司主动压缩了IT人员外包类项目的规模，大幅减少科技属性弱 的人力资源项目，致使IT人员外包类业务收入减少；（3）基于谨慎性原则，公司计提了被投资企业的商誉减值准备； 2、收入与成本 （1） 营业收入构成 营业收入整体情况 单位：元 2025年 2024年 同比增减 金额 占营业收入比重 金额 占营业收入比重 营业收入合计 590,844,813.06 100% 842,565,148.09 100% -29.88% 分行业 软件和信息产业 590,844,813.06 100.00% 842,565,148.09 100.00% -29.88% 分产品 电子渠道及中台 332,612,293.94 56.30% 387,935,546.81 46.03% -14.26% 互联网银行（含 195,420,923.67 33.07% 318,116,507.75 37.75% -38.57% 互联网核心） 非银金融机构 40,369,006.61 6.83% 101,088,434.8",candidate_requires_manual_selection
300663.SZ,科蓝软件,revenue,35,营业收入,"2025|3|2025|2024|175,605|1|136,623|1|106,532|6|172,083|9|248,822|3|255,006|8|223,192|9|115,543|0|23.80|60.60|20.52|08.14|47.21","北京科蓝软件系统股份有限公司2025年年度报告全文 公司需遵守《深圳证券交易所上市公司自律监管指引第3号——行业信息披露》中的“软件与信息技术服务业”的披露 要求 单位：元 2025年度 2024年度 第一季度 第二季度 第三季度 第四季度 第一季度 第二季度 第三季度 第四季度 175,605,1 136,623,1 106,532,6 172,083,9 248,822,3 255,006,8 223,192,9 115,543,0 营业收入 23.80 60.60 20.52 08.14 47.21 17.37 37.38 46.13 归属于上 - - - - - - - 市公司股 2,167,440 5,756,773 459,204.7 4,336,500 384,407,8 5,558,262 3,416,808 527,777,9 东的净利 .83 .28 7 .50 92.59 .01 .20 55.88 润 说明经营季节性（或周期性）发生的原因及波动风险 （2） 占公司营业收入或营业利润10%以上的行业、产品、地区、销售模式的情况 适用 □不适用 公司需遵守《深圳证券交易所上市公司自律监管指引第3号——行业信息披露》中的“软件与信息技术服务业”的披露 要求 单位：元 营业收入比上 营业成本比上 毛利率比上年 营业收入 营业成本 毛利率 年同期增减 年同期增减 同期增减 分客户所处行业 软件和信息 590,844,813.06 532,838,551.41 9.82% -29.88% -30.26% 0.50% 产业 分产品 电子渠道及 332,612,293.94 328,176,299.30 1.33% -14.26% -6.90% -7.80% 中台 互联网银行 （含互联网 195,420,923.67 160,062,564.24 18.09% -38.57% -43.57% 7.25% 核心） 分地区 境内 580,109,279.47 532,709,739.57 8.17% -30.19% -30.24% 0.07% 分销售模式 直销 590,844,813.06 532,838,551.41 9.82% -29.88% -30.26% 0.50% 公司主营业务数据统计口径在报告期发生调整的情况下，公司最近1年按报告期末口径调整后的主",candidate_requires_manual_selection
300663.SZ,科蓝软件,revenue,38,营业收入,"2025|3|25,231,590|17|4.27|4|23,723,484|72|4.02|5|16,919,708|62|2.86|148,049,735|91|25.06|59,619,650|74|82.57|0.00|5|1|28,844,952|17|39.95","北京科蓝软件系统股份有限公司2025年年度报告全文 3 第三名 25,231,590.17 4.27% 4 第四名 23,723,484.72 4.02% 5 第五名 16,919,708.62 2.86% 合计 -- 148,049,735.91 25.06% 主要客户其他情况说明 □适用 不适用 公司主要供应商情况 前五名供应商合计采购金额（元） 59,619,650.74 前五名供应商合计采购金额占年度采购总额比例 82.57% 前五名供应商采购额中关联方采购额占年度采购总额比例 0.00% 公司前5名供应商资料 序号 供应商名称 采购额（元） 占年度采购总额比例 1 第一名 28,844,952.17 39.95% 2 第二名 23,970,827.92 33.20% 3 第三名 2,475,203.65 3.43% 4 第四名 2,232,560.82 3.09% 5 第五名 2,096,106.18 2.90% 合计 -- 59,619,650.74 82.57% 主要供应商其他情况说明 □适用 不适用 报告期内公司贸易业务收入占营业收入比例超过10% □适用 不适用 3、费用 单位：元 2025年 2024年 同比增减 重大变动说明 主要系本期优化了人 销售费用 30,545,182.03 64,148,224.71 -52.38% 员和薪资结构，人力 成本有所下降。 管理费用 134,087,568.93 156,574,915.06 -14.36% 主要系本期偿付利息 财务费用 35,274,117.72 54,273,323.52 -35.01% 减少和可转换债券转 股所致。 研发费用 132,266,573.68 146,684,886.72 -9.83% 4、研发投入 适用 □不适用 预计对公司未来发展 主要研发项目名称 项目目的 项目进展 拟达到的目标 的影响 本项目建设数字银行 本项目建设数字银行 本项目建设数字银行 服务平台，以银行为 服务平台，以银行为 服务平台，以银行为 数字银行服务平台建 核心客户，并拓展至 进行中 核心客户，并拓展至 核心客户，并拓展至 设项目 信托、保险、消费金 信托、保险、消费金 信托、保险、消费金 融、证券期货等非银 融、证券期货等非银 融、证券期货等非银 38",candidate_requires_manual_selection
300663.SZ,科蓝软件,revenue,44,营业收入,2025|1|1.0|2|2025|2024|498|695|28.35|27.07|19.51|7.56|437|618|28.06|30|52|42.31|30|160|244|34.43|30|40|285,北京科蓝软件系统股份有限公司2025年年度报告全文 障，显著降低客户线 规范证书全流程安全 上业务使用体验。当 管理，强化网银身份 前业内多家 CA 机构 认证与交易安全防 相继开展证书预植服 护，契合金融行业信 务，通过柜台发放预 息安全管控要求。紧 制证书 USB Key，实 跟行业 CA 机构业务 现客户免下载、免配 发展趋势，完善公司 置便捷启用网银服 证书配套服务能力， 务。为贴合银行业务 适配银行柜台批量预 迭代发展与客户便捷 制、便捷发证业务需 用证需求，公司亟需 求。持续夯实金融安 优化升级现有证书体 全技术支撑，提升产 系相关产品，补齐证 品市场适配性与核心 书预植配套服务能 竞争力，助力网上银 力，适配金融行业安 行业务安全、高效、 全高效业务场景。 便捷规范化开展。 为解决移动终端密钥 1、市场布局方面。依 安全管控难题，适配 托云端协同签名 SDK 移动端多样化业务场 产品，全面覆盖金 景安全应用需求，我 融、政务、电商、智 司立项建设协同签名 慧办公等多行业移动 系统。实现密码设备 安全场景，拓展移动 运行、密码安全运算 搭建云端化协同签名 端密码服务合作渠 及 CA 数字证书全流 安全服务平台，实现 道，丰富公司云安全 程管理服务，全面保 移动端密钥安全管 产品矩阵，抢占移动 障移动端密钥存储与 理、密码运算处理与 可信签名市场份额， 使用安全。系统可为 CA 数字证书全生命周 大陆云盾协同签名系 培育全新业务增收增 金融、电商、政务服 未完成 期管控。以云服务模 统V1.0 长点。 务、移动办公、智慧 式对外输出证书签 2、强化核心技术壁 城市等多领域场景提 发、身份鉴别等密码 垒。突破硬件密码依 供可靠密码安全支 安全能力，提供安 赖限制，夯实软件密 撑，满足线上身份核 卓、iOS主流移动终 码运算、云端证书管 验、电子签章签署、 端集成SDK。 理、跨终端适配等核 敏感数据加密防护等 心技术能力，提升行 业务需求，助力各行 业技术竞争力与项目 业移动业务安全合 承接能力，助力公司 规、高效便捷开展， 长期深耕移动网络安 构建全场景移动端可 全与密码应用领域。 信安全应用体系。 公司研发人员情况 2025年 2024年 变动比例 研发人员数量（人） 498 695 -28.35% 研发人员数量占比 27.07% 19.51% 7.56,candidate_requires_manual_selection
300663.SZ,科蓝软件,revenue,45,营业收入,"2025|67,065,918|09|67,376,510|22|31,447,903|66|33.74|31.48|21.11|16.97|14.35|23.57|3|39,710,185|96|6,225,483|51|45","北京科蓝软件系统股份有限公司2025年年度报告全文 研发支出资本化的金额 67,065,918.09 67,376,510.22 31,447,903.66 （元） 资本化研发支出占研发投入 33.74% 31.48% 21.11% 的比例 资本化研发支出占当期净利 16.97% 14.35% 23.57% 润的比重 公司研发人员构成发生重大变化的原因及影响 □适用 不适用 研发投入总额占营业收入的比重较上年发生显著变化的原因 □适用 不适用 研发投入资本化率大幅变动的原因及其合理性说明 □适用 不适用 公司需遵守《深圳证券交易所上市公司自律监管指引第3号——行业信息披露》中的“软件与信息技术服务业”的披露 要求 单位：元 项目名称 研发资本化金额 相关项目的基本情况 实施进度 本项目建设数字银行服务平 台，以银行为核心客户，并 拓展至信托、保险、消费金 融、证券期货等非银机构。 平台以业务中台与分布式金 融核心为双引擎，加速金融 机构数字化转型，助力降本 增效。 业务中台具备快速落地能力 与资源复用优势，可降低建 设成本与周期，保障业务在 新老架构间平滑过渡，控制 实施风险。分布式金融核心 基于微服务架构，满足高并 发、高可用、高性能、弹性 扩容及国产化等核心业务需 求，支撑业务稳定运行。 数字银行服务平台建设项目 39,710,185.96 平台积极融入前沿技术，已 未完成 规划支持移动端鸿蒙系统， 并深化金融大模型应用，提 升服务智能化水平。同时， 平台与公司自研SUNDB数据 库及其他信创国产化产品深 度适配，强化数据安全与自 主可控能力。 面向企业端数字化需求，平 台持续完善企业服务场景， 提升服务自动化与智能化水 平。通过推动业务数字化、 智能化，以及数据业务化、 可视化，为金融机构的客 户、业务人员及管理层提供 更智能、便捷、高效的业务 工具，助力金融机构实现高 质量发展。 应用编程语言关键技术及配 6,225,483.51 应用编程语言关键技术及配 已完成 45",candidate_requires_manual_selection
300663.SZ,科蓝软件,total_assets,80,资产总额,2025|11|2|1|2026|04|27|100.00|100.00|1|1|2|2|80,北京科蓝软件系统股份有限公司2025年年度报告全文 对募集资金的专户存储、使用、监督和责任追究等相关内容作了明确规定，并及时披露募集资金的使用情况。 11.信息披露管理 为规范公司信息披露行为，加强信息披露事务管理，切实保护投资者的合法权益，公司制定了《信息披露管理制度》 《重大信息内部报告制度》《内幕信息知情人登记备案制度》等相关管理制度，明确规定了信息披露的关联人和关联交 易的范围、关联交易价格的确定和管理、关联交易的程序与披露、回避表决等，规范了公司重大信息报告和信息披露行 为，确保公司信息披露工作的准确性、及时性与合规性。 2、报告期内发现的内部控制重大缺陷的具体情况 □是 否 十四、公司报告期内对子公司的管理控制情况 整合中遇到的 已采取的解决 公司名称 整合计划 整合进展 解决进展 后续解决计划 问题 措施 不适用 不适用 不适用 不适用 不适用 不适用 不适用 对子公司的管理控制存在异常 □是 否 十五、内部控制评价报告及内部控制审计报告 1、内控评价报告 内部控制评价报告全文披露日期 2026年04月27日 内部控制评价报告全文披露索引 http://www.cninfo.com.cn/ 纳入评价范围单位资产总额占公司合 100.00% 并财务报表资产总额的比例 纳入评价范围单位营业收入占公司合 100.00% 并财务报表营业收入的比例 缺陷认定标准 类别 财务报告 非财务报告 公司确定的财务报告内部控制缺陷评 公司确定的非财务报告内部控制缺陷 价的定性标准如下： 评价的定性标准如下： （1）具有以下特征的缺陷，认定为重 （1）重大缺陷：是指一个或多个控制 大缺陷： 缺陷的组合，可能导致企业严重偏离 A、公司缺乏民主决策程序； 控制目标。 B、公司重要业务缺乏制度控制或制度 出现下列特征的，认定为重大缺陷： 体系失效； A、董事、高级管理人员舞弊； C、公司内部控制重大缺陷未得到整 B、对已经公告的财务报告出现的重大 改； 定性标准 差错进行错报更正； D、公司经营活动严重违反国家法律法 C、注册会计师发现当期财务报告存在 规； 重大错报，而内部控制在运行过程中 E、中高级管理人员、核心技术人员、 未能发现该错报； 业务人员严重流失。 D、审计委员会以及内部审计部门对财 （2）具有以下特征的缺陷，认定为重 务报告内部控制监督无效。 要缺陷： （2,candidate_requires_manual_selection
300663.SZ,科蓝软件,revenue,80,营业收入,2025|11|2|1|2026|04|27|100.00|100.00|1|1|2|2|80,北京科蓝软件系统股份有限公司2025年年度报告全文 对募集资金的专户存储、使用、监督和责任追究等相关内容作了明确规定，并及时披露募集资金的使用情况。 11.信息披露管理 为规范公司信息披露行为，加强信息披露事务管理，切实保护投资者的合法权益，公司制定了《信息披露管理制度》 《重大信息内部报告制度》《内幕信息知情人登记备案制度》等相关管理制度，明确规定了信息披露的关联人和关联交 易的范围、关联交易价格的确定和管理、关联交易的程序与披露、回避表决等，规范了公司重大信息报告和信息披露行 为，确保公司信息披露工作的准确性、及时性与合规性。 2、报告期内发现的内部控制重大缺陷的具体情况 □是 否 十四、公司报告期内对子公司的管理控制情况 整合中遇到的 已采取的解决 公司名称 整合计划 整合进展 解决进展 后续解决计划 问题 措施 不适用 不适用 不适用 不适用 不适用 不适用 不适用 对子公司的管理控制存在异常 □是 否 十五、内部控制评价报告及内部控制审计报告 1、内控评价报告 内部控制评价报告全文披露日期 2026年04月27日 内部控制评价报告全文披露索引 http://www.cninfo.com.cn/ 纳入评价范围单位资产总额占公司合 100.00% 并财务报表资产总额的比例 纳入评价范围单位营业收入占公司合 100.00% 并财务报表营业收入的比例 缺陷认定标准 类别 财务报告 非财务报告 公司确定的财务报告内部控制缺陷评 公司确定的非财务报告内部控制缺陷 价的定性标准如下： 评价的定性标准如下： （1）具有以下特征的缺陷，认定为重 （1）重大缺陷：是指一个或多个控制 大缺陷： 缺陷的组合，可能导致企业严重偏离 A、公司缺乏民主决策程序； 控制目标。 B、公司重要业务缺乏制度控制或制度 出现下列特征的，认定为重大缺陷： 体系失效； A、董事、高级管理人员舞弊； C、公司内部控制重大缺陷未得到整 B、对已经公告的财务报告出现的重大 改； 定性标准 差错进行错报更正； D、公司经营活动严重违反国家法律法 C、注册会计师发现当期财务报告存在 规； 重大错报，而内部控制在运行过程中 E、中高级管理人员、核心技术人员、 未能发现该错报； 业务人员严重流失。 D、审计委员会以及内部审计部门对财 （2）具有以下特征的缺陷，认定为重 务报告内部控制监督无效。 要缺陷： （2,candidate_requires_manual_selection
300663.SZ,科蓝软件,revenue,125,营业收入,"2025|1|37|61|2025|59,084|48|1|1|2|3|4|5|6|7|125","北京科蓝软件系统股份有限公司2025年年度报告全文 1. 事项描述 本年度科蓝软件公司收入确认会计政策及账面金额信息请参阅合并财务报表附注五、 37及附注七、61。 科蓝软件公司 2025 年度营业收入 59,084.48万元。营业收入是科蓝软件公司的关键 业绩指标之一，收入确认是否恰当会对科蓝软件经营成果产生重大影响，可能存在管理层 为了达到特定目标或期望而操纵收入确认时点的风险。因此我们将收入确认认定为关键审 计事项。 1. 审计应对 我们针对收入确认所实施的重要审计程序包括： （1）了解公司销售与收款相关的内部控制，评价并测试其设计和运行的有效性； （2）了解和评价公司各类具体收入确认相关政策及执行是否符合企业会计准则的要 求以及政策的一贯执行情况； （3）对本年度记录的收入选取样本，检查相关合同、项目确认报告、验收报告、销 售发票等支持性文件，评价相关收入确认是否符合收入确认的会计政策； （4） 结合应收账款、营业收入函证、访谈客户等程序，对收入确认的真实性、准 确性进行核实； （5）检查大额收入回款的银行回款单； （6）就资产负债表日前后记录的收入交易，选取样本检查评价收入是否被记录于恰 当的会计期间； （7）检查与收入相关的信息是否已在财务报表中作出恰当的列报与披露。 基于已执行的审计工作，我们认为收入确认符合科蓝软件公司的会计政策。 （二）应收账款坏账准备的计提 125",candidate_requires_manual_selection
300663.SZ,科蓝软件,total_assets,126,资产总额,"2025|1|11|5|2025|12|31|58,239|45|34,789|85|23,449|60|13.28|2|1|2|3|4|5|6|126","北京科蓝软件系统股份有限公司2025年年度报告全文 1.事项描述 请参阅合并财务报表附注五、11及附注七、5。截至2025年12月31日止，科蓝软 件应收账款账面余额58,239.45万元，已计提预期信用损失34,789.85万元，应收账款账 面价值为23,449.60万元，占资产总额的13.28%。由于科蓝软件公司管理层在确定应收 账款预计可收回金额时需要运用重大会计估计和判断，且影响金额重大。因此，我们将应 收账款坏账准备的计提作为关键审计事项。 2. 审计应对 我们针对应收账款坏账准备计提关键审计事项，我们实施的重要审计程序包括： （1）了解与应收账款减值相关的关键内部控制，评价这些控制的设计，确定其是否 得到执行，并测试相关内部控制的运行有效性； （2）复核管理层有关应收账款预期信用损失计提政策的合理性和一致性，评价管理 层是否恰当识别各项应收账款的信用风险特征； （3）了解和评价应收账款坏账准备相关的会计政策、会计估计及测算过程，结合历 史发生的损失率和前瞻性信息，评价管理层确定的预期信用损失率的合理性； （4）对于单独计提坏账准备的应收账款，获取管理层对预计未来可收回金额做出估 计的依据，包括客户信用记录、违约或延迟付款记录及期后实际还款情况，并复核其合理 性； （5）对应收账款执行函证程序，核实被函证客户信息，控制函证过程，对预计无法 收回的函证执行替代程序； （6）检查应收账款的期后回款情况，进一步评价管理层计提应收账款减值的合理性。 基于已执行的审计工作，我们认为，管理层对应收账款的可收回性的相关判断及估计 是合理的。 四、其他信息 126",candidate_requires_manual_selection
300663.SZ,科蓝软件,total_assets,129,资产合计,"2025|1|2025|12|31|184,343,289|00|221,284,767|50|0.00|0.00|0.00|0.00|12,498,828|61|24,934,953|61|0.00|0.00|0.00|0.00|234,496,017|33|513,232,186|53","北京科蓝软件系统股份有限公司2025年年度报告全文 1、合并资产负债表 编制单位：北京科蓝软件系统股份有限公司 2025年12月31日 单位：元 项目 期末余额 期初余额 流动资产： 货币资金 184,343,289.00 221,284,767.50 结算备付金 0.00 0.00 拆出资金 0.00 0.00 交易性金融资产 12,498,828.61 24,934,953.61 衍生金融资产 0.00 0.00 应收票据 0.00 0.00 应收账款 234,496,017.33 513,232,186.53 应收款项融资 0.00 0.00 预付款项 29,009,493.44 66,814,534.29 应收保费 0.00 0.00 应收分保账款 0.00 0.00 应收分保合同准备金 0.00 0.00 其他应收款 15,599,302.11 35,706,605.87 其中：应收利息 0.00 0.00 应收股利 0.00 0.00 买入返售金融资产 0.00 0.00 存货 309,886,048.62 458,459,788.08 其中：数据资源 0.00 0.00 合同资产 8,286,611.68 14,773,462.76 持有待售资产 0.00 0.00 一年内到期的非流动资产 0.00 0.00 其他流动资产 47,068,283.10 58,800,720.30 流动资产合计 841,187,873.89 1,394,007,018.94 非流动资产： 发放贷款和垫款 0.00 0.00 债权投资 0.00 0.00 其他债权投资 0.00 0.00 长期应收款 0.00 0.00 长期股权投资 13,592,068.58 14,428,661.62 其他权益工具投资 20,738,525.77 20,428,610.95 其他非流动金融资产 0.00 0.00 投资性房地产 0.00 0.00 固定资产 29,197,387.74 29,117,234.60 在建工程 521,875,233.22 487,937,383.83 生产性生物资产 0.00 0.00 油气资产 0.00 0.00 129",candidate_requires_manual_selection
300663.SZ,科蓝软件,total_assets,130,资产合计,"2025|2,666,413|65|11,975,008|47|179,210,449|19|171,412,320|89|0.00|0.00|82,465,944|00|76,288,945|53|0.00|0.00|0.00|42,834,768|47|2,248,908|08|2,974,954|68|72,427,221","北京科蓝软件系统股份有限公司2025年年度报告全文 使用权资产 2,666,413.65 11,975,008.47 无形资产 179,210,449.19 171,412,320.89 其中：数据资源 0.00 0.00 开发支出 82,465,944.00 76,288,945.53 其中：数据资源 0.00 0.00 商誉 0.00 42,834,768.47 长期待摊费用 2,248,908.08 2,974,954.68 递延所得税资产 72,427,221.94 73,796,347.76 其他非流动资产 799,247.37 4,102,887.81 非流动资产合计 925,221,399.54 935,297,124.61 资产总计 1,766,409,273.43 2,329,304,143.55 流动负债： 短期借款 115,134,597.22 223,576,364.57 向中央银行借款 0.00 0.00 拆入资金 0.00 0.00 交易性金融负债 0.00 0.00 衍生金融负债 0.00 0.00 应付票据 0.00 0.00 应付账款 173,196,212.94 145,998,676.56 预收款项 0.00 0.00 合同负债 67,938,360.62 75,214,330.68 卖出回购金融资产款 0.00 0.00 吸收存款及同业存放 0.00 0.00 代理买卖证券款 0.00 0.00 代理承销证券款 0.00 0.00 应付职工薪酬 102,911,938.19 140,741,581.73 应交税费 43,498,508.92 68,292,949.22 其他应付款 24,024,206.57 21,764,829.40 其中：应付利息 1,394,904.65 0.00 应付股利 0.00 0.00 应付手续费及佣金 0.00 0.00 应付分保账款 0.00 0.00 持有待售负债 0.00 0.00 一年内到期的非流动负债 8,569,525.58 21,400,217.22 其他流动负债 0.00 109,329.62 流动负债合计 535,273,350.04 697,098,279.00 非流动负债： 保险合同准备金 0.00 0.00 长期借款 597,380,127.93 598,096,114.",candidate_requires_manual_selection
300663.SZ,科蓝软件,total_assets,132,资产合计,"2025|641.22|804.92|1,066,901,644|07|1,523,716,452|70|0.00|0.00|0.00|0.00|0.00|0.00|474,929,381|09|430,765,974|13|19,805,280|00|19,805,280|00|0.00|0.00|0.00|0.00","北京科蓝软件系统股份有限公司2025年年度报告全文 其他流动资产 641.22 804.92 流动资产合计 1,066,901,644.07 1,523,716,452.70 非流动资产： 债权投资 0.00 0.00 其他债权投资 0.00 0.00 长期应收款 0.00 0.00 长期股权投资 474,929,381.09 430,765,974.13 其他权益工具投资 19,805,280.00 19,805,280.00 其他非流动金融资产 0.00 0.00 投资性房地产 0.00 0.00 固定资产 5,725,440.10 4,635,229.58 在建工程 0.00 0.00 生产性生物资产 0.00 0.00 油气资产 0.00 0.00 使用权资产 1,607,988.91 10,767,431.51 无形资产 86,806,410.40 43,947,575.31 其中：数据资源 0.00 0.00 开发支出 3,739,322.80 42,328,551.87 其中：数据资源 0.00 0.00 商誉 0.00 0.00 长期待摊费用 457,766.27 723,908.31 递延所得税资产 64,103,653.06 65,901,433.01 其他非流动资产 0.00 0.00 非流动资产合计 657,175,242.63 618,875,383.72 资产总计 1,724,076,886.70 2,142,591,836.42 流动负债： 短期借款 115,134,597.22 193,577,458.18 交易性金融负债 0.00 0.00 衍生金融负债 0.00 0.00 应付票据 0.00 0.00 应付账款 62,565,895.95 32,783,679.84 预收款项 0.00 0.00 合同负债 362,329,384.81 369,689,984.72 应付职工薪酬 95,000,408.67 133,555,302.12 应交税费 54,626,084.32 64,018,892.25 其他应付款 79,784,685.86 76,043,703.71 其中：应付利息 1,394,904.65 0.00 应付股利 0.00 0.00 持有待售负债 0.00 0.00 一年内到期的非流动负债 7,038,771.73 ",candidate_requires_manual_selection
300663.SZ,科蓝软件,revenue,133,营业收入,"2025|0.00|0.00|211,633,747|46|200,852,325|04|0.00|0.00|0.00|0.00|27,338|43|2,252,651|95|0.00|5,404,372|79|0.00|0.00|0.00|0.00|5,133,333|00|5,750,000","北京科蓝软件系统股份有限公司2025年年度报告全文 非流动负债： 长期借款 0.00 0.00 应付债券 211,633,747.46 200,852,325.04 其中：优先股 0.00 0.00 永续债 0.00 0.00 租赁负债 27,338.43 2,252,651.95 长期应付款 0.00 5,404,372.79 长期应付职工薪酬 0.00 0.00 预计负债 0.00 0.00 递延收益 5,133,333.00 5,750,000.00 递延所得税负债 2,014,080.24 3,664,683.60 其他非流动负债 0.00 0.00 非流动负债合计 218,808,499.13 217,924,033.38 负债合计 995,288,327.69 1,107,529,036.41 所有者权益： 股本 478,451,239.00 478,437,351.00 其他权益工具 55,233,501.73 55,286,034.14 其中：优先股 0.00 0.00 永续债 0.00 0.00 资本公积 604,012,989.40 610,700,466.64 减：库存股 0.00 0.00 其他综合收益 0.00 0.00 专项储备 0.00 0.00 盈余公积 42,166,790.54 42,166,790.54 未分配利润 -451,075,961.66 -151,527,842.31 所有者权益合计 728,788,559.01 1,035,062,800.01 负债和所有者权益总计 1,724,076,886.70 2,142,591,836.42 3、合并利润表 单位：元 项目 2025年度 2024年度 一、营业总收入 590,844,813.06 842,565,148.09 其中：营业收入 590,844,813.06 842,565,148.09 利息收入 已赚保费 0.00 0.00 手续费及佣金收入 0.00 0.00 二、营业总成本 867,724,965.51 1,189,327,388.68 其中：营业成本 532,838,551.41 764,063,341.95 利息支出 0.00 0.00 手续费及佣金支出 0.00 0.00 退保金 0.00 0.00 赔付支出净额 0.00 0.00 提取保险责任合同准",candidate_requires_manual_selection
300663.SZ,科蓝软件,net_profit_attributable,134,归属于母公司股东的净利润,"2025|0.00|0.00|2,712,971|74|3,582,696|72|30,545,182|03|64,148,224|71|134,087,568|93|156,574,915|06|132,266,573|68|146,684,886|72|35,274,117|72|54,273,323|52|33,820,832|62","北京科蓝软件系统股份有限公司2025年年度报告全文 分保费用 0.00 0.00 税金及附加 2,712,971.74 3,582,696.72 销售费用 30,545,182.03 64,148,224.71 管理费用 134,087,568.93 156,574,915.06 研发费用 132,266,573.68 146,684,886.72 财务费用 35,274,117.72 54,273,323.52 其中：利息费用 33,820,832.62 56,620,322.50 利息收入 738,373.63 2,936,705.89 加：其他收益 4,821,175.05 9,708,136.52 投资收益（损失以“－”号填 22,290.28 -3,832,033.41 列） 其中：对联营企业和合营 -150,879.44 -98,773.50 企业的投资收益 以摊余成本计量的 0.00 0.00 金融资产终止确认收益 汇兑收益（损失以“-”号填 0.00 0.00 列） 净敞口套期收益（损失以 0.00 0.00 “－”号填列） 公允价值变动收益（损失以 65,363.66 151,055.91 “－”号填列） 信用减值损失（损失以“-”号 -28,340,643.31 -133,047,078.10 填列） 资产减值损失（损失以“-”号 -96,991,903.77 -78,775,712.81 填列） 资产处置收益（损失以“-”号 965,293.80 -174,943.24 填列） 三、营业利润（亏损以“－”号填 -396,338,576.74 -552,732,815.72 列） 加：营业外收入 29,241.63 1,295,511.43 减：营业外支出 800,911.05 52,057.09 四、利润总额（亏损总额以“－”号 -397,110,246.16 -551,489,361.38 填列） 减：所得税费用 -1,901,242.98 -10,636,636.67 五、净利润（净亏损以“－”号填 -395,209,003.18 -540,852,724.71 列） （一）按经营持续性分类 1.持续经营净利润（净亏损以 -395,209,003.18 -540,852,724.71 “－”号填列） 2.终止经营净利润（净亏损以 0.00 ",candidate_requires_manual_selection
300663.SZ,科蓝软件,revenue,135,营业收入,"2025|1|0.00|0.00|2|0.00|0.00|3|169,567|46|0.00|4|0.00|0.00|5|0.00|0.00|1,296,410|20|3,185,197|95|1|0.00|0.00|2","北京科蓝软件系统股份有限公司2025年年度报告全文 1.重新计量设定受益计划变动 0.00 0.00 额 2.权益法下不能转损益的其他 0.00 0.00 综合收益 3.其他权益工具投资公允价值 169,567.46 0.00 变动 4.企业自身信用风险公允价值 0.00 0.00 变动 5.其他 0.00 0.00 （二）将重分类进损益的其他综 1,296,410.20 -3,185,197.95 合收益 1.权益法下可转损益的其他综 0.00 0.00 合收益 2.其他债权投资公允价值变动 0.00 0.00 3.金融资产重分类计入其他综 0.00 0.00 合收益的金额 4.其他债权投资信用减值准备 0.00 0.00 5.现金流量套期储备 0.00 0.00 6.外币财务报表折算差额 1,296,410.20 -3,185,197.95 7.其他 0.00 0.00 归属于少数股东的其他综合收益的 53,870.29 -883,115.14 税后净额 七、综合收益总额 -393,689,155.23 -544,921,037.80 归属于母公司所有者的综合收益总 -393,494,393.48 -537,770,783.21 额 归属于少数股东的综合收益总额 -194,761.75 -7,150,254.59 八、每股收益： （一）基本每股收益 -0.8255 -1.15 （二）稀释每股收益 -0.8255 -1.02 本期发生同一控制下企业合并的，被合并方在合并前实现的净利润为：0.00元，上期被合并方实现的净利润为：0.00 元。 法定代表人：王安京 主管会计工作负责人：周旭红 会计机构负责人：吴玉苹 4、母公司利润表 单位：元 项目 2025年度 2024年度 一、营业收入 552,345,685.33 788,563,598.26 减：营业成本 530,754,449.76 732,676,575.98 税金及附加 2,079,579.09 2,876,858.86 销售费用 25,972,197.49 59,302,468.45 管理费用 78,053,715.02 91,864,184.19 研发费用 127,273,489.32 136,522,170.72 财务费用 20,694,462.45 39,205,381.42 其中：利息费用 20",candidate_requires_manual_selection
300663.SZ,科蓝软件,revenue,227,营业收入,"2025|770,391,996|63|375,431,625|49|1|2|3|4|5|61|590,844,813|06|532,838,551|41|842,517,978|29|764,063,341|95|47,169|80|590,844,813|06|532,838,551|41","北京科蓝软件系统股份有限公司2025年年度报告全文 期末未分配利润 -770,391,996.63 -375,431,625.49 调整期初未分配利润明细： 1）、由于《企业会计准则》及其相关新规定进行追溯调整，影响期初未分配利润元。 2）、由于会计政策变更，影响期初未分配利润元。 3）、由于重大会计差错更正，影响期初未分配利润元。 4）、由于同一控制导致的合并范围变更，影响期初未分配利润元。 5）、其他调整合计影响期初未分配利润元。 使用资本公积弥补亏损详细情况说明： 61、营业收入和营业成本 单位：元 本期发生额 上期发生额 项目 收入 成本 收入 成本 主营业务 590,844,813.06 532,838,551.41 842,517,978.29 764,063,341.95 其他业务 47,169.80 合计 590,844,813.06 532,838,551.41 842,565,148.09 764,063,341.95 公司报告期内经审计利润总额、净利润、扣除非经常性损益后的净利润三者孰低为负值 是 □否 单位：元 项目 本年度 具体扣除情况 上年度 具体扣除情况 扣除出租固定资产收 营业收入金额 590,844,813.06 扣除硬件销售收入 842,565,148.09 入 营业收入扣除项目合 364,867.25 硬件销售收入 47,169.80 出租固定资产 计金额 营业收入扣除项目合 计金额占营业收入的 0.06% 0.01% 比重 一、与主营业务无关 的业务收入 1．正常经营之外的其 他业务收入。如出租 固定资产、无形资 产、包装物，销售材 料，用材料进行非货 币性资产交换，经营 364,867.25 硬件销售收入 47,169.80 出租固定资产 受托管理业务等实现 的收入，以及虽计入 主营业务收入，但属 于上市公司正常经营 之外的收入。 与主营业务无关的业 364,867.25 硬件销售收入 47,169.80 出租固定资产 务收入小计 二、不具备商业实质 的收入 不具备商业实质的收 0.00 无 0.00 无 入小计 227",candidate_requires_manual_selection
300663.SZ,科蓝软件,revenue,228,营业收入,"2025|590,479,945|81|842,517,978|29|1|2|475,550|8|446,938|2|475,550|8|446,938|2|13.65|45.75|13.65|45.75|80,113|96|49,167|09|80,113|96","北京科蓝软件系统股份有限公司2025年年度报告全文 扣除出租固定资产后 营业收入扣除后金额 590,479,945.81 扣除硬件销售后收入 842,517,978.29 收入 营业收入、营业成本的分解信息： 单位：元 分部1 分部2 本期发生额 合计 合同分类 营业收入 营业成本 营业收入 营业成本 营业收入 营业成本 营业收入 营业成本 业务类型 其中： 475,550,8 446,938,2 475,550,8 446,938,2 技术开发 13.65 45.75 13.65 45.75 80,113,96 49,167,09 80,113,96 49,167,09 技术服务 4.08 1.56 4.08 1.56 35,180,03 36,733,21 35,180,03 36,733,21 其他 5.33 4.10 5.33 4.10 590,844,8 532,838,5 590,844,8 532,838,5 小计 13.06 51.41 13.06 51.41 按经营地 区分类 其中： 580,109,2 532,709,7 580,109,2 532,709,7 境内 79.47 39.57 79.47 39.57 10,735,53 128,811.8 10,735,53 128,811.8 境外 3.59 4 3.59 4 590,844,8 532,838,5 590,844,8 532,838,5 合计 13.06 51.41 13.06 51.41 市场或客 户类型 其中： 550,475,8 495,565,6 550,475,8 495,565,6 银行 06.45 61.33 06.45 61.33 非银金融 40,369,00 36,408,58 40,369,00 36,408,58 机构 6.61 3.63 6.61 3.63 864,306.4 864,306.4 其他 5 5 590,844,8 532,838,5 590,844,8 532,838,5 合计 13.06 51.41 13.06 51.41 合同类型 其中： 按商品转 让的时间 分类 其中： 按某一时 368,159,7 315,001,5 368,159,7 315,001,5 点确认 07.06 78.59 07.06 78.59 按某一时 222,6",candidate_requires_manual_selection
300663.SZ,科蓝软件,revenue,245,营业收入,"2025|2|3|4|5|2|1|2025|9|23|4500|75.54|89.51|10.49|10,825,493|61|245","北京科蓝软件系统股份有限公司2025年年度报告全文 限公司 单位：元 在子公司的持股比例不同于表决权比例的说明： 持有半数或以下表决权但仍控制被投资单位、以及持有半数以上表决权但不控制被投资单位的依据： 对于纳入合并范围的重要的结构化主体，控制的依据： 确定公司是代理人还是委托人的依据： 其他说明： （2） 重要的非全资子公司 单位：元 本期归属于少数股东 本期向少数股东宣告 期末少数股东权益余 子公司名称 少数股东持股比例 的损益 分派的股利 额 子公司少数股东的持股比例不同于表决权比例的说明： 其他说明： （3） 重要非全资子公司的主要财务信息 单位：元 期末余额 期初余额 子公 非流 非流 非流 非流 司名 流动 资产 流动 负债 流动 资产 流动 负债 动资 动负 动资 动负 称 资产 合计 负债 合计 资产 合计 负债 合计 产 债 产 债 单位：元 本期发生额 上期发生额 子公司名 综合收益 经营活动 综合收益 经营活动 称 营业收入 净利润 营业收入 净利润 总额 现金流量 总额 现金流量 其他说明： （4） 使用企业集团资产和清偿企业集团债务的重大限制 （5） 向纳入合并财务报表范围的结构化主体提供的财务支持或其他支持 其他说明： 2、在子公司的所有者权益份额发生变化且仍控制子公司的交易 （1） 在子公司所有者权益份额发生变化的情况说明 2025 年9月23日，公司以债权对子公司大陆云盾电子认证服务有限公司增加注册资本4500万元， 持股比例从75.54%增至为89.51%。少数股东持股比例降至10.49%,大陆云盾公司净资产为负数，增加 投资与按股权比例计算应享有的大陆云盾公司可辨认净资产份额之间的差额10,825,493.61元减少资本 公积。 245",candidate_requires_manual_selection
300663.SZ,科蓝软件,total_assets,246,资产合计,"2025|2|45,000,000|00|45,000,000|00|34,174,506|39|10,825,493|61|10,825,493|61|3|1|20|20|2|246","北京科蓝软件系统股份有限公司2025年年度报告全文 （2） 交易对于少数股东权益及归属于母公司所有者权益的影响 单位：元 购买成本/处置对价 --现金 --非现金资产的公允价值 45,000,000.00 购买成本/处置对价合计 45,000,000.00 减：按取得/处置的股权比例计算的子公司净资产份额 34,174,506.39 差额 10,825,493.61 其中：调整资本公积 10,825,493.61 调整盈余公积 调整未分配利润 其他说明： 3、在合营企业或联营企业中的权益 （1） 重要的合营企业或联营企业 持股比例 对合营企业或 合营企业或联 联营企业投资 主要经营地 注册地 业务性质 营企业名称 直接 间接 的会计处理方 法 在合营企业或联营企业的持股比例不同于表决权比例的说明： 持有20%以下表决权但具有重大影响，或者持有20%或以上表决权但不具有重大影响的依据： （2） 重要合营企业的主要财务信息 单位：元 期末余额/本期发生额 期初余额/上期发生额 流动资产 其中：现金和现金等价物 非流动资产 资产合计 流动负债 非流动负债 负债合计 少数股东权益 归属于母公司股东权益 按持股比例计算的净资产份额 调整事项 --商誉 --内部交易未实现利润 246",candidate_requires_manual_selection
300663.SZ,科蓝软件,total_assets,247,资产合计,2025|3|247,北京科蓝软件系统股份有限公司2025年年度报告全文 --其他 对合营企业权益投资的账面价值 存在公开报价的合营企业权益投资的 公允价值 营业收入 财务费用 所得税费用 净利润 终止经营的净利润 其他综合收益 综合收益总额 本年度收到的来自合营企业的股利 其他说明： （3） 重要联营企业的主要财务信息 单位：元 期末余额/本期发生额 期初余额/上期发生额 流动资产 非流动资产 资产合计 流动负债 非流动负债 负债合计 少数股东权益 归属于母公司股东权益 按持股比例计算的净资产份额 调整事项 --商誉 --内部交易未实现利润 --其他 对联营企业权益投资的账面价值 存在公开报价的联营企业权益投资的 公允价值 营业收入 净利润 终止经营的净利润 其他综合收益 综合收益总额 本年度收到的来自联营企业的股利 247,candidate_requires_manual_selection
300663.SZ,科蓝软件,revenue,247,营业收入,2025|3|247,北京科蓝软件系统股份有限公司2025年年度报告全文 --其他 对合营企业权益投资的账面价值 存在公开报价的合营企业权益投资的 公允价值 营业收入 财务费用 所得税费用 净利润 终止经营的净利润 其他综合收益 综合收益总额 本年度收到的来自合营企业的股利 其他说明： （3） 重要联营企业的主要财务信息 单位：元 期末余额/本期发生额 期初余额/上期发生额 流动资产 非流动资产 资产合计 流动负债 非流动负债 负债合计 少数股东权益 归属于母公司股东权益 按持股比例计算的净资产份额 调整事项 --商誉 --内部交易未实现利润 --其他 对联营企业权益投资的账面价值 存在公开报价的联营企业权益投资的 公允价值 营业收入 净利润 终止经营的净利润 其他综合收益 综合收益总额 本年度收到的来自联营企业的股利 247,candidate_requires_manual_selection
300663.SZ,科蓝软件,total_assets,262,资产总额,"2025|6|1|2|3|4|7|8|1|1|1|1|175,932,043|41|356,138,266|14|1|2|73,561,485|96|175,070,152|34|2|3|74,085,881","北京科蓝软件系统股份有限公司2025年年度报告全文 归属于母公司 项目 收入 费用 利润总额 所得税费用 净利润 所有者的终止 经营利润 其他说明： 6、分部信息 （1） 报告分部的确定依据与会计政策 （2） 报告分部的财务信息 单位：元 项目 分部间抵销 合计 （3） 公司无报告分部的，或者不能披露各报告分部的资产总额和负债总额的，应说明原因 （4） 其他说明 7、其他对投资者决策有影响的重要交易和事项 8、其他 十九、母公司财务报表主要项目注释 1、应收账款 （1） 按账龄披露 单位：元 账龄 期末账面余额 期初账面余额 1年以内（含1年） 175,932,043.41 356,138,266.14 1至2年 73,561,485.96 175,070,152.34 2至3年 74,085,881.85 104,334,876.11 3年以上 308,445,942.73 268,816,393.13 3至4年 81,486,099.22 104,132,742.91 4至5年 81,801,000.13 40,114,436.88 5年以上 145,158,843.38 124,569,213.34 合计 632,025,353.95 904,359,687.72 （2） 按坏账计提方法分类披露 单位：元 期末余额 期初余额 类别 账面余额 坏账准备 账面价 账面余额 坏账准备 账面价 金额 比例 金额 计提比 值 金额 比例 金额 计提比 值 262",candidate_requires_manual_selection
300663.SZ,科蓝软件,revenue,271,营业收入,"2025|3|4|552,345,685|33|530,754,449|76|785,967,186|76|732,676,575|98|2,596,411|50|552,345,685|33|530,754,449|76|788,563,598|26|732,676,575|98|1|2|474,918|9","北京科蓝软件系统股份有限公司2025年年度报告全文 □适用 不适用 前述信息与以前年度减值测试采用的信息或外部信息明显不一致的差异原因 公司以前年度减值测试采用信息与当年实际情况明显不一致的差异原因 （3） 其他说明 4、营业收入和营业成本 单位：元 本期发生额 上期发生额 项目 收入 成本 收入 成本 主营业务 552,345,685.33 530,754,449.76 785,967,186.76 732,676,575.98 其他业务 2,596,411.50 合计 552,345,685.33 530,754,449.76 788,563,598.26 732,676,575.98 营业收入、营业成本的分解信息： 单位：元 分部1 分部2 本期发生额 合计 合同分类 营业收入 营业成本 营业收入 营业成本 营业收入 营业成本 营业收入 营业成本 业务类型 其中： 474,918,9 458,363,3 474,918,9 458,363,3 技术开发 04.17 71.50 04.17 71.50 51,037,84 38,371,56 51,037,84 38,371,56 技术服务 3.10 3.42 3.10 3.42 26,388,93 34,019,51 26,388,93 34,019,51 其他 8.06 4.84 8.06 4.84 552,345,6 530,754,4 552,345,6 530,754,4 合计 85.33 49.76 85.33 49.76 按经营地 区分类 其中： 552,345,6 530,754,4 552,345,6 530,754,4 境内 85.33 49.76 85.33 49.76 552,345,6 530,754,4 552,345,6 530,754,4 合计 85.33 49.76 85.33 49.76 市场或客 户类型 其中： 518,027,9 495,679,3 518,027,9 495,679,3 银行 71.01 34.73 71.01 34.73 非银金融 34,317,71 34,210,80 34,317,71 34,210,80 机构 4.32 8.58 4.32 8.58 864,306.4 864,306.4 其他 5 5 552,345,6 530,754,4 55",candidate_requires_manual_selection
002987.SZ,京北方,revenue,7,营业收入,"2025|5|19|1|2|27|28|2025|2024|2023|4,839,049,619|20|4,636,169,749|19|4.38|4,242,011,130|87|327,388,083|10|311,624,534|00|5.06|347,627,140|82|309,482,679","京北方信息技术股份有限公司2025年年度报告全文 五、其他有关资料 公司聘请的会计师事务所 会计师事务所名称 中汇会计师事务所（特殊普通合伙） 会计师事务所办公地址 北京市朝阳区东三环中路5号财富金融中心19层 签字会计师姓名 况永宏、闫志波 公司聘请的报告期内履行持续督导职责的保荐机构 适用 □不适用 保荐机构名称 保荐机构办公地址 保荐代表人姓名 持续督导期间 公司首次公开发行募集资金 北京市朝阳区建国门外大街 尚未使用完毕，中国国际金 中国国际金融股份有限公司 1号国贸大厦2座27层及 杨桐、吴窑 融股份有限公司将继续履行 28层 募集资金相关的持续督导职 责直至募集资金使用完毕。 公司聘请的报告期内履行持续督导职责的财务顾问 □适用 不适用 六、主要会计数据和财务指标 公司是否需追溯调整或重述以前年度会计数据 □是 否 2025年 2024年 本年比上年增减 2023年 营业收入（元） 4,839,049,619.20 4,636,169,749.19 4.38% 4,242,011,130.87 归属于上市公司股东 327,388,083.10 311,624,534.00 5.06% 347,627,140.82 的净利润（元） 归属于上市公司股东 的扣除非经常性损益 309,482,679.20 304,165,695.73 1.75% 328,763,099.69 的净利润（元） 经营活动产生的现金 464,585,115.30 261,074,555.54 77.95% 131,025,530.94 流量净额（元） 基本每股收益（元/ 0.38 0.36 5.56% 0.40 股） 稀释每股收益（元/ 0.38 0.36 5.56% 0.40 股） 加权平均净资产收益 11.32% 11.68% -0.36% 14.61% 率 2025年末 2024年末 本年末比上年末增减 2023年末 总资产（元） 3,560,501,383.80 3,379,648,532.26 5.35% 3,072,875,390.74 归属于上市公司股东 2,979,647,250.82 2,808,260,514.28 6.10% 2,546,110,980.81 的净资产（元） 公司最近三个会计年度扣除非经常性损益前后净利润孰低者均为负值，且最近一年审计报告显",candidate_requires_manual_selection
002987.SZ,京北方,revenue,8,营业收入,"2025|1|2|1,157,106,728|57|1,203,858,659|31|1,252,139,687|41|1,225,944,543|91|46,732,335|50|72,108,885|48|124,611,530|45|83,935,331|67|38,337,711|25|71,681,694|01|120,670,521|51","京北方信息技术股份有限公司2025年年度报告全文 七、境内外会计准则下会计数据差异 1、同时按照国际会计准则与按照中国会计准则披露的财务报告中净利润和净资产差异情况 □适用 不适用 公司报告期不存在按照国际会计准则与按照中国会计准则披露的财务报告中净利润和净资产差异情况。 2、同时按照境外会计准则与按照中国会计准则披露的财务报告中净利润和净资产差异情况 □适用 不适用 公司报告期不存在按照境外会计准则与按照中国会计准则披露的财务报告中净利润和净资产差异情况。 八、分季度主要财务指标 单位：元 第一季度 第二季度 第三季度 第四季度 营业收入 1,157,106,728.57 1,203,858,659.31 1,252,139,687.41 1,225,944,543.91 归属于上市公司股东 46,732,335.50 72,108,885.48 124,611,530.45 83,935,331.67 的净利润 归属于上市公司股东 的扣除非经常性损益 38,337,711.25 71,681,694.01 120,670,521.51 78,792,752.43 的净利润 经营活动产生的现金 -499,617,222.70 -91,521,598.94 77,539,183.33 978,184,753.61 流量净额 上述财务指标或其加总数是否与公司已披露季度报告、半年度报告相关财务指标存在重大差异 □是 否 九、非经常性损益项目及金额 适用 □不适用 单位：元 项目 2025年金额 2024年金额 2023年金额 说明 非流动性资产处置损 益（包括已计提资产 1,240,035.93 -241,470.55 -61,181.47 减值准备的冲销部 分） 计入当期损益的政府 补助（与公司正常经 营业务密切相关，符 合国家政策规定、按 15,266,476.48 4,486,033.18 7,047,645.46 照确定的标准享有、 对公司损益产生持续 影响的政府补助除 外） 除同公司正常经营业 务相关的有效套期保 1,008,973.30 1,550,658.02 5,681,115.26 值业务外，非金融企 业持有金融资产和金 8",candidate_requires_manual_selection
002987.SZ,京北方,revenue,14,营业收入,2025|1|2025|48.39|4.38|3.27|5.06|32.42|67.00|14.37|10.53|1.24|55.63|15.97|9.67|17.93|44.46|91.87|3.93|30.87|2025|51|1|14,京北方信息技术股份有限公司2025年年度报告全文 四、主营业务分析 1、概述 2025年度，公司主营业务保持稳健运行，经营态势平稳，核心竞争力持续巩固。报告期内，公司 实现营业收入48.39亿元，同比增长4.38%；归属于上市公司股东的净利润3.27亿元，同比增长5.06%。 公司业绩在金融IT行业中持续保持前列地位，整体经营表现符合公司长期发展规划。报告期内，公司 聚焦AI与大数据等创新技术产品，深化核心客户合作，推进相关技术研发与产品落地，客户拓展与业 务发展均取得积极进展，有效保障了主营业务的平稳运行。按业务板块划分，软件及IT解决方案条线 实现收入32.42亿元，占总营收比重67.00%，保持平稳增长，其中金融科技解决方案产品线收入14.37 亿元，增速10.53%；人工智能及大数据创新产品线收入1.24亿元，增速55.63%。业务数字化运营条线 收入15.97亿元，其中智慧客服及消费金融精准营销产品线收入9.67亿元，增速17.93%。 报告期内，公司客户结构持续优化，中小银行、非银金融机构及非金融机构等客户的渗透率持续提 升，长尾客户拓展成效显著。按客户类型划分，金融业客户仍是公司核心收入来源，报告期内贡献收入 44.46亿元，占总营收比重91.87%，客户群体全面覆盖各类金融机构，核心客户合作黏性持续提升。其 中，中小银行、非银金融机构客户收入增速高于公司整体增速，客户发展战略得到有效落地；非金融业 客户贡献收入3.93亿元，同比增长30.87%，市场渗透持续推进，有效丰富了收入来源。2025年度，公 司新增法人客户51家，客户拓展成效显著，多元化客户布局进一步分散了经营风险。 （1）聚焦人工智能技术领域，持续完善创新产品体系，强化技术落地与业务赋能 人工智能领域是公司长期战略布局方向，其中大模型与智能体能力是公司技术战略储备与产品创新 的重要抓手。报告期内，公司围绕“京北方大模型&智能体系列”持续完善智能产品体系，聚焦智能营 销、智能合规、智能运维、智能反欺诈与智能报告生成等高频业务场景，依托自然语言处理、时序分析、 语义理解等核心技术，实现产品模块化嵌入现有业务系统，有效提升各业务环节的自动化与智能化水平。 目前，相关智能产品已成功在银行、非银金融及非金融类客户中落地应用，并形成稳定的持续交付订单， 为公司业务增长注入新的动力。 在大模型智能体类产,candidate_requires_manual_selection
002987.SZ,京北方,net_profit_attributable,14,归属于上市公司股东的净利润,2025|1|2025|48.39|4.38|3.27|5.06|32.42|67.00|14.37|10.53|1.24|55.63|15.97|9.67|17.93|44.46|91.87|3.93|30.87|2025|51|1|14,京北方信息技术股份有限公司2025年年度报告全文 四、主营业务分析 1、概述 2025年度，公司主营业务保持稳健运行，经营态势平稳，核心竞争力持续巩固。报告期内，公司 实现营业收入48.39亿元，同比增长4.38%；归属于上市公司股东的净利润3.27亿元，同比增长5.06%。 公司业绩在金融IT行业中持续保持前列地位，整体经营表现符合公司长期发展规划。报告期内，公司 聚焦AI与大数据等创新技术产品，深化核心客户合作，推进相关技术研发与产品落地，客户拓展与业 务发展均取得积极进展，有效保障了主营业务的平稳运行。按业务板块划分，软件及IT解决方案条线 实现收入32.42亿元，占总营收比重67.00%，保持平稳增长，其中金融科技解决方案产品线收入14.37 亿元，增速10.53%；人工智能及大数据创新产品线收入1.24亿元，增速55.63%。业务数字化运营条线 收入15.97亿元，其中智慧客服及消费金融精准营销产品线收入9.67亿元，增速17.93%。 报告期内，公司客户结构持续优化，中小银行、非银金融机构及非金融机构等客户的渗透率持续提 升，长尾客户拓展成效显著。按客户类型划分，金融业客户仍是公司核心收入来源，报告期内贡献收入 44.46亿元，占总营收比重91.87%，客户群体全面覆盖各类金融机构，核心客户合作黏性持续提升。其 中，中小银行、非银金融机构客户收入增速高于公司整体增速，客户发展战略得到有效落地；非金融业 客户贡献收入3.93亿元，同比增长30.87%，市场渗透持续推进，有效丰富了收入来源。2025年度，公 司新增法人客户51家，客户拓展成效显著，多元化客户布局进一步分散了经营风险。 （1）聚焦人工智能技术领域，持续完善创新产品体系，强化技术落地与业务赋能 人工智能领域是公司长期战略布局方向，其中大模型与智能体能力是公司技术战略储备与产品创新 的重要抓手。报告期内，公司围绕“京北方大模型&智能体系列”持续完善智能产品体系，聚焦智能营 销、智能合规、智能运维、智能反欺诈与智能报告生成等高频业务场景，依托自然语言处理、时序分析、 语义理解等核心技术，实现产品模块化嵌入现有业务系统，有效提升各业务环节的自动化与智能化水平。 目前，相关智能产品已成功在银行、非银金融及非金融类客户中落地应用，并形成稳定的持续交付订单， 为公司业务增长注入新的动力。 在大模型智能体类产,candidate_requires_manual_selection
002987.SZ,京北方,revenue,17,营业收入,"2025|3|4|2025|4.65|77.95|2025|10|2.10|1.82|10|2|1.73|2|1|2025|2024|4,839,049,619|20|100|4,636,169,749|19|100|4.38|3,985,651,932",京北方信息技术股份有限公司2025年年度报告全文 （3）数字人民币推广升级，出海迈出实质步伐，探索智能经济新形态 随着数字人民币试点范围持续扩大、运营机构持续扩容，商业银行数币相关系统建设及运营需求不 断深化。在系统建设方面，公司能够为银行客户提供覆盖数字人民币钱包管理、交易处理、渠道接入、 账务处理、对账清算及监管报送等环节的系统研发与技术支持，并具备与核心系统、支付系统、渠道系 统等多类业务系统协同改造的综合实施能力。在项目交付方面，公司形成了覆盖需求分析、系统设计、 开发实现、测试验证、上线实施及运行支持的全生命周期交付体系，通过自动化测试平台、性能测试与 国产化适配能力，保障系统在信创环境下稳定运行。报告期内，公司在多家商业银行数字人民币项目实 践中积累了丰富经验，逐步形成标准化实施方法与协同交付机制，为金融机构在数字人民币相关系统建 设及运营阶段提供持续、可靠的技术支撑能力。 业务出海方面，公司在报告期内正式成立香港全资子公司，标志着公司全球化布局战略迈出实质性 步伐。该子公司定位为跨境技术协同平台，聚焦香港、澳门及东南亚金融机构数字化需求，辐射全球市 场，致力于构建“技术输出+生态合作”的国际化服务体系，服务银行、保险、证券、基金、交易所等 多元海外客户群体。目前，公司已通过香港子公司与多家海外机构签署业务合作协议，加速出海战略落 地。未来，公司将依托香港子公司的区位优势，强化AI及区块链驱动的金融科技解决方案研发与场景 对接能力，拓展AIAgent在海外金融营销、风控、运维等场景的应用，结合隐私计算等技术探索数字 资产管理、跨境支付等领域业务机会，进一步完善国际化服务网络，为公司长期发展培育新的增长动能。 （4）现金流持续改善，重视股东回报，分红比例提升 2025年，公司经营性净现金流4.65亿元，较上年同比增加77.95%。根据相关法律法规及《公司章 程》关于利润分配规定，基于公司稳健的经营状况、健康的现金流状况以及未来可持续的成长性，为进 一步增强公司资本实力，同时兼顾对广大投资者的合理回报，公司提出2025年度利润分配方案：拟向 全体股东每10股派发现金股利人民币2.10元，共计派发现金股利人民币1.82亿元。同时以资本公积转 增股本，每10股转增2股，合计转增1.73亿股。 2、收入与成本 （1） 营业收入构成 单位：元 2025年 2024年,candidate_requires_manual_selection
002987.SZ,京北方,revenue,18,营业收入,"2025|393,444,756|15|8.13|300,646,937|56|6.48|30.87|1,681,167,495|87|34.74|1,627,458,003|84|35.10|3.30|1,437,299,218|10|29.70|1,300,414,906|26|28.05|10.53|123,854,855|96|2.56","京北方信息技术股份有限公司2025年年度报告全文 其他 393,444,756.15 8.13% 300,646,937.56 6.48% 30.87% 分产品 软件开发及服务 1,681,167,495.87 34.74% 1,627,458,003.84 35.10% 3.30% 金融科技解决方 1,437,299,218.10 29.70% 1,300,414,906.26 28.05% 10.53% 案 人工智能及大数 123,854,855.96 2.56% 79,585,122.81 1.72% 55.63% 据创新产品 智慧客服及消费 967,054,108.71 19.98% 820,025,841.42 17.69% 17.93% 金融精准营销 数智化运营及服 629,673,940.56 13.02% 808,685,874.86 17.44% -22.14% 务 分地区 华北区 2,044,038,320.96 42.24% 1,983,455,938.28 42.78% 3.05% 华东区 926,925,023.10 19.16% 845,830,870.09 18.24% 9.59% 华南区 594,442,536.81 12.28% 596,744,764.20 12.87% -0.39% 中南区 510,881,428.62 10.56% 445,183,153.74 9.60% 14.76% 西南区 341,001,451.79 7.05% 352,583,317.37 7.61% -3.28% 西北区 256,679,798.73 5.30% 229,597,093.41 4.95% 11.80% 东北区 151,695,875.55 3.13% 173,192,053.49 3.74% -12.41% 境外 13,385,183.64 0.28% 9,582,558.61 0.21% 39.68% 分销售模式 自营 4,839,049,619.20 100.00% 4,636,169,749.19 100.00% 4.38% 公司需遵守《深圳证券交易所上市公司自律监管指引第3号——行业信息披露》中软件与信息技术服务业的披露要求 单位：元 2025年度 2024年度 第一季度 第二季度 第三季度 第四季度 第一季度 第二季度 第三",candidate_requires_manual_selection
002987.SZ,京北方,revenue,19,营业收入,"2025|629,673,940|56|559,498,100|96|11.14|22.14|21.25|1.00|2,044,038,320|96|1,569,070,260|40|23.24|3.05|0.14|2.24|926,925,023|10|711,931,278|60|23.19|9.59|10.77|0.82","京北方信息技术股份有限公司2025年年度报告全文 费金融精准营 销 数智化运营及 629,673,940.56 559,498,100.96 11.14% -22.14% -21.25% -1.00% 服务 分地区 华北区 2,044,038,320.96 1,569,070,260.40 23.24% 3.05% 0.14% 2.24% 华东区 926,925,023.10 711,931,278.60 23.19% 9.59% 10.77% -0.82% 华南区 594,442,536.81 440,968,431.26 25.82% -0.39% -2.66% 1.73% 中南区 510,881,428.62 421,727,303.54 17.45% 14.76% 19.95% -3.58% 分销售模式 自营 4,839,049,619.20 3,730,061,987.57 22.92% 4.38% 3.67% 0.52% 公司主营业务数据统计口径在报告期发生调整的情况下，公司最近1年按报告期末口径调整后的主营业务数据 □适用 不适用 （3） 公司实物销售收入是否大于劳务收入 □是 否 （4） 公司已签订的重大销售合同、重大采购合同截至本报告期的履行情况 □适用 不适用 （5） 营业成本构成 行业分类 行业分类 单位：元 2025年 2024年 行业分类 项目 占营业成 占营业成本 同比增减 金额 金额 本比重 比重 银行 人工 3,002,833,091.28 80.50% 3,003,047,549.72 83.47% -0.01% 外购商品与服 银行 26,114,065.98 0.70% 38,209,838.49 1.06% -31.66% 务 银行 项目直接费用 31,697,853.04 0.85% 31,134,579.02 0.87% 1.81% 银行 固定资产折旧 3,986,085.60 0.11% 4,744,607.72 0.13% -15.99% 非银金融 人工 353,881,828.19 9.49% 279,705,071.66 7.77% 26.52% 外购商品与服 非银金融 2,089,146.46 0.05% 1,122,547.91 0.03% 86.11% 务 非银金融 项目直接费用 5,414,738.36",candidate_requires_manual_selection
002987.SZ,京北方,revenue,21,营业收入,"2025|22,714,075|93|36.48|10|3|2025|2024|81,089,310|01|85,300,237|58|4.94|227,806,934|08|171,735,055|63|32.65|854,858|19|3,162,311|17|440,504,108|29|427,131,842","京北方信息技术股份有限公司2025年年度报告全文 合计 -- 22,714,075.93 36.48% 主要供应商其他情况说明 □适用 不适用 报告期内公司贸易业务收入占营业收入比例超过10% □适用 不适用 3、费用 单位：元 2025年 2024年 同比增减 重大变动说明 销售费用 81,089,310.01 85,300,237.58 -4.94% 管理费用 227,806,934.08 171,735,055.63 32.65% 因业务调整造成的人工成本增长 主要系利率下降，利息收入减少 财务费用 -854,858.19 -3,162,311.17 不适用 所致。 研发费用 440,504,108.29 427,131,842.25 3.13% 4、研发投入 适用 □不适用 主要研发项 预计对公司未来发展 项目目的 项目进展 拟达到的目标 目名称 的影响 大模型应用服务平台基于前 1、完成平台整体框架 1、搭建大模型应用服 支持多业务场景智能 沿大语言模型技术构建，支 设计与功能模块划分； 务平台，支持多种业 体的灵活搭载与快速 持AI能力集成与按需灵活 2、完成大模型应用服 务智能体集成与功能 拓展，通过即插即用 AI智能体门 拓展，可无缝搭载智能营 务平台研发； 展示； 的AI能力，深度赋能 户与场景智 销、智能合规、智能运维、 3、完成运维智能体、 2、完成智能营销、智 智能营销、合规、运 能体 智能办公等多场景业务智能 合规智能体、智能报告 能合规、智能运维、 维及办公场景，为企 体，通过清晰直观的功能体 生成、智能办公等多业 智能办公、智能报告 业打造全流程闭环的 系，为企业提供全流程、高 务场景的智能体研发与 等智能体研发。 智能服务体系。 适配的业务智能赋能服务。 接入。 1.功能目标：实现AI 驱动的全流程测试能 力，涵盖需求分析智 能化、测试点自动生 成、测试用例生成与 1、完成解析需求文 用AI智能体替代传统人工/ 优化、测试执行自动 档、生成测试点和测试 自动化测试，实现自主规 化、测试结果分析与 用例功能； 划、自主执行、自主分析、 缺陷定位，形成闭环 2、完成知识库搭建， 自主修复的测试闭环，解决 式智能测试流程； 推动技术创新：引入 知识向量化和RAG调 传统测试效率低、覆盖率不 2.效率目标：相较于 AI大模型等技术，提 ",candidate_requires_manual_selection
002987.SZ,京北方,revenue,28,营业收入,"2025|1|2|1|1.0|2|2025|2024|2,214|2,113|4.78|7.08|6.76|0.32|1,855|1,706|8.73|67|62|8.06|292|345|15.36|30|662","京北方信息技术股份有限公司2025年年度报告全文 综上，打造全新测试 平台，能全面提升公 司技术、产品和市场 竞争力，为持续增长 与创新发展提供保 障。 基于区块链技术通过将链属 企业之间贸易形成一套不可 形成供应链金融解决 篡改的数字凭证，基于核心 1.完成数字信用凭证 方案和产品能力，提 支持多种融资和支付 基于区块链 企业的信用开具已确权的数 签、收、转、融全流 升行业产品竞争力， 结算工具，满足不同 的供应链金 字信用凭证在平台多级流 程； 同时还可为公司在该 企业的支付和融资需 融平台 转、融资，从而提高企业的 2.完成电子汇票开、 领域的项目实施提供 求。 融资效率，降低融资成本， 收、转、贴全流程。 更大的溢价空间，提 助力金融机构融资风控管理 升盈利能力。 的提升。 在满足国家数据安全法、个 形成新业务增长点， 人信息保护法、金融业监管 拓展金融科技新赛 1.完成隐私计算平台 要求的前提下，实现数据 道，优化公司整体业 V1.0； 隐私计算平 “可用不可见、可控可计 满足银行信贷风控的 务结构。切入银行最 2.完成基于APSI-PIR 台 量”，在不泄露客户原始信 数据需求。 敏感、最核心的数据 的多头借贷场景搭建和 息、不泄露机构商业数据的 合规与风控领域，成 本地性能测试。 基础上，开展跨机构数据协 为银行战略级供应 作。 商。 公司研发人员情况 2025年 2024年 变动比例 研发人员数量（人） 2,214 2,113 4.78% 研发人员数量占比 7.08% 6.76% 0.32% 研发人员学历结构 本科 1,855 1,706 8.73% 硕士 67 62 8.06% 其他 292 345 -15.36% 研发人员年龄构成 30岁以下 662 620 6.77% 30~40岁 1,410 1,331 5.94% 40岁以上 142 162 -12.35% 公司研发投入情况 2025年 2024年 变动比例 研发投入金额（元） 440,504,108.29 427,131,842.25 3.13% 研发投入占营业收入比例 9.10% 9.21% -0.11% 研发投入资本化的金额 0.00 0.00 0.00% （元） 资本化研发投入占研发投入 0.00% 0.00% 0.00% 的比例 公司研发人员构成发生重大变化的原因及影响 □适用 ",candidate_requires_manual_selection
002987.SZ,京北方,revenue,34,营业收入,2025|5|1|2|3|34,京北方信息技术股份有限公司2025年年度报告全文 公司将充分发挥香港子公司的区位优势，搭建跨境技术协同与市场拓展平台，适配海外市场的技术 标准与合规要求。深化海外生态合作，探索多元化的海外业务开展模式，逐步推进公司技术与解决方案 在海外市场的落地，培育海外业务增长动能，助力公司全球化战略实施。 5、探索投资并购机遇，促进产业协同发展 围绕“产品+客户+创新”三大战略目的，公司将充分依托上市公司的平台优势、客户优势、技术优 势及管理优势，积极探索多元化的资本运作方式，稳步落地产业协同发展路径，助力公司实现高质量发 展。公司将以并购重组为核心抓手，锚定核心客户场景需求，重点并购金融行业垂直领域具备成熟产品 体系、核心技术壁垒与稳定客户口碑的优质标的，快速整合其产品矩阵与技术能力。公司将依托能力禀 赋，探索跨界产业投资，包括投资具有成长潜力的跨行业企业或跨地域的赛道延伸和出海布局。公司将 紧扣国家战略导向，储备战略新兴产业与前沿技术资源，重点聚焦AI应用、量子计算、硬科技等符合 公司长期发展规划的新技术。公司将通过资本运作强化产业协同，进一步夯实核心竞争力，为公司持续 健康发展注入强劲新动力。 （二）公司面临的风险和应对措施 1、市场竞争风险 随着金融业竞争的不断加剧和专业化分工的逐渐强化，金融IT市场规模将持续增长，这将导致同 行业竞争对手不断扩大规模，新进入者不断增多，竞争日趋激烈。若公司不能紧跟市场发展趋势，满足 客户需求变化，在人才储备、技术研发和客户服务等方面进一步增强实力，将面临市场竞争加剧的风险。 应对措施：公司将继续加大在研发领域的投入，进一步提升公司的技术实力和产品竞争力，持续为 客户创造增量价值。 2、客户相对集中风险 公司来自国有大行的营业收入占比较高，原因主要有以下三点：一是国有大型商业银行分支机构众 多，区域分布广；二是国有大型商业银行不仅在信息技术服务方面的投入持续增大，而且其业务数字化 运营需求规模庞大；三是公司可提供的服务品种和入围资质多、规模大、响应能力强，满足国有大型商 业银行的多种需求。 应对措施：公司将继续巩固并扩大与国有六大行及股份制商业银行的合作范围和规模，在此基础上， 充分挖掘城市商业银行、农村商业银行、民营银行等中小银行的市场空间。另一方面，利用公司技术优 势、业务优势、人才优势和规模优势，通过产品创新、产业并购等方式，大力,candidate_requires_manual_selection
002987.SZ,京北方,total_assets,52,资产总额,2025|2|1|2026|04|18|2025|100.00|100.00|1|2|1|3|2|3|4|4|5|5|6|6|1|2000|0.5|1,京北方信息技术股份有限公司2025年年度报告全文 2、报告期内发现的内部控制重大缺陷的具体情况 □是 否 十二、公司报告期内对子公司的管理控制情况 整合中遇到的 已采取的解决 公司名称 整合计划 整合进展 解决进展 后续解决计划 问题 措施 不适用 不适用 不适用 不适用 不适用 不适用 不适用 对子公司的管理控制存在异常 □是 否 十三、内部控制评价报告或内部控制审计报告 1、内控评价报告 内部控制评价报告全文披露日期 2026年04月18日 《2025年度内部控制自我评价报告》详见巨潮资讯网 内部控制评价报告全文披露索引 （http://www.cninfo.com.cn） 纳入评价范围单位资产总额占公司合 100.00% 并财务报表资产总额的比例 纳入评价范围单位营业收入占公司合 100.00% 并财务报表营业收入的比例 缺陷认定标准 类别 财务报告 非财务报告 出现以下情形的，认定为重大缺陷： （1）与财务报告相关的控制环境无 有以下特征的缺陷，应认定为重大缺 效； 陷： （2）审计委员会和内部审计机构对内 （1）违反国家法律、法规或规范性文 部控制的监督无效； 件； （3）董事和高级管理人员与财务报告 （2）重大决策程序不合规； 相关的舞弊行为； （3）制度缺失可能导致内部控制系统 （4）外部审计发现当期财务报告存在 定性标准 性失效； 重大错报，公司在运行过程中未能发 （4）重大和重要缺陷未能得到整改； 现该错报； （5）公司声誉造成难以弥补的损害； （5）重述以前公布的财务报告，以更 （6）其他可能对公司造成重大影响的 正由于舞弊或错误导致的重大错误； 情形。 （6）其他对财务报告使用者做出正确 其他情形按影响程度分别确定为重要 判断产生重大影响的缺陷。 缺陷或一般缺陷。 其他情形按照影响程度分别确定为重 要缺陷或一般缺陷。 重大缺陷：缺陷影响金额≥收入/资产 总额的1%，且绝对金额≥2000万元； 重大缺陷：潜在错报≥收入/资产总额 重要缺陷：收入/资产总额的0.5%≤ 的1%，且绝对金额≥2000万元； 缺陷影响金额＜收入/资产总额的 重要缺陷：收入/资产总额的0.5%≤ 定量标准 1%，且1000万元≤绝对金额＜2000 潜在错报＜收入/资产总额的1%，且 万元； 1000万元≤绝对金额＜2000万元; 一般缺陷：缺陷影响金额＜收入/资产 一,candidate_requires_manual_selection
002987.SZ,京北方,revenue,52,营业收入,2025|2|1|2026|04|18|2025|100.00|100.00|1|2|1|3|2|3|4|4|5|5|6|6|1|2000|0.5|1,京北方信息技术股份有限公司2025年年度报告全文 2、报告期内发现的内部控制重大缺陷的具体情况 □是 否 十二、公司报告期内对子公司的管理控制情况 整合中遇到的 已采取的解决 公司名称 整合计划 整合进展 解决进展 后续解决计划 问题 措施 不适用 不适用 不适用 不适用 不适用 不适用 不适用 对子公司的管理控制存在异常 □是 否 十三、内部控制评价报告或内部控制审计报告 1、内控评价报告 内部控制评价报告全文披露日期 2026年04月18日 《2025年度内部控制自我评价报告》详见巨潮资讯网 内部控制评价报告全文披露索引 （http://www.cninfo.com.cn） 纳入评价范围单位资产总额占公司合 100.00% 并财务报表资产总额的比例 纳入评价范围单位营业收入占公司合 100.00% 并财务报表营业收入的比例 缺陷认定标准 类别 财务报告 非财务报告 出现以下情形的，认定为重大缺陷： （1）与财务报告相关的控制环境无 有以下特征的缺陷，应认定为重大缺 效； 陷： （2）审计委员会和内部审计机构对内 （1）违反国家法律、法规或规范性文 部控制的监督无效； 件； （3）董事和高级管理人员与财务报告 （2）重大决策程序不合规； 相关的舞弊行为； （3）制度缺失可能导致内部控制系统 （4）外部审计发现当期财务报告存在 定性标准 性失效； 重大错报，公司在运行过程中未能发 （4）重大和重要缺陷未能得到整改； 现该错报； （5）公司声誉造成难以弥补的损害； （5）重述以前公布的财务报告，以更 （6）其他可能对公司造成重大影响的 正由于舞弊或错误导致的重大错误； 情形。 （6）其他对财务报告使用者做出正确 其他情形按影响程度分别确定为重要 判断产生重大影响的缺陷。 缺陷或一般缺陷。 其他情形按照影响程度分别确定为重 要缺陷或一般缺陷。 重大缺陷：缺陷影响金额≥收入/资产 总额的1%，且绝对金额≥2000万元； 重大缺陷：潜在错报≥收入/资产总额 重要缺陷：收入/资产总额的0.5%≤ 的1%，且绝对金额≥2000万元； 缺陷影响金额＜收入/资产总额的 重要缺陷：收入/资产总额的0.5%≤ 定量标准 1%，且1000万元≤绝对金额＜2000 潜在错报＜收入/资产总额的1%，且 万元； 1000万元≤绝对金额＜2000万元; 一般缺陷：缺陷影响金额＜收入/资产 一,candidate_requires_manual_selection
002987.SZ,京北方,revenue,80,营业收入,"2025|1|2|3|2025|483,904|96|4|5|6|1|80","京北方信息技术股份有限公司2025年年度报告全文 (一) 收入确认 (二) 应收账款与合同资产坏账准备 关键审计事项 在审计中如何应对关键审计事项 (一) 收入确认 1、了解、评估并测试京北方公司与收入确 认相关的流程以及关键内部控制，并评价这 些内部控制的设计和运行有效性； 2、通过审阅销售合同，识别与商品控制权 转移时点的合同条款，了解和评估了京北方 收入确认的会计政策及披露详见附注 公司收入确认政策的合理性； “三(三十六)收入”､“五(三十)营业收入/ 3、针对收入执行实质性分析程序，主要分 营业成本”｡ 析各类主要业务和客户的变动以及毛利率合 京北方公司2025年度合并财务报表营 理性，比较与历史同期、行业可比公司的差 业收入为483,904.96万元｡ 异原因，复核收入的合理性； 京北方公司在确定合同的收入核算方 4、选取样本，检查合同中影响收入确认时 法、收入确认时点及恰当的履约进度时，需 点和依据的相关条款，对于在某一时点履约 要运用重大会计估计及判断。由于营业收入 的合同，在客户验收时完成履约义务，检查 金额重大且是京北方公司的关键业绩指标之 验收报告等证明业务完成文件；对于在某一 一,从而存在管理层为了达到特定目标或期 时段内履约的合同，按完成工作量及完工进 望而操纵收入确认时点的固有风险,因此我 度确认履约义务，检查提供工作量或服务期 们将收入确认识别为关键审计事项｡ 间、客户履约进度确认文件和工作量确认文 件等支持性文件； 5、选取样本，向重要客户执行函证合同进 度或验收、回款情况； 6、针对资产负债表日前后确认的收入执行 截止测试。 (二) 应收账款与合同资产坏账准备 应收账款与合同资产坏账准备计提的会 1、了解、评价并测试信用政策以及与应收 计政策及披露详见附注“三(十四)应收账 账款、合同资产日常管理相关内部控制的设 80",candidate_requires_manual_selection
002987.SZ,京北方,total_assets,84,资产合计,"2025|140,005,169|29|154,008,736|11|689,847,324|38|874,306,170|09|3,504,824|11|4,411,132|15|43,825,392|28|60,883,810|53|64,449,401|76|35,217,216|73|891,409,235|87|797,617,533|11","京北方信息技术股份有限公司2025年年度报告全文 结算备付金 拆出资金 交易性金融资产 140,005,169.29 154,008,736.11 衍生金融资产 应收票据 应收账款 689,847,324.38 874,306,170.09 应收款项融资 预付款项 3,504,824.11 4,411,132.15 应收保费 应收分保账款 应收分保合同准备金 其他应收款 43,825,392.28 60,883,810.53 其中：应收利息 应收股利 买入返售金融资产 存货 64,449,401.76 35,217,216.73 其中：数据资源 合同资产 891,409,235.87 797,617,533.11 持有待售资产 一年内到期的非流动资产 其他流动资产 3,976,349.46 7,819,518.57 流动资产合计 3,059,253,227.38 2,922,881,650.18 非流动资产： 发放贷款和垫款 债权投资 其他债权投资 长期应收款 长期股权投资 其他权益工具投资 其他非流动金融资产 投资性房地产 固定资产 41,480,721.89 46,721,607.63 在建工程 101,881,484.41 29,334,383.60 生产性生物资产 油气资产 使用权资产 6,043,642.24 18,646,722.04 无形资产 326,084,226.69 333,348,867.28 其中：数据资源 开发支出 其中：数据资源 商誉 长期待摊费用 1,958,722.36 4,311,485.27 84",candidate_requires_manual_selection
002987.SZ,京北方,total_assets,85,资产合计,"2025|23,418,814|74|24,403,816|26|380,544|09|501,248,156|42|456,766,882|08|3,560,501,383|80|3,379,648,532|26|919,914|79|1,567,609|23|58,898,968|91|29,217,874|75|356,415,269|51","京北方信息技术股份有限公司2025年年度报告全文 递延所得税资产 23,418,814.74 24,403,816.26 其他非流动资产 380,544.09 非流动资产合计 501,248,156.42 456,766,882.08 资产总计 3,560,501,383.80 3,379,648,532.26 流动负债： 短期借款 向中央银行借款 拆入资金 交易性金融负债 衍生金融负债 应付票据 应付账款 919,914.79 1,567,609.23 预收款项 合同负债 58,898,968.91 29,217,874.75 卖出回购金融资产款 吸收存款及同业存放 代理买卖证券款 代理承销证券款 应付职工薪酬 356,415,269.51 352,579,297.04 应交税费 132,592,670.23 139,289,307.30 其他应付款 20,308,036.51 22,444,312.10 其中：应付利息 应付股利 应付手续费及佣金 应付分保账款 持有待售负债 一年内到期的非流动负债 3,719,416.50 15,782,313.76 其他流动负债 3,533,938.13 1,753,072.49 流动负债合计 576,388,214.58 562,633,786.67 非流动负债： 保险合同准备金 长期借款 应付债券 其中：优先股 永续债 租赁负债 2,178,656.26 4,163,632.27 长期应付款 长期应付职工薪酬 预计负债 递延收益 递延所得税负债 2,287,262.14 4,590,599.04 其他非流动负债 85",candidate_requires_manual_selection
002987.SZ,京北方,total_assets,86,资产合计,"2025|4,465,918|40|8,754,231|31|580,854,132|98|571,388,017|98|867,460,152|00|619,374,213|00|375,947,123|39|627,209,964|70|2,370,060|00|4,334,760|00|213,344,295|99|180,850,751|38","京北方信息技术股份有限公司2025年年度报告全文 非流动负债合计 4,465,918.40 8,754,231.31 负债合计 580,854,132.98 571,388,017.98 所有者权益： 股本 867,460,152.00 619,374,213.00 其他权益工具 其中：优先股 永续债 资本公积 375,947,123.39 627,209,964.70 减：库存股 2,370,060.00 4,334,760.00 其他综合收益 专项储备 盈余公积 213,344,295.99 180,850,751.38 一般风险准备 未分配利润 1,525,265,739.44 1,385,160,345.20 归属于母公司所有者权益合计 2,979,647,250.82 2,808,260,514.28 少数股东权益 所有者权益合计 2,979,647,250.82 2,808,260,514.28 负债和所有者权益总计 3,560,501,383.80 3,379,648,532.26 法定代表人：费振勇 主管会计工作负责人：马志刚 会计机构负责人：王悦 2、母公司资产负债表 单位：元 项目 期末余额 期初余额 流动资产： 货币资金 1,220,152,369.43 988,535,247.34 交易性金融资产 140,005,169.29 154,008,736.11 衍生金融资产 应收票据 应收账款 689,847,324.38 874,306,170.09 应收款项融资 预付款项 3,497,824.11 4,225,396.83 其他应收款 303,634,350.63 291,985,295.05 其中：应收利息 应收股利 存货 64,415,573.15 35,170,440.00 其中：数据资源 合同资产 891,409,235.87 797,617,533.11 持有待售资产 一年内到期的非流动资产 其他流动资产 3,247,623.09 7,819,518.57 流动资产合计 3,316,209,469.95 3,153,668,337.10 非流动资产： 债权投资 其他债权投资 长期应收款 长期股权投资 250,000,000.00 60,000,000.00 86",candidate_requires_manual_selection
002987.SZ,京北方,total_assets,87,资产合计,"2025|39,587,625|17|44,255,282|88|101,881,484|41|29,334,383|60|5,570,831|14|16,170,023|42|326,084,226|69|333,348,867|28|1,662,028|68|3,768,009|71|23,300,513|27|23,888,705|70","京北方信息技术股份有限公司2025年年度报告全文 其他权益工具投资 其他非流动金融资产 投资性房地产 固定资产 39,587,625.17 44,255,282.88 在建工程 101,881,484.41 29,334,383.60 生产性生物资产 油气资产 使用权资产 5,570,831.14 16,170,023.42 无形资产 326,084,226.69 333,348,867.28 其中：数据资源 开发支出 其中：数据资源 商誉 长期待摊费用 1,662,028.68 3,768,009.71 递延所得税资产 23,300,513.27 23,888,705.70 其他非流动资产 380,544.09 非流动资产合计 748,467,253.45 510,765,272.59 资产总计 4,064,676,723.40 3,664,433,609.69 流动负债： 短期借款 交易性金融负债 衍生金融负债 应付票据 应付账款 740,170.59 1,296,025.71 预收款项 合同负债 58,898,968.91 29,217,874.75 应付职工薪酬 315,284,592.75 318,939,198.55 应交税费 126,553,337.56 133,804,563.34 其他应付款 560,365,096.73 335,197,913.05 其中：应付利息 应付股利 持有待售负债 一年内到期的非流动负债 3,621,741.01 13,896,895.20 其他流动负债 3,533,938.13 1,753,072.49 流动负债合计 1,068,997,845.68 834,105,543.09 非流动负债： 长期借款 应付债券 其中：优先股 永续债 租赁负债 1,783,415.51 3,459,578.83 长期应付款 87",candidate_requires_manual_selection
002987.SZ,京北方,revenue,88,营业收入,"2025|2,169,059|37|4,076,184|48|3,952,474|88|7,535,763|31|1,072,950,320|56|841,641,306|40|867,460,152|00|619,374,213|00|375,947,123|39|627,209,964|70|2,370,060|00|4,334,760|00","京北方信息技术股份有限公司2025年年度报告全文 长期应付职工薪酬 预计负债 递延收益 递延所得税负债 2,169,059.37 4,076,184.48 其他非流动负债 非流动负债合计 3,952,474.88 7,535,763.31 负债合计 1,072,950,320.56 841,641,306.40 所有者权益： 股本 867,460,152.00 619,374,213.00 其他权益工具 其中：优先股 永续债 资本公积 375,947,123.39 627,209,964.70 减：库存股 2,370,060.00 4,334,760.00 其他综合收益 专项储备 盈余公积 213,344,295.99 180,850,751.38 未分配利润 1,537,344,891.46 1,399,692,134.21 所有者权益合计 2,991,726,402.84 2,822,792,303.29 负债和所有者权益总计 4,064,676,723.40 3,664,433,609.69 3、合并利润表 单位：元 项目 2025年度 2024年度 一、营业总收入 4,839,049,619.20 4,636,169,749.19 其中：营业收入 4,839,049,619.20 4,636,169,749.19 利息收入 已赚保费 手续费及佣金收入 二、营业总成本 4,512,980,953.55 4,311,561,763.79 其中：营业成本 3,730,061,987.57 3,597,885,283.96 利息支出 手续费及佣金支出 退保金 赔付支出净额 提取保险责任合同准备金净 额 保单红利支出 分保费用 税金及附加 34,373,471.79 32,671,655.54 销售费用 81,089,310.01 85,300,237.58 管理费用 227,806,934.08 171,735,055.63 研发费用 440,504,108.29 427,131,842.25 财务费用 -854,858.19 -3,162,311.17 其中：利息费用 1,633,381.05 1,954,159.48 88",candidate_requires_manual_selection
002987.SZ,京北方,net_profit_attributable,89,归属于母公司股东的净利润,"2025|3,061,638|64|5,775,316|55|19,361,320|78|10,355,550|13|2,233,447|73|1,656,059|93|3,566|82|105,401|91|8,055,010|92|18,915,855|21|10,298,696|96|8,114,104|70","京北方信息技术股份有限公司2025年年度报告全文 利息收入 3,061,638.64 5,775,316.55 加：其他收益 19,361,320.78 10,355,550.13 投资收益（损失以“－”号填 2,233,447.73 1,656,059.93 列） 其中：对联营企业和合营 企业的投资收益 以摊余成本计量的 金融资产终止确认收益 汇兑收益（损失以“-”号填 列） 净敞口套期收益（损失以 “－”号填列） 公允价值变动收益（损失以 -3,566.82 -105,401.91 “－”号填列） 信用减值损失（损失以“-”号 -8,055,010.92 -18,915,855.21 填列） 资产减值损失（损失以“-”号 -10,298,696.96 -8,114,104.70 填列） 资产处置收益（损失以“-”号 130,700.92 -23,007.28 填列） 三、营业利润（亏损以“－”号填 329,436,860.38 309,461,226.36 列） 加：营业外收入 73,104.75 234,210.23 减：营业外支出 1,647,950.56 2,259,238.34 四、利润总额（亏损总额以“－”号 327,862,014.57 307,436,198.25 填列） 减：所得税费用 473,931.47 -4,188,335.75 五、净利润（净亏损以“－”号填 327,388,083.10 311,624,534.00 列） （一）按经营持续性分类 1.持续经营净利润（净亏损以 327,388,083.10 311,624,534.00 “－”号填列） 2.终止经营净利润（净亏损以 “－”号填列） （二）按所有权归属分类 1.归属于母公司股东的净利润 327,388,083.10 311,624,534.00 2.少数股东损益 六、其他综合收益的税后净额 归属母公司所有者的其他综合收益 的税后净额 （一）不能重分类进损益的其他 综合收益 1.重新计量设定受益计划变动 额 2.权益法下不能转损益的其他 综合收益 3.其他权益工具投资公允价值 变动 4.企业自身信用风险公允价值 变动 5.其他 （二）将重分类进损益的其他综 89",candidate_requires_manual_selection
002987.SZ,京北方,revenue,90,营业收入,"2025|1|2|3|4|5|6|7|327,388,083|10|311,624,534|00|327,388,083|10|311,624,534|00|0.38|0.36|0.38|0.36|4|2025|2024|4,841,449,609|04","京北方信息技术股份有限公司2025年年度报告全文 合收益 1.权益法下可转损益的其他综 合收益 2.其他债权投资公允价值变动 3.金融资产重分类计入其他综 合收益的金额 4.其他债权投资信用减值准备 5.现金流量套期储备 6.外币财务报表折算差额 7.其他 归属于少数股东的其他综合收益的 税后净额 七、综合收益总额 327,388,083.10 311,624,534.00 归属于母公司所有者的综合收益总 327,388,083.10 311,624,534.00 额 归属于少数股东的综合收益总额 八、每股收益 （一）基本每股收益 0.38 0.36 （二）稀释每股收益 0.38 0.36 本期发生同一控制下企业合并的，被合并方在合并前实现的净利润为：元，上期被合并方实现的净利润为：元。 法定代表人：费振勇 主管会计工作负责人：马志刚 会计机构负责人：王悦 4、母公司利润表 单位：元 项目 2025年度 2024年度 一、营业收入 4,841,449,609.04 4,638,566,781.43 减：营业成本 3,796,117,938.63 3,648,185,702.37 税金及附加 30,411,807.76 28,436,294.60 销售费用 81,088,510.01 85,300,237.58 管理费用 210,800,126.80 157,825,602.33 研发费用 393,306,341.12 391,378,208.06 财务费用 -2,045,012.06 -3,318,138.07 其中：利息费用 462,893.38 1,810,341.66 利息收入 3,059,181.39 5,770,624.30 加：其他收益 11,334,199.33 7,407,370.80 投资收益（损失以“－”号填 2,233,447.73 1,656,059.93 列） 其中：对联营企业和合营企 业的投资收益 以摊余成本计量的金 融资产终止确认收益（损失以“-”号 填列） 净敞口套期收益（损失以 “－”号填列） 公允价值变动收益（损失以 -3,566.82 -105,401.91 “－”号填列） 信用减值损失（损失以“-”号 -8,048,784.63 -18,957,809.22 填列） 资产减值损失（损失以“-”号 -10,298,696.96 ",candidate_requires_manual_selection
002987.SZ,京北方,total_assets,107,资产总额,2025|1|2|1|1|12|31|3|12|4|5|100|100|1000|0.5|1|0.5|1|0.5|1000|1|0.5|5|6|1,京北方信息技术股份有限公司2025年年度报告全文 本公司及各子公司根据实际生产经营特点，依据相关企业会计准则的规定，对收入确认、职工薪酬 等交易和事项制定了若干具体会计政策和会计估计，具体会计政策参见本附注“主要会计政策和会计估 计——收入”和“主要会计政策和会计估计——职工薪酬”等相关说明。 1、遵循企业会计准则的声明 本公司编制的财务报表符合企业会计准则的要求，真实、完整地反映了公司的财务状况、经营成果 和现金流量等有关信息。 2、会计期间 会计年度自公历1月1日起至12月31日止。 3、营业周期 正常营业周期是指本公司从购买用于加工的资产起至实现现金或现金等价物的期间。本公司以12 个月作为一个营业周期，并以其作为资产和负债的流动性划分标准。 4、记账本位币 本公司及境内子公司采用人民币为记账本位币。 本公司编制本财务报表时所采用的货币为人民币。 5、重要性标准确定方法和选择依据 适用 □不适用 项目 重要性标准 重要的应收账款核销情况 单项应收账款账面原值超过100万人民币 重要的其他应收款核销情况 单项其他应收款账面原值超过100万人民币 账面价值发生重大变动的合同资产 单项合同资产本期账面价值变动≥1000万元人民币 重要在建工程项目 单项在建工程发生额或期末余额超过资产总额的0.5% 账龄超过1年或逾期的重要应付账款 单项金额超过资产总额的0.5% 账龄超过1年的重要合同负债 单项金额超过资产总额的0.5% 账面价值发生重大变动的合同负债 单项合同负债本期账面余额变动≥1000万元人民币 账龄超过1年的重要其他应付款 单项金额超过资产总额的0.5% 重要的投资活动 单项投资活动金额超过资产总额的5% 6、同一控制下和非同一控制下企业合并的会计处理方法 企业合并，是指将两个或两个以上单独的企业合并形成一个报告主体的交易或事项。企业合并分为 同一控制下企业合并和非同一控制下企业合并。 1．同一控制下企业合并的会计处理 107,candidate_requires_manual_selection
002987.SZ,京北方,revenue,171,营业收入,"2025|180,850,751|38|32,493,544|61|213,344,295|99|10|32,493,544|61|31|1,385,160,345|20|1,180,033,901|14|1,385,160,345|20|1,180,033,901|14|327,388,083|10|311,624,534|00|32,493,544|61","京北方信息技术股份有限公司2025年年度报告全文 合计 180,850,751.38 32,493,544.61 213,344,295.99 盈余公积说明，包括本期增减变动情况、变动原因说明： 本年度按母公司实现的净利润提取10%的法定盈余公积32,493,544.61元｡ 31、未分配利润 单位：元 项目 本期 上期 调整前上期末未分配利润 1,385,160,345.20 1,180,033,901.14 调整后期初未分配利润 1,385,160,345.20 1,180,033,901.14 加：本期归属于母公司所有者的净利 327,388,083.10 311,624,534.00 润 减：提取法定盈余公积 32,493,544.61 31,480,902.53 应付普通股股利 154,789,144.25 75,017,187.41 期末未分配利润 1,525,265,739.44 1,385,160,345.20 调整期初未分配利润明细： 1）、由于《企业会计准则》及其相关新规定进行追溯调整，影响期初未分配利润0.00元。 2）、由于会计政策变更，影响期初未分配利润0.00元。 3）、由于重大会计差错更正，影响期初未分配利润0.00元。 4）、由于同一控制导致的合并范围变更，影响期初未分配利润0.00元。 5）、其他调整合计影响期初未分配利润0.00元。 使用资本公积弥补亏损详细情况说明： 32、营业收入和营业成本 单位：元 本期发生额 上期发生额 项目 收入 成本 收入 成本 主营业务 4,839,049,619.20 3,730,061,987.57 4,636,169,749.19 3,597,885,283.96 合计 4,839,049,619.20 3,730,061,987.57 4,636,169,749.19 3,597,885,283.96 公司报告期内经审计利润总额、净利润、扣除非经常性损益后的净利润三者孰低为负值 □是 否 营业收入、营业成本的分解信息： 单位：元 分部1 分部2 合计 合同分类 营业收入 营业成本 营业收入 营业成本 营业收入 营业成本 营业收入 营业成本 业务类型 其中： 按经营地 区分类 其中： 市场或客 171",candidate_requires_manual_selection
002987.SZ,京北方,revenue,186,营业收入,2025|4|5|2|1|2|3|1|20|20|2|186,京北方信息技术股份有限公司2025年年度报告全文 本期发生额 上期发生额 子公司名 综合收益 经营活动 综合收益 经营活动 称 营业收入 净利润 营业收入 净利润 总额 现金流量 总额 现金流量 其他说明： （4） 使用企业集团资产和清偿企业集团债务的重大限制 （5） 向纳入合并财务报表范围的结构化主体提供的财务支持或其他支持 其他说明： 2、在子公司的所有者权益份额发生变化且仍控制子公司的交易 （1） 在子公司所有者权益份额发生变化的情况说明 （2） 交易对于少数股东权益及归属于母公司所有者权益的影响 单位：元 购买成本/处置对价 --现金 --非现金资产的公允价值 购买成本/处置对价合计 减：按取得/处置的股权比例计算的子公司净资产份额 差额 其中：调整资本公积 调整盈余公积 调整未分配利润 其他说明： 3、在合营企业或联营企业中的权益 （1） 重要的合营企业或联营企业 持股比例 对合营企业或 合营企业或联 联营企业投资 主要经营地 注册地 业务性质 营企业名称 直接 间接 的会计处理方 法 在合营企业或联营企业的持股比例不同于表决权比例的说明： 持有20%以下表决权但具有重大影响，或者持有20%或以上表决权但不具有重大影响的依据： （2） 重要合营企业的主要财务信息 单位：元 期末余额/本期发生额 期初余额/上期发生额 186,candidate_requires_manual_selection
002987.SZ,京北方,total_assets,187,资产合计,2025|3|187,京北方信息技术股份有限公司2025年年度报告全文 流动资产 其中：现金和现金等价物 非流动资产 资产合计 流动负债 非流动负债 负债合计 少数股东权益 归属于母公司股东权益 按持股比例计算的净资产份额 调整事项 --商誉 --内部交易未实现利润 --其他 对合营企业权益投资的账面价值 存在公开报价的合营企业权益投资的 公允价值 营业收入 财务费用 所得税费用 净利润 终止经营的净利润 其他综合收益 综合收益总额 本年度收到的来自合营企业的股利 其他说明： （3） 重要联营企业的主要财务信息 单位：元 期末余额/本期发生额 期初余额/上期发生额 流动资产 非流动资产 资产合计 流动负债 非流动负债 负债合计 少数股东权益 归属于母公司股东权益 按持股比例计算的净资产份额 调整事项 187,candidate_requires_manual_selection
002987.SZ,京北方,revenue,187,营业收入,2025|3|187,京北方信息技术股份有限公司2025年年度报告全文 流动资产 其中：现金和现金等价物 非流动资产 资产合计 流动负债 非流动负债 负债合计 少数股东权益 归属于母公司股东权益 按持股比例计算的净资产份额 调整事项 --商誉 --内部交易未实现利润 --其他 对合营企业权益投资的账面价值 存在公开报价的合营企业权益投资的 公允价值 营业收入 财务费用 所得税费用 净利润 终止经营的净利润 其他综合收益 综合收益总额 本年度收到的来自合营企业的股利 其他说明： （3） 重要联营企业的主要财务信息 单位：元 期末余额/本期发生额 期初余额/上期发生额 流动资产 非流动资产 资产合计 流动负债 非流动负债 负债合计 少数股东权益 归属于母公司股东权益 按持股比例计算的净资产份额 调整事项 187,candidate_requires_manual_selection
002987.SZ,京北方,revenue,188,营业收入,2025|4|5|6|7|8|4|188,京北方信息技术股份有限公司2025年年度报告全文 --商誉 --内部交易未实现利润 --其他 对联营企业权益投资的账面价值 存在公开报价的联营企业权益投资的 公允价值 营业收入 净利润 终止经营的净利润 其他综合收益 综合收益总额 本年度收到的来自联营企业的股利 其他说明： （4） 不重要的合营企业和联营企业的汇总财务信息 单位：元 期末余额/本期发生额 期初余额/上期发生额 合营企业： 下列各项按持股比例计算的合计数 联营企业： 下列各项按持股比例计算的合计数 其他说明： （5） 合营企业或联营企业向本公司转移资金的能力存在重大限制的说明 （6） 合营企业或联营企业发生的超额亏损 单位：元 本期未确认的损失（或本期 合营企业或联营企业名称 累积未确认前期累计的损失 本期末累积未确认的损失 分享的净利润） 其他说明： （7） 与合营企业投资相关的未确认承诺 （8） 与合营企业或联营企业投资相关的或有负债 4、重要的共同经营 持股比例/享有的份额 共同经营名称 主要经营地 注册地 业务性质 直接 间接 在共同经营中的持股比例或享有的份额不同于表决权比例的说明： 共同经营为单独主体的，分类为共同经营的依据： 其他说明： 188,candidate_requires_manual_selection
002987.SZ,京北方,total_assets,203,资产总额,"2025|6|1|2|3|4|7|8|1|1|1|1|575,792,170|06|781,316,866|92|1|2|123,436,687|60|100,599,878|41|2|3|32,233,428","京北方信息技术股份有限公司2025年年度报告全文 其他说明： 6、分部信息 （1） 报告分部的确定依据与会计政策 （2） 报告分部的财务信息 单位：元 项目 分部间抵销 合计 （3） 公司无报告分部的，或者不能披露各报告分部的资产总额和负债总额的，应说明原因 （4） 其他说明 7、其他对投资者决策有影响的重要交易和事项 8、其他 十九、母公司财务报表主要项目注释 1、应收账款 （1） 按账龄披露 单位：元 账龄 期末账面余额 期初账面余额 1年以内（含1年） 575,792,170.06 781,316,866.92 1至2年 123,436,687.60 100,599,878.41 2至3年 32,233,428.94 40,445,070.78 3年以上 49,600,737.77 34,796,329.20 3至4年 24,959,336.86 29,579,697.41 4至5年 21,044,139.65 4,855,680.81 5年以上 3,597,261.26 360,950.98 合计 781,063,024.37 957,158,145.31 （2） 按坏账计提方法分类披露 单位：元 期末余额 期初余额 账面余额 坏账准备 账面余额 坏账准备 类别 账面价 账面价 计提比 计提比 金额 比例 金额 值 金额 比例 金额 值 例 例 其 中： 203",candidate_requires_manual_selection
002987.SZ,京北方,revenue,210,营业收入,"2025|3|4|4,839,048,838|40|3,795,054,320|25|4,636,166,010|79|3,647,122,083|99|2,400,770|64|1,063,618|38|2,400,770|64|1,063,618|38|4,841,449,609|04|3,796,117,938|63|4,638,566,781|43","京北方信息技术股份有限公司2025年年度报告全文 （3） 其他说明 4、营业收入和营业成本 单位：元 本期发生额 上期发生额 项目 收入 成本 收入 成本 主营业务 4,839,048,838.40 3,795,054,320.25 4,636,166,010.79 3,647,122,083.99 其他业务 2,400,770.64 1,063,618.38 2,400,770.64 1,063,618.38 合计 4,841,449,609.04 3,796,117,938.63 4,638,566,781.43 3,648,185,702.37 营业收入、营业成本的分解信息： 单位：元 分部1 分部2 合计 合同分类 营业收入 营业成本 营业收入 营业成本 营业收入 营业成本 营业收入 营业成本 业务类型 其中： 按经营地 区分类 其中： 市场或客 户类型 其中： 合同类型 其中： 按商品转 让的时间 分类 其中： 按合同期 限分类 其中： 按销售渠 道分类 其中： 合计 与履约义务相关的信息： 履行履约义务 重要的支付条 公司承诺转让 是否为主要责 公司承担的预 公司提供的质 项目 的时间 款 商品的性质 任人 期将退还给客 量保证类型及 210",candidate_requires_manual_selection
603927.SH,中科软,revenue,8,营业收入,"2025|2024|2023|2025|6,028,200,653|026,374,512,940|856,671,233,219|66|5.436|195,510,612|736,502,633,214|95|226,241,529|32|361,556,278|74|361,556,278|74|37.43|643,630,311|87|643,630,311|87|223,944,681|56","中科软科技股份有限公司 2025年年度报告 七、近三年主要会计数据和财务指标 (一) 主要会计数据 单位：元 币种：人民币 本期 2024年 2023年 比上 主要会计 2025年 年同 数据 调整后 调整前 调整后 调整前 期增 减(%) 营业收入 6,028,200,653.026,374,512,940.856,671,233,219.66 -5.436,195,510,612.736,502,633,214.95 利润总额 226,241,529.32 361,556,278.74 361,556,278.74 -37.43 643,630,311.87 643,630,311.87 归 属于 上 市 公司 股 223,944,681.56 355,108,191.25 355,108,191.25 -36.94 654,714,013.27 654,714,013.27 东 的净 利 润 归 属于 上 市 公司 股 东 的扣 除 180,772,305.99 332,072,825.41 346,291,778.18 -45.56 628,485,032.87 645,314,192.78 非 经常 性 损 益的 净 利润 经 营活 动 产 生的 现 154,288,206.391,249,135,076.931,249,135,076.93 -87.65 195,575,184.80 195,575,184.80 金 流量 净 额 本期 2024年末 2023年末 末比 上年 2025年末 同期 调整后 调整前 末增 调整后 调整前 减（% ） 归 属于 上 市 公司 股 3,192,389,211.623,293,540,592.413,293,540,592.41 -3.073,264,574,171.723,264,574,171.72 东 的净 资 产 总资产 7,994,112,191.217,687,535,807.757,687,535,807.75 3.997,174,980,231.177,174,980,231.17 (二) 主要财务指标 2024年 2023年 2025 本期比上年同期增减 主要财务指标 年 调整 调整 (%) 调整 调整 后 前 后 前 基本每股收益（元／股） 0.26950.42730.4273 -36.940.",candidate_requires_manual_selection
603927.SH,中科软,total_assets,9,资产总额,"2025|2025|1|3|4|6|7|9|10|12|1,093,279,774|56|1,340,770,860|97|1,327,555,158|96|2,266,594,858|53|16,236,680|42|123,273,448|55|66,310,114|58|50,597,798","中科软科技股份有限公司 2025年年度报告 率（%） 报告期末公司前三年主要会计数据和财务指标的说明 □适用 √不适用 八、境内外会计准则下会计数据差异 (一)同时按照国际会计准则与按中国会计准则披露的财务报告中净利润和归属于上市 公司股东的净资产差异情况 □适用 √不适用 (二)同时按照境外会计准则与按中国会计准则披露的财务报告中净利润和归属于上市 公司股东的净资产差异情况 □适用 √不适用 (三)境内外会计准则差异的说明： □适用 √不适用 九、2025 年分季度主要财务数据 单位：元 币种：人民币 第一季度 第二季度 第三季度 第四季度 （1-3月份） （4-6月份） （7-9月份） （10-12月份） 营业收入 1,093,279,774.56 1,340,770,860.97 1,327,555,158.96 2,266,594,858.53 归属于上市公司股东的净利润 -16,236,680.42 123,273,448.55 66,310,114.58 50,597,798.85 归属于上市公司股东的扣除非 -24,554,952.09 105,033,634.53 54,529,867.00 45,763,756.55 经常性损益后的净利润 经营活动产生的现金流量净额 -1,273,137,598.47 -61,737,332.70 -136,189,779.72 1,625,352,917.28 季度数据与已披露定期报告数据差异说明 √适用 □不适用 经公司董事会审议通过，公司对前期会计差错更正并追溯调整，涉及已披露的2023 年年度、2024 年年度及2025 年前三季度财务报表及附注中的相关财务数据，影响公司 合并及母公司利润表中的营业收入、营业成本、营业利润、营业外收入及现金流量表中 相关科目，不涉及相关报告期的资产负债表、所有者权益变动表，不会对相关报告期已 披露的净利润、资产总额、负债总额、净资产、经营活动产生的现金流量净额产生影响。 十、非经常性损益项目和金额 √适用 □不适用 单位：元 币种：人民币 非经常性损益项目 2025年金额 附注（如适用）2024年金额 2023年金额 非流动性资产处置损益，包括已计提资产 -2,908,725.28 -1,691,533.18 -2,245,860.12 减值准备的冲销部分 计入当期损益的政",candidate_requires_manual_selection
603927.SH,中科软,revenue,9,营业收入,"2025|2025|1|3|4|6|7|9|10|12|1,093,279,774|56|1,340,770,860|97|1,327,555,158|96|2,266,594,858|53|16,236,680|42|123,273,448|55|66,310,114|58|50,597,798","中科软科技股份有限公司 2025年年度报告 率（%） 报告期末公司前三年主要会计数据和财务指标的说明 □适用 √不适用 八、境内外会计准则下会计数据差异 (一)同时按照国际会计准则与按中国会计准则披露的财务报告中净利润和归属于上市 公司股东的净资产差异情况 □适用 √不适用 (二)同时按照境外会计准则与按中国会计准则披露的财务报告中净利润和归属于上市 公司股东的净资产差异情况 □适用 √不适用 (三)境内外会计准则差异的说明： □适用 √不适用 九、2025 年分季度主要财务数据 单位：元 币种：人民币 第一季度 第二季度 第三季度 第四季度 （1-3月份） （4-6月份） （7-9月份） （10-12月份） 营业收入 1,093,279,774.56 1,340,770,860.97 1,327,555,158.96 2,266,594,858.53 归属于上市公司股东的净利润 -16,236,680.42 123,273,448.55 66,310,114.58 50,597,798.85 归属于上市公司股东的扣除非 -24,554,952.09 105,033,634.53 54,529,867.00 45,763,756.55 经常性损益后的净利润 经营活动产生的现金流量净额 -1,273,137,598.47 -61,737,332.70 -136,189,779.72 1,625,352,917.28 季度数据与已披露定期报告数据差异说明 √适用 □不适用 经公司董事会审议通过，公司对前期会计差错更正并追溯调整，涉及已披露的2023 年年度、2024 年年度及2025 年前三季度财务报表及附注中的相关财务数据，影响公司 合并及母公司利润表中的营业收入、营业成本、营业利润、营业外收入及现金流量表中 相关科目，不涉及相关报告期的资产负债表、所有者权益变动表，不会对相关报告期已 披露的净利润、资产总额、负债总额、净资产、经营活动产生的现金流量净额产生影响。 十、非经常性损益项目和金额 √适用 □不适用 单位：元 币种：人民币 非经常性损益项目 2025年金额 附注（如适用）2024年金额 2023年金额 非流动性资产处置损益，包括已计提资产 -2,908,725.28 -1,691,533.18 -2,245,860.12 减值准备的冲销部分 计入当期损益的政",candidate_requires_manual_selection
603927.SH,中科软,net_profit_attributable,9,归属于上市公司股东的净利润,"2025|2025|1|3|4|6|7|9|10|12|1,093,279,774|56|1,340,770,860|97|1,327,555,158|96|2,266,594,858|53|16,236,680|42|123,273,448|55|66,310,114|58|50,597,798","中科软科技股份有限公司 2025年年度报告 率（%） 报告期末公司前三年主要会计数据和财务指标的说明 □适用 √不适用 八、境内外会计准则下会计数据差异 (一)同时按照国际会计准则与按中国会计准则披露的财务报告中净利润和归属于上市 公司股东的净资产差异情况 □适用 √不适用 (二)同时按照境外会计准则与按中国会计准则披露的财务报告中净利润和归属于上市 公司股东的净资产差异情况 □适用 √不适用 (三)境内外会计准则差异的说明： □适用 √不适用 九、2025 年分季度主要财务数据 单位：元 币种：人民币 第一季度 第二季度 第三季度 第四季度 （1-3月份） （4-6月份） （7-9月份） （10-12月份） 营业收入 1,093,279,774.56 1,340,770,860.97 1,327,555,158.96 2,266,594,858.53 归属于上市公司股东的净利润 -16,236,680.42 123,273,448.55 66,310,114.58 50,597,798.85 归属于上市公司股东的扣除非 -24,554,952.09 105,033,634.53 54,529,867.00 45,763,756.55 经常性损益后的净利润 经营活动产生的现金流量净额 -1,273,137,598.47 -61,737,332.70 -136,189,779.72 1,625,352,917.28 季度数据与已披露定期报告数据差异说明 √适用 □不适用 经公司董事会审议通过，公司对前期会计差错更正并追溯调整，涉及已披露的2023 年年度、2024 年年度及2025 年前三季度财务报表及附注中的相关财务数据，影响公司 合并及母公司利润表中的营业收入、营业成本、营业利润、营业外收入及现金流量表中 相关科目，不涉及相关报告期的资产负债表、所有者权益变动表，不会对相关报告期已 披露的净利润、资产总额、负债总额、净资产、经营活动产生的现金流量净额产生影响。 十、非经常性损益项目和金额 √适用 □不适用 单位：元 币种：人民币 非经常性损益项目 2025年金额 附注（如适用）2024年金额 2023年金额 非流动性资产处置损益，包括已计提资产 -2,908,725.28 -1,691,533.18 -2,245,860.12 减值准备的冲销部分 计入当期损益的政",candidate_requires_manual_selection
603927.SH,中科软,revenue,18,营业收入,2025|60.28|5.43|2.24|36.94|49.57|0.93|82.45|10.55|27.12|17.55|27.93|1.95|8.86|7.27|24.58|2.17|2025|69.50|7.92|10.23|1.54|10.95|1.14|0.60,中科软科技股份有限公司 2025年年度报告 三、经营情况讨论与分析 （一）总体经营情况 报告期内，公司实现营业收入60.28亿元，同比下降5.43%；实现归母净利润2.24亿 元，同比下降36.94%。 从收入结构看，集成业务下滑是营收下降的主因。报告期内，公司软件类业务收入 （含软件产品收入和软件开发及服务收入）实现49.57亿元，同比上升0.93%，占主营业 务收入比重为82.45%；系统集成业务收入10.55亿元，同比下降27.12%，占主营业务收 入比重下降至17.55%。 从盈利能力看，市场竞争加剧导致整体毛利率承压。报告期内，公司软件类业务毛 利率为27.93%，同比减少1.95个百分点；集成业务毛利率为8.86%，同比减少7.27个百 分点；主营业务综合毛利率为24.58%，同比减少2.17个百分点。 从经营质量看，受回款环境承压影响，公司经营性净现金流减少，且减值损失同比 增加。2025年公司销售商品、提供劳务收到的现金为69.50亿元，同比减少7.92亿元， 下降10.23%；经营活动产生的现金流量净额为1.54亿元，同比减少10.95亿元。回款延 迟导致应收账款账龄结构延长，长账龄项目占比提升，信用减值损失计提规模相应增加； 同时，基于同一信用风险环境，合同资产减值准备计提亦有所增加。上述因素使得公司 减值损失（含信用减值损失和资产减值损失）合计达到1.14亿元，同比增加0.60亿元。 综上，公司归母净利润变动主要受以下因素叠加影响：一是集成业务毛利率下降及 收入收缩，导致该业务贡献的毛利润较上年同期减少1.40亿元；二是受回款环境承压、 账龄结构延长影响，公司减值损失同比增加0.60亿元。与此同时，公司在报告期内加强 费用管控，管理费用、销售费用和财务费用总共比上年同期减少0.42亿元，在一定程度 上对冲了利润下行压力。在上述因素综合作用下，公司2025年归母净利润同比下降 36.94%。 （二）各行业具体经营情况 从公司主营业务收入的行业客户构成看，报告期内公司实现保险IT收入31.10亿元， 同比上升1.88%，实现正增长，标志着公司在复杂环境下更加聚焦主业，整体承压中保 险IT收入呈现企稳回升的积极态势。受项目周期和确认节奏影响，非保险金融、政务、 医疗卫生行业在上年度实现了部分项目收入的集中确认，产生了较高比较基数，本报告 期收入分别为,candidate_requires_manual_selection
603927.SH,中科软,revenue,29,营业收入,"2025|9001|14001|45001|22301|20000|1|27001|28000|39604|29490|10012|10002|37301|5|5|3|1|6,028,200,653|02|6,374,512,940|85|5.43|4,538,428,230|73","中科软科技股份有限公司 2025年年度报告 公司正在从依靠业绩达标的事业部的“孵化”及“裂变”，向不断提高事业群及事业部 发展质量和竞争能力的方向转变，使事业部的孵化裂变或吸收合并机制充分与指标完成 情况挂钩，从而充分发挥公司在组织管理方面的优势，既保证公司发展的长期稳定，又 能保持公司组织内部的活力，充分调动员工积极性，提高组织生产效率。随着公司内部 管理制度的不断完善，在当前的较为复杂的宏观环境和下游客户处于转型阶段的背景 下，公司可在保持经营稳定性的基础上，更好地进行新模式、新方向的延伸和推进，进 一步提升公司的发展动能。 （六）质量管理及资质优势 公司及下属子公司取得了软件和信息技术服务行业较为全面、较高等级的业务资 质。公司通过 ISO9001（质量管理体系）、ISO14001（环境管理体系）、ISO45001（职 业健康安全管理体系）、ISO22301（业务连续性管理体系）、ISO/IEC20000-1（信息技 术服务管理体系）、ISO/IEC27001（信息安全管理体系）、ISO28000（绿色供应链安全 管理体系）、GB/T39604（企业社会责任管理体系）、GB/T29490（企业知识产权管理体 系）、BS10012（个人信息管理体系）、ISO10002（客户投诉管理体系）、ISO37301（合 规管理体系）等认证；通过 TMMi（测试成熟度模型集成）五级认证；持续保持 CMMI 5 级（最高级）认证。获得信息系统建设和服务能力杰出级（CS5）、SDCA 软件服务商交 付能力（一级）、CCID 信息系统服务交付能力（一级）、DCMM 数据管理能力成熟度稳 健级（3级）；ITSS 信息技术服务标准符合性运行维护一级、ITSS 云计算服务能力私有 云IaaS 二级和SaaS 三级、信息安全服务资质安全工程类一级、CCRC 信息系统安全集成 服务二级、电子与智能化工程专业承包一级、建筑智能化系统设计专项甲级资质、安防 工程企业设计施工维护能力一级等重要资质。 五、报告期内主要经营情况 公司报告期内经营情况参见本节“三、经营情况讨论与分析”。 (一) 主营业务分析 1、利润表及现金流量表相关科目变动分析表 单位：元 币种：人民币 科目 本期数 上年同期数 变动比例（%） 营业收入 6,028,200,653.02 6,374,512,940.85 -5.4",candidate_requires_manual_selection
603927.SH,中科软,revenue,30,营业收入,"2025|817,599,093|52|907,564,085|57|9.91|154,288,206|39|1,249,135,076|93|87.65|18,669,496|59|17,284,481|90|342,193,769|90|352,641,573|61|8,800,437|38|20,845,413|64|57.78|11,717","中科软科技股份有限公司 2025年年度报告 研发费用 817,599,093.52 907,564,085.57 -9.91 经营活动产生的现金流量净额 154,288,206.39 1,249,135,076.93 -87.65 投资活动产生的现金流量净额 -18,669,496.59 -17,284,481.90 - 筹资活动产生的现金流量净额 -342,193,769.90 -352,641,573.61 - 其他收益 8,800,437.38 20,845,413.64 -57.78 投资收益（损失以“-”号填列） -11,717.42 3,516.07 -433.25 公允价值变动收益（损失以“-”号填列） -1,052,228.24 1,773,454.78 -159.33 信用减值损失（损失以“-”号填列） -64,295,479.26 -42,178,785.53 - 资产减值损失（损失以“-”号填列） -49,704,127.67 -12,100,355.41 - 资产处置收益（损失以“-”号填列） -2,757,694.46 -1,687,582.18 - 营业外收入 54,469,081.19 27,532,805.01 97.83 营业外支出 3,228,389.18 4,621,893.60 -30.15 所得税费用 2,296,847.76 6,448,087.49 -64.38 经营活动产生的现金流量净额变动原因说明：主要原因系受回款环境承压影响，公司销售商品、提 供劳务收到的现金同比减少；同时随着某些系统集成项目执行，支付货款集中在本期发生，导致购 买商品、接受劳务支付的现金有所增加所致。 其他收益变动原因说明：主要原因系本期收到增值税退税减少，以及根据《财政部 税务总局公告 2023年第1号》文件相关规定不再享受增值税加计抵减政策优惠所致。 投资收益（损失以“-”号填列）变动原因说明：主要原因系本期联营公司年度亏损所致。 公允价值变动收益（损失以“-”号填列）变动原因说明：主要原因系上期参股公司公允价值下降所致。 信用减值损失（损失以“-”号填列）变动原因说明：主要原因系本期计提的应收账款坏账准备增加所 致。 资产减值损失（损失以“-”号填列）变动原因说明：主要原因系本期计提的合同资产坏账准备增加所 致。 资产处置收益（损失以“-”",candidate_requires_manual_selection
603927.SH,中科软,revenue,31,营业收入,"2025|483,859|95|356,847|52|26.25|1.17|3.61|1.73|105,530|18|96,184|08|8.86|27.12|20.81|7.27|11,878|36|455.55|96.16|7.93|3.84|320,810|15","中科软科技股份有限公司 2025年年度报告 比上年增 比上年增 （%） 减（%） 减（%） 软件开发及服务收入 483,859.95 356,847.52 26.25 1.17 3.61减少1.73个百分点 系统集成及其服务收入 105,530.18 96,184.08 8.86 -27.12 -20.81减少7.27个百分点 软件产品收入 11,878.36 455.55 96.16 -7.93 -减少3.84个百分点 主营业务分地区情况 营业收入 营业成本 毛利率比上年增减 分地区 营业收入 营业成本 毛利率（%）比上年增 比上年增 （%） 减（%） 减（%） 华北 320,810.15 234,381.98 26.94 -7.30 -4.63减少2.04个百分点 华东 121,328.43 93,206.21 23.18 10.62 13.55减少1.99个百分点 华南 54,093.60 43,065.21 20.39 -7.19 3.26减少8.06个百分点 西南 33,752.22 28,857.41 14.50 -14.73 -12.37减少2.29个百分点 西北 17,127.23 14,070.39 17.85 -42.72 -42.12减少0.85个百分点 华中 18,415.54 15,076.87 18.13 -16.50 -8.86减少6.86个百分点 东北 13,981.67 10,130.69 27.54 15.81 6.68增加6.20个百分点 中国大陆以外 21,759.66 14,698.38 32.45 18.69 12.66增加3.62个百分点 主营业务分行业、分产品、分地区、分销售模式情况的说明：无。 (2)产销量情况分析表 □适用 √不适用 (3)重大采购合同、重大销售合同的履行情况 □适用 √不适用 (4)成本分析表 单位：万元 币种：人民币 分行业情况 本期金额 本期占总 上年同期 上年同期 较上年同 情况 分行业 成本构成项目 本期金额 成本比例 占总成本 金额 期变动比 说明 (%) 比例(%) 例(%) 人工成本、服务采购、项目直 金融领域 269,176.25 59.31 266,961.35 57.27 0.83 - 接费用、软硬件及辅材 其中：保险领人工成本、服务采购、项目直 228,139.17 50.2",candidate_requires_manual_selection
603927.SH,中科软,revenue,32,营业收入,"2025|356,847|52|78.63|344,427|85|73.88|3.61|96,184|08|21.19|121,452|60|26.05|20.81|455.55|0.10|71.60|80.55|5|6|7|7.53|12.53|0","中科软科技股份有限公司 2025年年度报告 软件开发及人工成本、服务采购、项目直 356,847.52 78.63 344,427.85 73.88 3.61 - 服务收入 接费用 系统集成及软硬件及辅材、弱电集成施 96,184.08 21.19 121,452.60 26.05 -20.81 - 其服务收入 工、人工成本 软件产品收 人工成本、服务采购 455.55 0.10 - - - - 入 成本分析其他情况说明：公司软件开发及服务业务中人工成本占比71.60%；系统集成及其服务业务 中软硬件及辅材成本占比80.55%。 (5)报告期主要子公司股权变动导致合并范围变化 □适用 √不适用 (6)公司报告期内业务、产品或服务发生重大变化或调整有关情况 □适用 √不适用 (7)主要销售客户及主要供应商情况 属于同一控制人控制的客户或供应商视为同一客户或供应商合并列示，受同一国有资产 管理机构实际控制的除外。 下列客户及供应商信息按照同一控制口径合并计算列示的情况说明 不适用。 A.公司主要销售客户及主要供应商情况 √适用 □不适用 前五名客户销售额7.53亿元，占年度销售总额12.53%；其中前五名客户销售额中关联方 销售额0亿元，占年度销售总额0%。 前五名供应商采购额4.20亿元，占年度采购总额18.70%；其中前五名供应商采购额中关 联方采购额0亿元，占年度采购总额0%。 B.报告期内向单个客户的销售比例超过总额的 50%、前5 名客户中存在新增客户的或严 重依赖于少数客户的情形 □适用 √不适用 报告期内向单个供应商的采购比例超过总额的 50%、前5 名供应商中存在新增供应商的 或严重依赖于少数供应商的情形 □适用 √不适用 C. 报告期内公司股票被实施退市风险警示或其他风险警示 前五名销售客户 □适用 √不适用 前五名供应商 □适用 √不适用 D. 报告期内公司存在贸易业务收入 □适用 √不适用 贸易业务占营业收入比例超过10%前五名销售客户 □适用 √不适用 贸易业务收入占营业收入比例超过10%前五名供应商 □适用 √不适用 其他说明：无。 28/209",candidate_requires_manual_selection
603927.SH,中科软,revenue,33,营业收入,"2025|3|1|4|1|817,599,093|52|0|817,599,093|52|13.56|0|2|5,322|29.56|4|328|4,983|7|0|30|30|1,958|30|40","中科软科技股份有限公司 2025年年度报告 3、费用 √适用 □不适用 详见本节“五、报告期内主要经营情况”中“（一）主营业务分析”中“1、利润 表及现金流量表相关科目变动分析表”。 4、研发投入 (1)研发投入情况表 √适用 □不适用 单位：元 币种：人民币 本期费用化研发投入 817,599,093.52 本期资本化研发投入 0 研发投入合计 817,599,093.52 研发投入总额占营业收入比例（%） 13.56 研发投入资本化的比重（%） 0 (2)研发人员情况表 √适用 □不适用 公司研发人员的数量 5,322 研发人员数量占公司总人数的比例（%） 29.56 研发人员学历结构 学历结构类别 学历结构人数 博士研究生 4 硕士研究生 328 本科 4,983 专科 7 高中及以下 0 研发人员年龄结构 年龄结构类别 年龄结构人数 30岁以下（不含30岁） 1,958 30-40岁（含30岁，不含40岁） 2,804 40-50岁（含40岁，不含50岁） 514 50-60岁（含50岁，不含60岁） 44 60岁及以上 2 (3)情况说明 □适用 √不适用 (4)研发人员构成发生重大变化的原因及对公司未来发展的影响 □适用 √不适用 5、现金流 √适用 □不适用 单位：元 较上年同期增长 较上年同期 科目名称 2025年度 2024年度 额 增长比率 经营活动产生的现金流量净额 154,288,206.391,249,135,076.93-1,094,846,870.54 -87.65 投资活动产生的现金流量净额 -18,669,496.59 -17,284,481.90 -1,385,014.69 29/209",candidate_requires_manual_selection
603927.SH,中科软,revenue,37,营业收入,"2025|4|10|1,200|00|38,936|53|31,234|46|46,402|15|1,182|96|1,687|49|10,000|00|140,140|30|21,039|57|90,310|80|779.56|1,023","中科软科技股份有限公司 2025年年度报告 4、报告期内重大资产重组整合的具体进展情况 □适用 √不适用 (六) 重大资产和股权出售 □适用 √不适用 (七) 主要控股参股公司分析 √适用 □不适用 主要子公司及对公司净利润影响达10%以上的参股公司情况 √适用 □不适用 单位：万元 币种：人民币 公司名称 公司类型 主要业务 注册资本 总资产 净资产 营业收入 营业利润 净利润 上海中科软 子公司 计算机技术开发、转让、咨询、服务 1,200.00 38,936.53 31,234.46 46,402.15 1,182.96 1,687.49 北京中科软 子公司 软件开发、系统集成服务 10,000.00 140,140.30 21,039.57 90,310.80 779.56 1,023.68 深圳中科软（信息系统） 子公司 计算机软件开发、服务 2,000.00 6,514.22 4,056.75 17,135.86 579.25 577.34 中科软国际 子公司 计算机软件开发、服务 600.00港币 9,638.93 4,897.95 12,524.97 931.49 903.79 报告期内取得和处置子公司的情况 □适用 √不适用 其他说明 □适用 √不适用 (八) 公司控制的结构化主体情况 □适用 √不适用 33/209",candidate_requires_manual_selection
603927.SH,中科软,revenue,71,营业收入,"2025|6,502,633,214|95|307,122,602|22|6,195,510,612|73|4,450,241,444|86|287,323,590|56|4,162,917,854|30|633,848,667|17|19,799,011|66|614,049,655|51|14,914,301|88|19,799,011|66|34,713,313|54","中科软科技股份有限公司 2025年年度报告 单位：元 币种：人民币 报表项目 调整前金额 调整金额 调整后金额 营业收入 6,502,633,214.95 -307,122,602.22 6,195,510,612.73 营业成本 4,450,241,444.86 -287,323,590.56 4,162,917,854.30 营业利润(亏损以“-”号填列） 633,848,667.17 -19,799,011.66 614,049,655.51 营业外收入 14,914,301.88 19,799,011.66 34,713,313.54 ②母公司利润表项目 单位：元 币种：人民币 报表项目 调整前金额 调整金额 调整后金额 营业收入 5,344,671,620.51 -307,122,602.22 5,037,549,018.29 营业成本 3,598,938,575.56 -287,323,590.56 3,311,614,985.00 营业利润(亏损以“-”号填列） 542,048,990.01 -19,799,011.66 522,249,978.35 营业外收入 3,043,205.08 19,799,011.66 22,842,216.74 ③合并现金流量表项目 单位：元 币种：人民币 报表项目 调整前金额 调整金额 调整后金额 销售商品、提供劳务收到的现金 6,474,327,716.21 -302,215,408.00 6,172,112,308.21 收到其他与经营活动有关的现金 70,738,937.34 3,878,320.00 74,617,257.34 经营活动现金流入小计 6,557,086,959.04 -298,337,088.00 6,258,749,871.04 购买商品、接受劳务支付的现金 2,196,351,570.16 -298,337,088.00 1,898,014,482.16 经营活动现金流出小计 6,361,511,774.24 -298,337,088.00 6,063,174,686.24 ④母公司现金流量表项目 单位：元 币种：人民币 报表项目 调整前金额 调整金额 调整后金额 销售商品、提供劳务收到的现金 5,167,783,011.33 -302,215,408.00 4,865,567,603.33",candidate_requires_manual_selection
603927.SH,中科软,revenue,72,营业收入,"2025|8,228,348,147|31|485,750,080|00|7,742,598,067|31|45,356,041|92|59,104,433|00|104,460,474|92|8,283,175,487|96|426,645,647|00|7,856,529,840|96|2,985,398,370|49|426,645,647|00|2,558,752,723|49","中科软科技股份有限公司 2025年年度报告 单位：元 币种：人民币 报表项目 调整前金额 调整金额 调整后金额 销售商品、提供劳务收到的现金 8,228,348,147.31 -485,750,080.00 7,742,598,067.31 收到其他与经营活动有关的现金 45,356,041.92 59,104,433.00 104,460,474.92 经营活动现金流入小计 8,283,175,487.96 -426,645,647.00 7,856,529,840.96 购买商品、接受劳务支付的现金 2,985,398,370.49 -426,645,647.00 2,558,752,723.49 经营活动现金流出小计 7,034,040,411.03 -426,645,647.00 6,607,394,764.03 ④母公司现金流量表项目 单位：元 币种：人民币 报表项目 调整前金额 调整金额 调整后金额 销售商品、提供劳务收到的现金 6,681,195,724.02 -485,750,080.00 6,195,445,644.02 收到其他与经营活动有关的现金 31,982,422.49 59,104,433.00 91,086,855.49 经营活动现金流入小计 6,721,366,452.27 -426,645,647.00 6,294,720,805.27 购买商品、接受劳务支付的现金 2,754,066,761.27 -426,645,647.00 2,327,421,114.27 经营活动现金流出小计 5,632,702,773.46 -426,645,647.00 5,206,057,126.46 （3）对2025 年第一季度财务报表的影响 ①合并利润表项目 单位：元 币种：人民币 报表项目 调整前金额 调整金额 调整后金额 营业收入 1,234,885,063.44 -141,605,288.88 1,093,279,774.56 营业成本 953,878,019.77 -132,639,537.43 821,238,482.34 营业利润(亏损以“-”号填列） -15,887,050.90 -8,965,751.45 -24,852,802.35 营业外收入 498,648.50 8,965,751.45 9,464,399.95 ②合并现金",candidate_requires_manual_selection
603927.SH,中科软,revenue,73,营业收入,"2025|1,084,518|59|23,497,879|57|24,582,398|16|2,459,279,026|65|441,139,700|07|2,018,139,326|58|2,501,424,974|89|441,139,700|07|2,060,285,274|82|1,940,286,324|88|454,551,085|90|1,485,735,238|98","中科软科技股份有限公司 2025年年度报告 营业外收入 1,084,518.59 23,497,879.57 24,582,398.16 ③合并现金流量表项目 单位：元 币种：人民币 报表项目 调整前金额 调整金额 调整后金额 销售商品、提供劳务收到的现金 2,459,279,026.65 -441,139,700.07 2,018,139,326.58 经营活动现金流入小计 2,501,424,974.89 -441,139,700.07 2,060,285,274.82 购买商品、接受劳务支付的现金 1,940,286,324.88 -454,551,085.90 1,485,735,238.98 支付其他与经营活动有关的现金 41,520,329.06 13,411,385.83 54,931,714.89 经营活动现金流出小计 3,836,299,906.06 -441,139,700.07 3,395,160,205.99 ④母公司现金流量表项目 单位：元 币种：人民币 报表项目 调整前金额 调整金额 调整后金额 销售商品、提供劳务收到的现金 2,090,754,802.54 -441,139,700.07 1,649,615,102.47 经营活动现金流入小计 2,115,158,717.64 -441,139,700.07 1,674,019,017.57 购买商品、接受劳务支付的现金 1,649,249,561.99 -454,551,085.90 1,194,698,476.09 支付其他与经营活动有关的现金 73,179,038.79 13,411,385.83 86,590,424.62 经营活动现金流出小计 3,027,696,213.11 -441,139,700.07 2,586,556,513.04 （5）对2025 年第三季度财务报表的影响 ①合并利润表项目 单位：元 币种：人民币 报表项目 调整前金额 调整金额 调整后金额 营业收入 4,414,512,949.25 -652,907,154.76 3,761,605,794.49 营业成本 3,311,927,406.65 -615,265,085.73 2,696,662,320.92 营业利润(亏损以“-”号填列） 166,825,698.41 -37,642,069.03 1",candidate_requires_manual_selection
603927.SH,中科软,revenue,84,营业收入,"2025|2026|100|4248|2025|12|31|2025|2025|12|31|2025|1|23|35|2025|602,820|07|2025|601,268|49|80|209","中科软科技股份有限公司 2025年年度报告 第八节 财务报告 一、审计报告 √适用 □不适用 容诚审字[2026]100Z4248 号 中科软科技股份有限公司全体股东： 一、审计意见 我们审计了中科软科技股份有限公司（以下简称中科软公司）财务报表，包括2025 年 12 月 31 日的合并及母公司资产负债表，2025 年度的合并及母公司利润表、合并及 母公司现金流量表、合并及母公司所有者权益变动表以及相关财务报表附注。 我们认为，后附的财务报表在所有重大方面按照企业会计准则的规定编制，公允反 映了中科软公司2025年12月31日的合并及母公司财务状况以及2025年度的合并及母 公司经营成果和现金流量。 二、形成审计意见的基础 我们按照中国注册会计师审计准则的规定执行了审计工作。审计报告的“注册会计 师对财务报表审计的责任”部分进一步阐述了我们在这些准则下的责任。按照中国注册 会计师职业道德守则和中国注册会计师独立性准则，我们独立于中科软公司，并遵守了 独立性准则中适用于公众利益实体财务报表审计的规定，同时履行了职业道德方面的其 他责任。我们相信，我们获取的审计证据是充分、适当的，为发表审计意见提供了基础。 三、关键审计事项 关键审计事项是我们根据职业判断，认为对本期财务报表审计最为重要的事项。这 些事项的应对以对财务报表整体进行审计并形成审计意见为背景，我们不对这些事项单 独发表意见。 收入确认事项 1、事项描述 参见财务报表附注三、重要会计政策及会计估计中的23.收入确认原则和计量方法 和附注五、合并财务报表项目注释中的 35.营业收入所述，公司 2025 年度营业收入为 602,820.07 万元。 中科软公司主要从事软件产品销售、软件开发及服务、系统集成及其服务，2025 年度中科软公司来源于上述业务的营业收入为人民币 601,268.49 万元，占营业收入总 80/209",candidate_requires_manual_selection
603927.SH,中科软,revenue,85,营业收入,"2025|99.74|2|1|2|3|4|5|6|7|1|10|4|8|2025|12|31|128,652|74|81,488|36|145,929|43|133,658|93","中科软科技股份有限公司 2025年年度报告 额的 99.74%。由于营业收入是中科软公司的关键绩效指标，且各类产品及服务存在差 异化，存在管理层为了达到特定目标或期望而操纵收入确认时点的固有风险，因此，我 们将收入确认事项识别为关键审计事项。 2、审计应对 我们对收入确认事项实施的相关程序主要包括： （1）了解、评价中科软公司与收入确认相关的内部控制，并测试关键控制运行的 有效性； （2）通过抽样选取样本，查阅客户销售合同及服务协议，评价公司收入确认的会 计政策以及收入确认时点的判断是否符合企业会计准则的要求； （3）分析与收入相关的各项经营指标波动的合理性，并与同行业可比公司进行比 较，分析异常变动原因； （4）针对各类营业收入实施细节测试，抽取样本检查与收入确认相关的支持性文 件，核实相关收入确认金额是否准确； （5）实施截止性测试，就资产负债表日前后记录的收入交易，选取样本，核对验 收报告或工作量确认单等支持性文件，评价收入是否计入恰当的会计期间； （6）结合对应收账款的函证程序，向主要客户询证，确认交易的真实性和收入确 认的准确性； （7）抽取样本对重要系统集成及技术开发项目的负责人及客户，实施访谈，了解 该项目的业务真实性、客户的商业目的等信息。 通过获得的证据，我们认为管理层收入确认方面所做的判断是恰当的。 应收账款及合同资产减值 1、事项描述 参见财务报表附注三、重要会计政策及会计估计中的10.金融工具和附注五、合并 财务报表项目注释中的 4.应收账款和附注 8.合同资产。中科软公司 2025 年 12 月 31 日应收账款账面原值128,652.74 万元，账面价值81,488.36 万元，合同资产账面原值 145,929.43 万元、账面价值133,658.93 万元。期末应收账款和合同资产应计提减值的 金额需要管理层识别已发生减值的项目和通过客观证据评估预计未来可获取的现金流 量加以确定，涉及管理层重大会计估计和判断。因此我们将应收账款和合同资产减值确 定为关键审计事项。 2、审计应对 81/209",candidate_requires_manual_selection
603927.SH,中科软,total_assets,89,资产合计,"2025|2025|12|31|2025|12|31|2024|12|31|1|3,761,433,161|63|3,941,529,634|40|2|64,636|91|40,518|66|4|14,190,542|41|22,335,570|78","中科软科技股份有限公司 2025年年度报告 二、财务报表 合并资产负债表 2025 年12 月31 日 编制单位：中科软科技股份有限公司 单位：元 币种：人民币 项目 附注 2025年12月31日 2024年12月31日 流动资产： 货币资金 七、1 3,761,433,161.63 3,941,529,634.40 结算备付金 拆出资金 交易性金融资产 七、2 64,636.91 40,518.66 衍生金融资产 应收票据 七、4 14,190,542.41 22,335,570.78 应收账款 七、5 814,883,564.54 924,305,279.48 应收款项融资 预付款项 七、8 820,721,134.72 691,271,167.04 应收保费 应收分保账款 应收分保合同准备金 其他应收款 七、9 100,674,157.55 132,752,281.19 其中：应收利息 应收股利 买入返售金融资产 存货 七、10 817,304,004.01 629,137,407.02 其中：数据资源 合同资产 七、6 1,336,589,343.19 984,604,271.77 持有待售资产 一年内到期的非流动资产 其他流动资产 七、13 4,523,933.85 22,631,618.00 流动资产合计 7,670,384,478.81 7,348,607,748.34 非流动资产： 发放贷款和垫款 债权投资 其他债权投资 长期应收款 长期股权投资 七、17 859,646.14 871,363.56 其他权益工具投资 其他非流动金融资产 七、19 16,788,318.48 17,864,664.97 投资性房地产 七、20 82,936,701.46 83,100,180.10 固定资产 七、21 129,143,329.36 138,973,831.90 在建工程 生产性生物资产 油气资产 使用权资产 七、25 37,148,990.20 39,989,040.59 无形资产 七、26 5,199,111.96 7,806,460.19 其中：数据资源 85/209",candidate_requires_manual_selection
603927.SH,中科软,total_assets,90,资产合计,"2025|28|1,340,070|47|1,889,896|15|29|50,311,544|33|48,432,621|95|323,727,712|40|338,928,059|41|7,994,112,191|21|7,687,535,807|75|35|275,906,082|06|516,477,302|14|36","中科软科技股份有限公司 2025年年度报告 开发支出 其中：数据资源 商誉 长期待摊费用 七、28 1,340,070.47 1,889,896.15 递延所得税资产 七、29 50,311,544.33 48,432,621.95 其他非流动资产 非流动资产合计 323,727,712.40 338,928,059.41 资产总计 7,994,112,191.21 7,687,535,807.75 流动负债： 短期借款 向中央银行借款 拆入资金 交易性金融负债 衍生金融负债 应付票据 七、35 275,906,082.06 516,477,302.14 应付账款 七、36 1,539,201,748.69 1,574,928,496.60 预收款项 七、37 5,100,767.69 5,228,428.84 合同负债 七、38 2,273,669,342.98 1,580,699,174.25 卖出回购金融资产款 吸收存款及同业存放 代理买卖证券款 代理承销证券款 应付职工薪酬 七、39 376,997,614.16 369,246,165.75 应交税费 七、40 53,755,462.51 79,005,586.38 其他应付款 七、41 82,887,754.64 84,506,953.49 其中：应付利息 应付股利 3,074,989.30 2,516,595.10 应付手续费及佣金 应付分保账款 持有待售负债 一年内到期的非流动负债 七、43 13,916,330.71 11,899,571.74 其他流动负债 七、44 152,006,361.31 142,625,783.20 流动负债合计 4,773,441,464.75 4,364,617,462.39 非流动负债： 保险合同准备金 长期借款 应付债券 其中：优先股 永续债 租赁负债 七、47 20,814,862.86 24,972,216.89 长期应付款 长期应付职工薪酬 预计负债 递延收益 七、51 7,464,622.67 4,403,602.79 递延所得税负债 七、29 2,029.31 1,933.27 其他非流动负债 非流动负债合计 28,281,514.84 29,377,752.95 负债合计 4,801,722,979.59 4,393,995,215.34 所有者权益（",candidate_requires_manual_selection
603927.SH,中科软,total_assets,91,资产合计,"2025|53|831,040,000|00|831,040,000|00|55|160,018,362|34|160,018,362|34|57|5,577,930|45|6,568,392|80|59|351,690,949|18|328,545,764|53|60|1,844,061,969|65|1,967,368,072","中科软科技股份有限公司 2025年年度报告 实收资本（或股本） 七、53 831,040,000.00 831,040,000.00 其他权益工具 其中：优先股 永续债 资本公积 七、55 160,018,362.34 160,018,362.34 减：库存股 其他综合收益 七、57 5,577,930.45 6,568,392.80 专项储备 盈余公积 七、59 351,690,949.18 328,545,764.53 一般风险准备 未分配利润 七、60 1,844,061,969.65 1,967,368,072.74 归属于母公司所有者权益（或股东权益）合计 3,192,389,211.62 3,293,540,592.41 少数股东权益 所有者权益（或股东权益）合计 3,192,389,211.62 3,293,540,592.41 负债和所有者权益（或股东权益）总计 7,994,112,191.21 7,687,535,807.75 公司负责人：左春 主管会计工作负责人：张志华 会计机构负责人：杨培兰 母公司资产负债表 2025 年12 月31 日 编制单位：中科软科技股份有限公司 单位：元 币种：人民币 项目 附注 2025年12月31日 2024年12月31日 流动资产： 货币资金 2,731,438,142.42 2,926,458,163.27 交易性金融资产 46,940.20 29,425.20 衍生金融资产 应收票据 10,258,028.61 4,708,954.26 应收账款 十九、1 605,522,071.93 685,838,757.60 应收款项融资 预付款项 498,230,540.32 440,892,898.08 其他应收款 十九、2 75,244,344.82 152,786,560.39 其中：应收利息 应收股利 50,000,000.00 存货 728,878,232.80 564,569,533.95 其中：数据资源 合同资产 1,074,053,269.39 747,540,839.12 持有待售资产 一年内到期的非流动资产 其他流动资产 1,354,348.62 22,472,862.74 流动资产合计 5,725,025,919.11 5,545,297,994.61 非流动资产： 债权投资 其他债权投资 长",candidate_requires_manual_selection
603927.SH,中科软,total_assets,92,资产合计,"2025|22,534,531|74|21,327,051|42|60,159,224|60|65,900,345|43|32,628,241|04|34,918,198|68|3,762,578|54|5,200,288|88|837,451|84|1,173,375|91|32,609,240|55|35,029,401|17","中科软科技股份有限公司 2025年年度报告 投资性房地产 22,534,531.74 21,327,051.42 固定资产 60,159,224.60 65,900,345.43 在建工程 生产性生物资产 油气资产 使用权资产 32,628,241.04 34,918,198.68 无形资产 3,762,578.54 5,200,288.88 其中：数据资源 开发支出 其中：数据资源 商誉 长期待摊费用 837,451.84 1,173,375.91 递延所得税资产 32,609,240.55 35,029,401.17 其他非流动资产 非流动资产合计 447,579,572.72 457,850,523.48 资产总计 6,172,605,491.83 6,003,148,518.09 流动负债： 短期借款 交易性金融负债 衍生金融负债 应付票据 257,817,069.06 500,701,583.45 应付账款 1,007,296,399.58 1,098,002,529.49 预收款项 5,094,162.19 4,946,866.39 合同负债 1,713,785,425.16 1,123,808,988.19 应付职工薪酬 269,776,469.61 262,711,527.95 应交税费 19,406,455.09 29,622,596.26 其他应付款 71,091,337.24 71,275,631.40 其中：应付利息 应付股利 3,074,989.30 2,516,595.10 持有待售负债 一年内到期的非流动负债 10,927,093.78 9,825,573.28 其他流动负债 114,907,580.61 107,287,465.68 流动负债合计 3,470,101,992.32 3,208,182,762.09 非流动负债： 长期借款 应付债券 其中：优先股 永续债 租赁负债 19,187,133.41 22,056,656.29 长期应付款 长期应付职工薪酬 预计负债 递延收益 7,104,622.67 4,043,602.79 递延所得税负债 其他非流动负债 非流动负债合计 26,291,756.08 26,100,259.08 负债合计 3,496,393,748.40 3,234,283,021.17 所有者权益（或股东权益",candidate_requires_manual_selection
603927.SH,中科软,revenue,93,营业收入,"2025|160,018,362|34|160,018,362|34|351,690,949|18|328,545,764|53|1,333,462,431|91|1,449,261,370|05|2,676,211,743|43|2,768,865,496|92|6,172,605,491|83|6,003,148,518|09|2025|1|12|2025","中科软科技股份有限公司 2025年年度报告 其他权益工具 其中：优先股 永续债 资本公积 160,018,362.34 160,018,362.34 减：库存股 其他综合收益 专项储备 盈余公积 351,690,949.18 328,545,764.53 未分配利润 1,333,462,431.91 1,449,261,370.05 所有者权益（或股东权益）合计 2,676,211,743.43 2,768,865,496.92 负债和所有者权益（或股东权益）总计 6,172,605,491.83 6,003,148,518.09 公司负责人：左春 主管会计工作负责人：张志华 会计机构负责人：杨培兰 合并利润表 2025 年1—12 月 单位：元 币种：人民币 项目 附注 2025年度 2024年度 一、营业总收入 七、61 6,028,200,653.02 6,374,512,940.85 其中：营业收入 七、61 6,028,200,653.02 6,374,512,940.85 利息收入 已赚保费 手续费及佣金收入 二、营业总成本 5,744,179,006.04 6,002,523,234.89 其中：营业成本 七、61 4,538,428,230.73 4,661,683,495.55 利息支出 手续费及佣金支出 退保金 赔付支出净额 提取保险责任准备金净额 保单红利支出 分保费用 税金及附加 七、62 33,867,703.54 37,311,540.40 销售费用 七、63 295,202,082.46 320,160,850.45 管理费用 七、64 84,839,526.24 97,684,512.21 研发费用 七、65 817,599,093.52 907,564,085.57 财务费用 七、66 -25,757,630.45 -21,881,249.29 其中：利息费用 1,972,304.07 1,302,768.87 利息收入 33,882,617.52 24,724,517.59 加：其他收益 七、67 8,800,437.38 20,845,413.64 投资收益（损失以“－”号填列） 七、68 -11,717.42 3,516.07 其中：对联营企业和合营企业的投资收益 -11,717.42 3,516.07 以摊余成本计量的金融资",candidate_requires_manual_selection
603927.SH,中科软,revenue,94,营业收入,"2025|72|49,704,127|67|12,100,355|41|73|2,757,694|46|1,687,582|18|175,000,837|31|338,645,367|33|74|54,469,081|19|27,532,805|01|75|3,228,389|18|4,621,893|60","中科软科技股份有限公司 2025年年度报告 资产减值损失（损失以“-”号填列） 七、72 -49,704,127.67 -12,100,355.41 资产处置收益（损失以“－”号填列） 七、73 -2,757,694.46 -1,687,582.18 三、营业利润（亏损以“－”号填列） 175,000,837.31 338,645,367.33 加：营业外收入 七、74 54,469,081.19 27,532,805.01 减：营业外支出 七、75 3,228,389.18 4,621,893.60 四、利润总额（亏损总额以“－”号填列） 226,241,529.32 361,556,278.74 减：所得税费用 七、76 2,296,847.76 6,448,087.49 五、净利润（净亏损以“－”号填列） 223,944,681.56 355,108,191.25 （一）按经营持续性分类 1.持续经营净利润（净亏损以“－”号填列） 223,944,681.56 355,108,191.25 2.终止经营净利润（净亏损以“－”号填列） （二）按所有权归属分类 1.归属于母公司股东的净利润（净亏损以“-” 223,944,681.56 355,108,191.25 号填列） 2.少数股东损益（净亏损以“-”号填列） 六、其他综合收益的税后净额 -990,462.35 338,229.44 （一）归属母公司所有者的其他综合收益的税后 -990,462.35 338,229.44 净额 1．不能重分类进损益的其他综合收益 （1）重新计量设定受益计划变动额 （2）权益法下不能转损益的其他综合收益 （3）其他权益工具投资公允价值变动 （4）企业自身信用风险公允价值变动 2．将重分类进损益的其他综合收益 -990,462.35 338,229.44 （1）权益法下可转损益的其他综合收益 （2）其他债权投资公允价值变动 （3）金融资产重分类计入其他综合收益的金额 （4）其他债权投资信用减值准备 （5）现金流量套期储备 （6）外币财务报表折算差额 -990,462.35 338,229.44 （7）其他 （二）归属于少数股东的其他综合收益的税后净 额 七、综合收益总额 222,954,219.21 355,446,420.69 （一）归属于母公司所有者的综合收益总额 222,9",candidate_requires_manual_selection
603927.SH,中科软,net_profit_attributable,94,归属于母公司股东的净利润,"2025|72|49,704,127|67|12,100,355|41|73|2,757,694|46|1,687,582|18|175,000,837|31|338,645,367|33|74|54,469,081|19|27,532,805|01|75|3,228,389|18|4,621,893|60","中科软科技股份有限公司 2025年年度报告 资产减值损失（损失以“-”号填列） 七、72 -49,704,127.67 -12,100,355.41 资产处置收益（损失以“－”号填列） 七、73 -2,757,694.46 -1,687,582.18 三、营业利润（亏损以“－”号填列） 175,000,837.31 338,645,367.33 加：营业外收入 七、74 54,469,081.19 27,532,805.01 减：营业外支出 七、75 3,228,389.18 4,621,893.60 四、利润总额（亏损总额以“－”号填列） 226,241,529.32 361,556,278.74 减：所得税费用 七、76 2,296,847.76 6,448,087.49 五、净利润（净亏损以“－”号填列） 223,944,681.56 355,108,191.25 （一）按经营持续性分类 1.持续经营净利润（净亏损以“－”号填列） 223,944,681.56 355,108,191.25 2.终止经营净利润（净亏损以“－”号填列） （二）按所有权归属分类 1.归属于母公司股东的净利润（净亏损以“-” 223,944,681.56 355,108,191.25 号填列） 2.少数股东损益（净亏损以“-”号填列） 六、其他综合收益的税后净额 -990,462.35 338,229.44 （一）归属母公司所有者的其他综合收益的税后 -990,462.35 338,229.44 净额 1．不能重分类进损益的其他综合收益 （1）重新计量设定受益计划变动额 （2）权益法下不能转损益的其他综合收益 （3）其他权益工具投资公允价值变动 （4）企业自身信用风险公允价值变动 2．将重分类进损益的其他综合收益 -990,462.35 338,229.44 （1）权益法下可转损益的其他综合收益 （2）其他债权投资公允价值变动 （3）金融资产重分类计入其他综合收益的金额 （4）其他债权投资信用减值准备 （5）现金流量套期储备 （6）外币财务报表折算差额 -990,462.35 338,229.44 （7）其他 （二）归属于少数股东的其他综合收益的税后净 额 七、综合收益总额 222,954,219.21 355,446,420.69 （一）归属于母公司所有者的综合收益总额 222,9",candidate_requires_manual_selection
603927.SH,中科软,total_assets,105,资产总额,2025|1|2|1|1|12|31|3|4|5|0.5|0.5|0.5|20|1|0.5|1|1|1|1|1|1|20|10|1,中科软科技股份有限公司 2025年年度报告 会计准则中相关会计政策执行。 1、 遵循企业会计准则的声明 本公司所编制的财务报表符合企业会计准则的要求，真实、完整地反映了公司的财 务状况、经营成果、所有者权益变动和现金流量等有关信息。 2、 会计期间 本公司会计年度自公历1月1日起至12 月31 日止。 3、 营业周期 √适用 □不适用 本公司正常营业周期为一年。 4、 记账本位币 本公司的记账本位币为人民币，境外（分）子公司按经营所处的主要经济环境中的 货币为记账本位币。 5、 重要性标准确定方法和选择依据 √适用 □不适用 项目 重要性标准 重要的单项计提坏账准备的应收款项 单项应收款项超过总资产的0.5% 本期重要的应收款项收回或者转回 单项应收款项超过总资产的0.5% 本期重要的应收款项核销 单项应收款项超过总资产的0.5% 合同资产账面价值发生重大变动 合同资产账面价值变动金额占期初合同资产余额20%以上 重要的账龄超过1年的预付账款 单项预付账款金额超过总资产的0.5% 重要的账龄超过1年的应付账款 单项应付账款金额超过负债总额的1% 重要的账龄超过1年的合同负债 单项合同负债金额超过负债总额的1% 重要的账龄超过1年的其他应付款 单项其他应付款金额超过负债总额的1% 合同负债账面价值发生重大变动 合同负债账面价值变动金额占期初合同负债余额20%以上 单项投资活动占收到或支付投资活动相关的现金流入或流出 重要投资活动 总额的10%以上且金额大于1亿元 合营企业或联营企业的长期股权投资账面价值占公司期末净 重要的合营企业或联营企业 资产的5%以上或长期股权投资权益法下投资收益占公司合 并净利润的10%以上 子公司净资产占合并净资产5%以上，或子公司净利润占合并 重要子公司 净利润的10%以上 重要的未决诉讼 单笔诉讼金额占资产总额的0.5%以上 6、 同一控制下和非同一控制下企业合并的会计处理方法 √适用 □不适用 （1）同一控制下的企业合并 本公司在企业合并中取得的资产和负债，在合并日按取得被合并方在最终控制方合 并财务报表中的账面价值计量。其中，对于被合并方与本公司在企业合并前采用的会计 101/209,candidate_requires_manual_selection
603927.SH,中科软,revenue,178,营业收入,"2025|58|59|325,635,011|48|23,145,184|65|348,780,196|13|2,910,753|05|2,910,753|05|328,545,764|53|23,145,184|65|351,690,949|18|10|60|1,967,368,072|74|1,970,485,646|02","中科软科技股份有限公司 2025年年度报告 58、专项储备 □适用 √不适用 59、盈余公积 √适用 □不适用 单位：元 币种：人民币 项目 期初余额 本期增加 本期减少 期末余额 法定盈余公积 325,635,011.48 23,145,184.65 348,780,196.13 任意盈余公积 2,910,753.05 2,910,753.05 合计 328,545,764.53 23,145,184.65 351,690,949.18 盈余公积说明，包括本期增减变动情况、变动原因说明：本期盈余公积增加系本公司按《公司法》 及本公司章程有关规定，按本期净利润10％提取法定盈余公积金。 60、未分配利润 √适用 □不适用 单位：元 币种：人民币 项目 本期 上期 调整前上期末未分配利润 1,967,368,072.74 1,970,485,646.02 调整期初未分配利润合计数（调增+，调减－） 调整后期初未分配利润 1,967,368,072.74 1,970,485,646.02 加：本期归属于母公司所有者的净利润 223,944,681.56 355,108,191.25 减：提取法定盈余公积 23,145,184.65 31,745,764.53 提取任意盈余公积 提取一般风险准备 应付普通股股利 324,105,600.00 326,480,000.00 转作股本的普通股股利 期末未分配利润 1,844,061,969.65 1,967,368,072.74 调整期初未分配利润明细： ①由于《企业会计准则》及其相关新规定进行追溯调整，影响期初未分配利润0元。 ②由于会计政策变更，影响期初未分配利润0元。 ③由于重大会计差错更正，影响期初未分配利润0元。 ④由于同一控制导致的合并范围变更，影响期初未分配利润0元。 ⑤其他调整合计影响期初未分配利润0元。 61、营业收入和营业成本 (1) 营业收入和营业成本情况 √适用 □不适用 单位：元 币种：人民币 本期发生额 上期发生额 项目 收入 成本 收入 成本 主营业务 6,012,684,924.39 4,534,871,482.83 6,359,644,414.22 4,658,804,495.99 其他业务 15,515,728.63 3,556,747.90 14,868,526.63 2,878,999.",candidate_requires_manual_selection
603927.SH,中科软,revenue,179,营业收入,"2025|4,838,599,532|31|3,568,475,205|89|1,055,301,782|52|961,840,764|14|118,783,609|56|4,555,512|80|3,208,101,484|16|2,343,819,789|42|1,213,284,276|06|932,062,096|08|540,935,995|64|430,652,122|41","中科软科技股份有限公司 2025年年度报告 合计 合同分类 营业收入 营业成本 商品类型 软件开发及服务收入 4,838,599,532.31 3,568,475,205.89 系统集成及其服务收入 1,055,301,782.52 961,840,764.14 软件产品收入 118,783,609.56 4,555,512.80 按经营地区分类 华北 3,208,101,484.16 2,343,819,789.42 华东 1,213,284,276.06 932,062,096.08 华南 540,935,995.64 430,652,122.41 西南 337,522,194.64 288,574,120.45 西北 171,272,277.53 140,703,937.46 华中 184,155,406.77 150,768,717.73 东北 139,816,731.16 101,306,911.55 中国大陆以外 217,596,558.43 146,983,787.73 合计 6,012,684,924.39 4,534,871,482.83 其他说明： □适用 √不适用 (3) 履约义务的说明 □适用 √不适用 详见本节“五、重要会计政策及会计估计”之“34、收入”中的相关表述。 (4) 分摊至剩余履约义务的说明 √适用 □不适用 本报告期末已签订合同、但尚未履行或尚未履行完毕的履约义务所对应的收入金额为 23.18亿元，其中： 12.76亿元预计将于2026年度确认收入 10.42亿元预计将于2027及以后年度确认收入 (5) 重大合同变更或重大交易价格调整 □适用 √不适用 其他说明：无。 62、税金及附加 √适用 □不适用 单位：元 币种：人民币 项目 本期发生额 上期发生额 城市维护建设税 15,732,074.29 17,654,532.67 教育费附加 11,656,861.24 13,050,706.50 其他 6,478,768.01 6,606,301.23 合计 33,867,703.54 37,311,540.40 其他说明：无。 63、销售费用 √适用 □不适用 单位：元 币种：人民币 项目 本期发生额 上期发生额 175/209",candidate_requires_manual_selection
603927.SH,中科软,total_assets,196,资产总额,"2025|7,342,349|80|2|3,254,269|80|3,254,269|80|3|1|64,636|91|64,636|91|1|64,636|91|64,636|91|1|2|64,636|91|64,636|91","中科软科技股份有限公司 2025年年度报告 金流量的权利转移 金流量的合同权利 给另一方 终止 合计 / 7,342,349.80 / / (2)因转移而终止确认的金融资产 √适用 □不适用 单位：元 币种：人民币 与终止确认相关的 项目 金融资产转移的方式 终止确认的金融资产金额 利得或损失 应收票据 背书 3,254,269.80 合计 / 3,254,269.80 (3)继续涉入的转移金融资产 □适用 √不适用 其他说明： □适用 √不适用 十三、公允价值的披露 1、以公允价值计量的资产和负债的期末公允价值 √适用 □不适用 单位：元 币种：人民币 期末公允价值 项目 第一层次公允 第二层次公允 第三层次公允 合计 价值计量 价值计量 价值计量 一、持续的公允价值计量 （一）交易性金融资产 64,636.91 64,636.91 1.以公允价值计量且变动计入当期损益的 64,636.91 64,636.91 金融资产 （1）债务工具投资 （2）权益工具投资 64,636.91 64,636.91 （3）衍生金融资产 2.指定以公允价值计量且其变动计入当期 损益的金融资产 （1）债务工具投资 （2）权益工具投资 （二）其他债权投资 （三）其他权益工具投资 （四）投资性房地产 1.出租用的土地使用权 2.出租的建筑物 3.持有并准备增值后转让的土地使用权 （五）生物资产 1.消耗性生物资产 2.生产性生物资产 （六）其他非流动金融资产 16,788,318.48 16,788,318.48 持续以公允价值计量的资产总额 64,636.91 16,788,318.48 16,852,955.39 （六）交易性金融负债 1.以公允价值计量且变动计入当期损益的 192/209",candidate_requires_manual_selection
603927.SH,中科软,total_assets,197,资产总额,2025|2|2|3|4|5|6|7|8|193|209,中科软科技股份有限公司 2025年年度报告 金融负债 其中：发行的交易性债券 衍生金融负债 其他 2.指定为以公允价值计量且变动计入当期 损益的金融负债 持续以公允价值计量的负债总额 二、非持续的公允价值计量 （一）持有待售资产 非持续以公允价值计量的资产总额 非持续以公允价值计量的负债总额 2、持续和非持续第一层次公允价值计量项目市价的确定依据 √适用 □不适用 本公司第一层次公允价值计量的项目为上市公司股票，其公允价值的确定是在计量 日能够取得相同资产或负债在活跃市场上未经调整的报价。 3、持续和非持续第二层次公允价值计量项目，采用的估值技术和重要参数的定性及定 量信息 □适用 √不适用 4、持续和非持续第三层次公允价值计量项目，采用的估值技术和重要参数的定性及定 量信息 √适用 □不适用 本公司第三层次公允价值计量的项目为非上市股权投资，无可观察输入值，采用估 值技术确定其公允价值。 5、持续的第三层次公允价值计量项目，期初与期末账面价值间的调节信息及不可观察 参数敏感性分析 □适用 √不适用 6、持续的公允价值计量项目，本期内发生各层级之间转换的，转换的原因及确定转换 时点的政策 □适用 √不适用 7、本期内发生的估值技术变更及变更原因 □适用 √不适用 8、不以公允价值计量的金融资产和金融负债的公允价值情况 √适用 □不适用 本公司以摊余成本计量的金融资产和金融负债主要包括：货币资金、应收票据、应 收账款、其他应收款、应付账款、其他应付款等。 193/209,candidate_requires_manual_selection
603927.SH,中科软,total_assets,203,资产总额,"2025|3|1|2|4|5|6|1|2|3|4|7|8|1|1|1|1|466,491,098|38|490,929,810|62|1|2|87,508,007|51","中科软科技股份有限公司 2025年年度报告 □适用 √不适用 3、资产置换 (1)非货币性资产交换 □适用 √不适用 (2)其他资产置换 □适用 √不适用 4、年金计划 □适用 √不适用 5、终止经营 □适用 √不适用 6、分部信息 (1)报告分部的确定依据与会计政策 □适用 √不适用 (2)报告分部的财务信息 □适用 √不适用 (3)公司无报告分部的，或者不能披露各报告分部的资产总额和负债总额的，应说明原 因 □适用 √不适用 (4)其他说明 □适用 √不适用 7、其他对投资者决策有影响的重要交易和事项 □适用 √不适用 8、其他 □适用 √不适用 十九、母公司财务报表主要项目注释 1、应收账款 (1)按账龄披露 √适用 □不适用 单位：元 币种：人民币 账龄 期末账面余额 期初账面余额 1年以内（含1年） 466,491,098.38 490,929,810.62 1至2年 87,508,007.51 126,824,459.72 2至3年 80,801,631.25 78,950,143.36 3至4年 40,304,119.79 69,156,902.75 199/209",candidate_requires_manual_selection
603927.SH,中科软,revenue,211,营业收入,"2025|297,863,981|304,922,570|80292|941,410|50297|863,981|304,922,570|80292|941,410|50|1|8,000,000|00|8,000,000|00|12,000,000|00|12,000,000|00|95,077,429|20|4,922,570|80|95,077,429","中科软科技股份有限公司 2025年年度报告 对联营、合营企 业投资 合计 297,863,981.304,922,570.80292,941,410.50297,863,981.304,922,570.80292,941,410.50 (1)对子公司投资 √适用 □不适用 单位：元 币种：人民币 本期增减变动 期初余额（账面减值准备期初 计提 期末余额（账面 减值准备期 被投资单位 追加 减少 价值） 余额 减值 其他 价值） 末余额 投资 投资 准备 四川中科软 8,000,000.00 8,000,000.00 上海中科软 12,000,000.00 12,000,000.00 北京中科软 95,077,429.20 4,922,570.80 95,077,429.20 4,922,570.80 深圳中科软（信 20,000,000.00 20,000,000.00 息系统） 宁波中科软 1,000,000.00 1,000,000.00 中科软国际 4,863,981.30 4,863,981.30 长春中科软 1,000,000.00 1,000,000.00 广州中科软 10,000,000.00 10,000,000.00 安徽中科软 1,000,000.00 1,000,000.00 武汉中科软 40,000,000.00 40,000,000.00 南京中科软 100,000,000.00 100,000,000.00 合计 292,941,410.50 4,922,570.80 292,941,410.50 4,922,570.80 (2)对联营、合营企业投资 □适用 √不适用 (3) 长期股权投资的减值测试情况 □适用 √不适用 其他说明：无。 4、营业收入和营业成本 (1)营业收入和营业成本情况 √适用 □不适用 单位：元 币种：人民币 本期发生额 上期发生额 项目 收入 成本 收入 成本 主营业务 4,838,074,588.46 3,591,594,949.08 4,862,209,583.48 3,434,223,031.41 其他业务 11,633,588.55 2,185,788.94 10,976,011.06 1,681,607.96 合计 4,849,708,177.01 3,593,780,738.02 4,873,185,5",candidate_requires_manual_selection
300033.SZ,同花顺,total_assets,7,资产总额,"2025|2025|2024|2023|6,028,985,966|48|4,186,794,650|06|44.00|3,564,260,219|05|3,205,082,002|69|1,823,266,690|03|75.79|1,402,468,555|23|3,051,009,895|43|1,764,896,337|92|72.87|1,368,922,316|80","浙江核新同花顺网络信息股份有限公司2025年年度报告全文 □适用 不适用 公司聘请的报告期内履行持续督导职责的财务顾问 □适用 不适用 五、主要会计数据和财务指标 公司是否需追溯调整或重述以前年度会计数据 □是 否 2025年 2024年 本年比上年增减 2023年 营业收入（元） 6,028,985,966.48 4,186,794,650.06 44.00% 3,564,260,219.05 归属于上市公司股东的 3,205,082,002.69 1,823,266,690.03 75.79% 1,402,468,555.23 净利润（元） 归属于上市公司股东的 扣除非经常性损益的净 3,051,009,895.43 1,764,896,337.92 72.87% 1,368,922,316.80 利润（元） 经营活动产生的现金流 3,774,236,497.70 2,315,506,812.27 63.00% 1,591,901,414.82 量净额（元） 基本每股收益（元/股） 5.96 3.39 75.81% 2.61 稀释每股收益（元/股） 5.96 3.39 75.81% 2.61 加权平均净资产收益率 38.54% 24.80% 13.74% 20.19% 2025年末 2024年末 本年末比上年末增减 2023年末 资产总额（元） 15,832,994,333.52 10,976,501,567.53 44.24% 9,844,860,690.35 归属于上市公司股东的 9,491,716,450.29 7,974,107,473.75 19.03% 7,319,141,467.32 净资产（元） 公司最近三个会计年度扣除非经常性损益前后净利润孰低者均为负值，且最近一年审计报告显示公司持续经营能力存在 不确定性 □是 否 公司报告期内经审计利润总额、净利润、扣除非经常性损益后的净利润三者孰低为负值 □是 否 六、分季度主要财务指标 单位：元 第一季度 第二季度 第三季度 第四季度 营业收入 748,187,189.04 1,031,218,094.62 1,481,455,636.27 2,768,125,046.55 归属于上市公司股东的 120,393,590.22 381,465,497.49 704,341,323.90 1,99",candidate_requires_manual_selection
300033.SZ,同花顺,revenue,7,营业收入,"2025|2025|2024|2023|6,028,985,966|48|4,186,794,650|06|44.00|3,564,260,219|05|3,205,082,002|69|1,823,266,690|03|75.79|1,402,468,555|23|3,051,009,895|43|1,764,896,337|92|72.87|1,368,922,316|80","浙江核新同花顺网络信息股份有限公司2025年年度报告全文 □适用 不适用 公司聘请的报告期内履行持续督导职责的财务顾问 □适用 不适用 五、主要会计数据和财务指标 公司是否需追溯调整或重述以前年度会计数据 □是 否 2025年 2024年 本年比上年增减 2023年 营业收入（元） 6,028,985,966.48 4,186,794,650.06 44.00% 3,564,260,219.05 归属于上市公司股东的 3,205,082,002.69 1,823,266,690.03 75.79% 1,402,468,555.23 净利润（元） 归属于上市公司股东的 扣除非经常性损益的净 3,051,009,895.43 1,764,896,337.92 72.87% 1,368,922,316.80 利润（元） 经营活动产生的现金流 3,774,236,497.70 2,315,506,812.27 63.00% 1,591,901,414.82 量净额（元） 基本每股收益（元/股） 5.96 3.39 75.81% 2.61 稀释每股收益（元/股） 5.96 3.39 75.81% 2.61 加权平均净资产收益率 38.54% 24.80% 13.74% 20.19% 2025年末 2024年末 本年末比上年末增减 2023年末 资产总额（元） 15,832,994,333.52 10,976,501,567.53 44.24% 9,844,860,690.35 归属于上市公司股东的 9,491,716,450.29 7,974,107,473.75 19.03% 7,319,141,467.32 净资产（元） 公司最近三个会计年度扣除非经常性损益前后净利润孰低者均为负值，且最近一年审计报告显示公司持续经营能力存在 不确定性 □是 否 公司报告期内经审计利润总额、净利润、扣除非经常性损益后的净利润三者孰低为负值 □是 否 六、分季度主要财务指标 单位：元 第一季度 第二季度 第三季度 第四季度 营业收入 748,187,189.04 1,031,218,094.62 1,481,455,636.27 2,768,125,046.55 归属于上市公司股东的 120,393,590.22 381,465,497.49 704,341,323.90 1,99",candidate_requires_manual_selection
300033.SZ,同花顺,revenue,9,营业收入,"2025|6,028,985,966|48|44.00|3,205,082,002|69|75.79|9","浙江核新同花顺网络信息股份有限公司2025年年度报告全文 第三节 管理层讨论与分析 一、报告期内公司从事的主要业务 （一）公司主营业务及经营情况 公司是国内领先的互联网金融信息服务提供商，围绕资本市场生态打造“AI+金融信息服务”一体化 平台，服务对象覆盖证券公司、基金公司、银行、保险机构、政府部门、研究机构、上市公司等机构客 户及广大个人投资者。依托长期积累的金融数据资源、技术能力与用户基础，公司持续推进人工智能技 术与主营业务深度融合，加快向AI驱动型金融科技平台转型升级。 报告期内，公司立足主业稳步推进年度经营计划，持续加大人工智能研发投入，强化自研大模型能 力建设，提升模型在金融专业场景中的准确性与应用深度，推动产品智能化升级。同时积极布局人工智 能产业生态，探索模型能力输出及场景合作机会，培育新增量业务。 报告期内，公司收入主要来源于增值电信服务、软件销售及技术维护服务、广告及互联网推广服务 以及基金代销及其他交易服务。公司围绕“流量入口—数据能力—产品服务—交易转化”形成商业闭环， 收入结构多元、协同效应显著。 公司围绕“数据、模型、场景、流量”构建核心能力体系，形成机构端与个人端双轮驱动的业务格局。 面向机构端，公司为证券、基金、银行、保险等金融机构提供 AI 应用产品、系统建设及维护服务、 金融数据服务和智能推广服务，涵盖投研辅助与决策支持系统、数据终端及接口服务、智能营销解决方 案及运维支持，助力客户提升投研效率、风险管理能力和数字化运营水平。通过持续优化大模型在金融 垂直场景中的适配能力，公司不断增强产品智能化水平和差异化竞争优势。 面向个人端，公司依托网站及移动应用平台，为投资者提供基于 AI 的投资助理、金融资讯、行情 分析工具、策略辅助及理财产品交易服务。通过将大模型能力嵌入内容生成、智能问答、策略分析与产 品推荐等环节，持续优化用户体验，提升活跃度与付费转化率，增强平台黏性与生态协同效应。 报告期内公司实现营业收入 6,028,985,966.48元，比上年同期增加 44.00%；实现归属于股东的净利 润 3,205,082,002.69元，比上年同期增长 75.79%。报告期内公司实现营业收入和净利润增长，主要由于 公司加大人工智能等领域的投入力度，推进产品与大模型技术融合创新，优化核心产品竞争力与用户体 验，公司各项业务取得了较快增长",candidate_requires_manual_selection
300033.SZ,同花顺,revenue,17,营业收入,"2025|2|1|2025|2024|6,028,985,966|48|100.00|4,186,794,650|06|100.00|44.00|6,028,985,966|48|100.00|4,186,794,650|06|100.00|44.00|1,950,543,719|44|32.35|1,615,877,446|38|38.59","浙江核新同花顺网络信息股份有限公司2025年年度报告全文 2、收入与成本 （1） 营业收入构成 营业收入整体情况 单位：元 2025年 2024年 同比增减 金额 占营业收入比重 金额 占营业收入比重 营业收入合计 6,028,985,966.48 100.00% 4,186,794,650.06 100.00% 44.00% 分行业 互联网金融信息服 6,028,985,966.48 100.00% 4,186,794,650.06 100.00% 44.00% 务 分产品 增值电信服务 1,950,543,719.44 32.35% 1,615,877,446.38 38.59% 20.71% 软件销售及维护 399,238,854.78 6.62% 356,079,566.76 8.50% 12.12% 广告及互联网业务 3,462,167,776.46 57.43% 2,024,860,750.64 48.36% 70.98% 推广服务 基金销售及其他交 易手续费等其他业 217,035,615.80 3.60% 189,976,886.28 4.55% 14.24% 务 分地区 国内 6,006,704,272.27 99.63% 4,167,574,383.08 99.54% 44.13% 国外 22,281,694.21 0.37% 19,220,266.98 0.46% 15.93% 分销售模式 线下 399,238,854.78 6.62% 356,079,566.76 8.50% 12.12% 线上 5,629,747,111.70 93.38% 3,830,715,083.30 91.50% 46.96% 注：报告期内增值电信服务较去年增长20.71%，主要是由于报告期内证券市场回暖，投资者需求增加所致；报告期内广 告及互联网业务推广服务较去年增长70.98%，主要系由于同花顺网站与APP用户活跃度提升，公司大力拓展生活、消 费、科技类客户，同时证券、基金等金融客户需求有所增加，公司广告及互联网推广服务收入相应增长。 公司需遵守《深圳证券交易所上市公司自律监管指引第3号——行业信息披露》中的“软件与信息技术服务业”的披露要 求 单位：元 2025年度 2024年度 第一季度 第二季度 第三季度 第四季度 第一季度 第二季度 第三季度 第四季度 ",candidate_requires_manual_selection
300033.SZ,同花顺,revenue,18,营业收入,"2025|3|1,950,543,719|44|282,301,179|60|85.53|20.71|11.74|1.16|399,238,854|78|59,484,318|78|85.10|12.12|2.10|1.46|3,462,167,776|46|135,339,231|16|96.09|70.98|23.09","浙江核新同花顺网络信息股份有限公司2025年年度报告全文 公司需遵守《深圳证券交易所上市公司自律监管指引第3号——行业信息披露》中的“软件与信息技术服务业”的披露要 求 单位：元 营业收入比上年 营业成本比上年 毛利率比上年同 营业收入 营业成本 毛利率 同期增减 同期增减 期增减 分产品 增值电信服务 1,950,543,719.44 282,301,179.60 85.53% 20.71% 11.74% 1.16% 软件销售及维护 399,238,854.78 59,484,318.78 85.10% 12.12% 2.10% 1.46% 广告及互联网业 3,462,167,776.46 135,339,231.16 96.09% 70.98% 23.09% 1.52% 务推广服务 基金销售及其他 交易手续费等其 217,035,615.80 32,659,495.03 84.95% 14.24% 44.84% -3.18% 他业务 公司主营业务数据统计口径在报告期发生调整的情况下，公司最近1年按报告期末口径调整后的主营业务数据 □适用 不适用 （3） 公司实物销售收入是否大于劳务收入 □是 否 （4） 公司已签订的重大销售合同、重大采购合同截至本报告期的履行情况 □适用 不适用 （5） 营业成本构成 单位：元 2025年 2024年 行业分类 项目 同比增减 金额 占营业成本比重 金额 占营业成本比重 互联网金融信息 员工薪酬 213,618,842.30 41.90% 184,430,125.51 41.59% 15.83% 服务 互联网金融信息 信息费及托管费 262,594,062.25 51.51% 225,711,487.97 50.90% 16.34% 服务 互联网金融信息 结算手续费及其 33,571,320.02 6.59% 33,256,222.43 7.51% 0.95% 服务 他 （6） 报告期内合并范围是否发生变动 是 □否 报告期内子公司杭州核新软件公司向第三方转让其持有的猎金信息公司全部股权，转让价款79,735.64元，于2025年10 月13日完成工商变更登记，本报告期末猎金信息公司不再纳入合并报表范围。 （7） 公司报告期内业务、产品或服务发生重大变化或调整有关情况 □适用 不适用 18",candidate_requires_manual_selection
300033.SZ,同花顺,revenue,19,营业收入,"2025|8|1,518,072,368|38|25.17|0.00|5|1|384,750,062|99|6.38|2|348,631,390|30|5.78|3|319,549,906|75|5.30|4|313,633,096|83|5.20|5|151,507,911","浙江核新同花顺网络信息股份有限公司2025年年度报告全文 （8） 主要销售客户和主要供应商情况 公司主要销售客户情况 前五名客户合计销售金额（元） 1,518,072,368.38 前五名客户合计销售金额占年度销售总额比例 25.17% 前五名客户销售额中关联方销售额占年度销售总额比例 0.00% 公司前5大客户资料 序号 客户名称 销售额（元） 占年度销售总额比例 1 客户名称一 384,750,062.99 6.38% 2 客户名称二 348,631,390.30 5.78% 3 客户名称三 319,549,906.75 5.30% 4 客户名称四 313,633,096.83 5.20% 5 客户名称五 151,507,911.51 2.51% 合计 -- 1,518,072,368.38 25.17% 主要客户其他情况说明 □适用 不适用 公司主要供应商情况 前五名供应商合计采购金额（元） 189,659,656.16 前五名供应商合计采购金额占年度采购总额比例 37.21% 前五名供应商采购额中关联方采购额占年度采购总额比例 0.00% 公司前5名供应商资料 序号 供应商名称 采购额（元） 占年度采购总额比例 1 供应商一 65,544,838.57 12.86% 2 供应商二 65,490,035.05 12.85% 3 供应商三 33,389,576.02 6.55% 4 供应商四 13,829,867.10 2.71% 5 供应商五 11,405,339.42 2.24% 合计 -- 189,659,656.16 37.21% 主要供应商其他情况说明 □适用 不适用 报告期内公司贸易业务收入占营业收入比例超过10% □适用 不适用 3、费用 单位：元 2025年 2024年 同比增减 重大变动说明 主要系加大营销推广力 销售费用 759,240,273.21 592,058,501.29 28.24% 度，相应营销费用及销售 人员薪酬增加所致 管理费用 245,080,887.72 221,376,791.84 10.71% 主要系银行存款利息收入 财务费用 -124,843,719.94 -205,924,675.68 39.37% 减少所致 研发费用 1,145,077,195.39 1,193,243,542.03 -4.04% 19",candidate_requires_manual_selection
300033.SZ,同花顺,revenue,21,营业收入,"2025|2025|2024|3,141|3,105|1.16|61.75|60.97|0.78|2,138|2,151|0.60|853|826|3.27|128|103|24.27|22|25|12.00|30|2,056|2,226|7.64","浙江核新同花顺网络信息股份有限公司2025年年度报告全文 通过大数据分布式架构、隐私计 算、知识图谱、多模态数据融合、 实时数仓等先进技术，对公司拥有 打造行业领先的金融数据中 全面提高公司大数据业 的全量金融市场数据、宏观经济数 台与智能化应用产品矩阵， 务的技术壁垒与市场竞 据、产业产业链数据、上市公司全 实现多源异构数据的高效融 金融大数据智能化治理 争力，大幅拓宽 B 端数 维度数据、市场舆情数据进行全链 进行中 合与深度价值挖掘，为金融 与全场景应用项目 据服务的市场空间，打 路智能化治理，构建标准化、高价 机构、产业企业、监管机构 造公司稳定的业绩增长 值、高时效的金融数据资产体系， 等客户提供多场景、定制化 新曲线。 拓展数据在投研分析、风险管理、 的数据解决方案。 合规管控、企业经营等多场景的智 能化应用。 持续深耕金融领域专属大模型、多 模态生成式 AI、自然语言理解与 交互、计算机视觉、智能语音、端 打造具备行业领先水平的金 全面筑牢公司在金融 AI 侧 AI 推理等核心前沿技术，重点 金融垂直大模型与通用 融专属大模型体系与通用 AI 领域的技术护城河，持 突破金融大模型的专业投研能力、 进行中 AI 技术应用项目 技术底座，推出更多大模型 续孵化新的盈利增长 合规风控能力、逻辑推理能力、实 应用产品。 点。 时性优化与国产化适配，构建自主 可控的金融 AI 技术底座，孵化创 新型 AI 产品与行业解决方案。 公司研发人员情况 2025年 2024年 变动比例 研发人员数量（人） 3,141 3,105 1.16% 研发人员数量占比 61.75% 60.97% 0.78% 研发人员学历 本科 2,138 2,151 -0.60% 硕士 853 826 3.27% 博士 128 103 24.27% 大专及以下 22 25 -12.00% 研发人员年龄构成 30岁以下 2,056 2,226 -7.64% 30~40岁 1,034 839 23.24% 40 ~50岁 46 35 31.43% 50岁以上 5 5 0.00% 近三年公司研发投入金额及占营业收入的比例 2025年 2024年 2023年 研发投入金额（元） 1,145,077,195.39 1,193,243,542.03 1,179,239,106.34 研发投入占营业收入比例 ",candidate_requires_manual_selection
300033.SZ,同花顺,revenue,24,营业收入,"2025|4|1|2|1|2|10|30,000,000|2,490,111,274|63|2,153,454,536|71|2,187,397,234|58|2,351,741,561|62|2,063,068,829|56|300,000,000|2,504,747,866|51|1,994,572,313|24|808,981,383|02","浙江核新同花顺网络信息股份有限公司2025年年度报告全文 4、金融资产投资 （1） 证券投资情况 □适用 不适用 公司报告期不存在证券投资。 （2） 衍生品投资情况 □适用 不适用 公司报告期不存在衍生品投资。 八、重大资产和股权出售 1、出售重大资产情况 □适用 不适用 公司报告期未出售重大资产。 2、出售重大股权情况 □适用 不适用 九、主要控股参股公司分析 适用 □不适用 主要子公司及对公司净利润影响达10%以上的参股公司情况 单位：元 公司名 公司类 主要业务 注册资本 总资产 净资产 营业收入 营业利润 净利润 称 型 杭州核 新软件 电子计算机软件、硬件, 子公司 30,000,000 2,490,111,274.63 2,153,454,536.71 2,187,397,234.58 2,351,741,561.62 2,063,068,829.56 技术有 计算机信息技术、广告等 限公司 浙江同 应用软件开发、技术开 花顺智 发、服务、转让、推广， 能科技 子公司 300,000,000 2,504,747,866.51 1,994,572,313.24 808,981,383.02 440,754,315.22 440,539,509.70 国内广告，互联网信息服 有限公 务、电信增值业务 司 浙江同 花顺智 技术开发、服务、转让、 富软件 子公司 推广，国内广告，互联网 10,000,000 530,891,333.81 385,003,624.00 726,211,709.36 457,067,423.36 456,917,439.64 有限公 信息服务、电信增值业务 司 报告期内取得和处置子公司的情况 适用 □不适用 公司名称 报告期内取得和处置子公司方式 对整体生产经营和业绩的影响 杭州猎金信息技术有限公司 转让 0 24",candidate_requires_manual_selection
300033.SZ,同花顺,revenue,29,营业收入,"2025|2024|3|5|2025|60.29|44.00|11.45|22|67|2024|16.13|80|2025|10|1.00|5,376|2025|10|51|10|4|29","浙江核新同花顺网络信息股份有限公司2025年年度报告全文 行动方案。该方案围绕“聚焦、深耕主业，夯实金融信息服务行业龙头”、“以创新为引领，以技术赋能 业务发展”、“严格履行信披责任，有效传递公司价值”、“稳健经营，持续稳定现金分红”等方面，制定 了相应的行动举措。具体详见公司于 2024 年 3 月 5 日在巨潮资讯网披露的《关于推动落实“质量回报双 提升”行动方案的公告》。 报告期内，公司积极推进“质量回报双提升”行动方案。其中聚焦、深耕主业方面，公司紧紧围绕金 融信息服务主业，公司各项业务继续保持行业领先地位，2025年度实现营业收入60.29亿元，较上年同 期增长44.00%；在创新引领方面，公司不断加大研发创新投入，报告期内研发投入11.45亿元，新增 发明专利授权22项，新增软件著作权登记67项；投资者回报方面，报告期内，公司完成派发2024年 度现金红利16.13亿元，股利支付率超过80%。同时，完成2025半年度分红方案，向全体股东每10股 派发1.00元作为中期现金分红，合计分红金额5,376万元； 制定2025年度利润分配预案，计划向全体 股东每10股派发现金红利 51元（含税），以资本公积金向全体股东每10股转增4股（相关预案尚需 股东会审议通过）；在严格履行信披责任方面，高度重视与投资者的沟通交流，通过组织业绩说明会、 互动易回复、投资者热线电话接听等多元化的沟通渠道，积极主动向市场传导公司的投资价值，提高信 息传播的效率和透明度，重视投资者的期望和建议，构建与投资者良好互动的生态，为投资者创造长期 价值。 29",candidate_requires_manual_selection
300033.SZ,同花顺,total_assets,43,资产总额,2025|1|2026|03|10|2025|100.00|100.00|1|2|3|1|1|1|2|5|2|2|0.5|1|1|2|3|5|3,浙江核新同花顺网络信息股份有限公司2025年年度报告全文 十五、内部控制评价报告及内部控制审计报告 1、内控评价报告 内部控制评价报告全文披露日期 2026年03月10日 内部控制评价报告全文披露索引 《2025年度内部控制自我评价报告》，中国证监会指定信息披露网站 纳入评价范围单位资产总额占公司合并 100.00% 财务报表资产总额的比例 纳入评价范围单位营业收入占公司合并 100.00% 财务报表营业收入的比例 缺陷认定标准 类别 财务报告 非财务报告 1）出现下列情形的，认定为重大缺陷： 公司董事、监事和高级管理人员的舞弊 行为；公司更正已公布的财务报告；注 册会计师发现的却未被公司内部控制识 别的当期财务报告中的重大错报；公司 审计委员会和审计部对内部控制的监督 无效；重要业务缺乏制度控制或制度体 系失效；内部控制重大或重要缺陷未得 公司非财务报告缺陷认定主要依据缺陷 到整改。 涉及业务性质的严重程度、直接或潜在 定性标准 2）出现下列情形的，认定为重要缺陷： 负面影响的性质、影响的范围等因素来 ①未建立反舞弊程序和控制措施；②未 确定将缺陷划分确定重大缺陷、重要缺 依照公认会计准则选择和应用会计政 陷和一般缺陷。 策；③中高级管理人员和高级技术人员 流失严重；④对于期末财务报告过程的 控制，存在一项或多项缺陷且不能合理 保证编制的财务报表达到真实、准确的 目标。 3）不构成重大缺陷或重要缺陷的其他内 部控制缺陷认定为一般缺陷。 1）重大缺陷：如果该缺陷单独或连同其 他缺陷可能导致财务报告中的错报金额 达到或超过合并财务报表资产总额的 1）非财务报告缺陷认定主要以缺陷对业 1%；或者达到或超过合并财务报表经营 务流程有效性的影响程度、发生的可能 收入的2%；或者达到或超过合并财务报 性作判定。如果缺陷发生的可能性高， 表利润总额的5%。 会严重降低工作效率或效果、或严重加 2）重要缺陷：如果该缺陷单独或连同其 大效果的不确定性、或使之严重偏离预 他缺陷可能导致财务报告中的错报金额 期目标为重大缺陷。 达到或超过合并财务报表资产总额的 定量标准 2）如果缺陷发生的可能性较高，会显著 0.5%，但不到1%；或者达到或超过合 降低工作效率或效果、或显著加大效果 并财务报表经营收入的1%，但不到 的不确定性、或使之显著偏离预期目标 2%；或者达到或超过合并财务报表利,candidate_requires_manual_selection
300033.SZ,同花顺,revenue,43,营业收入,2025|1|2026|03|10|2025|100.00|100.00|1|2|3|1|1|1|2|5|2|2|0.5|1|1|2|3|5|3,浙江核新同花顺网络信息股份有限公司2025年年度报告全文 十五、内部控制评价报告及内部控制审计报告 1、内控评价报告 内部控制评价报告全文披露日期 2026年03月10日 内部控制评价报告全文披露索引 《2025年度内部控制自我评价报告》，中国证监会指定信息披露网站 纳入评价范围单位资产总额占公司合并 100.00% 财务报表资产总额的比例 纳入评价范围单位营业收入占公司合并 100.00% 财务报表营业收入的比例 缺陷认定标准 类别 财务报告 非财务报告 1）出现下列情形的，认定为重大缺陷： 公司董事、监事和高级管理人员的舞弊 行为；公司更正已公布的财务报告；注 册会计师发现的却未被公司内部控制识 别的当期财务报告中的重大错报；公司 审计委员会和审计部对内部控制的监督 无效；重要业务缺乏制度控制或制度体 系失效；内部控制重大或重要缺陷未得 公司非财务报告缺陷认定主要依据缺陷 到整改。 涉及业务性质的严重程度、直接或潜在 定性标准 2）出现下列情形的，认定为重要缺陷： 负面影响的性质、影响的范围等因素来 ①未建立反舞弊程序和控制措施；②未 确定将缺陷划分确定重大缺陷、重要缺 依照公认会计准则选择和应用会计政 陷和一般缺陷。 策；③中高级管理人员和高级技术人员 流失严重；④对于期末财务报告过程的 控制，存在一项或多项缺陷且不能合理 保证编制的财务报表达到真实、准确的 目标。 3）不构成重大缺陷或重要缺陷的其他内 部控制缺陷认定为一般缺陷。 1）重大缺陷：如果该缺陷单独或连同其 他缺陷可能导致财务报告中的错报金额 达到或超过合并财务报表资产总额的 1）非财务报告缺陷认定主要以缺陷对业 1%；或者达到或超过合并财务报表经营 务流程有效性的影响程度、发生的可能 收入的2%；或者达到或超过合并财务报 性作判定。如果缺陷发生的可能性高， 表利润总额的5%。 会严重降低工作效率或效果、或严重加 2）重要缺陷：如果该缺陷单独或连同其 大效果的不确定性、或使之严重偏离预 他缺陷可能导致财务报告中的错报金额 期目标为重大缺陷。 达到或超过合并财务报表资产总额的 定量标准 2）如果缺陷发生的可能性较高，会显著 0.5%，但不到1%；或者达到或超过合 降低工作效率或效果、或显著加大效果 并财务报表经营收入的1%，但不到 的不确定性、或使之显著偏离预期目标 2%；或者达到或超过合并财务报表利,candidate_requires_manual_selection
300033.SZ,同花顺,revenue,60,营业收入,"2025|1|1|2025|602,898|60|2|1|2|3|4|5|6|60","浙江核新同花顺网络信息股份有限公司2025年年度报告全文 三、关键审计事项 关键审计事项是我们根据职业判断，认为对本期财务报表审计最为重要的事项。这些 事项的应对以对财务报表整体进行审计并形成审计意见为背景，我们不对这些事项单独发 表意见。 (一) 营业收入的确认和计量 1. 事项描述 相关信息披露详见财务报表附注三(二十)、五(二)1及十四(二)。 同花顺股份公司的营业收入主要来自于增值电信业务收入、软件销售及维护收入、广 告及互联网业务推广服务收入和基金代销及其他交易服务收入。2025年度，同花顺股份公 司营业收入金额为人民币 602,898.60万元，同花顺股份公司营业收入具有类型多，客户 数量多、区域分散，增值电信业务单个客户交易金额小等特征。 由于营业收入是同花顺股份公司关键业绩指标之一，可能存在同花顺股份公司管理层 （以下简称管理层）通过不恰当的收入确认以达到特定目标或预期的固有风险。同时，收 入确认涉及信息系统和管理层判断。因此，我们将收入确认确定为关键审计事项。 2. 审计应对 针对收入确认和计量，我们实施的审计程序主要包括： (1) 了解与收入确认相关的关键内部控制，评价这些控制的设计，确定其是否得到执 行，并测试相关内部控制的运行有效性； (2) 抽查与客户签订的合同或框架协议，结合有关业务流程和协议约定的业务计费方 式、结算周期、结算时点、服务内容等检查收入确认政策是否符合企业会计准则的规定， 前后期是否一致； (3) 以抽样方式检查与收入确认相关的支持性文件，包括相关业务的结算资料、发票、 银行回单等； (4) 对不同业务类型，采取不同的抽样方法实施函证或电话询问程序，核实营业收入 的真实性和完整性； (5) 获取与财务相关的信息系统基础资料，复核相关业务营业收入确认的准确性，是 否在恰当期间确认； (6) 检查各类业务的收款情况； 60",candidate_requires_manual_selection
300033.SZ,同花顺,total_assets,61,资产总额,"2025|7|8|1|1|2025|12|31|1,403,633|38|88.65|2|1|2|3|4|5|6|7|8|61","浙江核新同花顺网络信息股份有限公司2025年年度报告全文 (7) 通过获取资产负债表日前后结算单等支持性文件，评价营业收入是否在恰当期间 确认； (8) 检查与营业收入相关的信息是否已在财务报表中作出恰当列报。 (二) 货币资金的存在性和完整性 1. 事项描述 相关信息披露详见财务报表附注五(一)1。 截至 2025 年 12 月 31 日，同花顺股份公司货币资金余额为人民币 1,403,633.38 万元， 占资产总额88.65%，系同花顺股份公司的主要资产。由于货币资金金额重大，且对其存管 是否安全，列报的准确性和完整性对财务报表产生重大影响，因此我们将货币资金的存在 性和完整性确定为关键审计事项。 2. 审计应对 (1) 了解与货币资金管理相关的关键内部控制，评价这些控制的设计，确定其是否得 到执行，并测试相关内部控制的运行有效性； (2) 根据获取的《已开立银行结算账户清单》,检查银行账户完整性； (3) 取得并检查银行对账单和银行存款余额调节表，并对银行账户实施函证程序； (4) 结合银行对账单和银行日记账，对重要银行账户实施资金流水双向测试，并检查 大额收付款交易； (5) 检查定期存款凭据原件及其持有人信息，结合企业信用报告等检查期末货币资金 是否存在质押、抵押等情形； (6) 复核计算利息收入，检查利息收入与货币资金规模是否相符； (7) 对境外主要存款银行进行视频询问，核实银行存款真实性、完整性及是否受限等 情况； (8) 检查与货币资金相关的信息是否已在财务报表中作出恰当列报。 四、其他信息 管理层对其他信息负责。其他信息包括年度报告中涵盖的信息，但不包括财务报表和 我们的审计报告。 我们对财务报表发表的审计意见不涵盖其他信息，我们也不对其他信息发表任何形式 61",candidate_requires_manual_selection
300033.SZ,同花顺,revenue,61,营业收入,"2025|7|8|1|1|2025|12|31|1,403,633|38|88.65|2|1|2|3|4|5|6|7|8|61","浙江核新同花顺网络信息股份有限公司2025年年度报告全文 (7) 通过获取资产负债表日前后结算单等支持性文件，评价营业收入是否在恰当期间 确认； (8) 检查与营业收入相关的信息是否已在财务报表中作出恰当列报。 (二) 货币资金的存在性和完整性 1. 事项描述 相关信息披露详见财务报表附注五(一)1。 截至 2025 年 12 月 31 日，同花顺股份公司货币资金余额为人民币 1,403,633.38 万元， 占资产总额88.65%，系同花顺股份公司的主要资产。由于货币资金金额重大，且对其存管 是否安全，列报的准确性和完整性对财务报表产生重大影响，因此我们将货币资金的存在 性和完整性确定为关键审计事项。 2. 审计应对 (1) 了解与货币资金管理相关的关键内部控制，评价这些控制的设计，确定其是否得 到执行，并测试相关内部控制的运行有效性； (2) 根据获取的《已开立银行结算账户清单》,检查银行账户完整性； (3) 取得并检查银行对账单和银行存款余额调节表，并对银行账户实施函证程序； (4) 结合银行对账单和银行日记账，对重要银行账户实施资金流水双向测试，并检查 大额收付款交易； (5) 检查定期存款凭据原件及其持有人信息，结合企业信用报告等检查期末货币资金 是否存在质押、抵押等情形； (6) 复核计算利息收入，检查利息收入与货币资金规模是否相符； (7) 对境外主要存款银行进行视频询问，核实银行存款真实性、完整性及是否受限等 情况； (8) 检查与货币资金相关的信息是否已在财务报表中作出恰当列报。 四、其他信息 管理层对其他信息负责。其他信息包括年度报告中涵盖的信息，但不包括财务报表和 我们的审计报告。 我们对财务报表发表的审计意见不涵盖其他信息，我们也不对其他信息发表任何形式 61",candidate_requires_manual_selection
300033.SZ,同花顺,total_assets,64,资产合计,"2025|1|2025|12|31|14,036,333,777|03|9,199,697,806|06|50,000,000|00|20,639,274|98|40,678,253|12|158,067|57|944,979|21|39,133,399|51|30,579,638|80|33,727,837|56","浙江核新同花顺网络信息股份有限公司2025年年度报告全文 二、财务报表 财务附注中报表的单位为：元 1、合并资产负债表 编制单位：浙江核新同花顺网络信息股份有限公司 2025年12月31日 单位：元 项目 期末余额 期初余额 流动资产： 货币资金 14,036,333,777.03 9,199,697,806.06 结算备付金 拆出资金 交易性金融资产 50,000,000.00 衍生金融资产 应收票据 应收账款 20,639,274.98 40,678,253.12 应收款项融资 预付款项 158,067.57 944,979.21 应收保费 应收分保账款 应收分保合同准备金 其他应收款 39,133,399.51 30,579,638.80 其中：应收利息 应收股利 买入返售金融资产 存货 其中：数据资源 合同资产 持有待售资产 一年内到期的非流动资产 其他流动资产 33,727,837.56 49,656,469.97 流动资产合计 14,129,992,356.65 9,371,557,147.16 非流动资产： 发放贷款和垫款 债权投资 其他债权投资 长期应收款 长期股权投资 5,108,792.36 4,004,118.51 其他权益工具投资 6,685,619.32 6,827,243.23 其他非流动金融资产 投资性房地产 固定资产 585,713,054.38 631,769,496.83 64",candidate_requires_manual_selection
300033.SZ,同花顺,total_assets,65,资产合计,"2025|778,016,979|96|626,252,320|68|463,973|34|323,256,662|29|331,254,408|61|3,895,328|16|3,895,328|16|325,540|40|477,531|01|1,703,001,976|87|1,604,944,420|37|15,832,994,333|52","浙江核新同花顺网络信息股份有限公司2025年年度报告全文 在建工程 778,016,979.96 626,252,320.68 生产性生物资产 油气资产 使用权资产 463,973.34 无形资产 323,256,662.29 331,254,408.61 其中：数据资源 开发支出 其中：数据资源 商誉 3,895,328.16 3,895,328.16 长期待摊费用 递延所得税资产 325,540.40 477,531.01 其他非流动资产 非流动资产合计 1,703,001,976.87 1,604,944,420.37 资产总计 15,832,994,333.52 10,976,501,567.53 流动负债： 短期借款 向中央银行借款 拆入资金 交易性金融负债 衍生金融负债 应付票据 应付账款 204,675,818.82 161,541,411.33 预收款项 合同负债 1,769,295,086.64 1,486,124,962.67 卖出回购金融资产款 吸收存款及同业存放 代理买卖证券款 代理承销证券款 应付职工薪酬 232,492,408.93 221,841,989.16 应交税费 387,799,591.04 194,234,044.67 其他应付款 3,640,292,582.10 821,174,754.21 其中：应付利息 应付股利 应付手续费及佣金 应付分保账款 持有待售负债 一年内到期的非流动负债 其他流动负债 2,883,773.96 1,245,070.38 流动负债合计 6,237,439,261.49 2,886,162,232.42 非流动负债： 保险合同准备金 长期借款 65",candidate_requires_manual_selection
300033.SZ,同花顺,total_assets,67,资产合计,"2025|4,067,216|24|4,433,530|83|2,740,640,915|96|2,882,976,580|35|1,206,471,582|42|1,206,471,582|42|364,696,146|58|389,501,725|38|463,973|34|43,248,024|00|44,665,992|00|1,614,415,753|00","浙江核新同花顺网络信息股份有限公司2025年年度报告全文 合同资产 持有待售资产 一年内到期的非流动资产 其他流动资产 4,067,216.24 4,433,530.83 流动资产合计 2,740,640,915.96 2,882,976,580.35 非流动资产： 债权投资 其他债权投资 长期应收款 长期股权投资 1,206,471,582.42 1,206,471,582.42 其他权益工具投资 其他非流动金融资产 投资性房地产 固定资产 364,696,146.58 389,501,725.38 在建工程 生产性生物资产 油气资产 使用权资产 463,973.34 无形资产 43,248,024.00 44,665,992.00 其中：数据资源 开发支出 其中：数据资源 商誉 长期待摊费用 递延所得税资产 其他非流动资产 非流动资产合计 1,614,415,753.00 1,641,103,273.14 资产总计 4,355,056,668.96 4,524,079,853.49 流动负债： 短期借款 交易性金融负债 衍生金融负债 应付票据 应付账款 23,613,658.39 33,423,681.95 预收款项 合同负债 448,113.21 589,622.64 应付职工薪酬 14,779,664.56 11,637,678.21 应交税费 2,796,322.89 3,028,989.07 其他应付款 1,296,192.04 1,303,421.79 其中：应付利息 应付股利 持有待售负债 67",candidate_requires_manual_selection
300033.SZ,同花顺,revenue,68,营业收入,"2025|26,886|79|35,377|36|42,960,837|88|50,018,771|02|42,960,837|88|50,018,771|02|537,600,000|00|537,600,000|00|356,775,876|82|356,775,876|82|360,815,351|25|360,815,351|25","浙江核新同花顺网络信息股份有限公司2025年年度报告全文 一年内到期的非流动负债 其他流动负债 26,886.79 35,377.36 流动负债合计 42,960,837.88 50,018,771.02 非流动负债： 长期借款 应付债券 其中：优先股 永续债 租赁负债 长期应付款 长期应付职工薪酬 预计负债 递延收益 递延所得税负债 其他非流动负债 非流动负债合计 负债合计 42,960,837.88 50,018,771.02 所有者权益： 股本 537,600,000.00 537,600,000.00 其他权益工具 其中：优先股 永续债 资本公积 356,775,876.82 356,775,876.82 减：库存股 其他综合收益 专项储备 盈余公积 360,815,351.25 360,815,351.25 未分配利润 3,056,904,603.01 3,218,869,854.40 所有者权益合计 4,312,095,831.08 4,474,061,082.47 负债和所有者权益总计 4,355,056,668.96 4,524,079,853.49 3、合并利润表 单位：元 项目 2025年度 2024年度 一、营业总收入 6,028,985,966.48 4,186,794,650.06 其中：营业收入 6,028,985,966.48 4,186,794,650.06 利息收入 已赚保费 手续费及佣金收入 二、营业总成本 2,617,739,330.96 2,318,296,525.70 其中：营业成本 509,784,224.57 443,397,835.91 利息支出 手续费及佣金支出 退保金 赔付支出净额 68",candidate_requires_manual_selection
300033.SZ,同花顺,net_profit_attributable,69,归属于母公司股东的净利润,"2025|83,400,470|01|74,144,530|31|759,240,273|21|592,058,501|29|245,080,887|72|221,376,791|84|1,145,077,195|39|1,193,243,542|03|124,843,719|94|205,924,675|68|21,590|11|129,314,173|18","浙江核新同花顺网络信息股份有限公司2025年年度报告全文 提取保险责任合同准备金净额 保单红利支出 分保费用 税金及附加 83,400,470.01 74,144,530.31 销售费用 759,240,273.21 592,058,501.29 管理费用 245,080,887.72 221,376,791.84 研发费用 1,145,077,195.39 1,193,243,542.03 财务费用 -124,843,719.94 -205,924,675.68 其中：利息费用 21,590.11 利息收入 129,314,173.18 205,681,102.71 加：其他收益 192,103,614.54 76,329,585.00 投资收益（损失以“－”号填列） 8,082,053.57 20,973,456.19 其中：对联营企业和合营企 1,104,673.85 1,019,769.56 业的投资收益 以摊余成本计量的金 融资产终止确认收益 汇兑收益（损失以“-”号填列） 净敞口套期收益（损失以“－”号 填列） 公允价值变动收益（损失以“－” 号填列） 信用减值损失（损失以“-”号填 732,780.08 1,092,789.27 列） 资产减值损失（损失以“-”号填 列） 资产处置收益（损失以“-”号填 列） 三、营业利润（亏损以“－”号填列） 3,612,165,083.71 1,966,893,954.82 加：营业外收入 88,000.00 减：营业外支出 8,573,523.96 1,949,694.64 四、利润总额（亏损总额以“－”号填 3,603,679,559.75 1,964,944,260.18 列） 减：所得税费用 398,576,945.68 141,666,065.80 五、净利润（净亏损以“－”号填列） 3,205,102,614.07 1,823,278,194.38 （一）按经营持续性分类 1.持续经营净利润（净亏损以“－”号 3,205,102,614.07 1,823,278,194.38 填列） 2.终止经营净利润（净亏损以“－”号 填列） （二）按所有权归属分类 1.归属于母公司股东的净利润 3,205,082,002.69 1,823,266,690.03 2.少数股东损益 20,611.38 11,504.3",candidate_requires_manual_selection
300033.SZ,同花顺,revenue,70,营业收入,"2025|2|3|106,217|93|70,764|10|4|5|20,806,808|22|14,490,080|50|1|2|3|4|5|6|20,806,808|22|14,490,080|50|7|3,184,189,587","浙江核新同花顺网络信息股份有限公司2025年年度报告全文 2.权益法下不能转损益的其他综 合收益 3.其他权益工具投资公允价值变 -106,217.93 -70,764.10 动 4.企业自身信用风险公允价值变 动 5.其他 （二）将重分类进损益的其他综合 -20,806,808.22 14,490,080.50 收益 1.权益法下可转损益的其他综合 收益 2.其他债权投资公允价值变动 3.金融资产重分类计入其他综合 收益的金额 4.其他债权投资信用减值准备 5.现金流量套期储备 6.外币财务报表折算差额 -20,806,808.22 14,490,080.50 7.其他 归属于少数股东的其他综合收益的税 后净额 七、综合收益总额 3,184,189,587.92 1,837,697,510.78 归属于母公司所有者的综合收益总额 3,184,168,976.54 1,837,686,006.43 归属于少数股东的综合收益总额 20,611.38 11,504.35 八、每股收益： （一）基本每股收益 5.96 3.39 （二）稀释每股收益 5.96 3.39 法定代表人：易峥 主管会计工作负责人：杜烈康 会计机构负责人：贾海明 4、母公司利润表 单位：元 项目 2025年度 2024年度 一、营业收入 177,724,103.05 119,706,451.22 减：营业成本 171,703,422.52 145,205,162.35 税金及附加 2,520,808.04 5,298,821.67 销售费用 管理费用 48,541,761.65 47,975,633.45 研发费用 39,938,923.57 30,192,799.74 财务费用 -28,629,675.07 -108,447,923.75 其中：利息费用 21,590.11 利息收入 28,769,144.43 108,651,689.38 加：其他收益 111,715,886.27 8,033,272.22 投资收益（损失以“－”号填列） 1,450,000,000.00 780,000,000.00 其中：对联营企业和合营企业 的投资收益 以摊余成本计量的金融 资产终止确认收益（损失以“-”号填列） 净敞口套期收益（损失以“－”号 填列） 公允价值变动收益（损失以“－” 号填列） 70",candidate_requires_manual_selection
300033.SZ,同花顺,total_assets,82,资产总额,2025|3|12|4|5|0.5|1|500|1|1|1|500|1|1|5|15|6|1|2|7|1|82,浙江核新同花顺网络信息股份有限公司2025年年度报告全文 3、营业周期 公司经营业务的营业周期较短，以12个月作为资产和负债的流动性划分标准。 4、记账本位币 本公司及境内子公司采用人民币为记账本位币。美国核新金融信息服务公司（以下简称核新金融公 司）、同花顺国际（香港）有限公司（以下简称同花顺香港公司）、同花顺数据智能（香港）有限公司 （以下简称同花顺数据香港公司）、核新国际（新加坡）有限公司（以下简称核新新加坡公司）及同花 顺国际（美国）有限公司（以下简称同花顺美国公司）境外子公司从事境外经营，选择其经营所处的主 要经济环境中的货币为记账本位币。 5、重要性标准确定方法和选择依据 适用 □不适用 项目 重要性标准 重要的在建工程项目 单项工程投资总额超过资产总额0.5% 公司将账龄超过1年且单项金额超过500万元的应付账款认 重要的账龄超过1年的应付账款 定为重要的账龄超过1年的应付账款。 公司将账龄超过1年且单项金额超过500万元的应付账款认 重要的账龄超过1年的其他应付款 定为重要的账龄超过1年的其他应付款。 重要的投资活动现金流量 单项金额超过资产总额5% 重要的子公司、非全资子公司 利润总额超过集团利润总额的15% 6、同一控制下和非同一控制下企业合并的会计处理方法 1. 同一控制下企业合并的会计处理方法 公司在企业合并中取得的资产和负债，按照合并日被合并方在最终控制方合并财务报表中的账面价 值计量。公司按照被合并方所有者权益在最终控制方合并财务报表中的账面价值份额与支付的合并对价 账面价值或发行股份面值总额的差额，调整资本公积；资本公积不足冲减的，调整留存收益。 2. 非同一控制下企业合并的会计处理方法 公司在购买日对合并成本大于合并中取得的被购买方可辨认净资产公允价值份额的差额，确认为商 誉；如果合并成本小于合并中取得的被购买方可辨认净资产公允价值份额，首先对取得的被购买方各项 可辨认资产、负债及或有负债的公允价值以及合并成本的计量进行复核，经复核后合并成本仍小于合并 中取得的被购买方可辨认净资产公允价值份额的，其差额计入当期损益。 7、控制的判断标准和合并财务报表的编制方法 1. 控制的判断 82,candidate_requires_manual_selection
300033.SZ,同花顺,revenue,116,营业收入,"2025|46,332,058|60|20,806,808|22|20,806,808|22|25,525,250|38|46,332,058|60|20,806,808|22|20,806,808|22|25,525,250|38|46,202,491|02|20,948,432|13|35,405|98|20,913,026|15","浙江核新同花顺网络信息股份有限公司2025年年度报告全文 二、将重分 类进损益的 46,332,058.60 -20,806,808.22 -20,806,808.22 25,525,250.38 其他综合收 益 外币财 务报表折算 46,332,058.60 -20,806,808.22 -20,806,808.22 25,525,250.38 差额 其他综合收 46,202,491.02 -20,948,432.13 -35,405.98 -20,913,026.15 25,289,464.87 益合计 28、盈余公积 单位：元 项目 期初余额 本期增加 本期减少 期末余额 法定盈余公积 360,815,351.25 360,815,351.25 合计 360,815,351.25 360,815,351.25 29、未分配利润 单位：元 项目 本期 上期 调整后期初未分配利润 6,672,686,655.49 6,032,139,965.46 加：本期归属于母公司所有者的净利润 3,205,082,002.69 1,823,266,690.03 减：应付普通股股利 1,666,560,000.00 1,182,720,000.00 期末未分配利润 8,211,208,658.18 6,672,686,655.49 30、营业收入和营业成本 单位：元 本期发生额 上期发生额 项目 收入 成本 收入 成本 主营业务 6,028,557,342.62 509,784,224.57 4,186,276,377.89 443,397,835.91 其他业务 428,623.86 518,272.17 合计 6,028,985,966.48 509,784,224.57 4,186,794,650.06 443,397,835.91 其中：与客户之间的 6,028,557,342.62 509,784,224.57 4,186,348,881.25 443,397,835.91 合同产生的收入 公司报告期内经审计利润总额、净利润、扣除非经常性损益后的净利润三者孰低为负值 □是 否 营业收入、营业成本的分解信息： 1) 营业收入按商品或服务类型分解详见本财务报告十八、1之说明。 2) 与客户之间的合同产生的收入按商品或服务转让时间分解 项目 本期数 上年同期数 在某一时点",candidate_requires_manual_selection
300033.SZ,同花顺,total_assets,126,资产合计,"2025|32,931,916|57|28,667,114|28|1,141,702|75|172,332|61|34,073,619|32|28,839,446|89|8,529,657|51|8,818,854|34|8,529,657|51|8,818,854|34|25,543,961|81|20,020,592|55","浙江核新同花顺网络信息股份有限公司2025年年度报告全文 期末余额/本期发生额 期初余额/上期发生额 流动资产 32,931,916.57 28,667,114.28 非流动资产 1,141,702.75 172,332.61 资产合计 34,073,619.32 28,839,446.89 流动负债 8,529,657.51 8,818,854.34 负债合计 8,529,657.51 8,818,854.34 归属于母公司股东权益 25,543,961.81 20,020,592.55 按持股比例计算的净资产份额 5,108,792.36 4,004,118.51 营业收入 22,330,650.62 20,417,994.43 净利润 5,523,369.26 5,098,847.83 综合收益总额 5,523,369.26 5,098,847.83 十一、政府补助 1、报告期末按应收金额确认的政府补助 □适用 不适用 未能在预计时点收到预计金额的政府补助的原因 □适用 不适用 2、涉及政府补助的负债项目 适用 □不适用 单位：元 本期新增补助 本期计入营业 本期转入其他 与资产/收益相 会计科目 期初余额 本期其他变动 期末余额 金额 外收入金额 收益金额 关 递延收益 1,323,333.63 265,500.00 468,300.37 1,120,533.26 与资产相关 3、计入当期损益的政府补助 适用 □不适用 单位：元 会计科目 本期发生额 上期发生额 计入其他收益的政府补助金额 189,660,426.43 73,828,092.58 其中：增值税超税负退税 22,630,297.38 12,162,143.02 十二、与金融工具相关的风险 1、金融工具产生的各类风险 本公司从事风险管理的目标是在风险和收益之间取得平衡，将风险对本公司经营业绩的负面影响降 至最低水平，使股东和其他权益投资者的利益最大化。基于该风险管理目标，本公司风险管理的基本策 126",candidate_requires_manual_selection
300033.SZ,同花顺,revenue,126,营业收入,"2025|32,931,916|57|28,667,114|28|1,141,702|75|172,332|61|34,073,619|32|28,839,446|89|8,529,657|51|8,818,854|34|8,529,657|51|8,818,854|34|25,543,961|81|20,020,592|55","浙江核新同花顺网络信息股份有限公司2025年年度报告全文 期末余额/本期发生额 期初余额/上期发生额 流动资产 32,931,916.57 28,667,114.28 非流动资产 1,141,702.75 172,332.61 资产合计 34,073,619.32 28,839,446.89 流动负债 8,529,657.51 8,818,854.34 负债合计 8,529,657.51 8,818,854.34 归属于母公司股东权益 25,543,961.81 20,020,592.55 按持股比例计算的净资产份额 5,108,792.36 4,004,118.51 营业收入 22,330,650.62 20,417,994.43 净利润 5,523,369.26 5,098,847.83 综合收益总额 5,523,369.26 5,098,847.83 十一、政府补助 1、报告期末按应收金额确认的政府补助 □适用 不适用 未能在预计时点收到预计金额的政府补助的原因 □适用 不适用 2、涉及政府补助的负债项目 适用 □不适用 单位：元 本期新增补助 本期计入营业 本期转入其他 与资产/收益相 会计科目 期初余额 本期其他变动 期末余额 金额 外收入金额 收益金额 关 递延收益 1,323,333.63 265,500.00 468,300.37 1,120,533.26 与资产相关 3、计入当期损益的政府补助 适用 □不适用 单位：元 会计科目 本期发生额 上期发生额 计入其他收益的政府补助金额 189,660,426.43 73,828,092.58 其中：增值税超税负退税 22,630,297.38 12,162,143.02 十二、与金融工具相关的风险 1、金融工具产生的各类风险 本公司从事风险管理的目标是在风险和收益之间取得平衡，将风险对本公司经营业绩的负面影响降 至最低水平，使股东和其他权益投资者的利益最大化。基于该风险管理目标，本公司风险管理的基本策 126",candidate_requires_manual_selection
300033.SZ,同花顺,total_assets,129,资产总额,"2025|1|1|3|3|161,541,411|33|161,541,411|33|161,541,411|33|821,174,754|21|821,174,754|21|821,174,754|21|982,716,165|54|982,716,165|54|982,716,165|54|1|2","浙江核新同花顺网络信息股份有限公司2025年年度报告全文 上年年末数 项 目 账面价值 未折现合同金额 1年以内 1-3年 3年以上 应付账款 161,541,411.33 161,541,411.33 161,541,411.33 其他应付款 821,174,754.21 821,174,754.21 821,174,754.21 小 计 982,716,165.54 982,716,165.54 982,716,165.54 (三) 市场风险 市场风险，是指金融工具的公允价值或未来现金流量因市场价格变动而发生波动的风险。市场风险 主要包括利率风险和外汇风险。 1. 利率风险 利率风险，是指金融工具的公允价值或未来现金流量因市场利率变动而发生波动的风险。固定利率 的带息金融工具使本公司面临公允价值利率风险，浮动利率的带息金融工具使本公司面临现金流量利率 风险。本公司根据市场环境来决定固定利率与浮动利率金融工具的比例，并通过定期审阅与监控维持适 当的金融工具组合。 2. 外汇风险 外汇风险，是指金融工具的公允价值或未来现金流量因外汇汇率变动而发生波动的风险。本公司面 临的汇率变动的风险主要与本公司外币货币性资产和负债有关。对于外币资产和负债，如果出现短期的 失衡情况，本公司会在必要时按市场汇率买卖外币，以确保将净风险敞口维持在可接受的水平。 本公司期末外币货币性资产和负债情况详见本财务报告七、45之说明。 十三、公允价值的披露 1、以公允价值计量的资产和负债的期末公允价值 单位：元 期末公允价值 项目 第一层次公允价值计量 第二层次公允价值计量 第三层次公允价值计量 合计 一、持续的公允价值计 -- -- -- -- 量 其他权益工具投资 6,685,619.32 6,685,619.32 持续以公允价值计量的 6,685,619.32 6,685,619.32 资产总额 2、持续和非持续第三层次公允价值计量项目，采用的估值技术和重要参数的定性及定量信息 因被投资企业杭州亨石临卓天使股权投资合伙企业（有限合伙）的经营环境和经营情况、财务状况 未发生重大变化，故公司以投资成本和被投资企业经营成果作为公允价值的合理估计进行计量。 129",candidate_requires_manual_selection
300033.SZ,同花顺,total_assets,132,资产总额,"2025|1|1|2025|12|31|6,500|00|6,500|00|20,000|00|20,000|00|2|2|1|2|1|10|51|10|0|10|4","浙江核新同花顺网络信息股份有限公司2025年年度报告全文 十六、承诺及或有事项 1、重要承诺事项 资产负债表日存在的重要承诺 1. 截至2025年12月31日，本公司开具的各类未到期的保函如下： 开证银行 保函类别 保函金额 备注 农业银行杭州城西支行 履约保函 6,500.00 存入保证金6,500.00元 招商银行杭州武林支行 履约保函 20,000.00 存入保证金20,000.00元 2. 除上述事项外，截至资产负债表日，本公司不存在其他需要披露的重大承诺事项。 2、或有事项 （1） 资产负债表日存在的重要或有事项 截至资产负债表日，本公司不存在需要披露的重要或有事项。 （2） 公司没有需要披露的重要或有事项，也应予以说明 公司不存在需要披露的重要或有事项。 十七、资产负债表日后事项 1、利润分配情况 拟分配每10股派息数（元） 51 拟分配每10股分红股（股） 0 拟分配每10股转增数（股） 4 以公司2025年12月31日的总股本537,600,000股为基数 向全体股东每10股派发现金51元人民币（含税），共计派 利润分配方案 发现金2,741,760,000元（含税），以资本公积金每10股转 增4股，不送红股。 十八、其他重要事项 1、分部信息 （1） 报告分部的确定依据与会计政策 本公司以产品或服务内容确定报告分部，但因相关业务系混合经营，故资产总额和负债总额未进行分配。 132",candidate_requires_manual_selection
300033.SZ,同花顺,revenue,133,营业收入,"2025|2|1,950,543,719|44|399,238,854|78|3,462,167,776|46|216,606,991|94|6,028,557,342|62|282,301,179|60|59,484,318|78|135,339,231|16|32,659,495|03|509,784,224|57|30|1|1","浙江核新同花顺网络信息股份有限公司2025年年度报告全文 （2） 报告分部的财务信息 单位：元 广告及互联网业务 基金代销及其他交 项目 增值电信业务 软件销售及维护 合计 推广服务 易服务 营业收入（注） 1,950,543,719.44 399,238,854.78 3,462,167,776.46 216,606,991.94 6,028,557,342.62 营业成本 282,301,179.60 59,484,318.78 135,339,231.16 32,659,495.03 509,784,224.57 注：与本财务报告七、30营业收入差异为房租收入 十九、母公司财务报表主要项目注释 1、应收账款 （1） 按账龄披露 单位：元 账龄 期末账面余额 期初账面余额 5年以上 52,380.00 300,380.00 合计 52,380.00 300,380.00 （2） 按坏账计提方法分类披露 单位：元 期末余额 期初余额 类别 账面余额 坏账准备 账面余额 坏账准备 账面价值 账面价值 金额 比例 金额 计提比例 金额 比例 金额 计提比例 按组合计 提坏账准 52,380.00 100.00% 52,380.00 100.00% 300,380.00 100.00% 300,380.00 100.00% 备的应收 账款 合计 52,380.00 100.00% 52,380.00 100.00% 300,380.00 100.00% 300,380.00 100.00% 如是按照预期信用损失一般模型计提应收账款坏账准备： □适用 不适用 （3） 本期计提、收回或转回的坏账准备情况 本期计提坏账准备情况： 单位：元 本期变动金额 类别 期初余额 期末余额 计提 收回或转回 核销 其他 按组合计提坏账 300,380.00 -248,000.00 52,380.00 准备 合计 300,380.00 -248,000.00 52,380.00 （4） 按欠款方归集的期末余额前五名的应收账款和合同资产情况 单位：元 133",candidate_requires_manual_selection
300033.SZ,同花顺,revenue,136,营业收入,"2025|1,331,182|42|1,331,182|42|55,000,000|00|55,000,000|00|51,800,000|00|51,800,000|00|207,660,000|00|207,660,000|00|30,000,000|00|30,000,000|00|30,000,000|00|30,000,000|00","浙江核新同花顺网络信息股份有限公司2025年年度报告全文 本期增减变动 期初余额（账面 减值准备 期末余额（账面 减值准备 被投资单位 计提减值准 价值） 期初余额 追加投资 减少投资 其他 价值） 期末余额 备 核新软件公司 1,331,182.42 1,331,182.42 同花顺网络科技公司 55,000,000.00 55,000,000.00 同花顺云软件公司 51,800,000.00 51,800,000.00 同花顺数据开发公司 207,660,000.00 207,660,000.00 同花顺基金销售公司 30,000,000.00 30,000,000.00 同花顺人工智能公司 30,000,000.00 30,000,000.00 同花顺投资公司 100,000,000.00 100,000,000.00 同花顺香港公司 400,780,400.00 400,780,400.00 智富软件公司 10,000,000.00 10,000,000.00 智能科技公司 300,000,000.00 300,000,000.00 互联信息公司 9,900,000.00 9,900,000.00 核睿医疗公司 10,000,000.00 10,000,000.00 合计 1,206,471,582.42 1,206,471,582.42 4、营业收入和营业成本 单位：元 本期发生额 上期发生额 项目 收入 成本 收入 成本 主营业务 172,281,717.73 164,171,987.08 114,257,930.11 137,673,726.91 其他业务 5,442,385.32 7,531,435.44 5,448,521.11 7,531,435.44 合计 177,724,103.05 171,703,422.52 119,706,451.22 145,205,162.35 其中：与客户之间的合 172,281,717.73 164,171,987.08 114,257,930.11 137,673,726.91 同产生的收入 收入按商品或服务转让时间分解 项目 本期数 上年同期数 在某一时点确认收入 493,793.97 207,208.85 在某一时段内确认收入 171,787,923.76 114,050,721.26 小计 172,2",candidate_requires_manual_selection
300059.SZ,东方财富,total_assets,7,资产总额,"300059|2025|2025|2024|2023|16,067,741,039|51|11,604,343,090|16|38.46|11,081,439,282|37|12,084,594,947|22|9,610,120,743|64|25.75|8,193,469,277|99|11,653,886,754|89|9,253,228,906|81|25.94|7,861,598,966","300059 东方财富信息股份有限公司2025年年度报告全文 公司聘请的报告期内履行持续督导职责的财务顾问 □适用 不适用 五、主要会计数据和财务指标 公司是否需追溯调整或重述以前年度会计数据 □是 否 本年比上年 2025年 2024年 2023年 增减 营业总收入（元） 16,067,741,039.51 11,604,343,090.16 38.46% 11,081,439,282.37 归属于上市公司股东的净利润（元） 12,084,594,947.22 9,610,120,743.64 25.75% 8,193,469,277.99 归属于上市公司股东的扣除非经常性 11,653,886,754.89 9,253,228,906.81 25.94% 7,861,598,966.25 损益的净利润（元） 经营活动产生的现金流量净额（元） -10,222,245,645.14 44,587,872,891.43 -122.93% -3,137,724,690.98 基本每股收益（元/股） 0.7650 0.6087 25.68% 0.5168 稀释每股收益（元/股） 0.7647 0.6086 25.65% 0.5168 加权平均净资产收益率 14.03% 12.64% 1.39% 11.94% 本年末比上 2025年末 2024年末 2023年末 年末增减 资产总额（元） 392,933,744,976.20 306,369,357,347.30 28.25% 239,578,320,552.16 归属于上市公司股东的净资产（元） 91,875,470,955.31 80,727,090,522.63 13.81% 71,962,860,559.82 注：公司营业总收入不包括证券业务产生的投资收益及公允价值变动损益。 公司最近三个会计年度扣除非经常性损益前后净利润孰低者均为负值，且最近一年审计报告显示公司持续经营能力存在不 确定性 □是 否 公司报告期内经审计利润总额、净利润、扣除非经常性损益后的净利润三者孰低为负值 □是 否 六、分季度主要财务指标 单位：元 第一季度 第二季度 第三季度 第四季度 营业总收入 3,485,587,013.94 3,370,780,510.96 4,732,581,590.06 4,478,791,924.55 归属",candidate_requires_manual_selection
300059.SZ,东方财富,net_profit_attributable,7,归属于上市公司股东的净利润,"300059|2025|2025|2024|2023|16,067,741,039|51|11,604,343,090|16|38.46|11,081,439,282|37|12,084,594,947|22|9,610,120,743|64|25.75|8,193,469,277|99|11,653,886,754|89|9,253,228,906|81|25.94|7,861,598,966","300059 东方财富信息股份有限公司2025年年度报告全文 公司聘请的报告期内履行持续督导职责的财务顾问 □适用 不适用 五、主要会计数据和财务指标 公司是否需追溯调整或重述以前年度会计数据 □是 否 本年比上年 2025年 2024年 2023年 增减 营业总收入（元） 16,067,741,039.51 11,604,343,090.16 38.46% 11,081,439,282.37 归属于上市公司股东的净利润（元） 12,084,594,947.22 9,610,120,743.64 25.75% 8,193,469,277.99 归属于上市公司股东的扣除非经常性 11,653,886,754.89 9,253,228,906.81 25.94% 7,861,598,966.25 损益的净利润（元） 经营活动产生的现金流量净额（元） -10,222,245,645.14 44,587,872,891.43 -122.93% -3,137,724,690.98 基本每股收益（元/股） 0.7650 0.6087 25.68% 0.5168 稀释每股收益（元/股） 0.7647 0.6086 25.65% 0.5168 加权平均净资产收益率 14.03% 12.64% 1.39% 11.94% 本年末比上 2025年末 2024年末 2023年末 年末增减 资产总额（元） 392,933,744,976.20 306,369,357,347.30 28.25% 239,578,320,552.16 归属于上市公司股东的净资产（元） 91,875,470,955.31 80,727,090,522.63 13.81% 71,962,860,559.82 注：公司营业总收入不包括证券业务产生的投资收益及公允价值变动损益。 公司最近三个会计年度扣除非经常性损益前后净利润孰低者均为负值，且最近一年审计报告显示公司持续经营能力存在不 确定性 □是 否 公司报告期内经审计利润总额、净利润、扣除非经常性损益后的净利润三者孰低为负值 □是 否 六、分季度主要财务指标 单位：元 第一季度 第二季度 第三季度 第四季度 营业总收入 3,485,587,013.94 3,370,780,510.96 4,732,581,590.06 4,478,791,924.55 归属",candidate_requires_manual_selection
300059.SZ,东方财富,revenue,12,营业收入,"300059|2025|160.68|38.46|120.85|25.75|38.46|2|164|21,930|3|7,701|33|4,456|17|257,671,982|26,055|84|166,662,521|15,814|26|2025|2025|30|2025","300059 东方财富信息股份有限公司2025年年度报告全文 入高质量发展新阶段。报告期内，公司实现营业总收入 160.68 亿元，同比增长 38.46%；实现归属于上市 公司股东净利润120.85亿元，同比增长25.75%。 报告期内，东方财富证券积极把握市场机遇，坚持以用户为中心，夯实零售经纪业务基础，经纪业 务股基交易额38.46万亿元2。报告期内，东方财富证券获批上市证券做市业务资质，着力推进上市基金做 市业务，积极布局北交所、科创板股票做市业务，稳定发展银行间和交易所债券做市业务，持续拓宽服 务覆盖面，不断提升做市服务质效。同时，东方财富证券加强机构客群、企业客群的服务，稳步推进财 富管理和资产管理业务，积极构建上市公司服务新生态，各项业务持续合规稳健发展，营业收入和净利 润同比实现稳步增长，资本实力进一步增强。 报告期内，天天基金持续深化科技驱动服务革新理念，着力构建覆盖用户全生命周期的数智化服务 体系。通过 AI 应用深度拓展与平台功能交互逻辑持续优化，打造全链路服务矩阵，为用户构建智能对话、 智能选基、智能投资三位一体的价值共生体系，推动财富管理服务向更智能、更贴心、更有温度持续迭 代升级。截至报告期末，天天基金共上线 164 家公募基金管理人 21,930只基金产品3，非货币市场公募基 金保有规模7,701.33亿元，权益类基金保有规模4,456.17亿元。报告期内，公司互联网金融电子商务平台 共计实现基金认（申）购（含定投）交易257,671,982笔，基金销售额为26,055.84亿元，其中非货币型基 金共计实现认（申）购（含定投）交易166,662,521笔，销售额为15,814.26亿元。 报告期内，妙想 AI 能力全面融入赋能公司各产品各业务条线，以 AI+功能重塑用户一站式财富管理 体验，进一步巩固和提升公司市场地位。妙想大模型上线东方财富旗下各产品端，将专业普惠的 AI 服务 触达惠及广大用户。妙想投研助理深度聚焦投研全流程痛点，AI 研究员以专业的思维链，端到端完成投 研相关日常研究任务；上线深度研究+可视化报告功能，通过多 Agent 协作自主完成金融研究全流程，研 究过程可追溯、可查看；支持将研究成果一键生成逻辑清晰、格式规范的动态网页。报告期内，妙想大 模型技术能力进一步提升，垂类 Agentic 能力深度适配金融业务逻辑与专",candidate_requires_manual_selection
300059.SZ,东方财富,revenue,15,营业收入,"300059|2025|5|486,525,767|84|25.84|0.00|5|1|128,999,572|60|6.85|2|110,958,978|18|5.89|3|99,591,835|89|5.29|4|85,084,441|62|4.52|5","300059 东方财富信息股份有限公司2025年年度报告全文 主要客户其他情况说明 适用 □不适用 前五名客户与公司不存在关联关系，公司董事、高级管理人员、持股5%以上股东、实际控制人与其他关联方在主要客户 中没有直接或间接拥有权益。 公司主要供应商情况 前五名供应商合计采购金额（元） 486,525,767.84 前五名供应商合计采购金额占年度采购总额比例 25.84% 前五名供应商采购额中关联方采购额占年度采购总额比例 0.00% 公司前5名供应商资料 序号 供应商名称 采购额（元） 占年度采购总额比例 1 供应商一 128,999,572.60 6.85% 2 供应商二 110,958,978.18 5.89% 3 供应商三 99,591,835.89 5.29% 4 供应商四 85,084,441.62 4.52% 5 供应商五 61,890,939.55 3.29% 合计 -- 486,525,767.84 25.84% 主要供应商其他情况说明 适用 □不适用 前五名供应商与公司不存在关联关系，公司董事、高级管理人员、持股5%以上股东、实际控制人与其他关联方在主要供 应商中没有直接或间接拥有权益。 报告期内公司贸易业务收入占营业收入比例超过10% □适用 不适用 3、费用 单位：元 2025年 2024年 同比增减 重大变动说明 销售费用 384,984,747.38 321,858,255.84 19.61% 管理费用 2,721,420,204.02 2,329,548,830.58 16.82% 研发费用 1,066,549,339.24 1,142,623,276.82 -6.66% 财务费用 -93,939,280.91 -150,760,107.50 -37.69% 利息收入与利息支出均同比减少 4、研发投入 适用 □不适用 预计对公司未来发展 主要研发项目名称 项目目的 项目进展 拟达到的目标 的影响 面向投资、投研领域的复杂金融 全面赋能公司产品应 妙想金融大模型后训 提升大模型及其产品 应用场景，全面训练并提升妙想 已完成 用生态，提升产品服 练项目 应用的金融垂类能力 大模型的核心金融能力 务能力 15",candidate_requires_manual_selection
300059.SZ,东方财富,total_assets,40,资产总额,300059|2025|1|2026|03|20|100.00|100.00|3|1|0.5|40,300059 东方财富信息股份有限公司2025年年度报告全文 十四、公司报告期内对子公司的管理控制情况 公司依据《公司子公司管理制度》，对子公司进行管理，公司提名、委派、推荐的董事、监事参与子公司 日常治理的管理与监督。公司主要通过子公司的股东会、董事会及监事会对其行使管理、协调、监督、考核等 职能。各子公司根据公司整体发展战略规划和经营计划，建立相应的经营计划与风险管控程序，公司定期、不 定期对子公司开展审计工作；各子公司依照《公司重大信息内部报告制度》，及时向公司报告各类重大事项。 报告期内，公司对子公司的管理控制情况良好。 对子公司的管理控制存在异常 □是 否 十五、内部控制评价报告及内部控制审计报告 1、内控评价报告 内部控制评价报告全文披露日期 2026年03月20日 内部控制评价报告全文披露索引 http://www.cninfo.com.cn 纳入评价范围单位资产总额占公司合 100.00% 并财务报表资产总额的比例 纳入评价范围单位营业收入占公司合 100.00% 并财务报表营业收入的比例 缺陷认定标准 类别 财务报告 非财务报告 重大缺陷认定标准： ①公司经营活动严重违反国家法律法 规，导致公司被要求责令停业整顿、 被追究刑事责任； 重大缺陷认定标准： ②被监管部门撤销相关业务许可，对 ①董事、高级管理人员舞弊； 公司造成非常严重影响和损失； ②对已经公告的财务报告出现重大差 ③发生对系统数据的完整性造成致命 错而进行的差错更正； 性威胁、对业务的运作造成灾难性影 ③当期财务报告存在重大差错，而内 响、致使所有业务操作中断和导致客 部控制运行过程中未发现该差错； 户大量流失的数据及信息安全事件； ④公司审计委员会和审计部门对财务 ④已经发现并报告给管理层的重大缺 报告内部控制监督无效。 陷，经过合理的时间未得到整改。 重要缺陷认定标准： 重要缺陷认定标准： ①未建立反舞弊程序和控制措施； 定性标准 ①被监管部门暂停相关业务许可，对 ②对于非常规或特殊交易的账务处理 公司造成严重影响或重大损失； 没有建立相应控制机制； ②发生重大诉讼，对公司声誉造成无 ③对于财务报告编制过程中存在一项 法弥补的损害且造成严重损失； 或多项缺陷不能保证编制的财务报表 ③发生对系统数据的完整性造成重大 达到真实、准确的目标。 影响、对业务的运作带来重大损失或 一般缺陷,candidate_requires_manual_selection
300059.SZ,东方财富,revenue,40,营业收入,300059|2025|1|2026|03|20|100.00|100.00|3|1|0.5|40,300059 东方财富信息股份有限公司2025年年度报告全文 十四、公司报告期内对子公司的管理控制情况 公司依据《公司子公司管理制度》，对子公司进行管理，公司提名、委派、推荐的董事、监事参与子公司 日常治理的管理与监督。公司主要通过子公司的股东会、董事会及监事会对其行使管理、协调、监督、考核等 职能。各子公司根据公司整体发展战略规划和经营计划，建立相应的经营计划与风险管控程序，公司定期、不 定期对子公司开展审计工作；各子公司依照《公司重大信息内部报告制度》，及时向公司报告各类重大事项。 报告期内，公司对子公司的管理控制情况良好。 对子公司的管理控制存在异常 □是 否 十五、内部控制评价报告及内部控制审计报告 1、内控评价报告 内部控制评价报告全文披露日期 2026年03月20日 内部控制评价报告全文披露索引 http://www.cninfo.com.cn 纳入评价范围单位资产总额占公司合 100.00% 并财务报表资产总额的比例 纳入评价范围单位营业收入占公司合 100.00% 并财务报表营业收入的比例 缺陷认定标准 类别 财务报告 非财务报告 重大缺陷认定标准： ①公司经营活动严重违反国家法律法 规，导致公司被要求责令停业整顿、 被追究刑事责任； 重大缺陷认定标准： ②被监管部门撤销相关业务许可，对 ①董事、高级管理人员舞弊； 公司造成非常严重影响和损失； ②对已经公告的财务报告出现重大差 ③发生对系统数据的完整性造成致命 错而进行的差错更正； 性威胁、对业务的运作造成灾难性影 ③当期财务报告存在重大差错，而内 响、致使所有业务操作中断和导致客 部控制运行过程中未发现该差错； 户大量流失的数据及信息安全事件； ④公司审计委员会和审计部门对财务 ④已经发现并报告给管理层的重大缺 报告内部控制监督无效。 陷，经过合理的时间未得到整改。 重要缺陷认定标准： 重要缺陷认定标准： ①未建立反舞弊程序和控制措施； 定性标准 ①被监管部门暂停相关业务许可，对 ②对于非常规或特殊交易的账务处理 公司造成严重影响或重大损失； 没有建立相应控制机制； ②发生重大诉讼，对公司声誉造成无 ③对于财务报告编制过程中存在一项 法弥补的损害且造成严重损失； 或多项缺陷不能保证编制的财务报表 ③发生对系统数据的完整性造成重大 达到真实、准确的目标。 影响、对业务的运作带来重大损失或 一般缺陷,candidate_requires_manual_selection
300059.SZ,东方财富,total_assets,41,资产总额,300059|2025|3|0.05|1|0.5|0.05|0|0|0|0|2|2026|03|20|2026|3|20|2025|41,300059 东方财富信息股份有限公司2025年年度报告全文 利润3%； 重要缺陷：资产总额0.05%＜直接损 一般缺陷：错报<税前利润1%。 失金额＜资产总额0.5%； 一般缺陷：直接损失金额≤资产总额 0.05%。 财务报告重大缺陷数量（个） 0 非财务报告重大缺陷数量（个） 0 财务报告重要缺陷数量（个） 0 非财务报告重要缺陷数量（个） 0 2、内部控制审计报告 适用 □不适用 内部控制审计报告中的审议意见段 安永华明会计师事务所（特殊普通合伙）认为，公司按照《企业内部控制基本规范》和相关规定在所有重大方面保持了 有效的财务报告内部控制。 内控审计报告披露情况 披露 内部控制审计报告全文披露日期 2026年03月20日 内部控制审计报告全文披露索引 www.cninfo.com.cn 内控审计报告意见类型 标准无保留意见 非财务报告是否存在重大缺陷 否 会计师事务所是否出具非标准意见的内部控制审计报告 □是 否 会计师事务所出具的内部控制审计报告与董事会的自我评价报告意见是否一致 是 □否 报告期或上年度是否被出具内部控制非标准审计意见 □是 否 十六、上市公司治理专项行动自查问题整改情况 不适用 十七、环境信息披露情况 上市公司及其主要子公司是否纳入环境信息依法披露企业名单 □是 否 十八、社会责任情况 公司于2026年3月20日在深圳证券交易所网站和符合中国证监会规定条件的信息披露媒体发布了《公司2025年度可持续 发展报告》。 十九、巩固拓展脱贫攻坚成果、乡村振兴的情况 公司始终坚持高质量发展与社会责任践行同向并行，积极响应国家战略号召，主动担当企业社会责任，以实际行动服务国 家发展大局。公司及旗下子公司、东方财富公益基金会长期聚焦“健康、环保、教育、乡村振兴、慈善、服务、文化”七 41,candidate_requires_manual_selection
300059.SZ,东方财富,total_assets,69,资产合计,"300059|2025|1|2025|12|31|124,282,846,610|66|101,258,983,590|34|19,577,227,926|13|21,178,930,668|24|80,846,899,699|99|58,857,796,131|56|109,505,146,380|99|73,548,964,309|34|108,966,896|89|130,123,506","300059 东方财富信息股份有限公司2025年年度报告全文 二、财务报表 财务附注中报表的单位为：元 1、合并资产负债表 编制单位：东方财富信息股份有限公司 2025年12月31日 单位：元 项目 期末余额 期初余额 流动资产： 货币资金 124,282,846,610.66 101,258,983,590.34 结算备付金 19,577,227,926.13 21,178,930,668.24 拆出资金 融出资金 80,846,899,699.99 58,857,796,131.56 交易性金融资产 109,505,146,380.99 73,548,964,309.34 衍生金融资产 108,966,896.89 130,123,506.91 应收票据 262,500.00 应收账款 920,964,216.86 737,866,444.91 应收款项融资 预付款项 69,683,505.15 69,895,681.79 应收保费 应收分保账款 应收分保合同准备金 其他应收款 21,715,182,461.41 9,194,113,993.63 其中：应收利息 应收股利 买入返售金融资产 7,955,807,382.85 6,009,882,781.84 存出保证金 5,634,481,722.18 5,368,059,196.99 存货 其中：数据资源 合同资产 持有待售资产 一年内到期的非流动资产 1,250,558,877.08 667,556,544.67 其他流动资产 50,538,182.82 36,415,171.10 流动资产合计 371,918,566,363.01 277,058,588,021.32 非流动资产： 发放贷款和垫款 债权投资 803,073,640.34 985,843,880.01 其他债权投资 7,331,491,147.52 10,842,860,719.62 长期应收款 长期股权投资 324,427,092.69 323,245,154.48 69",candidate_requires_manual_selection
300059.SZ,东方财富,total_assets,70,资产合计,"300059|2025|5,425,443,814|91|9,877,101,735|00|404,141,415|77|450,705,975|98|333,191,299|26|2,727,604,469|25|2,316,167,738|48|7,619,864|80|804,353,031|11|160,078,401|52|142,991,262|32|96,385,711","300059 东方财富信息股份有限公司2025年年度报告全文 其他权益工具投资 5,425,443,814.91 9,877,101,735.00 其他非流动金融资产 404,141,415.77 450,705,975.98 投资性房地产 333,191,299.26 固定资产 2,727,604,469.25 2,316,167,738.48 在建工程 7,619,864.80 804,353,031.11 生产性生物资产 油气资产 使用权资产 160,078,401.52 142,991,262.32 无形资产 96,385,711.25 145,279,880.08 其中：数据资源 开发支出 其中：数据资源 商誉 2,946,250,105.99 2,945,861,162.24 长期待摊费用 39,637,324.21 46,747,989.21 递延所得税资产 15,834,325.68 29,610,797.45 其他非流动资产 400,000,000.00 400,000,000.00 非流动资产合计 21,015,178,613.19 29,310,769,325.98 资产总计 392,933,744,976.20 306,369,357,347.30 流动负债： 短期借款 7,014,472,966.55 5,531,145,905.63 应付短期融资券 34,058,779,145.20 15,884,621,772.43 向中央银行借款 拆入资金 14,751,391,708.35 13,577,259,094.43 交易性金融负债 13,968,719,503.79 6,290,516,910.92 衍生金融负债 159,292,935.90 115,260,704.38 应付票据 应付账款 599,437,552.78 247,265,278.77 预收款项 93,719.22 119,862.37 合同负债 183,505,378.26 166,985,568.45 卖出回购金融资产款 39,991,810,411.33 32,744,714,619.28 吸收存款及同业存放 代理买卖证券款 141,082,176,957.66 111,778,622,367.41 代理承销证券款 应付职工薪酬 780,993,232.67 576,",candidate_requires_manual_selection
300059.SZ,东方财富,total_assets,72,资产合计,"300059|2025|1,010,704,356|53|2,112,546,055|13|272,724|93|3,901,161,001|76|3,510,936,926|50|262,500|00|178,053,125|00|94,133,784|40|35,919,979|25|34,160,112|03|69,990,388|64|450,472,944","300059 东方财富信息股份有限公司2025年年度报告全文 流动资产： 货币资金 1,010,704,356.53 2,112,546,055.13 结算备付金 272,724.93 交易性金融资产 3,901,161,001.76 3,510,936,926.50 衍生金融资产 应收票据 262,500.00 应收账款 178,053,125.00 94,133,784.40 应收款项融资 预付款项 35,919,979.25 34,160,112.03 其他应收款 69,990,388.64 450,472,944.31 其中：应收利息 应收股利 存货 其中：数据资源 合同资产 持有待售资产 一年内到期的非流动资产 其他流动资产 1,035,055.39 1,080,820.54 流动资产合计 5,197,126,406.57 6,203,603,367.84 非流动资产： 债权投资 其他债权投资 长期应收款 长期股权投资 50,031,504,677.65 45,495,018,587.44 其他权益工具投资 其他非流动金融资产 92,914,328.96 91,278,590.67 投资性房地产 固定资产 904,341,562.47 1,008,352,980.48 在建工程 生产性生物资产 油气资产 使用权资产 45,380,446.03 4,533,837.34 无形资产 2,341,818.13 4,376,290.19 其中：数据资源 开发支出 其中：数据资源 商誉 长期待摊费用 12,727,503.17 18,676,286.22 递延所得税资产 2,796,821.78 8,275,714.06 其他非流动资产 400,000,000.00 400,000,000.00 72",candidate_requires_manual_selection
300059.SZ,东方财富,total_assets,73,资产合计,"300059|2025|51,492,007,158|19|47,030,512,286|40|56,689,133,564|76|53,234,115,654|24|260,150,277|80|550,338,297|23|80,147,151|94|76,644,827|42|68,925,748|15|71,151,888|43|165,962,840|40|138,635,782","300059 东方财富信息股份有限公司2025年年度报告全文 非流动资产合计 51,492,007,158.19 47,030,512,286.40 资产总计 56,689,133,564.76 53,234,115,654.24 流动负债： 短期借款 260,150,277.80 550,338,297.23 交易性金融负债 衍生金融负债 应付票据 应付账款 80,147,151.94 76,644,827.42 预收款项 合同负债 68,925,748.15 71,151,888.43 应付职工薪酬 165,962,840.40 138,635,782.36 应交税费 157,089,680.16 133,273,770.47 其他应付款 13,208,035.01 8,497,883.14 其中：应付利息 应付股利 持有待售负债 一年内到期的非流动负债 16,944,666.08 3,548,828.61 其他流动负债 流动负债合计 762,428,399.54 982,091,277.66 非流动负债： 长期借款 应付债券 其中：优先股 永续债 租赁负债 28,099,199.36 546,049.60 长期应付款 长期应付职工薪酬 预计负债 递延收益 2,525,000.00 3,085,129.02 递延所得税负债 其他非流动负债 588,309.83 894,628.65 非流动负债合计 31,212,509.19 4,525,807.27 负债合计 793,640,908.73 986,617,084.93 所有者权益： 股本 15,804,037,675.00 15,785,542,475.00 其他权益工具 其中：优先股 永续债 资本公积 22,731,089,132.51 22,482,061,668.36 减：库存股 73",candidate_requires_manual_selection
300059.SZ,东方财富,revenue,74,营业收入,"300059|2025|2,247,753,343|14|1,814,992,946|03|15,112,612,505|38|12,164,901,479|92|55,895,492,656|03|52,247,498,569|31|56,689,133,564|76|53,234,115,654|24|3|2025|2024|16,067,741,039|51|11,604,343,090|16","300059 东方财富信息股份有限公司2025年年度报告全文 其他综合收益 专项储备 盈余公积 2,247,753,343.14 1,814,992,946.03 未分配利润 15,112,612,505.38 12,164,901,479.92 所有者权益合计 55,895,492,656.03 52,247,498,569.31 负债和所有者权益总计 56,689,133,564.76 53,234,115,654.24 3、合并利润表 单位：元 项目 2025年度 2024年度 一、营业总收入 16,067,741,039.51 11,604,343,090.16 其中：营业收入 3,532,270,003.05 3,110,730,456.84 利息净收入 3,435,457,699.90 2,380,980,714.30 已赚保费 手续费及佣金净收入 9,100,013,336.56 6,112,631,919.02 二、营业总成本 4,772,561,887.19 4,253,405,519.87 其中：营业成本 548,085,104.95 496,493,974.10 利息支出 手续费及佣金支出 退保金 赔付支出净额 提取保险责任合同准备金净 额 保单红利支出 分保费用 税金及附加 145,461,772.51 113,641,290.03 销售费用 384,984,747.38 321,858,255.84 管理费用 2,721,420,204.02 2,329,548,830.58 研发费用 1,066,549,339.24 1,142,623,276.82 财务费用 -93,939,280.91 -150,760,107.50 其中：利息费用 59,548,471.50 91,482,816.27 利息收入 157,309,260.23 237,132,828.60 加：其他收益 423,790,225.22 403,828,147.20 投资收益（损失以“－”号填 2,650,258,271.95 3,165,938,058.90 列） 其中：对联营企业和合营 1,181,938.21 7,069,548.03 企业的投资收益 以摊余成本计量的 金融资产终止确认收益 汇兑收益（损失以“-”号填 684,261.48 -11,332,258.9",candidate_requires_manual_selection
300059.SZ,东方财富,net_profit_attributable,75,归属于母公司股东的净利润,"300059|2025|280,645,147|81|205,489,535|40|54,780,725|26|47,828,704|37|1,078,169|85|491,701|92|14,035,564,207|75|11,067,524,050|35|930,664|08|8,079,880|19|20,043,091|02|39,089,767","300059 东方财富信息股份有限公司2025年年度报告全文 净敞口套期收益（损失以 “－”号填列） 公允价值变动收益（损失以 -280,645,147.81 205,489,535.40 “－”号填列） 信用减值损失（损失以“-”号 -54,780,725.26 -47,828,704.37 填列） 资产减值损失（损失以“-”号 填列） 资产处置收益（损失以“-”号 1,078,169.85 491,701.92 填列） 三、营业利润（亏损以“－”号填 14,035,564,207.75 11,067,524,050.35 列） 加：营业外收入 930,664.08 8,079,880.19 减：营业外支出 20,043,091.02 39,089,767.75 四、利润总额（亏损总额以“－”号 14,016,451,780.81 11,036,514,162.79 填列） 减：所得税费用 1,931,856,833.59 1,426,393,419.15 五、净利润（净亏损以“－”号填 12,084,594,947.22 9,610,120,743.64 列） （一）按经营持续性分类 1.持续经营净利润（净亏损以 12,084,594,947.22 9,610,120,743.64 “－”号填列） 2.终止经营净利润（净亏损以 “－”号填列） （二）按所有权归属分类 1.归属于母公司股东的净利润 12,084,594,947.22 9,610,120,743.64 2.少数股东损益 六、其他综合收益的税后净额 -259,291,451.40 225,858,865.20 归属母公司所有者的其他综合收益 -259,291,451.40 225,858,865.20 的税后净额 （一）不能重分类进损益的其他 -42,456,417.17 54,469,668.13 综合收益 1.重新计量设定受益计划变动 额 2.权益法下不能转损益的其他 综合收益 3.其他权益工具投资公允价值 -42,456,417.17 54,469,668.13 变动 4.企业自身信用风险公允价值 变动 5.其他 （二）将重分类进损益的其他综 -216,835,034.23 171,389,197.07 合收益 1.权益法下可转损益的其他综 合收益 2.其他债权投资公允价值变动 -130,692",candidate_requires_manual_selection
300059.SZ,东方财富,revenue,76,营业收入,"300059|2025|6|84,473,601|02|36,888,496|08|7|11,825,303,495|82|9,835,979,608|84|11,825,303,495|82|9,835,979,608|84|0.7650|0.6087|0.7647|0.6086|4|2025|2024|4,531,884,934|72","300059 东方财富信息股份有限公司2025年年度报告全文 6.外币财务报表折算差额 -84,473,601.02 36,888,496.08 7.其他 归属于少数股东的其他综合收益的 税后净额 七、综合收益总额 11,825,303,495.82 9,835,979,608.84 归属于母公司所有者的综合收益总 11,825,303,495.82 9,835,979,608.84 额 归属于少数股东的综合收益总额 八、每股收益： （一）基本每股收益 0.7650 0.6087 （二）稀释每股收益 0.7647 0.6086 法定代表人：其实 主管会计工作负责人：程慧 会计机构负责人：徐翘楚 4、母公司利润表 单位：元 项目 2025年度 2024年度 一、营业收入 4,531,884,934.72 3,842,510,553.92 减：营业成本 403,123,964.83 352,856,708.72 税金及附加 37,061,576.94 32,973,938.19 销售费用 199,321,587.24 197,128,389.67 管理费用 366,625,031.46 350,608,031.80 研发费用 572,452,221.36 638,916,690.67 财务费用 -22,838,477.10 -44,115,533.21 其中：利息费用 10,935,712.66 17,138,329.03 利息收入 34,371,835.00 61,796,906.63 加：其他收益 106,190,851.25 136,168,406.34 投资收益（损失以“－”号填 1,710,235,989.25 1,554,167,965.76 列） 其中：对联营企业和合营企 1,181,938.21 7,069,548.03 业的投资收益 以摊余成本计量的金 融资产终止确认收益（损失以“-”号 填列） 净敞口套期收益（损失以 “－”号填列） 公允价值变动收益（损失以 -538,030.49 -18,175,076.11 “－”号填列） 信用减值损失（损失以“-”号 280,582.90 1,302,504.53 填列） 资产减值损失（损失以“-”号 填列） 资产处置收益（损失以“-”号 1,523.34 215,260.75 填列） 二、营业利润（亏损以“－",candidate_requires_manual_selection
300059.SZ,东方财富,total_assets,90,资产总额,300059|2025|3|12|4|5|6|90,300059 东方财富信息股份有限公司2025年年度报告全文 3、营业周期 本公司营业周期为12个月。 4、记账本位币 本公司记账本位币和编制本财务报表所采用的货币均为人民币。除有特别说明外，均以人民币元为单位 表示。 本公司下属子公司、合营企业及联营企业，根据其经营所处的主要经济环境自行决定其记账本位币，编 制财务报表时折算为人民币。 5、重要性标准确定方法和选择依据 适用 □不适用 本公司根据自身所处的具体环境，从项目的性质和金额两方面判断财务信息的重要性。在判断项目性质 的重要性时，本公司主要考虑该项目在性质上是否属于日常活动、是否显著影响本公司的财务状况、经 营成果和现金流量等因素；在判断项目金额大小的重要性时，本公司考虑该项目金额占资产总额、负债 总额、所有者权益总额、营业收入总额、营业成本总额、净利润、综合收益总额等直接相关项目金额的 比重或所属报表单列项目金额的比重。 6、同一控制下和非同一控制下企业合并的会计处理方法 企业合并分为同一控制下企业合并和非同一控制下企业合并。 同一控制下企业合并： 参与合并的企业在合并前后均受同一方或相同的多方最终控制，且该控制并非暂时性的，为同一控制下 企业合并。同一控制下企业合并，在合并日取得对其他参与合并企业控制权的一方为合并方，参与合并 的其他企业为被合并方。合并日，是指合并方实际取得对被合并方控制权的日期。 合并方在同一控制下企业合并中取得的资产和负债（包括最终控制方收购被合并方而形成的商誉），按 合并日在最终控制方财务报表中的账面价值为基础进行相关会计处理。合并方取得的净资产账面价值与 支付的合并对价的账面价值（或发行股份面值总额）的差额，调整资本公积中的股本溢价，不足冲减的 则调整留存收益。 非同一控制下企业合并： 参与合并的企业在合并前后不受同一方或相同的多方最终控制的，为非同一控制下企业合并。非同一控 制下企业合并，在购买日取得对其他参与合并企业控制权的一方为购买方，参与合并的其他企业为被购 买方。购买日，是指为购买方实际取得对被购买方控制权的日期。 非同一控制下企业合并中所取得的被购买方可辨认资产、负债及或有负债在收购日以公允价值计量。支 付的合并对价的公允价值（或发行的权益性证券的公允价值）与购买日之前持有的被购买方的股权的公 允价值之和大于合并中取得的被购买方可辨认净资产公允价值份额的差额，确认,candidate_requires_manual_selection
300059.SZ,东方财富,revenue,90,营业收入,300059|2025|3|12|4|5|6|90,300059 东方财富信息股份有限公司2025年年度报告全文 3、营业周期 本公司营业周期为12个月。 4、记账本位币 本公司记账本位币和编制本财务报表所采用的货币均为人民币。除有特别说明外，均以人民币元为单位 表示。 本公司下属子公司、合营企业及联营企业，根据其经营所处的主要经济环境自行决定其记账本位币，编 制财务报表时折算为人民币。 5、重要性标准确定方法和选择依据 适用 □不适用 本公司根据自身所处的具体环境，从项目的性质和金额两方面判断财务信息的重要性。在判断项目性质 的重要性时，本公司主要考虑该项目在性质上是否属于日常活动、是否显著影响本公司的财务状况、经 营成果和现金流量等因素；在判断项目金额大小的重要性时，本公司考虑该项目金额占资产总额、负债 总额、所有者权益总额、营业收入总额、营业成本总额、净利润、综合收益总额等直接相关项目金额的 比重或所属报表单列项目金额的比重。 6、同一控制下和非同一控制下企业合并的会计处理方法 企业合并分为同一控制下企业合并和非同一控制下企业合并。 同一控制下企业合并： 参与合并的企业在合并前后均受同一方或相同的多方最终控制，且该控制并非暂时性的，为同一控制下 企业合并。同一控制下企业合并，在合并日取得对其他参与合并企业控制权的一方为合并方，参与合并 的其他企业为被合并方。合并日，是指合并方实际取得对被合并方控制权的日期。 合并方在同一控制下企业合并中取得的资产和负债（包括最终控制方收购被合并方而形成的商誉），按 合并日在最终控制方财务报表中的账面价值为基础进行相关会计处理。合并方取得的净资产账面价值与 支付的合并对价的账面价值（或发行股份面值总额）的差额，调整资本公积中的股本溢价，不足冲减的 则调整留存收益。 非同一控制下企业合并： 参与合并的企业在合并前后不受同一方或相同的多方最终控制的，为非同一控制下企业合并。非同一控 制下企业合并，在购买日取得对其他参与合并企业控制权的一方为购买方，参与合并的其他企业为被购 买方。购买日，是指为购买方实际取得对被购买方控制权的日期。 非同一控制下企业合并中所取得的被购买方可辨认资产、负债及或有负债在收购日以公允价值计量。支 付的合并对价的公允价值（或发行的权益性证券的公允价值）与购买日之前持有的被购买方的股权的公 允价值之和大于合并中取得的被购买方可辨认净资产公允价值份额的差额，确认,candidate_requires_manual_selection
300059.SZ,东方财富,revenue,138,营业收入,"300059|2025|12,084,594,947|22|9,610,120,743|64|432,760,397|11|364,186,457|45|947,132,548|50|631,421,699|00|49,404,686|99|10,779,751|91|50,995,017,734|27|40,240,911,045|67|2025|12|31","300059 东方财富信息股份有限公司2025年年度报告全文 加：本期归属于母公司所有者的净利润 12,084,594,947.22 9,610,120,743.64 减：提取法定盈余公积 432,760,397.11 364,186,457.45 应付普通股股利 947,132,548.50 631,421,699.00 加：其他综合收益结转留存收益 49,404,686.99 10,779,751.91 期末未分配利润 50,995,017,734.27 40,240,911,045.67 本公司的未分配利润包含本公司之子公司按照《证券法》《金融企业财务规则》《公开募集证券投资基金风险准备金监督 管理暂行办法》《重要货币市场基金监管暂行规定》等相关法律法规的规定计提的一般风险准备金和交易风险准备金。于 2025 年 12月 31 日，上述金额累计为人民币7,677,669,516.57元。 54、营业收入和营业成本 单位：元 本期发生额 上期发生额 项目 收入 成本 收入 成本 主营业务 3,527,509,133.65 540,718,614.13 3,105,168,705.16 496,493,974.10 其他业务 4,760,869.40 7,366,490.82 5,561,751.68 合计 3,532,270,003.05 548,085,104.95 3,110,730,456.84 496,493,974.10 公司报告期内经审计利润总额、净利润、扣除非经常性损益后的净利润三者孰低为负值 □是 否 营业收入、营业成本的分解信息： 单位：元 金融电子商务服务 金融数据服务等 合计 合同分类 营业收入 营业成本 营业收入 营业成本 营业收入 营业成本 服务类型 3,182,040,383.70 222,453,446.25 350,229,619.35 325,631,658.70 3,532,270,003.05 548,085,104.95 合计 3,182,040,383.70 222,453,446.25 350,229,619.35 325,631,658.70 3,532,270,003.05 548,085,104.95 与履约义务相关的信息： 公司经营活动主要分为金融电子商务服务及金融数据服务等，各业务合同的与履约义务相关的主要",candidate_requires_manual_selection
300059.SZ,东方财富,total_assets,151,资产合计,"300059|2025|5,000|00|100.00|10,000|00|80.00|20.00|5,000|00|100.00|389,090|00|100.00|376,070|00|100.00|12,100|00|100.00|765.00|100.00|10|100.00","300059 东方财富信息股份有限公司2025年年度报告全文 成都东方财富信息技术有限公司 5,000.00 成都 成都 信息技术服务 100.00% 设立 奇思妙想数字科技股份有限公司 10,000.00 上海 拉萨 信息技术服务 80.00% 20.00% 设立 非居住房地产租 上海胜祝商业管理有限公司 5,000.00 上海 上海 100.00% 设立 赁、物业管理 互联网信息服 东方财富（香港）有限公司 389,090.00万港元 香港 香港 务、互联网金融 100.00% 设立 服务 非同一控制 哈富证券有限公司 376,070.00万港元 香港 香港 证券经纪 100.00% 下企业合并 哈富期货有限公司 12,100.00万港元 香港 香港 期货经纪 100.00% 设立 开曼 东方财富金融有限公司 765.00万美元 香港 100.00% 设立 群岛 东方财富证券（美国）有限公司 10美元 美国 美国 100.00% 设立 Hafoo Securities Inc. 100美元 美国 美国 100.00% 设立 Hafoo Fintech Inc. 100美元 美国 美国 100.00% 设立 Hafoo Clearing Inc. 100美元 美国 美国 100.00% 设立 哈富网络科技有限公司 1港元 香港 香港 100.00% 设立 东方财富国际证券有限公司 1港元 香港 香港 100.00% 设立 东方财富国际期货有限公司 1港元 香港 香港 100.00% 设立 英属 维尔 哈富有限公司 5.00万美元 香港 100.00% 设立 京群 岛 2、在合营企业或联营企业中的权益 （1） 重要的合营企业或联营企业 合营企业或联 主要 持股比例 注册地 业务性质 对合营企业或联营企业投资的会计处理方法 营企业名称 经营地 直接 间接 漫道数字 上海 上海 信息服务 27.00% 权益法 （2） 重要联营企业的主要财务信息 单位：元 期末余额/本期发生额 期初余额/上期发生额 流动资产 4,945,147,605.77 9,254,888,212.18 非流动资产 136,598,458.43 137,944,305.46 资产合计 5,081,746,064.20 9,392,832,517.64 流动负债 4,288,047,579.76 8,",candidate_requires_manual_selection
300059.SZ,东方财富,revenue,152,营业收入,"300059|2025|110,128,501|91|110,128,501|91|110,128,501|91|110,128,501|91|324,427,092|69|323,245,154|48|1,517,749,840|25|1,146,111,744|41|31,318,871|64|18,975,460|04|31,318,871|64|18,975,460","300059 东方财富信息股份有限公司2025年年度报告全文 调整事项 110,128,501.91 110,128,501.91 --商誉 --内部交易未实现利润 --其他 110,128,501.91 110,128,501.91 对联营企业权益投资的账面价值 324,427,092.69 323,245,154.48 存在公开报价的联营企业权益投资的 公允价值 营业收入 1,517,749,840.25 1,146,111,744.41 净利润 31,318,871.64 18,975,460.04 终止经营的净利润 其他综合收益 综合收益总额 31,318,871.64 18,975,460.04 本年度收到的来自联营企业的股利 27,000,000.00 （3） 不重要的合营企业和联营企业的汇总财务信息 本期末本公司对不重要的联营企业投资账面价值合计为115,141,109.77元。上述联营企业净亏损合计为75,343,786.58元， 其他综合收益合计为160,645.50 元，综合收益总额合计为亏损75,183,141.08元。 3、在未纳入合并财务报表范围的结构化主体中的权益 未纳入合并财务报表范围的结构化主体的相关说明： 截至2025年12月31日，本公司未纳入合并财务报表范围的本公司之子公司管理的结构化主体主要为基金及资产管理计 划。这些基金及资产管理计划根据合同约定投资于各类许可的金融产品。 本公司在上述结构化主体中的投资之账面价值共计约人民币4,329,908,380.32元，全部分类为以公允价值计量且其变动计入 当期损益的金融资产。上述基金及资产管理计划投资的最大损失敞口与其账面价值相近。 截至2025年12月31日，本公司未纳入合并财务报表范围的由其他第三方金融机构发起设立的结构化主体主要为银行理 财、基金及资产管理计划等。本公司通过直接持有投资在上述结构化主体享有权益，全部分类为以公允价值计量且其变动 计入当期损益的金融资产。上述银行理财、基金及资产管理计划等投资的最大损失敞口与其账面价值相近。 本年度本公司从由本公司之子公司管理但未纳入合并财务报表范围的、且资产负债表日在该结构化主体中没有权益的基金 及资产管理计划中获取的管理费收入为人民币70,845,150.51元。 十一、政府补助 1、报告期末按应收金额确认的政府补助 □适用 ",candidate_requires_manual_selection
300059.SZ,东方财富,total_assets,165,资产总额,"300059|2025|1|1|55,952,737,570|27|51,368,091,944|09|2,184,316,866|63|109,505,146,380|99|1|51,370,887|57|46,269,662,516|39|46,321,033,403|96|2|19,405,453,247|14|496,113,386|21|19,901,566,633","300059 东方财富信息股份有限公司2025年年度报告全文 1、以公允价值计量的资产和负债的期末公允价值 单位：元 期末公允价值 项目 第一层次公允价值计 第二层次公允价值计 第三层次公允价值计 合计 量 量 量 持续的公允价值计量 -- -- -- -- 1.交易性金融资产 55,952,737,570.27 51,368,091,944.09 2,184,316,866.63 109,505,146,380.99 （1）债券 51,370,887.57 46,269,662,516.39 46,321,033,403.96 （2）基金 19,405,453,247.14 496,113,386.21 19,901,566,633.35 （3）股票及新三板 3,246,285,340.46 14,202,279.48 3,260,487,619.94 （4）银行理财及结构 33,249,628,095.10 2,470,894,617.41 35,720,522,712.51 性存款 （5）资管计划 1,629,236,592.26 1,629,236,592.26 （6）其他 502,184,831.82 2,170,114,587.15 2,672,299,418.97 2.衍生金融资产 108,966,896.89 108,966,896.89 3.一年内到期的非流 880,605,960.28 880,605,960.28 动资产 4.其他债权投资 7,331,491,147.52 7,331,491,147.52 5.其他权益工具投资 884,700,854.91 4,539,342,960.00 1,400,000.00 5,425,443,814.91 （1）永续债 4,539,342,960.00 4,539,342,960.00 （2）股票 884,700,854.91 884,700,854.91 （3）期货会员资格投 1,400,000.00 1,400,000.00 资 6.其他非流动金融资 28,397,021.49 5,068,975.15 370,675,419.13 404,141,415.77 产 （1）股权、基金及银 28,397,021.49 5,068,975.15 370,675,419.13 404,141,415.7",candidate_requires_manual_selection
300059.SZ,东方财富,total_assets,173,资产总额,"300059|2025|1|1|2|3,182,040,383|70|350,229,619|35|3,532,270,003|05|3,435,457,699|90|3,435,457,699|90|9,100,013,336|56|9,100,013,336|56|3,182,040,383|70|12,535,471,036|46|350,229,619|35","300059 东方财富信息股份有限公司2025年年度报告全文 十八、其他重要事项 1、分部信息 （1） 报告分部的确定依据与会计政策 根据本公司的内部组织结构、管理要求及内部报告制度确定经营分部，各个报告分部分别提供不同的产品或服务，本公司 以产品或服务内容确定报告分部，但因相关业务混合经营，故资产总额和负债总额及期间费用未进行分配。 （2） 报告分部的财务信息 单位：元 项目 金融电子商务服务 证券业务 金融数据服务等 合计 营业收入 3,182,040,383.70 350,229,619.35 3,532,270,003.05 利息净收入 3,435,457,699.90 3,435,457,699.90 手续费及佣金净收入 9,100,013,336.56 9,100,013,336.56 营业总收入合计 3,182,040,383.70 12,535,471,036.46 350,229,619.35 16,067,741,039.51 营业成本 222,453,446.25 325,631,658.70 548,085,104.95 营业成本合计 222,453,446.25 325,631,658.70 548,085,104.95 2、其他对投资者决策有影响的重要交易和事项 公司无其他需说明的重要事项。 十九、母公司财务报表主要项目注释 1、应收账款 （1） 按账龄披露 单位：元 账龄 期末账面余额 期初账面余额 1年以内（含1年） 175,505,750.88 91,714,270.53 1至2年 3,480,188.55 2,625,153.58 2至3年 2,440,688.49 2,583,901.03 3年以上 1,491,520.83 2,645,938.90 3至4年 888,690.64 427,431.08 4至5年 405,660.38 197,169.81 5年以上 197,169.81 2,021,338.01 合计 182,918,148.75 99,569,264.04 （2） 按坏账计提方法分类披露 单位：元 173",candidate_requires_manual_selection
300059.SZ,东方财富,revenue,173,营业收入,"300059|2025|1|1|2|3,182,040,383|70|350,229,619|35|3,532,270,003|05|3,435,457,699|90|3,435,457,699|90|9,100,013,336|56|9,100,013,336|56|3,182,040,383|70|12,535,471,036|46|350,229,619|35","300059 东方财富信息股份有限公司2025年年度报告全文 十八、其他重要事项 1、分部信息 （1） 报告分部的确定依据与会计政策 根据本公司的内部组织结构、管理要求及内部报告制度确定经营分部，各个报告分部分别提供不同的产品或服务，本公司 以产品或服务内容确定报告分部，但因相关业务混合经营，故资产总额和负债总额及期间费用未进行分配。 （2） 报告分部的财务信息 单位：元 项目 金融电子商务服务 证券业务 金融数据服务等 合计 营业收入 3,182,040,383.70 350,229,619.35 3,532,270,003.05 利息净收入 3,435,457,699.90 3,435,457,699.90 手续费及佣金净收入 9,100,013,336.56 9,100,013,336.56 营业总收入合计 3,182,040,383.70 12,535,471,036.46 350,229,619.35 16,067,741,039.51 营业成本 222,453,446.25 325,631,658.70 548,085,104.95 营业成本合计 222,453,446.25 325,631,658.70 548,085,104.95 2、其他对投资者决策有影响的重要交易和事项 公司无其他需说明的重要事项。 十九、母公司财务报表主要项目注释 1、应收账款 （1） 按账龄披露 单位：元 账龄 期末账面余额 期初账面余额 1年以内（含1年） 175,505,750.88 91,714,270.53 1至2年 3,480,188.55 2,625,153.58 2至3年 2,440,688.49 2,583,901.03 3年以上 1,491,520.83 2,645,938.90 3至4年 888,690.64 427,431.08 4至5年 405,660.38 197,169.81 5年以上 197,169.81 2,021,338.01 合计 182,918,148.75 99,569,264.04 （2） 按坏账计提方法分类披露 单位：元 173",candidate_requires_manual_selection
300059.SZ,东方财富,revenue,179,营业收入,"300059|2025|1,181,034|00|374,402|00|1,555,436|00|45,171,773,432|96|63,000,000|00|4,528,700,900|00|6,603,252|00|49,707,077,584|96|63,000,000|00|2|323,245,154|48|25,120,485|00","300059 东方财富信息股份有限公司2025年年度报告全文 其他子公司 1,181,034.00 374,402.00 1,555,436.00 合计 45,171,773,432.96 63,000,000.00 4,528,700,900.00 6,603,252.00 49,707,077,584.96 63,000,000.00 （2） 对联营、合营企业投资 单位：元 本期增减变动 其他 宣告发 期末余额 被投资 期初余额（账 减值准备期 权益法下确 其他 计提 减值准备期 追加 减少 综合 放现金 其 （账面价 单位 面价值） 初余额 认的投资损 权益 减值 末余额 投资 投资 收益 股利或 他 值） 益 变动 准备 调整 利润 一、合营企业 二、联营企业 漫道数字 323,245,154.48 25,120,485.00 1,181,938.21 324,427,092.69 25,120,485.00 合计 323,245,154.48 25,120,485.00 1,181,938.21 324,427,092.69 25,120,485.00 可收回金额按公允价值减去处置费用后的净额确定 □适用 不适用 可收回金额按预计未来现金流量的现值确定 □适用 不适用 4、营业收入和营业成本 单位：元 本期发生额 上期发生额 项目 收入 成本 收入 成本 主营业务 4,531,884,934.72 403,123,964.83 3,842,510,553.92 352,856,708.72 合计 4,531,884,934.72 403,123,964.83 3,842,510,553.92 352,856,708.72 营业收入、营业成本的分解信息： 单位：元 技术服务 金融数据服务等 合计 合同分类 营业收入 营业收入 营业收入 业务类型 4,347,499,698.31 184,385,236.41 4,531,884,934.72 合计 4,347,499,698.31 184,385,236.41 4,531,884,934.72 与履约义务相关的信息： 本公司经营活动主要分为技术服务及金融数据服务等，各业务合同的与履约义务相关的主要信息如下： 技术服务： （1）履约义务的履行时间：在合同约定期限内，持续提供技术服务，按照履约进度确认收入。 ",candidate_requires_manual_selection
600446.SH,金证股份,revenue,6,营业收入,"2025|61|2025|2024|2023|2,418,857,503|49|4,693,117,962|98|48.46|6,220,952,464|63|2,417,857,861|96|4,684,767,520|97|48.39|6,216,417,699|96|149,845,331|18|169,056,614|02|368,117,683|52","深圳市金证科技股份有限公司2025年年度报告 六、 其他相关资料 名称 立信会计师事务所（特殊普通合伙） 公司聘请的会计师事务所 办公地址 上海市黄浦区南京路61号四楼 （境内） 签字会计师姓名 李建军、吴健东 七、 近三年主要会计数据和财务指标 (一) 主要会计数据 单位：元 币种：人民币 本期比上年 主要会计数据 2025年 2024年 2023年 同期增减(%) 营业收入 2,418,857,503.49 4,693,117,962.98 -48.46 6,220,952,464.63 扣除与主营业务无关 的业务收入和不具备 2,417,857,861.96 4,684,767,520.97 -48.39 6,216,417,699.96 商业实质的收入后的 营业收入 利润总额 -149,845,331.18 -169,056,614.02 不适用 368,117,683.52 归属于上市公司股东 -168,353,895.22 -202,418,440.19 不适用 369,334,432.41 的净利润 归属于上市公司股东 的扣除非经常性损益 -203,319,009.15 -246,145,956.59 不适用 264,407,677.22 的净利润 经营活动产生的现金 322,784,600.27 770,352,669.60 -58.10 175,099,120.58 流量净额 本期末比上 2025年末 2024年末 年同期末增 2023年末 减（%） 归属于上市公司股东 3,588,540,997.64 3,647,916,401.79 -1.63 3,902,894,866.95 的净资产 总资产 5,458,738,027.91 5,778,493,064.17 -5.53 6,726,345,379.60 (二) 主要财务指标 本期比上年同 主要财务指标 2025年 2024年 2023年 期增减(%) 基本每股收益（元／股） -0.1782 -0.2141 不适用 0.3920 稀释每股收益（元／股） -0.1782 -0.2141 不适用 0.3906 扣除非经常性损益后的基本每股 -0.2152 -0.2604 不适用 0.2806 收益（元／股） 增加0.72个百 加权平均净资产收益率（%） -4.64 -5.36 9.69 分点 扣",candidate_requires_manual_selection
600446.SH,金证股份,revenue,7,营业收入,"2025|2025|0.0359|0.72|2025|1|3|4|6|7|9|10|12|521,247,483|83|686,513,351|90|563,332,183|65|647,764,484|11|95,195,955|45|56,362,177|15","深圳市金证科技股份有限公司2025年年度报告 2025年公司归属于上市公司股东的净利润较上年同期减少亏损，基本每股收益较上年同期增 加0.0359元/股，加权平均净资产收益率较上年同期增加0.72个百分点。 报告期内，相关财务数据变动原因一是公司聚焦金融科技主业，主动收缩IT设备分销业务规 模以及银行机构业务规模，把更多的资源调整到金融科技主业，在维持毛利润水平的情况下，降 低了期间费用；二是公司数字经济板块项目受市场变化影响，回款不确定性增加，导致计提资产 减值损失。 八、 境内外会计准则下会计数据差异 (一) 同时按照国际会计准则与按中国会计准则披露的财务报告中净利润和归属于上市公司股东 的净资产差异情况 □适用 √不适用 (二) 同时按照境外会计准则与按中国会计准则披露的财务报告中净利润和归属于上市公司股东 的净资产差异情况 □适用 √不适用 (三) 境内外会计准则差异的说明： □适用 √不适用 九、 2025年分季度主要财务数据 单位：元 币种：人民币 第一季度 第二季度 第三季度 第四季度 （1-3月份） （4-6月份） （7-9月份） （10-12月份） 营业收入 521,247,483.83 686,513,351.90 563,332,183.65 647,764,484.11 归属于上市公司股东的净 -95,195,955.45 56,362,177.15 -17,699,236.91 -111,820,880.01 利润 归属于上市公司股东的扣 除非经常性损益后的净利 -102,329,104.28 44,408,501.73 -25,969,769.03 -119,428,637.57 润 经营活动产生的现金流量 -20,379,854.65 -23,104,614.29 13,882,930.71 352,386,138.50 净额 季度数据与已披露定期报告数据差异说明 □适用 √不适用 十、 非经常性损益项目和金额 √适用 □不适用 单位：元 币种：人民币 附注（如 非经常性损益项目 2025年金额 2024年金额 2023年金额 适用） 非流动性资产处置损益，包括已计提资产减 -2,466,063.66 462,463.27 38,430,336.76 值准备的冲销部分 计入当期损益的政府补助，但与公司正常经 6,399,076.02 1",candidate_requires_manual_selection
600446.SH,金证股份,net_profit_attributable,7,归属于上市公司股东的净利润,"2025|2025|0.0359|0.72|2025|1|3|4|6|7|9|10|12|521,247,483|83|686,513,351|90|563,332,183|65|647,764,484|11|95,195,955|45|56,362,177|15","深圳市金证科技股份有限公司2025年年度报告 2025年公司归属于上市公司股东的净利润较上年同期减少亏损，基本每股收益较上年同期增 加0.0359元/股，加权平均净资产收益率较上年同期增加0.72个百分点。 报告期内，相关财务数据变动原因一是公司聚焦金融科技主业，主动收缩IT设备分销业务规 模以及银行机构业务规模，把更多的资源调整到金融科技主业，在维持毛利润水平的情况下，降 低了期间费用；二是公司数字经济板块项目受市场变化影响，回款不确定性增加，导致计提资产 减值损失。 八、 境内外会计准则下会计数据差异 (一) 同时按照国际会计准则与按中国会计准则披露的财务报告中净利润和归属于上市公司股东 的净资产差异情况 □适用 √不适用 (二) 同时按照境外会计准则与按中国会计准则披露的财务报告中净利润和归属于上市公司股东 的净资产差异情况 □适用 √不适用 (三) 境内外会计准则差异的说明： □适用 √不适用 九、 2025年分季度主要财务数据 单位：元 币种：人民币 第一季度 第二季度 第三季度 第四季度 （1-3月份） （4-6月份） （7-9月份） （10-12月份） 营业收入 521,247,483.83 686,513,351.90 563,332,183.65 647,764,484.11 归属于上市公司股东的净 -95,195,955.45 56,362,177.15 -17,699,236.91 -111,820,880.01 利润 归属于上市公司股东的扣 除非经常性损益后的净利 -102,329,104.28 44,408,501.73 -25,969,769.03 -119,428,637.57 润 经营活动产生的现金流量 -20,379,854.65 -23,104,614.29 13,882,930.71 352,386,138.50 净额 季度数据与已披露定期报告数据差异说明 □适用 √不适用 十、 非经常性损益项目和金额 √适用 □不适用 单位：元 币种：人民币 附注（如 非经常性损益项目 2025年金额 2024年金额 2023年金额 适用） 非流动性资产处置损益，包括已计提资产减 -2,466,063.66 462,463.27 38,430,336.76 值准备的冲销部分 计入当期损益的政府补助，但与公司正常经 6,399,076.02 1",candidate_requires_manual_selection
600446.SH,金证股份,revenue,9,营业收入,"2025|241,885|75|469,311|80|99.96|835.04|0.04|0.18|1|99.96|835.04|2|3|4|5|6|99.96|835.04|9|212","深圳市金证科技股份有限公司2025年年度报告 十一、 营业收入扣除情况表 单位：万元 币种：人民币 项目 本年度 具体扣除情况 上年度 具体扣除情况 营业收入金额 241,885.75 469,311.80 营业收入扣除项目合计金额 99.96 835.04 营业收入扣除项目合计金额占营业收入的比重（%） 0.04 / 0.18 / 一、与主营业务无关的业务收入 1. 正常经营之外的其他业务收入。如出租固定资产、 无形资产、包装物，销售材料，用材料进行非货币性 资产交换，经营受托管理业务等实现的收入，以及虽 99.96 835.04 计入主营业务收入，但属于上市公司正常经营之外的 收入。 2. 不具备资质的类金融业务收入，如拆出资金利息 收入；本会计年度以及上一会计年度新增的类金融业 务所产生的收入，如担保、商业保理、小额贷款、融 资租赁、典当等业务形成的收入，为销售主营产品而 开展的融资租赁业务除外。 3. 本会计年度以及上一会计年度新增贸易业务所产 生的收入。 4. 与上市公司现有正常经营业务无关的关联交易产 生的收入。 5. 同一控制下企业合并的子公司期初至合并日的收 入。 6. 未形成或难以形成稳定业务模式的业务所产生的 收入。 与主营业务无关的业务收入小计 99.96 835.04 二、不具备商业实质的收入 9/212",candidate_requires_manual_selection
600446.SH,金证股份,revenue,10,营业收入,"2025|1|2|3|4|5|6|241,785|79|468,476|75|10|212","深圳市金证科技股份有限公司2025年年度报告 1. 未显著改变企业未来现金流量的风险、时间分布 或金额的交易或事项产生的收入。 2. 不具有真实业务的交易产生的收入。如以自我交 易的方式实现的虚假收入，利用互联网技术手段或其 他方法构造交易产生的虚假收入等。 3. 交易价格显失公允的业务产生的收入。 4. 本会计年度以显失公允的对价或非交易方式取得 的企业合并的子公司或业务产生的收入。 5. 审计意见中非标准审计意见涉及的收入。 6. 其他不具有商业合理性的交易或事项产生的收 入。 不具备商业实质的收入小计 三、与主营业务无关或不具备商业实质的其他收入 营业收入扣除后金额 241,785.79 468,476.75 10/212",candidate_requires_manual_selection
600446.SH,金证股份,revenue,11,营业收入,"2025|844,409,338|59|1,211,263,686|59|366,854,348|00|22,062,290|89|36,036,599|66|9,664,294|74|26,372,304|92|89,707,599|62|206,822,428|32|117,114,828|70|5,276,423|32|49,392,942|45","深圳市金证科技股份有限公司2025年年度报告 十二、 存在股权激励、员工持股计划的公司可选择披露扣除股份支付影响后的净利润 □适用 √不适用 十三、 采用公允价值计量的项目 √适用 □不适用 单位：元 币种：人民币 对当期利润的 项目名称 期初余额 期末余额 当期变动 影响金额 交易性金融资产 844,409,338.59 1,211,263,686.59 366,854,348.00 22,062,290.89 应收款项融资 36,036,599.66 9,664,294.74 -26,372,304.92 其他非流动金融资产 89,707,599.62 206,822,428.32 117,114,828.70 5,276,423.32 其他权益工具投资 49,392,942.45 43,432,182.35 -5,960,760.10 一年内到期的非流动 197,176,712.33 326,841,649.32 129,664,936.99 6,483,950.69 资产 合计 1,216,723,192.65 1,798,024,241.32 581,301,048.67 33,822,664.90 十四、 其他 □适用 √不适用 第三节 管理层讨论与分析 一、报告期内公司从事的业务情况 2025年，金融科技行业面临复杂的外部环境，尽管行业整体呈现信创需求增加，人工智能等 创新技术驱动业务变革的发展态势，但由于受宏观环境影响，下游金融机构客户IT投入仍趋于保 守，金融IT公司仍面临较大增长压力。在此背景下，公司主动调整战略，果断收缩并清理非金融 科技业务，通过进一步聚焦主业，持续加大核心技术与产品研发投入，积极寻求突破与可持续发 展。报告期内，公司实现营业收入24.19亿元，同比减少48.46%；实现归属于上市公司股东的净 利润-1.68亿元，实现归属于上市公司股东的扣除非经常性损益的净利润-2.03亿元。报告期末， 公司总资产54.59亿元，同比上年度末减少5.53%；归属于上市公司股东的净资产35.89亿元，同 比上年度末减少1.63%。 （一）新一代财富科技信创产品成功拓展多家客户，产品性能获得市场验证 金证基于全域金融积极响应行业信创改造，近年来已完成证券行业全产品、全领域的信创改 造适配，为金融安全筑牢“压舱石”。金证自研开放云原生技术平台KOC",candidate_requires_manual_selection
600446.SH,金证股份,revenue,16,营业收入,"2025|20|24.19|48.46|1.68|2.03|54.59|5.53|35.89|1.63|1|2,418,857,503|49|4,693,117,962|98|48.46|1,469,308,379|33|3,602,182,426|60|59.21|147,723,406|47|176,939,355|72","深圳市金证科技股份有限公司2025年年度报告 在产品上，公司能够为金融机构客户提供全流程、前中后台兼备的整体解决方案，并提供售 前、售中、售后全流程跟进服务；公司的核心交易系统、投资管理系统、TA系统等核心软件产 品在行业内有深厚的客户基础。 在品牌上，金融科技行业具备较高行业壁垒，其业务处理复杂度高，容错率低，对IT系统要 求严苛。公司具有20余年金融领域的业务系统开发及服务工作经验，专注金融领域自主知识产权 技术研发，对市场情况、客户需求理解深刻。同时公司产品稳定、质控严格、开发流程规范，有 大量成功的服务案例，让公司在业内获得了良好的品牌声誉及广泛的市场认可度。 五、报告期内主要经营情况 报告期内，公司实现营业收入24.19亿元，同比减少48.46%；实现归属于上市公司股东的净 利润-1.68亿元，实现归属于上市公司股东的扣除非经常性损益的净利润-2.03亿元。报告期末， 公司总资产54.59亿元，同比上年度末减少5.53%；归属于上市公司股东的净资产35.89亿元，同 比上年度末减少1.63%。 (一) 主营业务分析 1、 利润表及现金流量表相关科目变动分析表 单位：元 币种：人民币 科目 本期数 上年同期数 变动比例（%） 营业收入 2,418,857,503.49 4,693,117,962.98 -48.46 营业成本 1,469,308,379.33 3,602,182,426.60 -59.21 销售费用 147,723,406.47 176,939,355.72 -16.51 管理费用 381,361,497.06 403,189,634.42 -5.41 财务费用 8,230,424.46 1,199,440.86 586.19 研发费用 484,102,285.64 533,501,086.60 -9.26 经营活动产生的现金流量净额 322,784,600.27 770,352,669.60 -58.10 投资活动产生的现金流量净额 -491,643,709.85 -968,787,500.49 不适用 筹资活动产生的现金流量净额 -85,744,579.64 -611,192,186.82 不适用 营业收入变动原因说明：主要系IT设备分销业务、数字经济业务收入下降所致。 营业成本变动原因说明：主要系IT设备分销业务、数字经济业务成本下降所",candidate_requires_manual_selection
600446.SH,金证股份,revenue,17,营业收入,"2025|2|1|4.88|1,798,041,459|82|981,214,789|59|45.43|22.10|28.50|6.58|572,175,973|45|67,338,931|08|88.23|15.48|25.92|0.70|120,947,548|22|32,022,832|89|73.52","深圳市金证科技股份有限公司2025年年度报告 2、 收入和成本分析 √适用 □不适用 详见以下内容 (1). 主营业务分行业、分产品、分地区、分销售模式情况 单位：元 币种：人民币 主营业务分行业情况 营业收 营业成 毛利率比 毛利率 入比上 本比上 分行业 营业收入 营业成本 上年增减 （%） 年增减 年增减 （%） （%） （%） 增加4.88 金融行业 1,798,041,459.82 981,214,789.59 45.43 -22.10 -28.50 个百分点 增加6.58 其中：证券经纪软件业务 572,175,973.45 67,338,931.08 88.23 15.48 -25.92 个百分点 减少0.70 资管机构软件业务 120,947,548.22 32,022,832.89 73.52 -9.20 -6.75 个百分点 增加4.23 银行软件业务 149,083,455.77 124,826,163.42 16.27 -71.37 -72.75 个百分点 增加12.23 综合金融软件业务 24,008,980.71 9,579,433.57 60.10 -7.04 -28.85 个百分点 减少11.76 定制服务业务 931,825,501.67 747,447,428.63 19.79 -17.75 -3.61 个百分点 增加14.85 非金融行业 619,816,402.14 487,387,165.58 21.37 -73.92 -78.06 个百分点 增加16.63 其中：数字经济业务 130,079,606.19 101,107,560.69 22.27 -42.55 -52.67 个百分点 增加9.86 IT设备分销业务 419,581,404.26 359,512,009.37 14.32 -79.73 -81.82 个百分点 减少0.17 科技园租赁业务 70,155,391.69 26,767,595.52 61.85 -12.57 -12.18 个百分点 增加15.98 合计 2,417,857,861.96 1,468,601,955.17 39.26 -48.39 -59.14 个百分点 主营业务分产品情况 营业收 营业成 毛利率比 毛利率 入比上 本比上 分产品 营业收入 营业成本 上年增减 （%） 年增减 年增减",candidate_requires_manual_selection
600446.SH,金证股份,revenue,18,营业收入,"2025|6.09|207,652,418|26|175,562,050|78|15.45|63.09|65.58|2.68|79,553,818|25|53,835,409|76|32.33|15.91|12.43|17.12|2,118,775,101|75|1,227,874,120|98|42.05|47.26|59.29","深圳市金证科技股份有限公司2025年年度报告 营业收 营业成 毛利率比 毛利率 入比上 本比上 分地区 营业收入 营业成本 上年增减 （%） 年增减 年增减 （%） （%） （%） 增加6.09 华北分部 207,652,418.26 175,562,050.78 15.45 -63.09 -65.58 个百分点 减少2.68 华东分部 79,553,818.25 53,835,409.76 32.33 -15.91 -12.43 个百分点 增加17.12 中南分部 2,118,775,101.75 1,227,874,120.98 42.05 -47.26 -59.29 个百分点 减少31.81 西南分部 11,876,523.70 11,330,373.65 4.60 15.77 73.68 个百分点 增加15.98 合计 2,417,857,861.96 1,468,601,955.17 39.26 -48.39 -59.14 个百分点 主营业务分销售模式情况 营业收 营业成 毛利率比 毛利率 入比上 本比上 销售模式 营业收入 营业成本 上年增减 （%） 年增减 年增减 （%） （%） （%） 增加15.98 直销 2,417,857,861.96 1,468,601,955.17 39.26 -48.39 -59.14 个百分点 主营业务分行业、分产品、分地区、分销售模式情况的说明 不适用 (2). 产销量情况分析表 □适用 √不适用 (3). 重大采购合同、重大销售合同的履行情况 □适用√不适用 (4). 成本分析表 单位：元 币种：人民币 分行业情况 本期金 本期占 上年同 额较上 总成本 期占总 情况 分行业 成本构成项目 本期金额 上年同期金额 年同期 比例 成本比 说明 变动比 (%) 例(%) 例(%) 硬件采购成本 15,607,379.51 1.06 194,384,870.19 5.41 -91.97 职工薪酬成本 769,125,681.62 52.37 875,642,909.18 24.36 -12.16 金融行 外购劳务及服 193,247,254.02 13.16 299,763,867.00 8.34 -35.53 业 务成本 项目费用 3,234,474.44 0.22 2,441,897.94 0.07 32.46 小计 ",candidate_requires_manual_selection
600446.SH,金证股份,revenue,20,营业收入,"2025|42,280|52|17.48|0.00|0.00|61,105|97|54.46|3,857|38|3.44|50|5|50|5|41,958|14|206,991|08|79.73|10|10|3|147,723,406","深圳市金证科技股份有限公司2025年年度报告 实际控制的除外。 下列客户及供应商信息按照同一控制口径合并计算列示的情况说明 不适用 A.公司主要销售客户及主要供应商情况 √适用 □不适用 前五名客户销售额42,280.52万元，占年度销售总额17.48%；其中前五名客户销售额中关联方销售 额0.00万元，占年度销售总额0.00% 。 前五名供应商采购额61,105.97万元，占年度采购总额54.46%；其中前五名供应商采购额中关联方 采购额3,857.38万元，占年度采购总额3.44%。 B.报告期内向单个客户的销售比例超过总额的50%、前5名客户中存在新增客户的或严重依赖于 少数客户的情形 □适用 √不适用 报告期内向单个供应商的采购比例超过总额的50%、前5名供应商中存在新增供应商的或严重依 赖于少数供应商的情形 □适用 √不适用 C. 报告期内公司股票被实施退市风险警示或其他风险警示 前五名销售客户 □适用 √不适用 前五名供应商 □适用 √不适用 D. 报告期内公司存在贸易业务收入 √适用 □不适用 单位：万元 币种：人民币 本期营业收入比上年 贸易业务开展情况 本期营业收入 上期营业收入 同期增减（%） IT设备分销业务 41,958.14 206,991.08 -79.73 贸易业务占营业收入比例超过10%前五名销售客户 □适用 √不适用 贸易业务收入占营业收入比例超过10%前五名供应商 □适用 √不适用 其他说明： 无 3、 费用 √适用 □不适用 单位：元 变动比例 费用项目 本期数 上期数 变动原因说明 (%) 主要系本期人员减少，职工 销售费用 147,723,406.47 176,939,355.72 -16.51 薪酬及差旅费下降所致。 20/212",candidate_requires_manual_selection
600446.SH,金证股份,revenue,21,营业收入,"2025|381,361,497|06|403,189,634|42|5.41|484,102,285|64|533,501,086|60|9.26|8,230,424|46|1,199,440|86|586.19|4|1|484,102,285|64|16,112,541|14|500,214,826|78|20.68","深圳市金证科技股份有限公司2025年年度报告 管理费用 381,361,497.06 403,189,634.42 -5.41 无重大变化 研发费用 484,102,285.64 533,501,086.60 -9.26 无重大变化 主要系计入财务费用的理 财务费用 8,230,424.46 1,199,440.86 586.19 财收益减少所致。 4、 研发投入 (1).研发投入情况表 √适用 □不适用 单位：元 币种：人民币 本期费用化研发投入 484,102,285.64 本期资本化研发投入 16,112,541.14 研发投入合计 500,214,826.78 研发投入总额占营业收入比例（%） 20.68 研发投入资本化的比重（%） 3.22 (2).研发人员情况表 √适用□不适用 公司研发人员的数量 5,103 研发人员数量占公司总人数的比例（%） 78.47 研发人员学历结构 学历结构类别 学历结构人数 博士研究生 硕士研究生 159 本科 4,098 专科 840 高中及以下 6 研发人员年龄结构 年龄结构类别 年龄结构人数 30岁以下（不含30岁） 1,852 30-40岁（含30岁，不含40岁） 2,925 40-50岁（含40岁，不含50岁） 307 50-60岁（含50岁，不含60岁） 16 60岁及以上 3 (3).情况说明 □适用 √不适用 (4).研发人员构成发生重大变化的原因及对公司未来发展的影响 □适用 √不适用 5、 现金流 √适用 □不适用 单位：元 变动比例 现金流量表项目 本期数 上年同期数 变动原因说明 （%） 21/212",candidate_requires_manual_selection
600446.SH,金证股份,revenue,28,营业收入,"2025|2024|12|2|2024|1,440|2025|5|25|10|25,000|00|61,418|34|54,690|77|41,969|02|3,261|30|2,351|98|20,000|00|5,286","深圳市金证科技股份有限公司2025年年度报告 (六) 重大资产和股权出售 √适用 □不适用 公司于2024年12月2日召开了第八届董事会2024年第八次会议，审议通过了《关于出售参 股公司股权并签署意向协议的议案》，公司董事会同意公司向邦彦技术股份有限公司出售所持有 的深圳星网信通科技股份有限公司全部1,440万股股份，并授权经营管理层签署《邦彦技术股份 有限公司发行股份及支付现金购买资产的意向协议》及相关文件。 2025年5月25日，公司接到邦彦技术股份有限公司的通知，由于交易相关方未能就本次交 易的最终合作方案达成一致意见，终止本次交易。本次交易相关各方已正式签署终止协议。由于 本次出售参股公司股权的方案并未最终确定和正式生效，因此本次交易的终止不会对公司造成实 质性影响，不会对公司财务状况产生影响，不存在损害公司及中小股东利益的情形。 (七) 主要控股参股公司分析 √适用 □不适用 主要子公司及对公司净利润影响达10%以上的参股公司情况 √适用 □不适用 单位：万元 币种：人民币 公司名称 公司类型 主要业务 注册资本 总资产 净资产 营业收入 营业利润 净利润 深圳市齐普生科技 子公司 信息技术 25,000.00 61,418.34 54,690.77 41,969.02 3,261.30 2,351.98 股份有限公司 金证科技（上海）有 子公司 信息技术 20,000.00 5,286.58 3,170.34 5,196.30 -54.24 -46.02 限公司 金证金融科技（北京 子公司 信息技术 30,000.00 26,089.00 18,534.51 22,383.40 -1,299.55 -1,658.70 ）有限公司 成都金证信息技术 子公司 信息技术 20,000.00 18,198.65 17,912.56 852.99 -178.35 -178.35 有限公司 南京金证信息技术 子公司 信息技术 13,605.00 37,281.92 13,487.62 3,808.65 779.77 836.95 有限公司 金证财富南京科技 子公司 信息技术 3,716.47 50,031.89 19,939.19 6,418.82 1,497.25 1,500.88 有限公司 深圳市金微蓝技术 子公司 信息技术 3,703.70 11,091.6",candidate_requires_manual_selection
600446.SH,金证股份,revenue,64,营业收入,"2025|1|2|2025|241,885|75|2024|3|48.46|4|5|6|1|2|2025|12|31|31,395|88|3|7,018|97|24,376|91|73,269","深圳市金证科技股份有限公司2025年年度报告 请参阅财务报表附注“五、重要会计政策 （1）了解、评价并测试管理层与收入确认 和会计估计”/（三十四）所述的会计政策、“七、 相关的内部控制； 合并财务报表项目注释”/（六十一）以及“十 （2）获取金证股份与客户签订的销售合 九、母公司财务报表主要项目注释”/（四）。 同，对合同关键条款进行核实，如①交付 2025年度，金证股份公司确认的营业收入 及验收；②付款及结算；③违约条款； 为人民币 241,885.75 万元，同比 2024 年度下 （3）对营业收入和营业成本实施分析性程 降48.46%。由于营业收入是金证股份的关键业 序，分析收入增长的合理性，分析毛利率 绩指标之一，营业收入是否真实、准确、完整 波动原因，并与同行业毛利率对比； 计入恰当的会计期间可能存在潜在重大错报， （4）通过查询主要客户的工商资料，询问 因此，我们将营业收入的确认作为关键审计事 获取金证股份主要股东、董监高关联交易 项。 调查表，以确认客户与金证股份是否存在 关联关系； （5）结合收入审计程序确认当期收入的真 实性及完整性，如①检查金证股份与主要 客户的销售合同、发货单据、验收报告（或 项目进度报告或结算单）、记账凭证、回 款单据等资料；②抽取样本向客户函证款 项余额及当期销售额等； （6）就资产负债表日前后记录的收入交 易，选取样本，核对出库单、结算单及验 收报告等其他支持性文件，以确认营业收 入是否计入恰当的会计期间。 （二）应收账款和合同资产减值 请参阅财务报表附注“五、重要会计政策 （1）了解、评价并测试管理层与应收账款 和会计估计”/（十三）和（十七）所述的会计 和合同资产的减值相关的内部控制； 政策、“七、合并财务报表项目注释”/（五） （2）复核以前年度已计提坏账准备的应收 和（六）以及“十九、母公司财务报表主要项 账款及已计提减值准备的合同资产后续实 目注释”/（一）。 际核销或转回情况，评价管理层过往预测 截止2025年12月31日，金证股份应收账 的准确性； 款账面余额为人民币31,395.88 万元，应收账 （3）复核管理层对应收账款和合同资产进 款坏账准备为人民币7,018.97万元，应收账款 行减值测试的相关考虑和客观证据，评价 账面价值为人民币 24,376.91 万元，合同资产 管理层是否充分识别已发生减值",candidate_requires_manual_selection
600446.SH,金证股份,total_assets,65,资产总额,"2025|6|7|1|2|3|2025|12|31|60,712|33|11.12|4|5|2025|65|212","深圳市金证科技股份有限公司2025年年度报告 股份客户信誉情况和参考金证股份历史信 用损失经验，检查评价管理层预期信用损 失率是否合理；结合管理层评估的信用风 险组合，重新测算应收账款坏账准备和合 同资产减值准备计提金额是否准确； （6）分析主要客户应收账款及合同资产账 龄和客户信誉情况，并执行应收账款及合 同资产函证及期后回款检查程序，评价应 收账款坏账准备及合同资产减值准备计提 的合理性； （7）检查与应收账款和合同资产减值相关 的信息是否已在财务报表中作出恰当披 露。 （三）长期股权投资减值 请参阅财务报表附注“五、重要会计政策 （1）了解、评价并测试管理层与股权投资 和会计估计”/（十九）和（二十七）所述的会 业务循环相关的内部控制； 计政策、“七、合并财务报表项目注释”/（十 （2）获取并复核管理层评价长期股权投资 七）以及“十九、母公司财务报表主要项目注 是否存在减值迹象的资料； 释”/（三）。 （3）对存在减值迹象的长期股权投资，获 截止2025年12月31日，金证股份长期股 取管理层关于长期股权投资减值测试所依 权投资账面价值为 60,712.33 万元，占金证股 据的基础数据及相关依据，对金证股份提 份资产总额的比例为11.12%，是金证股份资产 供的管理层对相关资产可收回金额测算的 总额的重要组成部分。 过程和准确性进行检查与复核，评估金证 管理层在资产负债表日对长期股权投资是 股份长期股权投资减值测试方法的适用性 否存在减值迹象进行判断，对存在减值迹象的 与适当性。 长期股权投资进行了减值测试，按长期股权投 （4）与管理层和治理层就计提减值准备的 资可收回金额低于账面价值的差额计提减值准 依据和结果进行讨论。 备。管理层对长期股权投资之资产减值准备的 （5）检查财务报表中对于长期股权投资减 计提，需要依赖大量的判断和假设，且该类资 值相关信息的列报和披露的恰当性。 产对金证股份的财务报表具有重大影响，因此 将长期股权投资减值确定为关键审计事项。 四、 其他信息 金证股份管理层（以下简称“管理层”）对其他信息负责。其他信息包括金证 股份2025 年年度报告中涵盖的信息，但不包括财务报表和我们的审计报告。 我们对财务报表发表的审计意见不涵盖其他信息，我们也不对其他信息发表任 何形式的鉴证结论。 结合我们对财务报表的审计，我们的责任是阅读其他信息，在",candidate_requires_manual_selection
600446.SH,金证股份,total_assets,68,资产合计,"2025|2025|12|31|2025|12|31|2024|12|31|1|486,381,155|51|1,618,964,347|86|2|1,211,263,686|59|844,409,338|59|4|51,888|00|739,879|15","深圳市金证科技股份有限公司2025年年度报告 二、财务报表 合并资产负债表 2025年12月31日 编制单位：深圳市金证科技股份有限公司 单位：元 币种：人民币 项目 附注 2025年12月31日 2024年12月31日 流动资产： 货币资金 七、1 486,381,155.51 1,618,964,347.86 结算备付金 拆出资金 交易性金融资产 七、2 1,211,263,686.59 844,409,338.59 衍生金融资产 应收票据 七、4 51,888.00 739,879.15 应收账款 七、5 243,769,139.14 425,424,732.46 应收款项融资 七、7 9,664,294.74 36,036,599.66 预付款项 七、8 18,981,059.71 21,619,816.87 应收保费 应收分保账款 应收分保合同准备金 其他应收款 七、9 37,512,935.99 87,074,861.92 其中：应收利息 应收股利 七、9 7,298,634.11 买入返售金融资产 存货 七、10 261,360,450.60 531,079,202.89 其中：数据资源 合同资产 七、6 460,741,758.95 615,525,777.68 持有待售资产 一年内到期的非流动资产 七、12 884,265,572.64 197,176,712.33 其他流动资产 七、13 205,848,730.34 36,369,581.17 流动资产合计 3,819,840,672.21 4,414,420,850.58 非流动资产： 发放贷款和垫款 债权投资 其他债权投资 长期应收款 长期股权投资 七、17 607,123,341.30 596,319,331.61 其他权益工具投资 七、18 43,432,182.35 49,392,942.45 其他非流动金融资产 七、19 206,822,428.32 89,707,599.62 投资性房地产 七、20 476,351,125.21 490,884,124.42 固定资产 七、21 36,050,537.13 45,046,871.80 在建工程 生产性生物资产 油气资产 使用权资产 七、25 12,933,165.60 28,155,027.63 无形资产 七、26 35,182,8",candidate_requires_manual_selection
600446.SH,金证股份,total_assets,69,资产合计,"2025|27|28|11,394,281|43|15,447,643|79|29|15,168,678|31|21,107,285|72|30|187,148,204|59|1,289,497|41|1,638,897,355|70|1,364,072,213|59|5,458,738,027|91|5,778,493,064|17","深圳市金证科技股份有限公司2025年年度报告 其中：数据资源 商誉 七、27 长期待摊费用 七、28 11,394,281.43 15,447,643.79 递延所得税资产 七、29 15,168,678.31 21,107,285.72 其他非流动资产 七、30 187,148,204.59 1,289,497.41 非流动资产合计 1,638,897,355.70 1,364,072,213.59 资产总计 5,458,738,027.91 5,778,493,064.17 流动负债： 短期借款 七、32 664,588,499.58 762,638,125.58 向中央银行借款 拆入资金 交易性金融负债 衍生金融负债 应付票据 七、35 11,427,598.00 45,365,528.24 应付账款 七、36 249,056,969.38 438,654,822.26 预收款项 七、37 2,503,623.68 1,498,631.43 合同负债 七、38 395,629,784.01 347,757,818.03 卖出回购金融资产款 吸收存款及同业存放 代理买卖证券款 代理承销证券款 应付职工薪酬 七、39 213,277,874.43 171,058,653.18 应交税费 七、40 38,990,200.55 29,653,389.86 其他应付款 七、41 49,752,375.27 64,111,409.97 其中：应付利息 应付股利 七、41 2,820,000.00 2,820,000.00 应付手续费及佣金 应付分保账款 持有待售负债 一年内到期的非流动负债 七、43 10,839,987.60 23,213,245.40 其他流动负债 七、44 78,197,901.96 80,079,869.38 流动负债合计 1,714,264,814.46 1,964,031,493.33 非流动负债： 保险合同准备金 长期借款 七、45 5,000,000.00 应付债券 其中：优先股 永续债 租赁负债 七、47 6,479,065.69 15,265,489.08 长期应付款 长期应付职工薪酬 预计负债 七、50 1,118,428.00 递延收益 七、51 5,300,000.00 3,629,292.08 递延所得税负债 七、29 9,50",candidate_requires_manual_selection
600446.SH,金证股份,total_assets,70,资产合计,"2025|53|941,267,479|00|946,275,005|00|55|1,282,804,358|05|1,264,040,226|79|56|20,335,662|00|120,313,019|84|57|1,312,821|23|6,068,293|26|59|211,892,132|77|211,892,132","深圳市金证科技股份有限公司2025年年度报告 实收资本（或股本） 七、53 941,267,479.00 946,275,005.00 其他权益工具 其中：优先股 永续债 资本公积 七、55 1,282,804,358.05 1,264,040,226.79 减：库存股 七、56 20,335,662.00 120,313,019.84 其他综合收益 七、57 1,312,821.23 6,068,293.26 专项储备 盈余公积 七、59 211,892,132.77 211,892,132.77 一般风险准备 未分配利润 七、60 1,171,599,868.59 1,339,953,763.81 归属于母公司所有者权益 3,588,540,997.64 3,647,916,401.79 （或股东权益）合计 少数股东权益 129,652,240.53 136,666,843.36 所有者权益（或股东权 3,718,193,238.17 3,784,583,245.15 益）合计 负债和所有者权益（或 5,458,738,027.91 5,778,493,064.17 股东权益）总计 公司负责人：李结义 主管会计工作负责人：周志超 会计机构负责人：鲁丹 母公司资产负债表 2025年12月31日 编制单位：深圳市金证科技股份有限公司 单位：元 币种：人民币 项目 附注 2025年12月31日 2024年12月31日 流动资产： 货币资金 258,544,898.52 892,117,577.16 交易性金融资产 944,108,319.95 520,733,146.84 衍生金融资产 应收票据 302,240.60 应收账款 十九、1 73,713,127.61 112,423,273.03 应收款项融资 624,029.75 605,430.00 预付款项 2,829,144.61 6,594,467.53 其他应收款 十九、2 23,083,559.24 70,741,083.96 其中：应收利息 应收股利 40,478,634.11 存货 232,179,624.35 279,200,794.64 其中：数据资源 合同资产 442,482,592.55 525,726,449.61 持有待售资产 一年内到期的非流动资产 501,664,399.08 197,1",candidate_requires_manual_selection
600446.SH,金证股份,total_assets,71,资产合计,"2025|3|1,879,114,142|71|1,912,511,183|46|43,432,182|35|49,392,942|45|153,689,318|91|39,015,648|72|30,382,698|40|36,062,113|22|2,000,038|07|57,359,413|61|34,538,251|86|12,954,853","深圳市金证科技股份有限公司2025年年度报告 长期应收款 长期股权投资 十九、3 1,879,114,142.71 1,912,511,183.46 其他权益工具投资 43,432,182.35 49,392,942.45 其他非流动金融资产 153,689,318.91 39,015,648.72 投资性房地产 固定资产 30,382,698.40 36,062,113.22 在建工程 生产性生物资产 油气资产 使用权资产 2,000,038.07 57,359,413.61 无形资产 34,538,251.86 12,954,853.31 其中：数据资源 开发支出 7,290,593.72 13,028,419.86 其中：数据资源 商誉 长期待摊费用 5,089,050.86 4,140,964.51 递延所得税资产 297,444.03 8,876,928.89 其他非流动资产 187,148,204.59 1,289,497.41 非流动资产合计 2,342,981,925.50 2,134,631,965.44 资产总计 5,675,560,654.03 5,529,680,841.59 流动负债： 短期借款 591,581,499.58 547,613,545.02 交易性金融负债 衍生金融负债 应付票据 11,427,598.00 45,365,528.24 应付账款 404,523,611.16 428,247,733.03 预收款项 1,291,862.83 1,539,419.87 合同负债 348,381,599.80 284,371,798.75 应付职工薪酬 127,316,520.75 74,942,849.53 应交税费 22,514,457.03 9,557,056.33 其他应付款 30,526,632.52 37,626,150.78 其中：应付利息 应付股利 持有待售负债 一年内到期的非流动负债 1,855,390.72 9,759,027.66 其他流动负债 753,653,710.86 652,246,459.70 流动负债合计 2,293,072,883.25 2,091,269,568.91 非流动负债： 长期借款 应付债券 其中：优先股 永续债 租赁负债 127,569.50 52,229,719.53 长期应付款 ",candidate_requires_manual_selection
600446.SH,金证股份,revenue,72,营业收入,"2025|7,914,966|16|69,391,508|00|2,300,987,849|41|2,160,661,076|91|941,267,479|00|946,275,005|00|1,643,347,581|80|1,624,583,450|54|20,335,662|00|120,313,019|84|1,658,747|66|6,414,219|69","深圳市金证科技股份有限公司2025年年度报告 其他非流动负债 非流动负债合计 7,914,966.16 69,391,508.00 负债合计 2,300,987,849.41 2,160,661,076.91 所有者权益（或股东权益）： 实收资本（或股本） 941,267,479.00 946,275,005.00 其他权益工具 其中：优先股 永续债 资本公积 1,643,347,581.80 1,624,583,450.54 减：库存股 20,335,662.00 120,313,019.84 其他综合收益 1,658,747.66 6,414,219.69 专项储备 盈余公积 208,701,053.88 208,701,053.88 未分配利润 599,933,604.28 703,359,055.41 所有者权益（或股东权 3,374,572,804.62 3,369,019,764.68 益）合计 负债和所有者权益（或 5,675,560,654.03 5,529,680,841.59 股东权益）总计 公司负责人：李结义 主管会计工作负责人：周志超 会计机构负责人：鲁丹 合并利润表 2025年1—12月 单位：元 币种：人民币 项目 附注 2025年度 2024年度 一、营业总收入 七、61 2,418,857,503.49 4,693,117,962.98 其中：营业收入 2,418,857,503.49 4,693,117,962.98 利息收入 已赚保费 手续费及佣金收入 二、营业总成本 2,512,918,865.67 4,743,212,662.95 其中：营业成本 七、61 1,469,308,379.33 3,602,182,426.60 利息支出 手续费及佣金支出 退保金 赔付支出净额 提取保险责任准备金净额 保单红利支出 分保费用 税金及附加 七、62 22,192,872.71 26,200,718.75 销售费用 七、63 147,723,406.47 176,939,355.72 管理费用 七、64 381,361,497.06 403,189,634.42 研发费用 七、65 484,102,285.64 533,501,086.60 财务费用 七、66 8,230,424.46 1,199,440.86 其中：利息费用 七、66",candidate_requires_manual_selection
600446.SH,金证股份,net_profit_attributable,73,归属于母公司股东的净利润,"2025|68|18,210,662|09|28,043,379|93|15,353,144|60|7,797,598|43|70|23,537,603|11|15,443,044|83|71|2,285,619|41|36,539,706|70|72|123,213,129|08|174,288,280|52","深圳市金证科技股份有限公司2025年年度报告 投资收益（损失以“－”号填 七、68 18,210,662.09 28,043,379.93 列） 其中：对联营企业和合营企业 -15,353,144.60 7,797,598.43 的投资收益 以摊余成本计量的金融 资产终止确认收益 汇兑收益（损失以“－”号填 列） 净敞口套期收益（损失以“-” 号填列） 公允价值变动收益（损失以 七、70 23,537,603.11 15,443,044.83 “－”号填列） 信用减值损失（损失以“-”号 七、71 2,285,619.41 -36,539,706.70 填列） 资产减值损失（损失以“-”号 七、72 -123,213,129.08 -174,288,280.52 填列） 资产处置收益（损失以“－” 七、73 1,171,145.92 393,086.56 号填列） 三、营业利润（亏损以“－”号填列） -144,143,414.60 -167,947,139.30 加：营业外收入 七、74 2,455,060.97 403,368.18 减：营业外支出 七、75 8,156,977.55 1,512,842.90 四、利润总额（亏损总额以“－”号填 -149,845,331.18 -169,056,614.02 列） 减：所得税费用 七、76 15,887,166.87 13,932,414.19 五、净利润（净亏损以“－”号填列） -165,732,498.05 -182,989,028.21 （一）按经营持续性分类 1.持续经营净利润（净亏损以 -165,732,498.05 -182,989,028.21 “－”号填列） 2.终止经营净利润（净亏损以 “－”号填列） （二）按所有权归属分类 1.归属于母公司股东的净利润 -168,353,895.22 -202,418,440.19 （净亏损以“-”号填列） 2.少数股东损益（净亏损以“-” 2,621,397.17 19,429,411.98 号填列） 六、其他综合收益的税后净额 -4,755,472.03 1,469,683.48 （一）归属母公司所有者的其他综 -4,755,472.03 1,776,448.43 合收益的税后净额 1．不能重分类进损益的其他综 -5,819,631.81 1,613,096",candidate_requires_manual_selection
600446.SH,金证股份,revenue,74,营业收入,"2025|1|1,064,159|78|163,351|94|2|3|4|5|6|7|306,764|95|170,487,970|08|181,519,344|73|173,109,367|25|200,641,991|76|2,621,397|17|19,122,647","深圳市金证科技股份有限公司2025年年度报告 收益 （1）权益法下可转损益的其他综 1,064,159.78 163,351.94 合收益 （2）其他债权投资公允价值变动 （3）金融资产重分类计入其他综 合收益的金额 （4）其他债权投资信用减值准备 （5）现金流量套期储备 （6）外币财务报表折算差额 （7）其他 （二）归属于少数股东的其他综合 -306,764.95 收益的税后净额 七、综合收益总额 -170,487,970.08 -181,519,344.73 （一）归属于母公司所有者的综合 -173,109,367.25 -200,641,991.76 收益总额 （二）归属于少数股东的综合收益 2,621,397.17 19,122,647.03 总额 八、每股收益： （一）基本每股收益(元/股) -0.1782 -0.2141 （二）稀释每股收益(元/股) -0.1782 -0.2141 本期发生同一控制下企业合并的，被合并方在合并前实现的净利润为：0.00 元, 上期被合并方实 现的净利润为： 0.00 元。 公司负责人：李结义 主管会计工作负责人：周志超 会计机构负责人：鲁丹 母公司利润表 2025年1—12月 单位：元 币种：人民币 项目 附注 2025年度 2024年度 一、营业收入 十九、4 985,199,968.85 1,821,152,536.93 减：营业成本 十九、4 375,660,469.29 1,297,367,341.36 税金及附加 10,195,742.12 9,459,609.22 销售费用 62,199,687.57 51,005,347.69 管理费用 222,836,353.53 196,198,026.47 研发费用 404,963,839.81 446,613,043.93 财务费用 1,098,588.25 -16,231,478.81 其中：利息费用 2,770,703.18 7,598,360.99 利息收入 10,536,231.37 33,823,426.96 加：其他收益 23,040,367.17 40,280,807.37 投资收益（损失以“－”号填 十九、5 76,067,147.13 84,742,748.28 列） 其中：对联营企业和合营企业 -14,911,498.80 9,184,905.4",candidate_requires_manual_selection
600446.SH,金证股份,total_assets,88,资产总额,2025|1|2025|12|31|2025|2|1|1|12|31|3|12|4|5|0.5|0.5|0.5|0.5|1|0.5|5|0.5|6|1,深圳市金证科技股份有限公司2025年年度报告 1、 遵循企业会计准则的声明 本公司所编制的财务报表符合企业会计准则的要求，真实、完整地反映了本公司2025年12月31 日的合并及母公司财务状况以及2025年度的合并及母公司经营成果和现金流量。 2、 会计期间 本公司会计年度自公历1月1日起至12月31日止。 3、 营业周期 √适用 □不适用 本公司营业周期为12个月。 4、 记账本位币 本公司的记账本位币为人民币。本公司下属子公司根据其经营所处的主要经济环境确定其记账本 位币，金证技术（香港）有限公司的记账本位币为港币。本财务报表以人民币列示。 5、 重要性标准确定方法和选择依据 √适用 □不适用 项目 重要性标准 重要的单项计提坏账准备的应收账款 公司将单项应收账款金额超过资产总额× 重要的应收账款坏账准备收回或转回 0.5%的应收账款认定为重要的应收账款 重要的核销应收账款 重要的单项计提坏账准备的其他应收款 公司将单项其他应收款金额超过资产总额× 重要的其他应收款坏账准备收回或转回 0.5%的其他应收款认定为重要的其他应收款 重要的核销其他应收款 重要的单项计提减值准备的合同资产 公司将单项合同资产金额超过资产总额× 重要的合同资产减值准备收回或转回 0.5%的合同资产认定为重要的合同资产 重要的核销合同资产 公司将单项预付款项金额超过资产总额×0.5% 重要的账龄超过1年的预付款项 的预付款项认定为重要的预付款项 公司将投资活动现金流量金额超过资产总额 重要的投资活动现金流量 0.5%的投资活动现金流量认定为重要的投资 活动现金流量 公司将资产总额/收入总额/利润总额超过合并 重要的非全资子公司 总资产/总收入/利润总额的 5%的非全资子公 司确定为重要的非全资子公司 公司将单项资本化研发项目金额超过资产总 重要的资本化研发项目 额×0.5%的项目认定为重要的资本化研发项目 6、 同一控制下和非同一控制下企业合并的会计处理方法 √适用 □不适用 （1）同一控制下的企业合并 同一控制下企业合并：合并方在企业合并中取得的资产和负债（包括最终控制方收购被合并 方而形成的商誉），按照合并日被合并方资产、负债在最终控制方合并财务报表中的账面价值为 基础计量。在合并中取得的净资产账面价值与支付的合并对价账面价值（或发行股份面值总额） 的差额，调整资本公积中的股本溢价，资,candidate_requires_manual_selection
600446.SH,金证股份,revenue,162,营业收入,"2025|58|59|211,892,132|77|211,892,132|77|211,892,132|77|211,892,132|77|60|1,339,953,763|81|1,598,548,251|77|1,339,953,763|81|1,598,548,251|77|168,353,895|22|202,418,440|19|56,176,047","深圳市金证科技股份有限公司2025年年度报告 58、 专项储备 □适用 √不适用 59、 盈余公积 √适用 □不适用 单位：元 币种：人民币 项目 期初余额 本期增加 本期减少 期末余额 法定盈余公积 211,892,132.77 211,892,132.77 合计 211,892,132.77 211,892,132.77 盈余公积说明，包括本期增减变动情况、变动原因说明： 无 60、 未分配利润 √适用 □不适用 单位：元 币种：人民币 项目 本期 上期 调整前上期末未分配利润 1,339,953,763.81 1,598,548,251.77 调整期初未分配利润合计数（调增 +，调减－） 调整后期初未分配利润 1,339,953,763.81 1,598,548,251.77 加：本期归属于母公司所有者的净利 -168,353,895.22 -202,418,440.19 润 减：提取法定盈余公积 提取任意盈余公积 提取一般风险准备 应付普通股股利 56,176,047.77 转作股本的普通股股利 期末未分配利润 1,171,599,868.59 1,339,953,763.81 调整期初未分配利润明细： 1、由于《企业会计准则》及其相关新规定进行追溯调整，影响期初未分配利润0.00 元。 2、由于会计政策变更，影响期初未分配利润0.00 元。 3、由于重大会计差错更正，影响期初未分配利润0.00 元。 4、由于同一控制导致的合并范围变更，影响期初未分配利润0.00 元。 5、其他调整合计影响期初未分配利润0.00 元。 61、 营业收入和营业成本 (1).营业收入和营业成本情况 √适用 □不适用 单位：元 币种：人民币 本期发生额 上期发生额 项目 收入 成本 收入 成本 主营业务 2,417,857,861.96 1,468,601,955.17 4,684,767,520.97 3,593,952,338.19 其他业务 999,641.53 706,424.16 8,350,442.01 8,230,088.41 合计 2,418,857,503.49 1,469,308,379.33 4,693,117,962.98 3,602,182,426.60 162/212",candidate_requires_manual_selection
600446.SH,金证股份,revenue,163,营业收入,"2025|2|907,674,999|17|264,531,522|11|907,674,999|17|264,531,522|11|419,581,404|26|359,512,009|37|419,581,404|26|359,512,009|37|1,020,446,066|84|817,790,828|17|1,020,446,066|84|817,790,828","深圳市金证科技股份有限公司2025年年度报告 (2).营业收入、营业成本的分解信息 √适用 □不适用 单位：元 币种：人民币 报告分部 合计 合同分类 营业收入 营业成本 营业收入 营业成本 商品类型 软件收入 907,674,999.17 264,531,522.11 907,674,999.17 264,531,522.11 硬件收入 419,581,404.26 359,512,009.37 419,581,404.26 359,512,009.37 定制化服务 1,020,446,066.84 817,790,828.17 1,020,446,066.84 817,790,828.17 科技园租赁收入 70,155,391.69 26,767,595.52 70,155,391.69 26,767,595.52 其他业务收入 999,641.53 706,424.16 999,641.53 706,424.16 按经营地区分类 华北分部 207,788,334.11 175,571,475.56 207,788,334.11 175,571,475.56 华东分部 79,553,818.25 53,835,409.76 79,553,818.25 53,835,409.76 中南分部 2,119,638,827.43 1,228,571,120.36 2,119,638,827.43 1,228,571,120.36 西南分部 11,876,523.70 11,330,373.65 11,876,523.70 11,330,373.65 合计 2,418,857,503.49 1,469,308,379.33 2,418,857,503.49 1,469,308,379.33 其他说明： □适用 √不适用 (3).履约义务的说明 □适用 √不适用 (4).分摊至剩余履约义务的说明 □适用 √不适用 (5).重大合同变更或重大交易价格调整 □适用 √不适用 其他说明： 无 (6).交易价格调整 □适用 √不适用 62、 税金及附加 √适用 □不适用 单位：元 币种：人民币 项目 本期发生额 上期发生额 城市维护建设税 8,070,371.83 9,301,712.71 教育费附加 3,458,605.14 3,987,287.21 地方教育费附加 2,305,",candidate_requires_manual_selection
600446.SH,金证股份,total_assets,187,资产总额,"2025|2|43,432,182|35|43,432,182|35|1|2|3|1|2|9,664,294|74|9,664,294|74|150,840,273|98|55,982,154|34|206,822,428|32|1|150,840,273|98|55,982,154","深圳市金证科技股份有限公司2025年年度报告 （2）权益工具投资 （二）其他债权投资 （三）其他权益工具投资 43,432,182.35 43,432,182.35 （四）投资性房地产 1.出租用的土地使用权 2.出租的建筑物 3.持有并准备增值后转 让的土地使用权 （五）生物资产 1.消耗性生物资产 2.生产性生物资产 （六）应收账款融资 9,664,294.74 9,664,294.74 （七）其他非流动金融资 150,840,273.98 55,982,154.34 206,822,428.32 产 1.以公允价值计量且变 动计入当期损益的金融 150,840,273.98 55,982,154.34 206,822,428.32 资产 （1）权益工具投资 55,982,154.34 55,982,154.34 （2）其他 150,840,273.98 150,840,273.98 （八）一年内到期的非流 326,841,649.32 326,841,649.32 动资产 1.以公允价值计量且变 动计入当期损益的金融 326,841,649.32 326,841,649.32 资产 （1）其他 326,841,649.32 326,841,649.32 持续以公允价值计量的 1,742,042,086.98 55,982,154.34 1,798,024,241.32 资产总额 （六）交易性金融负债 1.以公允价值计量且变 动计入当期损益的金融 负债 其中：发行的交易性债券 衍生金融负债 其他 2.指定为以公允价值计 量且变动计入当期损益 的金融负债 持续以公允价值计量的 负债总额 二、非持续的公允价值 计量 （一）持有待售资产 非持续以公允价值计量 的资产总额 非持续以公允价值计量 的负债总额 187/212",candidate_requires_manual_selection
600446.SH,金证股份,total_assets,199,资产总额,"2025|2|3|4|7|8|1|1|1|1|60,755,360|65|89,012,747|53|1|1|60,755,360|65|89,012,747|53|1|60,755,360|65|89,012,747|53","深圳市金证科技股份有限公司2025年年度报告 (2).报告分部的财务信息 □适用 √不适用 (3).公司无报告分部的，或者不能披露各报告分部的资产总额和负债总额的，应说明原因 □适用 √不适用 (4).其他说明 □适用 √不适用 7、 其他对投资者决策有影响的重要交易和事项 □适用 √不适用 8、 其他 □适用 √不适用 十九、 母公司财务报表主要项目注释 1、 应收账款 (1).按账龄披露 √适用 □不适用 单位：元 币种：人民币 账龄 期末账面余额 期初账面余额 1年以内（含1年） 60,755,360.65 89,012,747.53 其中：1年以内分项 1年以内 60,755,360.65 89,012,747.53 1年以内小计 60,755,360.65 89,012,747.53 1至2年 13,279,398.27 25,211,252.11 2至3年 7,348,944.81 12,497,707.42 3至4年 7,524,474.11 8,280,821.89 4至5年 6,507,753.70 108,850.00 5年以上 9,079,478.17 8,367,526.85 合计 104,495,409.71 143,478,905.80 (2).按坏账计提方法分类披露 √适用 □不适用 单位：元 币种：人民币 期末余额 期初余额 账面余额 坏账准备 账面余额 坏账准备 类别 计提 账面 计提 账面 比例 比例 金额 金额 比例 价值 金额 金额 比例 价值 (%) (%) (%) (%) 12,94 12,94 5,446, 5,446, 按单项计提 100.0 100.0 0,933. 12.38 0,933. 740.6 3.80 740.6 坏账准备 0 0 10 10 6 6 199/212",candidate_requires_manual_selection
600446.SH,金证股份,revenue,209,营业收入,"2025|22|71|4,999|2,893|1,100|1,576|1,100|570|6|389.3|207.1|000.0|881.5|000|99.29|6|1|0|4|00|484|5|14|91","深圳市金证科技股份有限公司2025年年度报告 22 71 4,999, -2,893 1,100, 1,576, 1,100 深圳市淘金智投科 570,6 389.3 ,207.1 000.0 881.5 ,000. 技有限公司 99.29 6 1 0 4 00 484,5 -14,91 1,064 38,33 13,14 495,8 41,80 小计 49,19 1,498. ,159. 1,537 9,118. 84,27 2,165 4.45 80 78 .16 89 3.70 .83 484,5 -14,91 1,064 38,33 13,14 495,8 41,80 合计 49,19 1,498. ,159. 1,537 9,118. 84,27 2,165 4.45 80 78 .16 89 3.70 .83 长期股权投资说明： 1、深圳星网信通科技股份有限公司、珠海金智维人工智能股份有限公司其他权益变动系 股份支付导致的资本公积变动；捷利交易宝金融科技有限公司、深圳市金证优智科技有限 公司、深圳市淘金智投科技有限公司其他权益变动系外部股东增资确认增加的资本公积。 2、本公司持有广州佳时达软件股份有限公司、山东晶芯能源科技有限公司、山东金证智 城科技股份有限公司、深圳星网信通科技股份有限公司、深圳金证文体科技有限公司、武 汉无线飞翔科技有限公司、武汉优品楚鼎科技有限公司、深圳市科盾科技有限公司、珠海 金智维人工智能股份有限公司、四川妥妥递科技有限公司、捷利交易宝金融科技有限公司、 弈酷软件（深圳）有限公司的股权比例均低于20%，因本公司均委派有董事或拥有委派董 事的权利参与上述被投资单位经营决策，对其构成重大影响，长期股权投资按权益法核算。 (1).长期股权投资的减值测试情况 □适用 √不适用 其他说明： 无 4、 营业收入和营业成本 (1). 营业收入和营业成本情况 √适用 □不适用 单位：元 币种：人民币 本期发生额 上期发生额 项目 收入 成本 收入 成本 1,821,151,917. 1,297,367,34 主营业务 984,342,933.44 374,963,469.91 46 1.36 其他业务 857,035.41 696,999.38 619.47 1,821,152,536. 1,297,367,34 合计 985,199,968.",candidate_requires_manual_selection
300377.SZ,赢时胜,net_profit_attributable,2,归属于上市公司股东的净利润,2025|2025|2.37|526.07|2,深圳市赢时胜信息技术股份有限公司2025年年度报告全文 2025 年年度报告 第一节 重要提示、目录和释义 公司董事会及董事、高级管理人员保证年度报告内容的真实、准确、完 整，不存在虚假记载、误导性陈述或者重大遗漏，并承担个别和连带的法律 责任。 公司负责人唐球、主管会计工作负责人廖拾秀及会计机构负责人(会计主 管人员)张金叶声明：保证本年度报告中财务报告的真实、准确、完整。 所有董事均已出席了审议本报告的董事会会议。 （一）业绩亏损的具体原因 报告期内，公司给各部门压实各项经营指标，主营业务收入实现了小幅 增长 2.37%，主营业务成本较上年基本持平，归属于上市公司股东的净利润 为-526.07 万元，亏损的主要原因是对长期股权投资计提了一定金额的减值 准备。 （二）主营业务、核心竞争力、主要财务指标是否发生重大不利变化， 是否与行业趋势一致 公司坚守金融信息技术服务核心，包括资产管理系统业务、资产托管系 统业务、数据应用系统业务、泛资管运营管理数字化系统业务、资管信息披 露业务、金融行业技术/服务人力资源池业务，以及核心聚焦和攻关落地的 AI 赋能整体解决方案业务等领域。公司在传统优势业务深耕、信创改造落地、 人工智能技术深度融合、生态合作拓展等维度取得多项创新成果，为银行、 2,candidate_requires_manual_selection
300377.SZ,赢时胜,net_profit_attributable,3,归属于上市公司股东的净利润,2025|400|2025|3,深圳市赢时胜信息技术股份有限公司2025年年度报告全文 基金、保险资管、证券、全国社保基金等 400 余家金融机构提供专业化、高 效能、高安全的技术服务，以技术创新与生态共建赋能金融行业高质量发展， 持续夯实公司在金融信息技术领域的核心竞争优势。 公司核心竞争力具体体现在细分领域产品研发优势、技术与行业经验积 累、客户资源、产业生态布局等方面。公司的主营业务、核心竞争力未发生 重大不利变化。 报告期内，公司归属于上市公司股东的净利润亏损，主要原 因是对长期股权投资计提减值等因素的影响，不属于与行业趋势严重背离的 情况。 （三）所处行业景气情况，是否存在产能过剩、持续衰退或者技术替代 等情形 2025 年，我国金融行业数字化转型步入深化阶段，金融信息技术创新应 用由外围辅助系统向核心交易场景深度渗透，生成式人工智能成为重构金融 业务逻辑、提升运营效能的核心生产要素，开放协同成为金融科技生态演进 的主流趋势。公司坚守金融信息技术服务核心主业，确立“AI 原生+信创” 双轮驱动的核心技术路径，将前沿人工智能技术与国产化自主可控技术底座 深度融合，推动金融运营模式由传统人工操作、辅助智能阶段，向智能化高 阶形态演进。全年围绕四大核心发展方向统筹经营工作：夯实安全技术底座、 引领核心业务系统信创迭代升级，深度融合大模型技术、以智能化变革重塑 金融业务应用场景，践行开放协同理念、构建新一代“AI 原生+多智能体协 同生态”产品生态，聚焦资产管理与托管业务信息化解决方案赛道。公司在 传统优势业务深耕、信创改造落地、人工智能技术深度融合、生态合作拓展 3,candidate_requires_manual_selection
300377.SZ,赢时胜,total_assets,10,资产总额,"2025|166|17|18|2024|2023|2025|1,373,047|83|1,341,741|65|1,341,741|65|1,592,143|38|1,592,143|38|2.33|1.21|0.04|0.04|8.62|8.62|67,636,077|7","深圳市赢时胜信息技术股份有限公司2025年年度报告全文 四、其他有关资料 公司聘请的会计师事务所 会计师事务所名称 中审众环会计师事务所（特殊普通合伙） 湖北省武汉市武昌区水果湖街道中北路166号长江产业大 会计师事务所办公地址 厦17-18层 签字会计师姓名 肖文涛、肖书月 公司聘请的报告期内履行持续督导职责的保荐机构 □适用 不适用 公司聘请的报告期内履行持续督导职责的财务顾问 □适用 不适用 五、主要会计数据和财务指标 公司是否需追溯调整或重述以前年度会计数据 是 □否 追溯调整或重述原因 会计差错更正 本年比上年增 2024年 2023年 2025年 减 调整前 调整后 调整后 调整前 调整后 营业收入 1,373,047,83 1,341,741,65 1,341,741,65 1,592,143,38 1,592,143,38 2.33% （元） 1.21 0.04 0.04 8.62 8.62 归属于上市公 - - - 67,636,077.7 67,636,077.7 司股东的净利 424,675,117. 443,568,497. 98.81% 5,260,651.89 6 6 润（元） 27 40 归属于上市公 司股东的扣除 - - - 54,261,262.1 54,261,262.1 非经常性损益 22,597,980.8 204,528,170. 208,063,943. 89.14% 9 9 的净利润 1 69 83 （元） 经营活动产生 60,333,623.6 103,318,439. 103,318,439. 101,827,452. 101,827,452. 的现金流量净 -41.60% 0 31 31 19 19 额（元） 基本每股收益 -0.0070 -0.5654 -0.5654 98.76% 0.09 0.09 （元/股） 稀释每股收益 -0.0070 -0.5654 -0.5654 98.76% 0.09 0.09 （元/股） 加权平均净资 -2.11% -15.26% -15.91% 13.80% 2.23% 2.23% 产收益率 本年末比上年 2024年末 2023年末 2025年末 末增减 调整前 调整后 调整后 调整前 调整后 资产总额 2,754,606,20 2,803,803,77 2,788,446",candidate_requires_manual_selection
300377.SZ,赢时胜,revenue,10,营业收入,"2025|166|17|18|2024|2023|2025|1,373,047|83|1,341,741|65|1,341,741|65|1,592,143|38|1,592,143|38|2.33|1.21|0.04|0.04|8.62|8.62|67,636,077|7","深圳市赢时胜信息技术股份有限公司2025年年度报告全文 四、其他有关资料 公司聘请的会计师事务所 会计师事务所名称 中审众环会计师事务所（特殊普通合伙） 湖北省武汉市武昌区水果湖街道中北路166号长江产业大 会计师事务所办公地址 厦17-18层 签字会计师姓名 肖文涛、肖书月 公司聘请的报告期内履行持续督导职责的保荐机构 □适用 不适用 公司聘请的报告期内履行持续督导职责的财务顾问 □适用 不适用 五、主要会计数据和财务指标 公司是否需追溯调整或重述以前年度会计数据 是 □否 追溯调整或重述原因 会计差错更正 本年比上年增 2024年 2023年 2025年 减 调整前 调整后 调整后 调整前 调整后 营业收入 1,373,047,83 1,341,741,65 1,341,741,65 1,592,143,38 1,592,143,38 2.33% （元） 1.21 0.04 0.04 8.62 8.62 归属于上市公 - - - 67,636,077.7 67,636,077.7 司股东的净利 424,675,117. 443,568,497. 98.81% 5,260,651.89 6 6 润（元） 27 40 归属于上市公 司股东的扣除 - - - 54,261,262.1 54,261,262.1 非经常性损益 22,597,980.8 204,528,170. 208,063,943. 89.14% 9 9 的净利润 1 69 83 （元） 经营活动产生 60,333,623.6 103,318,439. 103,318,439. 101,827,452. 101,827,452. 的现金流量净 -41.60% 0 31 31 19 19 额（元） 基本每股收益 -0.0070 -0.5654 -0.5654 98.76% 0.09 0.09 （元/股） 稀释每股收益 -0.0070 -0.5654 -0.5654 98.76% 0.09 0.09 （元/股） 加权平均净资 -2.11% -15.26% -15.91% 13.80% 2.23% 2.23% 产收益率 本年末比上年 2024年末 2023年末 2025年末 末增减 调整前 调整后 调整后 调整前 调整后 资产总额 2,754,606,20 2,803,803,77 2,788,446",candidate_requires_manual_selection
300377.SZ,赢时胜,revenue,11,营业收入,"2025|39|15,408,360|00|39|1,655,647|77|33|2025|2024|1,373,047,831|21|1,341,741,650|04|0|3,171,719|39|3,572,999|09|3,171,719|39|3,572,999|09|0|1,369,876,111","深圳市赢时胜信息技术股份有限公司2025年年度报告全文 产（元） 会计政策变更的原因及会计差错更正的情况 公司对东方金信相关金融资产计提公允价值变动时，未就相应股权公允价值计量获取充分依据，致 使其他非流动金融资产核算不准确，公司重新聘请具备相应资质的独立评估机构，对东方金信股权公允 价值进行专项评估，依据《企业会计准则第 39 号 — 公允价值计量》及评估机构出具的评估结论，重 新认定该金融资产公允价值变动金额，调整公允价值变动收益-15,408,360.00元，并进行相关追溯调 整。 公司对宁波尚闻相关金融资产计提公允价值变动时，未就相应股权公允价值计量获取充分依据，致 使其他非流动金融资产核算不准确，公司重新聘请具备相应资质的独立评估机构，对东方金信股权公允 价值进行专项评估，依据《企业会计准则第 39 号 — 公允价值计量》及评估机构出具的评估结论，重 新认定该金融资产公允价值变动金额，调整公允价值变动收益-1,655,647.77元，并进行相关追溯调整。 公司已对相关非全资子公司的出资实缴情况进行全面核验，严格依据《企业会计准则第 33 号 — 合并财务报表》及公司章程关于利润分配的约定，按实缴出资比例重新计算并确认当期应分配的损益及 少数股东权益，已对前期比较数据进行追溯重述调整。同时，公司已全面梳理并完善子公司利润分配及 合并报表编制内控流程，建立出资比例核验机制与分配方案合规性审批机制，明确区分认缴与实缴比例 的适用边界，严禁在利润分配及报表合并中混淆两者比例，确保同类差错不再发生。 公司最近三个会计年度扣除非经常性损益前后净利润孰低者均为负值，且最近一年审计报告显示公司持续经营能力存在 不确定性 □是 否 公司报告期内经审计利润总额、净利润、扣除非经常性损益后的净利润三者孰低为负值 是 □否 项目 2025年 2024年 备注 营业收入（元） 1,373,047,831.21 1,341,741,650.04 0 投资性房地产出租收入 3,171,719.39 3,572,999.09 与主营业务无关的业务收入 营业收入扣除金额（元） 3,171,719.39 3,572,999.09 0 营业收入扣除后金额（元） 1,369,876,111.82 1,338,168,650.95 0 存在股权激励、员工持股计划的公司，可以披露扣除股份支付影响",candidate_requires_manual_selection
300377.SZ,赢时胜,revenue,22,营业收入,"2025|1|1,373,047,831|21|1,341,741,650|04|2.33|794,520,124|89|798,974,671|51|0.56|36,159,441|49|36,179,573|43|0.06|119,632,414|82|143,692,903|90|16.74|418,138,876|89|435,140,638","深圳市赢时胜信息技术股份有限公司2025年年度报告全文 四、主营业务分析 1、概述 报告期内的主要经营情况参见“二、报告期内公司从事的主要业务” 主要财务数据变动情况 项目 本报告期（元） 上年同期（元） 增减变动幅度 重大变动原因 营业收入 1,373,047,831.21 1,341,741,650.04 2.33%无重大变化 营业成本 794,520,124.89 798,974,671.51 -0.56%无重大变化 销售费用 36,159,441.49 36,179,573.43 -0.06%无重大变化 管理费用 119,632,414.82 143,692,903.90 -16.74%无重大变化 研发费用 418,138,876.89 435,140,638.36 -3.91%无重大变化 财务费用 -1,455,835.07 -1,030,671.31 -41.25%本期租赁利息减少所致 经营活动产 少数大客户因预算控制将本期应 生的现金流 60,333,623.60 103,318,439.31 -41.60% 付的款延期 量净额 投资活动产 本期赎回银行理财产品金额大于 生的现金流 140,223,169.17 -252,746,527.97 155.48% 购买所致 量净额 筹资活动产 生的现金流 -4,863,477.20 -37,792,415.58 87.13%本期支付办公楼租金减少所致 量净额 现金及现金 本期赎回银行理财产品金额大于 等价物净增 195,693,315.54 -187,220,504.27 204.53% 购买所致 加额 2、收入与成本 （1） 营业收入构成 营业收入整体情况 单位：元 2025年 2024年 同比增减 金额 占营业收入比重 金额 占营业收入比重 1,373,047,831.2 1,341,741,650.0 营业收入合计 100% 100% 2.33% 1 4 分行业 1,369,876,111.8 1,321,156,197.5 金融行业 99.77% 98.47% 3.69% 2 0 非金融行业 3,171,719.39 0.23% 20,585,452.54 1.53% -84.59% 分产品 定制软件开发和 674,318,337.90 49.11% 657,025,590.09 48.97% 2.",candidate_requires_manual_selection
300377.SZ,赢时胜,revenue,23,营业收入,"2025|1,373,047,831|2|1,341,741,650|0|100.00|100.00|2.33|1|4|3|2025|2024|262,553|2|315,519|9|358,442|3|436,532|2|241,988|9|385,254|2","深圳市赢时胜信息技术股份有限公司2025年年度报告全文 分销售模式 1,373,047,831.2 1,341,741,650.0 直接销售 100.00% 100.00% 2.33% 1 4 公司需遵守《深圳证券交易所上市公司自律监管指引第3号——行业信息披露》中的“软件与信息技术服务业”的披露 要求 单位：元 2025年度 2024年度 第一季度 第二季度 第三季度 第四季度 第一季度 第二季度 第三季度 第四季度 262,553,2 315,519,9 358,442,3 436,532,2 241,988,9 385,254,2 360,450,9 354,047,5 营业收入 20.86 94.71 38.75 76.89 43.50 05.25 90.32 10.97 归属于上 - - - - 市公司股 35,530,51 39,759,53 34,556,42 40,247,41 69,722,88 10,827,82 88,709,00 429,663,3 东的净利 3.09 8.33 0.35 5.41 1.71 1.60 8.25 24.91 润 说明经营季节性（或周期性）发生的原因及波动风险 公司金融软件营业收入和净利润存在较为明显的季节性特征，第1季度营业收入占比较低，3-4季度营业收入占比 相对较高，这是由于金融机构的软件系统采购主要集中在下半年。同时，由于软件企业员工工资性支出、房租物业管理 及水电费用及固定资产摊销等成本比较稳定，造成公司净利润的季节性波动比营业收入的季节性波动更为明显。 （2） 占公司营业收入或营业利润10%以上的行业、产品、地区、销售模式的情况 适用 □不适用 公司需遵守《深圳证券交易所上市公司自律监管指引第3号——行业信息披露》中的“软件与信息技术服务业”的披露 要求 单位：元 营业收入比上 营业成本比上 毛利率比上年 营业收入 营业成本 毛利率 年同期增减 年同期增减 同期增减 分客户所处行业 1,357,986,03 780,699,890. 金融行业 42.51% 2.79% 0.04% 3.86% 4.32 56 15,061,796.8 13,820,234.3 非金融行业 8.24% -26.83% -25.70% -14.54% 9 3 分产品 定制软件开发 674,318,337. 219,808",candidate_requires_manual_selection
300377.SZ,赢时胜,revenue,25,营业收入,"2025|0.00|5|1|1|355,843,866|93|25.92|2|2|40,691,161|38|2.96|3|3|34,481,350|22|2.51|4|4|27,428,833|62|2.00|5|5","深圳市赢时胜信息技术股份有限公司2025年年度报告全文 前五名客户销售额中关联方销售额占年度销售总额比例 0.00% 公司前5大客户资料 序号 客户名称 销售额（元） 占年度销售总额比例 1 客户1 355,843,866.93 25.92% 2 客户2 40,691,161.38 2.96% 3 客户3 34,481,350.22 2.51% 4 客户4 27,428,833.62 2.00% 5 客户5 21,579,179.64 1.57% 合计 -- 480,024,391.79 34.96% 主要客户其他情况说明 □适用 不适用 公司主要供应商情况 前五名供应商合计采购金额（元） 36,659,086.64 前五名供应商合计采购金额占年度采购总额比例 30.80% 前五名供应商采购额中关联方采购额占年度采购总额比例 0.00% 公司前5名供应商资料 序号 供应商名称 采购额（元） 占年度采购总额比例 1 供应商一 13,542,780.20 11.38% 2 供应商二 7,361,900.00 6.19% 3 供应商三 6,255,538.53 5.26% 4 供应商四 5,140,000.00 4.32% 5 供应商五 4,358,867.91 3.66% 合计 -- 36,659,086.64 30.80% 主要供应商其他情况说明 □适用 不适用 报告期内公司贸易业务收入占营业收入比例超过10% □适用 不适用 3、费用 单位：元 2025年 2024年 同比增减 重大变动说明 销售费用 36,159,441.49 36,179,573.43 -0.06% 无重大变化 管理费用 119,632,414.82 143,692,903.90 -16.74% 无重大变化 财务费用 -1,455,835.07 -1,030,671.31 -41.25% 办公楼租赁支出减少 研发费用 418,138,876.89 435,140,638.36 -3.91% 无重大变化 4、研发投入 适用 □不适用 预计对公司未来发展 主要研发项目名称 项目目的 项目进展 拟达到的目标 的影响 赢时胜新一代Y7估值 随着全球化和数字化 进行中 1、技术升级 新一代估值核算系统 25",candidate_requires_manual_selection
300377.SZ,赢时胜,revenue,35,营业收入,"2025|39.08|40.74|1.66|1,937|1,977|2.02|76|58|31.03|179|190|5.79|30|961|1,054|8.82|30|40|1,152|1,100|4.73|40|79|71","深圳市赢时胜信息技术股份有限公司2025年年度报告全文 研发人员数量占比 39.08% 40.74% -1.66% 研发人员学历 本科 1,937 1,977 -2.02% 硕士 76 58 31.03% 大专及以下 179 190 -5.79% 研发人员年龄构成 30岁以下 961 1,054 -8.82% 30~40岁 1,152 1,100 4.73% 40岁以上 79 71 11.27% 近三年公司研发投入金额及占营业收入的比例 2025年 2024年 2023年 研发投入金额（元） 418,138,876.89 435,140,638.36 445,158,277.77 研发投入占营业收入比例 30.45% 32.43% 27.96% 研发支出资本化的金额 0.00 0.00 0.00 （元） 资本化研发支出占研发投入 0.00% 0.00% 0.00% 的比例 资本化研发支出占当期净利 0.00% 0.00% 0.00% 润的比重 公司研发人员构成发生重大变化的原因及影响 □适用 不适用 研发投入总额占营业收入的比重较上年发生显著变化的原因 □适用 不适用 研发投入资本化率大幅变动的原因及其合理性说明 □适用 不适用 公司需遵守《深圳证券交易所上市公司自律监管指引第3号——行业信息披露》中的“软件与信息技术服务业”的披露 要求 单位：元 项目名称 研发资本化金额 相关项目的基本情况 实施进度 无 无 5、现金流 单位：元 项目 2025年 2024年 同比增减 经营活动现金流入小计 1,572,501,319.87 1,631,977,877.27 -3.64% 经营活动现金流出小计 1,512,167,696.27 1,528,659,437.96 -1.08% 经营活动产生的现金流量净 60,333,623.60 103,318,439.31 -41.60% 额 投资活动现金流入小计 589,985,138.13 156,700,167.11 276.51% 投资活动现金流出小计 449,761,968.96 409,446,695.08 9.85% 投资活动产生的现金流量净 140,223,169.17 -252,746,527.97 155.48% 额 35",candidate_requires_manual_selection
300377.SZ,赢时胜,revenue,39,营业收入,"2025|6,507,170|2,778,259|4,255,063|39000000|905,503|4|937,656|5|20|83|10|8|0|103,497|9|59,105|88|200000000|0.00|4,933,792|4,790,192|95.34|9.45|30","深圳市赢时胜信息技术股份有限公司2025年年度报告全文 单位：元 公司名称 公司类型 主要业务 注册资本 总资产 净资产 营业收入 营业利润 净利润 筹远(上 软件和信 - - 海)信息科 6,507,170 2,778,259 4,255,063 子公司 息技术服 39000000 905,503.4 937,656.5 技有限公 .20 .83 .10 务业 8 0 司 上海赢量 - - 金融信息 103,497,9 59,105,88 信息科技 子公司 200000000 0.00 4,933,792 4,790,192 服务 95.34 9.45 有限公司 .30 .30 上海赢志 - - 泰计算机 59,419,23 58,767,04 子公司 商业服务 220000000 0.00 1,381,080 1,381,080 科技有限 4.83 4.16 .84 .84 公司 深圳市赢 软件和信 - - 时胜软件 9,393,743 8,034,596 10,984,30 子公司 息技术服 20000000 1,100,382 2,107,637 技术服务 .61 .82 4.55 务业 .49 .76 有限公司 匡衡软件 软件和信 6,027,445 4,232,233 17,374,09 209,275.7 161,174.5 （北京） 子公司 息技术服 11200000 .20 .94 8.58 7 8 有限公司 务业 赢证（上 - - 海）数字 数字化科 810,075.4 6,499,180 子公司 70000000 15,679.27 409,107.3 420,653.3 科技有限 技 6 .34 6 3 公司 深圳市赢 软件开发 - - - 胜数据科 12,652,61 11,680,86 子公司 和信息技 50000000 3,755,010 3,752,681 2,902,241 技有限公 5.71 0.82 术服务 .50 .37 .01 司 东吴（苏 金融类软 州）金融 761,424,1 726,535,4 70,046,75 2,631,951 1,275,203 参股公司 件和信息 250000000 科技有限 42.06 02.42 4.55 .93 .24 技术服务 公司 报告期内取得和处置子公司的情况 □适用 不适用 主",candidate_requires_manual_selection
300377.SZ,赢时胜,revenue,41,营业收入,"2025|2025|72,269|84|26.24|2023|2025|1.37|1.18|1.83|2025|05|2024|09|41","深圳市赢时胜信息技术股份有限公司2025年年度报告全文 是，上述措施并不能完全保证核心人员的稳定，如果出现核心人员流失、关键人才储备不足、人才结构 失衡的情况，公司的生产经营将受到一定的负面影响。随着金融科技竞争的加剧，公司将不断面临新技 术、新产品研发的挑战,如果未来公司不能在技术储备、新产品研发、人才引入和培养方面获得持续的 积累,就有可能面临市场地位和竞争优势下降的风险。 市场竞争风险 公司继续加大在研发领域的投入，进一步提升公司的技术实力和产品竞争力，在金融机构资产管理 和托管业务技术产品和服务领域取得显著竞争优势。随着金融业竞争的不断加剧和专业化分工的逐渐强 化，金融 IT市场规模持续增长的同时也势必导致竞争日趋激烈。如果公司产品和服务竞争力下降，不 能达成客户期望，客户满意度下降，就会失去市场份额。 经营业绩季节性波动风险 公司金融软件主业营业收入和净利润存在较为明显的“前低后高”季节性特征。第一季度营业收入 较低，第四季度营业收入占当年收入总额的比例较高，这是由于金融机构的软件系统采购主要集中在下 半年，且通常在第四季度进行验收。同时，由于软件企业员工工资性支出、房租物业管理及水电费用及 固定资产摊销等成本比较稳定，造成公司净利润的季节性波动比营业收入的季节性波动更为明显，不能 根据季度的经营业绩情况判断全年 的经营业绩，如果第四季度营业收入达不到预期水平，可能导致公司全年业绩下降。 应收账款发生坏账的风险 公司应收账款余额较大，截至2025年末，公司应收账款账面价值为72,269.84万元， 占期末总资 产的比例为26.24%，2023年至2025年,公司应收账款周转率分别为1.37次、1.18次、1.83次，应收 账款周转率小幅变动。公司金融软件业务客户为金融机构客户，资金实力雄厚，信用良好，行业的坏账 是极小的。 十二、报告期内接待调研、沟通、采访等活动登记表 适用 □不适用 谈论的主要内 调研的基本情 接待时间 接待地点 接待方式 接待对象类型 接待对象 容及提供的资 况索引 料 巨潮资讯网 2025年05月 网络平台线上 2024年业绩网 网络 其他 投资者 （www.cninfo 09日 交流 上说明会 .com.cn） 十三、市值管理制度和估值提升计划的制定落实情况 公司是否制定了市值管理制度。 是 □否 公司是否披露了估值提升计划。",candidate_requires_manual_selection
300377.SZ,赢时胜,net_profit_attributable,57,归属于上市公司股东的净利润,"2025|4|751,003,080|0.00|0.00|0|0.00|2025|5,260,651|89|2025|5,735,437|35|2025|573,543|73|2025|12|31|44,049,603|68|68,699,075|90|2025|44,049,603","深圳市赢时胜信息技术股份有限公司2025年年度报告全文 体进行系统一宣导，与时俱进探讨新技术发展，进行重难点技术问题答疑及常见问题排查，热点分析等。 对不同阶段不同工作性质的员工进行多元化针对性的培训，有的放矢，提升员工企业认知，职业技能， 增强公司活力。 4、劳务外包情况 □适用 不适用 十一、公司利润分配及资本公积金转增股本情况 报告期内利润分配政策，特别是现金分红政策的制定、执行或调整情况 □适用 不适用 公司报告期利润分配预案及资本公积金转增股本预案与公司章程和分红管理办法等的相关规定一致 是 □否 □不适用 公司报告期利润分配预案及资本公积金转增股本预案符合公司章程等的相关规定。 本年度利润分配及资本公积金转增股本情况 分配预案的股本基数（股） 751,003,080 现金分红金额（元）（含税） 0.00 以其他方式（如回购股份）现金分红金额（元） 0.00 现金分红总额（含其他方式）（元） 0 现金分红总额（含其他方式）占利润分配总额的比例 0.00% 本次现金分红情况 其他 利润分配或资本公积金转增预案的详细情况说明 经中审众环会计师事务所（特殊普通合伙）审计，2025年度公司合并报表实现归属于上市公司股东的净利润- 5,260,651.89 元，2025年度母公司实现净利润5,735,437.35元。根据《公司法》《公司章程》的有关规定，2025 年 度提取法定盈余公积金573,543.73。截至2025年12月31日，公司合并报表可供分配利润为-44,049,603.68元，母公 司可供分配利润为68,699,075.90元。根据利润分配应以母公司的可供分配利润及合并财务报表的可供分配利润孰低的 原则，公司2025年度可供分配利润为-44,049,603.68元。 根据《上市公司监管指引第3号—上市公司现金分红》《公司章程》的有关规定，因公司2025年度实现的可分配 利润（即公司弥补亏损、提取公积金后所余的税后利润）为负，为保障公司持续、稳定、健康发展，更好地维护全体股 东的长远利益，综合考虑公司未来发展的经营计划和资金需求，公司董事会拟定2025年度利润分配预案为：不派发现 金红利、不送红股、不以资本公积金转增股本。 公司报告期内盈利且母公司可供股东分配利润为正但未提出现金红利分配预案 □适用 不适用 十二、公司股权激励计划、员工持股计划",candidate_requires_manual_selection
300377.SZ,赢时胜,total_assets,61,资产总额,2025|2|1|2026|04|21|100.00|100.00|10|5|10|10|5|2.5|10|2.5|10|5|61,深圳市赢时胜信息技术股份有限公司2025年年度报告全文 实完整，提高经营效率和效果，促进公司实现发展战略。公司通过内部控制体系的运行、分析与评价， 有效防范了经营管理中的风险，促进了内部控制目标的实现。 2、报告期内发现的内部控制重大缺陷的具体情况 □是 否 十四、公司报告期内对子公司的管理控制情况 整合中遇到的 已采取的解决 公司名称 整合计划 整合进展 解决进展 后续解决计划 问题 措施 - - - - - - - 对子公司的管理控制存在异常 □是 否 十五、内部控制评价报告及内部控制审计报告 1、内控评价报告 内部控制评价报告全文披露日期 2026年04月21日 内部控制评价报告全文披露索引 http://www.cninfo.com.cn 纳入评价范围单位资产总额占公司合 100.00% 并财务报表资产总额的比例 纳入评价范围单位营业收入占公司合 100.00% 并财务报表营业收入的比例 缺陷认定标准 类别 财务报告 非财务报告 A.财务报告重大缺陷的迹象主要包 A、重大缺陷：如果缺陷发生的可能性 括：公司董事、监事和高级管理人员 高，会严重降低工作效率或效果、或 舞弊；公司更正已经公布的财务报 严重加大效果的不确定性，或使之严 告；注册会计师发现当期财务报告存 重偏离预期目标的。 在重大错报，而内部控制在运行过程 中未能发现该错报；审计委员会和内 B、重要缺陷：如果缺陷发生的可能性 部审计机构对内部控制的监督无效。 定性标准 较高，会显著降低工作效率或效果、 或显著加大效果的不确定性，或使之 B.重要缺陷：在缺陷识别的时候，同 显著偏离预期目标的。 时考虑缺陷发生的可能性，缺陷发生 C、一般缺陷：如果缺陷发生的可能性 可能性为中等则认定为重要缺陷。 较小，会降低工作效率或效果、或加 大效果的不确定性，或使之偏离预期 C.一般缺陷：未构成重大缺陷、重要 目标的。 缺陷标准的其他内部控制缺陷。 一、营业收入潜在错报 重大缺陷：错报>营业收入的 10%；重 直接财产损失金额 要缺陷：错报介于营业收入的 5%- 重大缺陷定：上一会计年度净资产的 10%；一般缺陷：错报<营业收入的 10%及以上；重要缺陷：上一会计年度 定量标准 5%。 净资产的 2.5%-上一会计年度净资产 的 10%；一般缺陷：小于上一会计年 二、资产总额潜在错报 度净资产的 2.5% 重大,candidate_requires_manual_selection
300377.SZ,赢时胜,revenue,61,营业收入,2025|2|1|2026|04|21|100.00|100.00|10|5|10|10|5|2.5|10|2.5|10|5|61,深圳市赢时胜信息技术股份有限公司2025年年度报告全文 实完整，提高经营效率和效果，促进公司实现发展战略。公司通过内部控制体系的运行、分析与评价， 有效防范了经营管理中的风险，促进了内部控制目标的实现。 2、报告期内发现的内部控制重大缺陷的具体情况 □是 否 十四、公司报告期内对子公司的管理控制情况 整合中遇到的 已采取的解决 公司名称 整合计划 整合进展 解决进展 后续解决计划 问题 措施 - - - - - - - 对子公司的管理控制存在异常 □是 否 十五、内部控制评价报告及内部控制审计报告 1、内控评价报告 内部控制评价报告全文披露日期 2026年04月21日 内部控制评价报告全文披露索引 http://www.cninfo.com.cn 纳入评价范围单位资产总额占公司合 100.00% 并财务报表资产总额的比例 纳入评价范围单位营业收入占公司合 100.00% 并财务报表营业收入的比例 缺陷认定标准 类别 财务报告 非财务报告 A.财务报告重大缺陷的迹象主要包 A、重大缺陷：如果缺陷发生的可能性 括：公司董事、监事和高级管理人员 高，会严重降低工作效率或效果、或 舞弊；公司更正已经公布的财务报 严重加大效果的不确定性，或使之严 告；注册会计师发现当期财务报告存 重偏离预期目标的。 在重大错报，而内部控制在运行过程 中未能发现该错报；审计委员会和内 B、重要缺陷：如果缺陷发生的可能性 部审计机构对内部控制的监督无效。 定性标准 较高，会显著降低工作效率或效果、 或显著加大效果的不确定性，或使之 B.重要缺陷：在缺陷识别的时候，同 显著偏离预期目标的。 时考虑缺陷发生的可能性，缺陷发生 C、一般缺陷：如果缺陷发生的可能性 可能性为中等则认定为重要缺陷。 较小，会降低工作效率或效果、或加 大效果的不确定性，或使之偏离预期 C.一般缺陷：未构成重大缺陷、重要 目标的。 缺陷标准的其他内部控制缺陷。 一、营业收入潜在错报 重大缺陷：错报>营业收入的 10%；重 直接财产损失金额 要缺陷：错报介于营业收入的 5%- 重大缺陷定：上一会计年度净资产的 10%；一般缺陷：错报<营业收入的 10%及以上；重要缺陷：上一会计年度 定量标准 5%。 净资产的 2.5%-上一会计年度净资产 的 10%；一般缺陷：小于上一会计年 二、资产总额潜在错报 度净资产的 2.5% 重大,candidate_requires_manual_selection
300377.SZ,赢时胜,total_assets,62,资产总额,2025|10|5|0|0|0|0|2|2025|12|31|2026|04|21|2024|12|31|2024|14|1|62,深圳市赢时胜信息技术股份有限公司2025年年度报告全文 10%：一般缺陷：错报<资产总额的 5% 财务报告重大缺陷数量（个） 0 非财务报告重大缺陷数量（个） 0 财务报告重要缺陷数量（个） 0 非财务报告重要缺陷数量（个） 0 2、内部控制审计报告 适用 □不适用 内部控制审计报告中的审议意见段 我们认为，赢时胜于2025年12月31日按照《企业内部控制基本规范》和相关规定在所有重大方面保持了有效的财务 报告内部控制。 内控审计报告披露情况 披露 内部控制审计报告全文披露日期 2026年04月21日 内部控制审计报告全文披露索引 http://www.cninfo.com.cn 内控审计报告意见类型 标准无保留意见 非财务报告是否存在重大缺陷 否 会计师事务所是否出具非标准意见的内部控制审计报告 □是 否 会计师事务所出具的内部控制审计报告与董事会的自我评价报告意见是否一致 是 □否 报告期或上年度是否被出具内部控制非标准审计意见 是 □否 导致内部控制非标准审计意见的问题成因、整改进展等情况说明： 立信中联会计师事务所（特殊普通合伙）认为公司于2024年12月31日按照《企业内部控制基 本规范》和相关规定在所有重大方面保持了有效的财务报告内部控制，出具了带强调事项段的无保留意 见的内部控制审计报告。公司2024年度对其他非流动金融资产公允价值计量的关键假设及依据的客观 证据不充分。该事项反映出赢时胜在对外投资的跟踪监督管理方面存在问题，但不构成重大缺陷。 上述内控缺陷一经发现确认，公司管理层并已责成相关单位及负责人进行落实整改，公司将持续 跟踪，规范内部控制制度执行，强化内部控制监督检查，促进公司健康、可持续发展。 存在的问题及整改措施 问题一：收入核算不规范 公司在客户未按合同约定支付尾款时，未按照预计未能收回金额计提坏账损失而是冲销收入，不符 合《企业会计准则第14号--收入》第五条第二款的相关规定。 整改措施： 1、系统性完善收入相关的财务核算制度，明确收入冲回（适用于销售退回等情形）与坏账计提 （适用于客户信用风险）的适用场景，明确规定在任何情况下，不得以直接冲减收入的方式来处理应收 账款的坏账风险。 62,candidate_requires_manual_selection
300377.SZ,赢时胜,revenue,91,营业收入,"2025|27|36|1|2|2025|137,304|78|134,174|17|2.33|3|4|5|6|7|8|15|22|1|9|46|2025|12|31","深圳市赢时胜信息技术股份有限公司2025年年度报告全文 （一）收入确认 关键审计事项 在审计中如何应对该事项 请参阅赢时胜合并财务报表附注四、27 我们就收入确认实施的主要审计程序包括： 所述的会计政策及估计以及附注六、36所述 1、了解和测试销售与收款循环内部控制，对内部控制设 的收入情况。赢时胜收入主要来源于定制软 计和运行有效性进行评估。 件开发和销售收入，以及软件技术服务收 2、实施分析性程序，对销售收入和毛利率分客户、分类 入。2025年度赢时胜营业收入 137,304.78万 型进行趋势分析；分析软件业务合同或协议的主要条款， 元。较上年134,174.17万元上升2.33%。 并与管理层讨论软件业务相关收入确认原则的合理性，并 由于收入是赢时胜的关键业绩指标之 检查其在报告期内执行的一贯性。 一，属于财务报表重要项目，且属于特别风 3、针对定制化软件产品、自行开发软件项目销售收入， 险，因此我们将收入确认列为关键审计事 获取验收报告、开票与收款结算情况等资料；针对技术服 项。 务收入，获取工作量结算单、开票与收款结算情况等资 料，检查相关收入确认依据的真实性、充分性及合理性。 4、对重要客户实施函证程序，以评估报告期软件业务相 关收入金额的准确性。 5、实施收入截止测试，关注资产负债表日后是否存在大 额退货或收入冲回记录。 6、检查应收账款期后回款的情况。 7、检查本期新增客户和销售变动较大的客户及其关联方 的工商信息，以评估是否存在未识别潜在关联方关系和交 易。 8、检查与营业收入相关的信息是否已在财务报表中作出 恰当列报。 （二）长期股权投资减值事项 关键审计事项 在审计中如何应对该事项 请参阅赢时胜合并财务报表附注四、15 我们就长期股权投资减值事项实施的主要审计程序包括： 和附注四、22所述的会计政策及估计以及附 1、 了解和测试与长期股权投资减值相关的内部控制，对 注六、9和附注六、46所述的长期股权投资 内部控制设计和运行有效性进行评估。 减值情况。截至2025年12月31日，赢时胜 2、 获取并复核管理层评价长期股权投资是否存在减值迹 针对长期股权投资计提减值准备余额2,731.24 象所依据的资料，考虑管理层评价减值迹象存在的恰当 万元。 性。 管理层对上述股权投资是否存在减值迹 3、与管理层讨论减值评估政策和相关重要判断标准，检 象进",candidate_requires_manual_selection
300377.SZ,赢时胜,total_assets,95,资产合计,"2025|89,324,088|59|60,694,297|13|6,265,447|49|43,059,354|34|573,264|41|1,474,890,957|51|1,444,656,428|08|348,367,548|08|375,241,516|00|214,006,083|26|200,667,856|03|52,413,254|05","深圳市赢时胜信息技术股份有限公司2025年年度报告全文 应收股利 买入返售金融资产 存货 89,324,088.59 60,694,297.13 其中：数据资源 合同资产 持有待售资产 6,265,447.49 43,059,354.34 一年内到期的非流动资产 其他流动资产 573,264.41 流动资产合计 1,474,890,957.51 1,444,656,428.08 非流动资产： 发放贷款和垫款 债权投资 其他债权投资 长期应收款 长期股权投资 348,367,548.08 375,241,516.00 其他权益工具投资 其他非流动金融资产 214,006,083.26 200,667,856.03 投资性房地产 52,413,254.05 60,649,180.14 固定资产 615,929,054.40 639,630,256.67 在建工程 生产性生物资产 油气资产 使用权资产 5,371,265.57 24,238,852.15 无形资产 4,882,345.60 4,968,164.67 其中：数据资源 开发支出 其中：数据资源 商誉 长期待摊费用 3,523,458.43 5,085,844.90 递延所得税资产 35,222,239.27 32,299,219.58 其他非流动资产 1,008,849.56 非流动资产合计 1,279,715,248.66 1,343,789,739.70 资产总计 2,754,606,206.17 2,788,446,167.78 流动负债： 短期借款 向中央银行借款 拆入资金 交易性金融负债 衍生金融负债 应付票据 应付账款 4,594,559.75 4,984,614.65 预收款项 588,124.49 150,409.57 95",candidate_requires_manual_selection
300377.SZ,赢时胜,total_assets,97,资产合计,"2025|2,754,606,206|17|2,788,446,167|78|2|427,675,100|30|228,419,288|61|160,156,909|72|270,467,861|11|718,773,123|25|773,303,115|04|11,244,171|30|5,579,941|52|45,304,913|52|30,655,978","深圳市赢时胜信息技术股份有限公司2025年年度报告全文 负债和所有者权益总计 2,754,606,206.17 2,788,446,167.78 法定代表人：唐球 主管会计工作负责人：廖拾秀 会计机构负责人：张金叶 2、母公司资产负债表 单位：元 项目 期末余额 期初余额 流动资产： 货币资金 427,675,100.30 228,419,288.61 交易性金融资产 160,156,909.72 270,467,861.11 衍生金融资产 应收票据 应收账款 718,773,123.25 773,303,115.04 应收款项融资 预付款项 11,244,171.30 5,579,941.52 其他应收款 45,304,913.52 30,655,978.95 其中：应收利息 应收股利 存货 87,731,940.06 59,724,919.49 其中：数据资源 合同资产 持有待售资产 6,265,447.49 43,059,354.34 一年内到期的非流动资产 其他流动资产 573,264.41 流动资产合计 1,457,151,605.64 1,411,783,723.47 非流动资产： 债权投资 其他债权投资 长期应收款 长期股权投资 498,040,129.33 524,914,097.25 其他权益工具投资 其他非流动金融资产 214,006,083.26 200,667,856.03 投资性房地产 52,413,254.05 60,649,180.14 固定资产 615,891,132.05 639,586,670.21 在建工程 生产性生物资产 油气资产 使用权资产 5,371,265.57 24,238,852.15 无形资产 4,882,345.60 4,968,164.67 其中：数据资源 开发支出 其中：数据资源 商誉 97",candidate_requires_manual_selection
300377.SZ,赢时胜,total_assets,98,资产合计,"2025|3,523,458|43|5,085,844|90|22,746,084|28|19,589,898|33|1,008,849|56|1,416,873,752|57|1,480,709,413|24|2,874,025,358|21|2,892,493,136|71|9,390,417|48|9,471,738|28|588,124|49","深圳市赢时胜信息技术股份有限公司2025年年度报告全文 长期待摊费用 3,523,458.43 5,085,844.90 递延所得税资产 22,746,084.28 19,589,898.33 其他非流动资产 1,008,849.56 非流动资产合计 1,416,873,752.57 1,480,709,413.24 资产总计 2,874,025,358.21 2,892,493,136.71 流动负债： 短期借款 交易性金融负债 衍生金融负债 应付票据 应付账款 9,390,417.48 9,471,738.28 预收款项 588,124.49 150,409.57 合同负债 12,376,217.97 13,109,701.94 应付职工薪酬 104,096,257.42 111,131,639.72 应交税费 88,712,553.84 83,689,226.51 其他应付款 6,616,805.91 7,593,827.46 其中：应付利息 应付股利 持有待售负债 一年内到期的非流动负债 2,995,731.81 3,623,299.54 其他流动负债 1,088,144.24 956,836.34 流动负债合计 225,864,253.16 229,726,679.36 非流动负债： 长期借款 应付债券 其中：优先股 永续债 租赁负债 3,892,538.18 24,233,327.83 长期应付款 长期应付职工薪酬 预计负债 递延收益 递延所得税负债 其他非流动负债 非流动负债合计 3,892,538.18 24,233,327.83 负债合计 229,756,791.34 253,960,007.19 所有者权益： 股本 751,003,080.00 751,003,080.00 其他权益工具 其中：优先股 永续债 资本公积 1,691,622,624.61 1,691,622,624.61 减：库存股 其他综合收益 -21,042,634.10 -21,042,634.10 98",candidate_requires_manual_selection
300377.SZ,赢时胜,revenue,99,营业收入,"2025|153,986,420|46|153,412,876|73|68,699,075|90|63,537,182|28|2,644,268,566|87|2,638,533,129|52|2,874,025,358|21|2,892,493,136|71|3|2025|2024|1,373,047,831|21|1,341,741,650|04|1,373,047,831","深圳市赢时胜信息技术股份有限公司2025年年度报告全文 专项储备 盈余公积 153,986,420.46 153,412,876.73 未分配利润 68,699,075.90 63,537,182.28 所有者权益合计 2,644,268,566.87 2,638,533,129.52 负债和所有者权益总计 2,874,025,358.21 2,892,493,136.71 3、合并利润表 单位：元 项目 2025年度 2024年度 一、营业总收入 1,373,047,831.21 1,341,741,650.04 其中：营业收入 1,373,047,831.21 1,341,741,650.04 利息收入 已赚保费 手续费及佣金收入 二、营业总成本 1,386,743,119.87 1,432,378,926.30 其中：营业成本 794,520,124.89 798,974,671.51 利息支出 手续费及佣金支出 退保金 赔付支出净额 提取保险责任合同准备金净 额 保单红利支出 分保费用 税金及附加 19,748,096.85 19,421,810.41 销售费用 36,159,441.49 36,179,573.43 管理费用 119,632,414.82 143,692,903.90 研发费用 418,138,876.89 435,140,638.36 财务费用 -1,455,835.07 -1,030,671.31 其中：利息费用 659,324.74 1,355,534.69 利息收入 2,215,508.85 2,466,281.21 加：其他收益 28,421,957.42 33,330,665.48 投资收益（损失以“－”号填 2,252,702.49 -3,736,197.37 列） 其中：对联营企业和合营 438,433.36 -3,059,326.48 企业的投资收益 以摊余成本计量的 金融资产终止确认收益 汇兑收益（损失以“-”号填 列） 净敞口套期收益（损失以 “－”号填列） 公允价值变动收益（损失以 13,498,839.72 -248,153,543.77 “－”号填列） 信用减值损失（损失以“-”号 -14,584,976.81 -22,879,273.71 99",candidate_requires_manual_selection
300377.SZ,赢时胜,net_profit_attributable,100,归属于母公司股东的净利润,"2025|27,312,401|28|148,692,430|44|1,930,492|82|2,131,661|43|9,488,674|30|482,899,717|50|306,886|80|574,369|10|546,163|86|2,122,180|32|9,727,951|36|484,447,528|72","深圳市赢时胜信息技术股份有限公司2025年年度报告全文 填列） 资产减值损失（损失以“-”号 -27,312,401.28 -148,692,430.44 填列） 资产处置收益（损失以“-”号 1,930,492.82 -2,131,661.43 填列） 三、营业利润（亏损以“－”号填 -9,488,674.30 -482,899,717.50 列） 加：营业外收入 306,886.80 574,369.10 减：营业外支出 546,163.86 2,122,180.32 四、利润总额（亏损总额以“－”号 -9,727,951.36 -484,447,528.72 填列） 减：所得税费用 -2,923,019.69 -38,971,176.57 五、净利润（净亏损以“－”号填 -6,804,931.67 -445,476,352.15 列） （一）按经营持续性分类 1.持续经营净利润（净亏损以 -6,804,931.67 -445,476,352.15 “－”号填列） 2.终止经营净利润（净亏损以 “－”号填列） （二）按所有权归属分类 1.归属于母公司股东的净利润 -5,260,651.89 -443,568,497.40 2.少数股东损益 -1,544,279.78 -1,907,854.75 六、其他综合收益的税后净额 归属母公司所有者的其他综合收益 的税后净额 （一）不能重分类进损益的其他 综合收益 1.重新计量设定受益计划变动 额 2.权益法下不能转损益的其他 综合收益 3.其他权益工具投资公允价值 变动 4.企业自身信用风险公允价值 变动 5.其他 （二）将重分类进损益的其他综 合收益 1.权益法下可转损益的其他综 合收益 2.其他债权投资公允价值变动 3.金融资产重分类计入其他综 合收益的金额 4.其他债权投资信用减值准备 5.现金流量套期储备 6.外币财务报表折算差额 7.其他 归属于少数股东的其他综合收益的 税后净额 七、综合收益总额 -6,804,931.67 -445,476,352.15 归属于母公司所有者的综合收益总 -5,260,651.89 -443,568,497.40 额 归属于少数股东的综合收益总额 -1,544,279.78 -1,907,854.75 八、每股收益： 100",candidate_requires_manual_selection
300377.SZ,赢时胜,revenue,101,营业收入,"2025|0.0070|0.5654|0.0070|0.5654|0.00|0.00|4|2025|2024|1,345,809,820|61|1,307,192,798|77|788,635,577|71|791,849,163|82|19,512,717|29|19,131,692|22|33,951,825|37|33,729,129","深圳市赢时胜信息技术股份有限公司2025年年度报告全文 （一）基本每股收益 -0.0070 -0.5654 （二）稀释每股收益 -0.0070 -0.5654 本期发生同一控制下企业合并的，被合并方在合并前实现的净利润为：0.00元，上期被合并方实现的净利润为：0.00 元。 法定代表人：唐球 主管会计工作负责人：廖拾秀 会计机构负责人：张金叶 4、母公司利润表 单位：元 项目 2025年度 2024年度 一、营业收入 1,345,809,820.61 1,307,192,798.77 减：营业成本 788,635,577.71 791,849,163.82 税金及附加 19,512,717.29 19,131,692.22 销售费用 33,951,825.37 33,729,129.17 管理费用 107,880,642.82 128,417,922.31 研发费用 401,713,442.38 409,817,683.64 财务费用 -886,889.77 -832,859.85 其中：利息费用 659,324.74 1,354,277.37 利息收入 1,643,664.68 2,263,447.37 加：其他收益 27,364,184.10 31,126,309.21 投资收益（损失以“－”号填 2,252,584.27 -3,736,197.59 列） 其中：对联营企业和合营企 438,433.36 -3,059,326.48 业的投资收益 以摊余成本计量的金 融资产终止确认收益（损失以“-”号 填列） 净敞口套期收益（损失以 “－”号填列） 公允价值变动收益（损失以 13,495,136.95 -248,165,963.58 “－”号填列） 信用减值损失（损失以“-”号 -9,785,905.67 -23,115,974.82 填列） 资产减值损失（损失以“-”号 -27,312,401.28 -350,173,605.38 填列） 资产处置收益（损失以“-”号 1,930,492.82 -2,147,098.78 填列） 二、营业利润（亏损以“－”号填 2,946,596.00 -671,132,463.48 列） 加：营业外收入 163,262.55 55,530.00 减：营业外支出 530,607.15 2,100,957.06 三、利润总额（亏",candidate_requires_manual_selection
300377.SZ,赢时胜,total_assets,118,资产总额,2025|11|27|33|1|2025|12|31|2025|2023|15|2|1|1|12|31|3|12|4|5|10|10|10|10|118,深圳市赢时胜信息技术股份有限公司2025年年度报告全文 五、重要会计政策及会计估计 具体会计政策和会计估计提示： 本集团根据实际生产经营特点，依据相关企业会计准则的规定，对收入确认、金融资产减值等交易 和事项制定了若干项具体会计政策和会计估计，详见本附注四、11“金融资产减值”，27、“收入”各 项描述。关于管理层所作出的重大会计判断和估计的说明，请参阅附注四、33“重大会计判断和估计”。 1、遵循企业会计准则的声明 本公司编制的财务报表符合企业会计准则的要求，真实、完整地反映了本公司及本集团2025年12 月31日的财务状况及2025年度的经营成果和现金流量等有关信息。此外，本公司及本集团的财务报表 在所有重大方面符合中国证券监督管理委员会2023年修订的《公开发行证券的公司信息披露编报规则 第15号——财务报告的一般规定》有关财务报表及其附注的披露要求。 2、会计期间 本集团的会计期间分为年度和中期，会计中期指短于一个完整的会计年度的报告期间。本集团会计 年度采用公历年度，即每年自1月1日起至12月31日止。 3、营业周期 正常营业周期是指本集团从购买用于加工的资产起至实现现金或现金等价物的期间。本集团以12个月 作为一个营业周期，并以其作为资产和负债的流动性划分标准。 4、记账本位币 人民币为本公司及境内子公司经营所处的主要经济环境中的货币，本公司及境内子公司以人民币为 记账本位币。本集团编制本财务报表时所采用的货币为人民币。 5、重要性标准确定方法和选择依据 适用 □不适用 项目 重要性标准 账龄超过一年的应付账款/其他应付款占应付账款/其他应 重要的应付账款/其他应付款 付款总额的10%以上 账龄超过一年的预收账款/合同负债占预收账款/合同负债 重要的预收账款/合同负债 总额的10%以上 公司将资产总额或收入总额超过集团总资产或总收入的 重要的子公司、非全资子公司 10%以上，或子公司收入占集团合并收入的10%以上的子公 司确认为重要子公司/重要非全资子公司 118,candidate_requires_manual_selection
300377.SZ,赢时胜,total_assets,119,资产总额,2025|10|6|12|12|119,深圳市赢时胜信息技术股份有限公司2025年年度报告全文 公司将对单个联营企业的长期股权投资账面价值占集团合 重要的联营企业 并资产总额的 10% 以上的确认为重要的联营企业 6、同一控制下和非同一控制下企业合并的会计处理方法 企业合并，是指将两个或两个以上单独的企业合并形成一个报告主体的交易或事项。企业合并分 为同一控制下企业合并和非同一控制下企业合并。 同一控制下企业合并 参与合并的企业在合并前后均受同一方或相同的多方最终控制，且该控制并非暂时性的，为同一控 制下的企业合并。同一控制下的企业合并，在合并日取得对其他参与合并企业控制权的一方为合并方， 参与合并的其他企业为被合并方。合并日，是指合并方实际取得对被合并方控制权的日期。 合并方取得的资产和负债均按合并日在被合并方的账面价值计量。合并方取得的净资产账面价值与 支付的合并对价账面价值（或发行股份面值总额）的差额，调整资本公积（股本溢价）；资本公积（股 本溢价）不足以冲减的，调整留存收益。 合并方为进行企业合并发生的各项直接费用，于发生时计入当期损益。 非同一控制下企业合并 参与合并的企业在合并前后不受同一方或相同的多方最终控制的，为非同一控制下的企业合并。非 同一控制下的企业合并，在购买日取得对其他参与合并企业控制权的一方为购买方，参与合并的其他企 业为被购买方。购买日，是指为购买方实际取得对被购买方控制权的日期。 对于非同一控制下的企业合并，合并成本包含购买日购买方为取得对被购买方的控制权而付出的资 产、发生或承担的负债以及发行的权益性证券的公允价值，为企业合并发生的审计、法律服务、评估咨 询等中介费用以及其他管理费用于发生时计入当期损益。购买方作为合并对价发行的权益性证券或债务 性证券的交易费用，计入权益性证券或债务性证券的初始确认金额。所涉及的或有对价按其在购买日的 公允价值计入合并成本，购买日后12个月内出现对购买日已存在情况的新的或进一步证据而需要调整 或有对价的，相应调整合并商誉。购买方发生的合并成本及在合并中取得的可辨认净资产按购买日的公 允价值计量。合并成本大于合并中取得的被购买方于购买日可辨认净资产公允价值份额的差额，确认为 商誉。合并成本小于合并中取得的被购买方可辨认净资产公允价值份额的，首先对取得的被购买方各项 可辨认资产、负债及或有负债的公允价值以及合并成本的计量进行复核，复核后合并成,candidate_requires_manual_selection
300377.SZ,赢时胜,revenue,164,营业收入,"2025|20|3,570,700|18|2,908,296|28|662,403|90|375,679,949|348,367,548|27,312,401|2|36|08|8|27,312,401|28|2026|063|2026|041|2026|062|15|214,006,083","深圳市赢时胜信息技术股份有限公司2025年年度报告全文 费用 公允价值采用 市场法EV/S 同花顺、国家 指标；处置费 可比上市公司 统计局、《人 用共包含四部 前20日收盘 工智能标准化 深圳市图灵机 分，分别为印 价、非经营性 3,570,700.18 2,908,296.28 662,403.90 白皮书》、 器人有限公司 花税、产权交 净资产、溢余 《新一代人工 易费用、中介 资产、带息债 智能发展战略 服务费及资产 务、营业收入 研究所》等 出售前的整理 费用 375,679,949. 348,367,548. 27,312,401.2 合计 36 08 8 可收回金额按预计未来现金流量的现值确定 □适用 不适用 前述信息与以前年度减值测试采用的信息或外部信息明显不一致的差异原因 无 公司以前年度减值测试采用信息与当年实际情况明显不一致的差异原因 无 其他说明： 本集团对联营企业长期股权投资进行减值测试，基于各被投资单位实际经营情况、财务状况及未来 发展前景，结合行业环境变化等因素，本期合计计提长期股权投资减值准备27,312,401.28元。 本集团对联营企业长期股权投资减值测试，由深圳长基资产评估房地产土地估价有限公司执行，对 应评估报告文号为长基评报字[2026]第063号、长基评报字[2026]第041号、长基评报字[2026]第062号。 15、其他非流动金融资产 单位：元 项目 期末余额 期初余额 分类以公允价值计量且其变动计入当 期损益的金融资产 其中：对非上市公司的股权投资 214,006,083.26 200,667,856.03 合计 214,006,083.26 200,667,856.03 其他说明： 164",candidate_requires_manual_selection
300377.SZ,赢时胜,revenue,181,营业收入,"2025|40|153,412,876|73|573,543|73|153,986,420|46|153,412,876|73|573,543|73|153,986,420|46|10|50|41|27,538,426|44|482,232,066|91|65,753,834|50|46,860,454|37","深圳市赢时胜信息技术股份有限公司2025年年度报告全文 40、盈余公积 单位：元 项目 期初余额 本期增加 本期减少 期末余额 法定盈余公积 153,412,876.73 573,543.73 153,986,420.46 合计 153,412,876.73 573,543.73 153,986,420.46 盈余公积说明，包括本期增减变动情况、变动原因说明： 根据《公司法》、公司章程的规定，本公司按净利润的10%提取法定盈余公积。法定盈余公积累计额达 到本公司注册资本50%以上的，不再提取。 41、未分配利润 单位：元 项目 本期 上期 调整前上期末未分配利润 27,538,426.44 482,232,066.91 调整期初未分配利润合计数（调增+， -65,753,834.50 -46,860,454.37 调减—） 调整后期初未分配利润 -38,215,408.06 435,371,612.54 加：本期归属于母公司所有者的净利 -5,260,651.89 -443,568,497.40 润 减：提取法定盈余公积 573,543.73 应付普通股股利 30,018,523.20 期末未分配利润 -44,049,603.68 -38,215,408.06 调整期初未分配利润明细： 1）、由于《企业会计准则》及其相关新规定进行追溯调整，影响期初未分配利润元。 2）、由于会计政策变更，影响期初未分配利润元。 3）、由于重大会计差错更正，影响期初未分配利润-65,753,834.50元。 4）、由于同一控制导致的合并范围变更，影响期初未分配利润元。 5）、其他调整合计影响期初未分配利润元。 使用资本公积弥补亏损详细情况说明： 42、营业收入和营业成本 单位：元 本期发生额 上期发生额 项目 收入 成本 收入 成本 主营业务 1,369,876,111.82 792,549,646.29 1,338,168,650.95 797,002,254.31 其他业务 3,171,719.39 1,970,478.60 3,572,999.09 1,972,417.20 合计 1,373,047,831.21 794,520,124.89 1,341,741,650.04 798,974,671.51 公司报告期内经审计利润总额、净利润、扣除非经常性损益后的净利润三者孰低为负",candidate_requires_manual_selection
300377.SZ,赢时胜,revenue,182,营业收入,"2025|1,373,047,831|21|0|1,341,741,650|04|0|3,171,719|39|0|3,572,999|09|0|0.23|0|0.27|0|1|3,171,719|39|0|3,572,999|09|0|3,171,719","深圳市赢时胜信息技术股份有限公司2025年年度报告全文 营业收入金额 1,373,047,831.21 0 1,341,741,650.04 0 营业收入扣除项目合 3,171,719.39 0 3,572,999.09 0 计金额 营业收入扣除项目合 计金额占营业收入的 0.23% 0 0.27% 0 比重 一、与主营业务无关 的业务收入 1．正常经营之外的其 他业务收入。如出租 固定资产、无形资 产、包装物，销售材 料，用材料进行非货 币性资产交换，经营 3,171,719.39 0 3,572,999.09 0 受托管理业务等实现 的收入，以及虽计入 主营业务收入，但属 于上市公司正常经营 之外的收入。 与主营业务无关的业 3,171,719.39 0 3,572,999.09 0 务收入小计 二、不具备商业实质 的收入 不具备商业实质的收 0.00 0 0.00 0 入小计 营业收入扣除后金额 1,369,876,111.82 0 1,338,168,650.95 0 营业收入、营业成本的分解信息： 单位：元 分部1 分部2 合计 合同分类 营业收入 营业成本 营业收入 营业成本 营业收入 营业成本 营业收入 营业成本 业务类型 其中： 定制软件 674,318,3 674,318,3 开发和销 37.90 37.90 售 服务费收 698,729,4 698,729,4 入 93.31 93.31 按经营地 区分类 其中： 922,060,5 922,060,5 华北大区 55.89 55.89 271,463,5 271,463,5 华东大区 00.95 00.95 176,352,0 176,352,0 华南大区 54.98 54.98 市场或客 户类型 其中： 合同类型 182",candidate_requires_manual_selection
300377.SZ,赢时胜,revenue,196,营业收入,2025|2|3|196,深圳市赢时胜信息技术股份有限公司2025年年度报告全文 无 持有半数或以下表决权但仍控制被投资单位、以及持有半数以上表决权但不控制被投资单位的依据： 无 对于纳入合并范围的重要的结构化主体，控制的依据： 无 确定公司是代理人还是委托人的依据： 无 其他说明： 无 （2） 重要的非全资子公司 单位：元 本期归属于少数股东 本期向少数股东宣告 期末少数股东权益余 子公司名称 少数股东持股比例 的损益 分派的股利 额 子公司少数股东的持股比例不同于表决权比例的说明： 无 其他说明： 无 （3） 重要非全资子公司的主要财务信息 单位：元 期末余额 期初余额 子公 非流 非流 非流 非流 司名 流动 资产 流动 负债 流动 资产 流动 负债 动资 动负 动资 动负 称 资产 合计 负债 合计 资产 合计 负债 合计 产 债 产 债 单位：元 本期发生额 上期发生额 子公司名 综合收益 经营活动 综合收益 经营活动 称 营业收入 净利润 营业收入 净利润 总额 现金流量 总额 现金流量 其他说明： 无 196,candidate_requires_manual_selection
300377.SZ,赢时胜,total_assets,198,资产合计,"2025|20|20|2|3|352,096,859|78|345,025,298|10|198","深圳市赢时胜信息技术股份有限公司2025年年度报告全文 无 持有20%以下表决权但具有重大影响，或者持有20%或以上表决权但不具有重大影响的依据： 无 （2） 重要合营企业的主要财务信息 单位：元 期末余额/本期发生额 期初余额/上期发生额 流动资产 其中：现金和现金等价物 非流动资产 资产合计 流动负债 非流动负债 负债合计 少数股东权益 归属于母公司股东权益 按持股比例计算的净资产份额 调整事项 --商誉 --内部交易未实现利润 --其他 对合营企业权益投资的账面价值 存在公开报价的合营企业权益投资的 公允价值 营业收入 财务费用 所得税费用 净利润 终止经营的净利润 其他综合收益 综合收益总额 本年度收到的来自合营企业的股利 其他说明： （3） 重要联营企业的主要财务信息 单位：元 期末余额/本期发生额 期初余额/上期发生额 东吴（苏州）金融科技有限公司 东吴（苏州）金融科技有限公司 流动资产 352,096,859.78 345,025,298.10 198",candidate_requires_manual_selection
300377.SZ,赢时胜,revenue,198,营业收入,"2025|20|20|2|3|352,096,859|78|345,025,298|10|198","深圳市赢时胜信息技术股份有限公司2025年年度报告全文 无 持有20%以下表决权但具有重大影响，或者持有20%或以上表决权但不具有重大影响的依据： 无 （2） 重要合营企业的主要财务信息 单位：元 期末余额/本期发生额 期初余额/上期发生额 流动资产 其中：现金和现金等价物 非流动资产 资产合计 流动负债 非流动负债 负债合计 少数股东权益 归属于母公司股东权益 按持股比例计算的净资产份额 调整事项 --商誉 --内部交易未实现利润 --其他 对合营企业权益投资的账面价值 存在公开报价的合营企业权益投资的 公允价值 营业收入 财务费用 所得税费用 净利润 终止经营的净利润 其他综合收益 综合收益总额 本年度收到的来自合营企业的股利 其他说明： （3） 重要联营企业的主要财务信息 单位：元 期末余额/本期发生额 期初余额/上期发生额 东吴（苏州）金融科技有限公司 东吴（苏州）金融科技有限公司 流动资产 352,096,859.78 345,025,298.10 198",candidate_requires_manual_selection
300377.SZ,赢时胜,total_assets,199,资产合计,"2025|409,327,282|28|411,043,737|38|761,424,142|06|756,069,035|48|9,918,718|48|6,932,223|90|24,970,021|16|23,876,612|40|34,888,739|64|30,808,836|30|726,535,402|42|725,260,199|18","深圳市赢时胜信息技术股份有限公司2025年年度报告全文 非流动资产 409,327,282.28 411,043,737.38 资产合计 761,424,142.06 756,069,035.48 流动负债 9,918,718.48 6,932,223.90 非流动负债 24,970,021.16 23,876,612.40 负债合计 34,888,739.64 30,808,836.30 净资产 726,535,402.42 725,260,199.18 少数股东权益 归属于母公司股东权益 按持股比例计算的净资产份额 232,491,328.77 232,083,263.74 调整事项 --商誉 --内部交易未实现利润 --其他 对联营企业权益投资的账面价值 354,645,793.04 354,245,568.00 存在公开报价的联营企业权益投资的 公允价值 营业收入 70,046,754.55 74,164,533.02 净利润 1,275,203.24 -10,827,381.40 终止经营的净利润 其他综合收益 综合收益总额 1,275,203.24 -10,827,381.40 本年度收到的来自联营企业的股利 其他说明： （4） 不重要的合营企业和联营企业的汇总财务信息 单位：元 期末余额/本期发生额 期初余额/上期发生额 合营企业： 下列各项按持股比例计算的合计数 联营企业： 投资账面价值合计 13,800,380.08 18,641,100.00 下列各项按持股比例计算的合计数 --净利润 30,369.90 420,341.86 --综合收益总额 30,369.90 420,341.86 其他说明： 无 （5） 合营企业或联营企业向本公司转移资金的能力存在重大限制的说明 无 199",candidate_requires_manual_selection
300377.SZ,赢时胜,revenue,199,营业收入,"2025|409,327,282|28|411,043,737|38|761,424,142|06|756,069,035|48|9,918,718|48|6,932,223|90|24,970,021|16|23,876,612|40|34,888,739|64|30,808,836|30|726,535,402|42|725,260,199|18","深圳市赢时胜信息技术股份有限公司2025年年度报告全文 非流动资产 409,327,282.28 411,043,737.38 资产合计 761,424,142.06 756,069,035.48 流动负债 9,918,718.48 6,932,223.90 非流动负债 24,970,021.16 23,876,612.40 负债合计 34,888,739.64 30,808,836.30 净资产 726,535,402.42 725,260,199.18 少数股东权益 归属于母公司股东权益 按持股比例计算的净资产份额 232,491,328.77 232,083,263.74 调整事项 --商誉 --内部交易未实现利润 --其他 对联营企业权益投资的账面价值 354,645,793.04 354,245,568.00 存在公开报价的联营企业权益投资的 公允价值 营业收入 70,046,754.55 74,164,533.02 净利润 1,275,203.24 -10,827,381.40 终止经营的净利润 其他综合收益 综合收益总额 1,275,203.24 -10,827,381.40 本年度收到的来自联营企业的股利 其他说明： （4） 不重要的合营企业和联营企业的汇总财务信息 单位：元 期末余额/本期发生额 期初余额/上期发生额 合营企业： 下列各项按持股比例计算的合计数 联营企业： 投资账面价值合计 13,800,380.08 18,641,100.00 下列各项按持股比例计算的合计数 --净利润 30,369.90 420,341.86 --综合收益总额 30,369.90 420,341.86 其他说明： 无 （5） 合营企业或联营企业向本公司转移资金的能力存在重大限制的说明 无 199",candidate_requires_manual_selection
300377.SZ,赢时胜,total_assets,204,资产总额,"2025|1|161,876,764|57|161,876,764|57|1|161,876,764|57|161,876,764|57|3|214,006,083|26|214,006,083|26|375,882,847|83|375,882,847|83|2|3|4|1|2","深圳市赢时胜信息技术股份有限公司2025年年度报告全文 十三、公允价值的披露 1、以公允价值计量的资产和负债的期末公允价值 单位：元 期末公允价值 项目 第一层次公允价值计 第二层次公允价值计 第三层次公允价值计 合计 量 量 量 一、持续的公允价值 -- -- -- -- 计量 （一）交易性金融资 161,876,764.57 161,876,764.57 产 1.以公允价值计量且 其变动计入当期损益 161,876,764.57 161,876,764.57 的金融资产 （3）其他非流动金融 214,006,083.26 214,006,083.26 资产 持续以公允价值计量 375,882,847.83 375,882,847.83 的资产总额 二、非持续的公允价 -- -- -- -- 值计量 2、持续和非持续第一层次公允价值计量项目市价的确定依据 无 3、持续和非持续第二层次公允价值计量项目，采用的估值技术和重要参数的定性及定量信息 无 4、持续和非持续第三层次公允价值计量项目，采用的估值技术和重要参数的定性及定量信息 （1）银行理财产品以及结构性存款，采用现金流折现估值模型确定其公允价值，不可观察估计值 是预期收益率。 （2）其他权益工具投资与其他非流动金融资产系本公司持有的非上市公司股权，对被投资企业经 营环境和经营情况、财务状况未发生重大变化，公司按投资成本作为公允价值的合理估计进行计量。对 于被投资企业经营环境和经营情况、财务状况发生重大变化，其公允价值的确定，采用市场法估计确定 其公允价值，并对因缺乏市场性或因规模差异或因特定风险而进行适当的风险调整。 5、持续的第三层次公允价值计量项目，期初与期末账面价值间的调节信息及不可观察参数敏感性分析 无 204",candidate_requires_manual_selection
300377.SZ,赢时胜,total_assets,212,资产总额,2025|3|1|2|4|5|6|1|2|3|4|212,深圳市赢时胜信息技术股份有限公司2025年年度报告全文 3、资产置换 （1） 非货币性资产交换 无 （2） 其他资产置换 4、年金计划 无 5、终止经营 单位：元 归属于母公司 项目 收入 费用 利润总额 所得税费用 净利润 所有者的终止 经营利润 无 其他说明： 无 6、分部信息 （1） 报告分部的确定依据与会计政策 无 （2） 报告分部的财务信息 单位：元 项目 分部间抵销 合计 （3） 公司无报告分部的，或者不能披露各报告分部的资产总额和负债总额的，应说明原因 无 （4） 其他说明 无 212,candidate_requires_manual_selection
300377.SZ,赢时胜,revenue,221,营业收入,"2025|375|2|197|1|27|31|348|3|224|4|438|4|41|51|29|65|2,401|67|54|42|05|33.36|6.00|4.75","深圳市赢时胜信息技术股份有限公司2025年年度报告全文 公司 375,2 197,1 27,31 348,3 224,4 438,4 小计 41,51 29,65 2,401 67,54 42,05 33.36 6.00 4.75 .28 8.08 6.03 375,2 197,1 27,31 348,3 224,4 438,4 合计 41,51 29,65 2,401 67,54 42,05 33.36 6.00 4.75 .28 8.08 6.03 可收回金额按公允价值减去处置费用后的净额确定 □适用 不适用 可收回金额按预计未来现金流量的现值确定 □适用 不适用 前述信息与以前年度减值测试采用的信息或外部信息明显不一致的差异原因 公司以前年度减值测试采用信息与当年实际情况明显不一致的差异原因 （3） 其他说明 长期股权投资减值测试情况 可收回金额按公允价值减去处置费用后的净额确定 公允价值和处置费用的确定 关键参数的确定依 项 目 账面价值 可收回金额 减值金额 关键参数 方式 据 公允价值采用市场法P/E 可比上市公司原始P/E 达烁高科（北 指标；处置费用共包含四 指标、前20日收盘 同花顺、国家统计 京）信息技术 15,100,768.14 10,892,083.80 4,208,684.34 部分，分别为印花税、产 价、非经营性净资 局、华经情报网等 有限公司 权交易费用、中介服务费 产、溢余资产 及资产出售前的整理费用 公允价值采用市场法P/S 可比上市公司原始P/S 东吴（苏州） 指标；处置费用共包含四 指标、前20日收盘 同花顺、国家统计 金融科技有限 357,008,481.04 334,567,168.00 22,441,313.04 部分，分别为印花税、产 价、非经营性净资 局、华经情报网等 公司 权交易费用、中介服务费 产、溢余资产 及资产出售前的整理费用 同花顺、国家统计 公允价值采用市场法EV/S 可比上市公司前20日 局、《人工智能标 指标；处置费用共包含四 深圳市图灵机 收盘价、非经营性净 准化白皮书》、 3,570,700.18 2,908,296.28 662,403.90 部分，分别为印花税、产 器人有限公司 资产、溢余资产、带 《新一代人工智能 权交易费用、中介服务费 息债务、营业收入 发展战略研究所》 及资产出售前的",candidate_requires_manual_selection
300377.SZ,赢时胜,revenue,222,营业收入,"2025|4|1,341,982,214|99|786,665,099|11|1,303,074,148|55|789,876,746|62|3,827,605|62|1,970,478|60|4,118,650|22|1,972,417|20|1,345,809,820|61|788,635,577|71|1,307,192,798|77|791,849,163","深圳市赢时胜信息技术股份有限公司2025年年度报告全文 4、营业收入和营业成本 单位：元 本期发生额 上期发生额 项目 收入 成本 收入 成本 主营业务 1,341,982,214.99 786,665,099.11 1,303,074,148.55 789,876,746.62 其他业务 3,827,605.62 1,970,478.60 4,118,650.22 1,972,417.20 合计 1,345,809,820.61 788,635,577.71 1,307,192,798.77 791,849,163.82 营业收入、营业成本的分解信息： 单位：元 分部1 分部2 合计 合同分类 营业收入 营业成本 营业收入 营业成本 营业收入 营业成本 营业收入 营业成本 业务类型 其中： 定制软件 655,739,8 220,733,5 655,739,8 220,733,5 开发和销 98.38 91.49 98.38 91.49 售 服务费收 690,069,9 567,901,9 690,069,9 567,901,9 入 22.23 86.22 22.23 86.22 按经营地 区分类 其中： 927,994,2 582,295,7 927,994,2 582,295,7 华北大区 64.68 51.11 64.68 51.11 256,463,5 123,161,0 256,463,5 123,161,0 华东大区 00.95 31.14 00.95 31.14 161,352,0 83,178,79 161,352,0 83,178,79 华南大区 54.98 5.46 54.98 5.46 市场或客 户类型 其中： 合同类型 其中： 按商品转 让的时间 分类 其中： 在某一时 655,739,8 220,733,5 655,739,8 220,733,5 点确认收 98.38 91.49 98.38 91.49 入 在某一时 690,069,9 567,901,9 690,069,9 567,901,9 段确认收 22.23 86.22 22.23 86.22 入 按合同期 限分类 其中： 222",candidate_requires_manual_selection
300674.SZ,宇信科技,total_assets,11,资产总额,"2025|61|128|7|401|2025|2024|2023|3,623,081,673|57|3,958,028,236|86|8.46|5,203,702,275|14|431,843,595|03|379,852,639|00|13.69|325,720,181|22|414,755,151|15|349,215,318","2025年年度报告全文 会计师事务所办公地址 上海市黄浦区南京东路61号四楼 签字会计师姓名 张金华、孙元元 公司聘请的报告期内履行持续督导职责的保荐机构 适用 □不适用 保荐机构名称 保荐机构办公地址 保荐代表人姓名 持续督导期间 鉴于公司募集资金尚未使用 深圳市前海深港合作区南山 完毕，华泰联合证券仍需对 华泰联合证券有限责任公司 街道桂湾五路128号前海深 李凯、蔡敏 公司募集资金的使用情况履 港基金小镇B7栋401 行持续督导义务 公司聘请的报告期内履行持续督导职责的财务顾问 □适用 不适用 五、主要会计数据和财务指标 公司是否需追溯调整或重述以前年度会计数据 □是 否 2025年 2024年 本年比上年增减 2023年 营业收入（元） 3,623,081,673.57 3,958,028,236.86 -8.46% 5,203,702,275.14 归属于上市公司股东的净利润（元） 431,843,595.03 379,852,639.00 13.69% 325,720,181.22 归属于上市公司股东的扣除非经常性 414,755,151.15 349,215,318.42 18.77% 316,087,715.44 损益的净利润（元） 经营活动产生的现金流量净额（元） 621,367,006.45 940,784,034.45 -33.95% 446,558,660.43 基本每股收益（元/股） 0.63 0.55 14.55% 0.47 稀释每股收益（元/股） 0.62 0.54 14.81% 0.47 加权平均净资产收益率 9.75% 9.15% 0.60% 8.19% 2025年末 2024年末 本年末比上年末增减 2023年末 资产总额（元） 6,818,799,864.19 5,825,169,063.21 17.06% 5,566,284,502.98 归属于上市公司股东的净资产（元） 4,563,184,754.76 4,274,611,426.44 6.75% 4,110,024,478.10 公司最近三个会计年度扣除非经常性损益前后净利润孰低者均为负值，且最近一年审计报告显示公司持续经营能力存在 不确定性 □是 否 公司报告期内经审计利润总额、净利润、扣除非经常性损益后的净利润三者孰低为负值 □是 否 存在股权激励、员工持股",candidate_requires_manual_selection
300674.SZ,宇信科技,revenue,11,营业收入,"2025|61|128|7|401|2025|2024|2023|3,623,081,673|57|3,958,028,236|86|8.46|5,203,702,275|14|431,843,595|03|379,852,639|00|13.69|325,720,181|22|414,755,151|15|349,215,318","2025年年度报告全文 会计师事务所办公地址 上海市黄浦区南京东路61号四楼 签字会计师姓名 张金华、孙元元 公司聘请的报告期内履行持续督导职责的保荐机构 适用 □不适用 保荐机构名称 保荐机构办公地址 保荐代表人姓名 持续督导期间 鉴于公司募集资金尚未使用 深圳市前海深港合作区南山 完毕，华泰联合证券仍需对 华泰联合证券有限责任公司 街道桂湾五路128号前海深 李凯、蔡敏 公司募集资金的使用情况履 港基金小镇B7栋401 行持续督导义务 公司聘请的报告期内履行持续督导职责的财务顾问 □适用 不适用 五、主要会计数据和财务指标 公司是否需追溯调整或重述以前年度会计数据 □是 否 2025年 2024年 本年比上年增减 2023年 营业收入（元） 3,623,081,673.57 3,958,028,236.86 -8.46% 5,203,702,275.14 归属于上市公司股东的净利润（元） 431,843,595.03 379,852,639.00 13.69% 325,720,181.22 归属于上市公司股东的扣除非经常性 414,755,151.15 349,215,318.42 18.77% 316,087,715.44 损益的净利润（元） 经营活动产生的现金流量净额（元） 621,367,006.45 940,784,034.45 -33.95% 446,558,660.43 基本每股收益（元/股） 0.63 0.55 14.55% 0.47 稀释每股收益（元/股） 0.62 0.54 14.81% 0.47 加权平均净资产收益率 9.75% 9.15% 0.60% 8.19% 2025年末 2024年末 本年末比上年末增减 2023年末 资产总额（元） 6,818,799,864.19 5,825,169,063.21 17.06% 5,566,284,502.98 归属于上市公司股东的净资产（元） 4,563,184,754.76 4,274,611,426.44 6.75% 4,110,024,478.10 公司最近三个会计年度扣除非经常性损益前后净利润孰低者均为负值，且最近一年审计报告显示公司持续经营能力存在 不确定性 □是 否 公司报告期内经审计利润总额、净利润、扣除非经常性损益后的净利润三者孰低为负值 □是 否 存在股权激励、员工持股",candidate_requires_manual_selection
300674.SZ,宇信科技,net_profit_attributable,11,归属于上市公司股东的净利润,"2025|61|128|7|401|2025|2024|2023|3,623,081,673|57|3,958,028,236|86|8.46|5,203,702,275|14|431,843,595|03|379,852,639|00|13.69|325,720,181|22|414,755,151|15|349,215,318","2025年年度报告全文 会计师事务所办公地址 上海市黄浦区南京东路61号四楼 签字会计师姓名 张金华、孙元元 公司聘请的报告期内履行持续督导职责的保荐机构 适用 □不适用 保荐机构名称 保荐机构办公地址 保荐代表人姓名 持续督导期间 鉴于公司募集资金尚未使用 深圳市前海深港合作区南山 完毕，华泰联合证券仍需对 华泰联合证券有限责任公司 街道桂湾五路128号前海深 李凯、蔡敏 公司募集资金的使用情况履 港基金小镇B7栋401 行持续督导义务 公司聘请的报告期内履行持续督导职责的财务顾问 □适用 不适用 五、主要会计数据和财务指标 公司是否需追溯调整或重述以前年度会计数据 □是 否 2025年 2024年 本年比上年增减 2023年 营业收入（元） 3,623,081,673.57 3,958,028,236.86 -8.46% 5,203,702,275.14 归属于上市公司股东的净利润（元） 431,843,595.03 379,852,639.00 13.69% 325,720,181.22 归属于上市公司股东的扣除非经常性 414,755,151.15 349,215,318.42 18.77% 316,087,715.44 损益的净利润（元） 经营活动产生的现金流量净额（元） 621,367,006.45 940,784,034.45 -33.95% 446,558,660.43 基本每股收益（元/股） 0.63 0.55 14.55% 0.47 稀释每股收益（元/股） 0.62 0.54 14.81% 0.47 加权平均净资产收益率 9.75% 9.15% 0.60% 8.19% 2025年末 2024年末 本年末比上年末增减 2023年末 资产总额（元） 6,818,799,864.19 5,825,169,063.21 17.06% 5,566,284,502.98 归属于上市公司股东的净资产（元） 4,563,184,754.76 4,274,611,426.44 6.75% 4,110,024,478.10 公司最近三个会计年度扣除非经常性损益前后净利润孰低者均为负值，且最近一年审计报告显示公司持续经营能力存在 不确定性 □是 否 公司报告期内经审计利润总额、净利润、扣除非经常性损益后的净利润三者孰低为负值 □是 否 存在股权激励、员工持股",candidate_requires_manual_selection
300674.SZ,宇信科技,net_profit_attributable,12,归属于上市公司股东的净利润,"2025|58,154,316|48|162,299,298|03|58,698,869|79|152,691,110|73|55,317,569|47|160,405,008|69|58,232,948|09|140,799,624|90|411,954,304|42|9,403,558|10|34,551,111|13|989,366,641|64","2025年年度报告全文 归属于上市公司股东的净利润 58,154,316.48 162,299,298.03 58,698,869.79 152,691,110.73 归属于上市公司股东的扣除非经常 55,317,569.47 160,405,008.69 58,232,948.09 140,799,624.90 性损益的净利润 经营活动产生的现金流量净额 -411,954,304.42 9,403,558.10 34,551,111.13 989,366,641.64 上述财务指标或其加总数是否与公司已披露季度报告、半年度报告相关财务指标存在重大差异 □是 否 七、境内外会计准则下会计数据差异 1、同时按照国际会计准则与按照中国会计准则披露的财务报告中净利润和净资产差异情况 □适用 不适用 公司报告期不存在按照国际会计准则与按照中国会计准则披露的财务报告中净利润和净资产差异情况。 2、同时按照境外会计准则与按照中国会计准则披露的财务报告中净利润和净资产差异情况 □适用 不适用 公司报告期不存在按照境外会计准则与按照中国会计准则披露的财务报告中净利润和净资产差异情况。 八、非经常性损益项目及金额 适用 □不适用 单位：元 项目 2025年金额 2024年金额 2023年金额 说明 非流动性资产处置损益（包括已计提资产 -755,462.78 -280,675.64 -585,719.64 减值准备的冲销部分） 计入当期损益的政府补助（与公司正常经 营业务密切相关，符合国家政策规定、按 15,740,507.90 40,415,838.99 12,065,802.99 照确定的标准享有、对公司损益产生持续 影响的政府补助除外） 除同公司正常经营业务相关的有效套期保 值业务外，非金融企业持有金融资产和金 12,509,421.09 -7,840,473.02 54,700.01 融负债产生的公允价值变动损益以及处置 金融资产和金融负债产生的损益 委托他人投资或管理资产的损益 843,490.57 15,000.00 除上述各项之外的其他营业外收入和支出 -8,503,101.85 79,104.45 -292,028.76 减：所得税影响额 5,374.44 3.82 1,563,924.17 少数股东权益影响额（税后） 1,897,546.04 2,579,9",candidate_requires_manual_selection
300674.SZ,宇信科技,revenue,19,营业收入,2025|3|2025|5828.00|19,2025年年度报告全文 在业务创新化赋能方面，公司聚焦营销、风控、运营、监管等金融核心场景，落地AI Agent应用， 大幅提升业务效率与风控精度。在数字银行领域，公司主要产品已全面融合AI大模型，形成“AI+数字 银行”产品升级，推出“手机银行App+AI助手”、“企微营销平台+AI助手”、“策略平台+AI助手” 多个产品，为客户提供更高效的服务力、生产力和创造力；在数据资产领域，突破AI Agent技术在数 据生产、加工、服务及消费环节的场景化落地，实现从“工具赋能”向“智能体协作”的范式跃迁；公 司开发了能自动执行的智能运营、智能理赔等应用侧智能产品，探索全新的金融服务模式，提升自身市 场竞争力。 在数币全球化开拓方面，公司基于与央行及各大行在数字人民币领域的深厚合作，积极探索“智能 合约”的高级应用场景，将AI技术融入数字人民币全链路服务，结合Web3技术探索数币智能合约、可 编程支付等创新应用。报告期内，公司成功中标并落地实施境外某银行数字货币项目，负责完成数字钱 包与银行账户体系的对接，以及智能合约应用场景的建设工作。该项目已于2025年第四季度顺利投产， 并进入监管沙盒验证阶段。公司将依托境外数字货币项目布局，将“AI+数币”成熟的解决方案向全球 输出。  践行全球化，系统性输出中国金融科技最佳实践 根据灼识咨询报告，当前全球金融服务的普惠性仍有巨大提升空间。东南亚、中东等新兴市场的金 融机构在数字化与智能化转型方面虽尚处起步阶段，但已展现出强劲的需求，为金融科技解决方案供应 商提供了广阔的市场空间。中国头部金融科技企业凭借在本土市场积累的深厚技术积淀、成熟的产品体 系及一站式服务能力，已成为全球金融科技领域的重要引领者。中国金融科技龙头企业正以东南亚、中 东等新兴市场为突破口，通过技术输出、模式创新与本土化适配，将“中国金融科技最佳实践”成功复 制到国际市场，为推动全球金融科技普惠发展、完善金融服务生态贡献中国智慧与力量。 中国金融科技出海的优势，源自复杂金融场景中长期积累的最佳实践，以及面向前沿技术持续迸发 的创新应用动力。报告期内，公司全力执行全球化战略成果显著，成功拓展至欧洲市场，外资银行和海 外客户营业收入实现5828.00万元，聚焦两大方向加速推进全球化业务。 一是数字化升级与替代，针对海外金融机构传统系统，以自研整体解决方案替代其陈旧架,candidate_requires_manual_selection
300674.SZ,宇信科技,revenue,20,营业收入,2025|3.66|10.09|10|842|71|20,2025年年度报告全文 台在海外监管环境下的首次规模化落地；数字银行核心产品矩阵加速海外渗透，落地案例持续增加、收 入份额稳步提升。 二是创新赋能与业务模式输出，将国内已验证的先进金融科技方案，尤其是AI应用、数字法币等 创新业务系统性输出，助力海外特别是新兴市场与发展中国家客户实现跨越式数智化发展。报告期内， 公司以印尼联合运营为支点，形成可复制的数字化运营经验，向越南、非洲等新兴市场延伸布局；依托 大模型与智能体技术中标海外企业AI项目，复杂智能体构建能力进一步提升；与境外某数字钱包公司 合作研发数币对接产品，为海内外银行快速构建数币服务能力提供技术支撑。 全球化是中国金融科技企业核心能力与战略布局的必然延伸，作为中国金融科技领军者，公司已形 成“港澳深耕、东南亚布局、欧洲突破、中东及非洲探索”的梯次化市场开拓，尤其是在“一带一路” 沿线国家和地区，与战略合作伙伴形成联合方案赋能数智化转型升级，核心能力在海外市场实现从“落 地”到“溢出”。公司将继续夯实海外能力，将全球化作为未来三年明确的增量市场与战略支柱。  原研引领，以AI原生重构金融科技核心能力 作为科技企业，保持行业引领能力不仅需要构筑自主、坚实的技术根基，更需要系统性构建自我演 进的持续能力。报告期内，公司研发投入3.66亿元，占公司营业收入10.09%，公司过去五年一直保持 研发投入占收入10%以上，为公司产品解决方案持续不断发展注入动能。截至报告期末，公司软件著作 权增至842件，专利数增至71件，围绕AI“技术+场景+算力”打造三位一体的研发体系和人才梯队， 确保创新能力的自主可控与持续引领。 在技术层面，报告期内公司持续加强 AI 研究院建设，实施领军人才引聚计划，招募和吸引顶尖 AI+金融科技专家，持续扩充具备前沿视野与核心技术实力的研发团队；开展内部优秀人才选拔与培养， 让更多原有业务骨干掌握大模型应用与研发技能，激活组织的内生创新活力；启动“AI赋能软件专项 工程”，将大模型能力深度融入软件开发全流程，提升研发效能与智能化水平；探索前沿高级别项目， 围绕AI代理、多模态交互等方向开展研究，为下一代金融科技产品储备技术能力。 在场景层面，公司深化与大模型生态伙伴的协同合作，沉淀金融行业知识库与模型能力，推动通用 大模型能力与金融业务场景深度融合；发挥与金融机构长期合作积累的客户信任优势，,candidate_requires_manual_selection
300674.SZ,宇信科技,revenue,28,营业收入,"2025|2025|2025|2025|150|2025|2025|2025|2025|100|2025|2025|2025|2025|2025|2025|2|1|2025|2024|3,623,081,673|57|100|3,958,028,236|86","2025年年度报告全文 宇信科技 2025年度软件和信息技术服务名牌企业 中国电子信息联合会 宇信科技 2025GMVPS年度案例集 编委会“特别推荐 《宇信科技分布式企业网 全球计算联盟 案例称号” 银系统》 《互联网周刊》、中国社会科 宇信科技 2025中国软件150强 学院信息化研究中心、eNet研 究院与德本咨询 宇信科技 第二十届中国经济论坛平行论坛暨2025大 零售信贷自营业务转型合 湾区科技与金融创新发展大会——“十四 证券时报社 作运营模式——区域性银 五”金融创新优秀案例 行数字化普惠金融新范式 宇信科技 《宇信科技星辰ChatBI： AI大模型驱动的银行智能 2025金融新质生产力优秀实践 中经社 风控标杆——金融新质生 产力创新实践》 宇信科技 2025“新奖”榜单——年度未来场景定义者 《财经》新媒体 第十四届“金智奖”——“投资价值上市公 宇信科技 金融界 司” 宇信科技 “十四五”金融科技创新成果及科普实践成 中国通信学会 管理数字化解决方案 果 北京市智成高科技产业发展研 宇信科技 2025中关村高成长企业TOP100 究所 2025北京数字经济企业百强 2025北京高精尖百强 北京企业联合会 北京市企业家 宇信科技 2025北京服务业企业百强 协会 2025京津冀服务业企业百强 2025北京软件和信息技术服务综合实力百家 宇信科技 北京软件和信息服务业协会 企业报告 2025北京软件和信息服务企业社会责任治理 宇信科技 北京软件和信息服务业协会 水平AAA 宇信科技 ESG评级A级 绿发信评 宇信科技 信息披露考评A级 深圳证券交易所 2、收入与成本 （1） 营业收入构成 营业收入整体情况 单位：元 2025年 2024年 同比增减 金额 占营业收入比重 金额 占营业收入比重 营业收入合计 3,623,081,673.57 100% 3,958,028,236.86 100% -8.46% 分行业 银行 3,086,654,553.68 85.19% 3,189,819,127.89 80.59% -3.23% 非银金融机构 213,172,736.24 5.88% 211,407,210.55 5.34% 0.84% 其他 323,254,383.65 8.92% 556,801,898.42 14.07% -41.94% 分产品 ",candidate_requires_manual_selection
300674.SZ,宇信科技,revenue,29,营业收入,"2025|168,811,999|44|4.66|122,097,102|12|3.08|38.26|3,642,537|15|0.10|3,817,861|94|0.10|4.59|59,146,477|65|1.63|96,478,574|74|2.44|38.69|1,791,438,602|65|49.45","2025年年度报告全文 创新运营业务 168,811,999.44 4.66% 122,097,102.12 3.08% 38.26% 其他业务 3,642,537.15 0.10% 3,817,861.94 0.10% -4.59% 分地区 东北 59,146,477.65 1.63% 96,478,574.74 2.44% -38.69% 华北 1,791,438,602.65 49.45% 2,381,258,311.30 60.16% -24.77% 华东 1,017,140,043.70 28.07% 888,751,264.14 22.45% 14.45% 华南 467,009,862.40 12.89% 343,614,911.61 8.68% 35.91% 华中 120,632,458.61 3.33% 137,361,093.52 3.47% -12.18% 西北 78,592,946.60 2.17% 45,929,071.66 1.16% 71.12% 西南 70,761,113.01 1.95% 55,583,171.06 1.40% 27.31% 海外 18,360,168.95 0.51% 9,051,838.83 0.23% 102.83% 分销售模式 自营 3,623,081,673.57 100.00% 3,958,028,236.86 100.00% -8.46% 公司需遵守《深圳证券交易所上市公司自律监管指引第3号——行业信息披露》中的“软件与信息技术服务业”的披露 要求 单位：元 2025年度 2024年度 第一季度 第二季度 第三季度 第四季度 第一季度 第二季度 第三季度 第四季度 525,131,89 890,028,10 771,263,21 1,436,658,4 600,631,52 889,219,11 860,948,00 1,607,229,5 营业收入 3.70 4.42 0.73 64.72 5.41 5.28 8.28 87.89 归属于上 市公司股 58,154,316. 162,299,29 58,698,869. 152,691,11 32,112,877. 130,875,77 99,180,719. 117,683,26 东的净利 48 8.03 79 0.73 23 8.18 04 4.55",candidate_requires_manual_selection
300674.SZ,宇信科技,revenue,32,营业收入,"2025|1,498,506,900|71|41.36|0.00|5|1|582,318,691|91|16.07|2|298,670,147|09|8.24|3|250,479,488|77|6.91|4|185,166,827|35|5.11|5|181,871,745|59","2025年年度报告全文 前五名客户合计销售金额（元） 1,498,506,900.71 前五名客户合计销售金额占年度销售总额比例 41.36% 前五名客户销售额中关联方销售额占年度销售总额比例 0.00% 公司前5大客户资料 序号 客户名称 销售额（元） 占年度销售总额比例 1 客户一 582,318,691.91 16.07% 2 客户二 298,670,147.09 8.24% 3 客户三 250,479,488.77 6.91% 4 客户四 185,166,827.35 5.11% 5 客户五 181,871,745.59 5.02% 合计 -- 1,498,506,900.71 41.36% 主要客户其他情况说明 □适用 不适用 公司主要供应商情况 前五名供应商合计采购金额（元） 330,379,772.19 前五名供应商合计采购金额占年度采购总额比例 67.95% 前五名供应商采购额中关联方采购额占年度采购总额比例 5.82% 公司前5名供应商资料 序号 供应商名称 采购额（元） 占年度采购总额比例 1 供应商一 169,414,163.91 34.84% 2 供应商二 72,413,131.56 14.89% 3 供应商三 31,343,928.62 6.45% 4 供应商四 28,894,882.30 5.94% 5 供应商五 28,313,665.80 5.82% 合计 -- 330,379,772.19 67.95% 主要供应商其他情况说明 □适用 不适用 报告期内公司贸易业务收入占营业收入比例超过10% □适用 不适用 3、费用 单位：元 2025年 2024年 同比增减 重大变动说明 销售费用减少主要为 销售费用 105,210,760.75 123,784,961.44 -15.01% 职工薪酬及业务招待 费减少所致。 管理费用增加主要为 管理费用 307,501,395.18 295,228,820.49 4.16% 股份支付费用增加所 致。 财务费用增加主要为 财务费用 -29,711,771.17 -47,320,323.77 37.21% 利息收入减少所致。 研发费用减少主要为 研发费用 358,712,118.70 429,993,078.32 -16.58% 职工薪酬减少所致。 32",candidate_requires_manual_selection
300674.SZ,宇信科技,revenue,43,营业收入,"2025|4|5|6|7|2025|2024|1|0341|1,357|23.80|10.40|11.76|1.36|873|1,132|22.88|77|93|17.20|84|133|36.84|30|194","2025年年度报告全文 台在移动研发、数据 状态等多维度数据统 运营、智能监控、营 一采集;4、 强化数 销推广等方面的核心 据分析与可视化运营 竞争力，为各渠道业 能力，支撑精细化运 务提供更高标准、更 营决策5、 优化异 可靠、更高效的移动 常监控与实时告警机 运营与运维支撑，助 制，提升线上稳定性 力业务数字化、智能 与问题处置效率 化、全渠道一体化发 6、 新增广告投放与 展。 精准营销相关能力， 助力业务获客与转化 7、 新增应用市场投 放能力，支持一键发 布应用包到各大应用 市场，极大提高了运 营效率 公司研发人员情况 2025年 2024年 变动比例 研发人员数量（人） 1,0341 1,357 -23.80% 研发人员数量占比 10.40% 11.76% -1.36% 研发人员学历 本科 873 1,132 -22.88% 硕士 77 93 -17.20% 其他 84 133 -36.84% 研发人员年龄构成 30岁以下 194 356 -45.51% 30~40岁 626 796 -21.36% 40岁以上 214 205 4.39% 注：1 研发人员数量统计口径为人年数。 近三年公司研发投入金额及占营业收入的比例 2025年 2024年 2023年 研发投入金额（元） 365,521,212.61 433,560,829.31 568,268,556.80 研发投入占营业收入比例 10.09% 10.95% 10.92% 研发支出资本化的金额 6,809,093.91 3,567,750.99 0.00 （元） 资本化研发支出占研发投入 1.86% 0.82% 0.00% 的比例 资本化研发支出占当期净利 1.56% 0.93% 0.00% 润的比重 公司研发人员构成发生重大变化的原因及影响 □适用 不适用 研发投入总额占营业收入的比重较上年发生显著变化的原因 □适用 不适用 研发投入资本化率大幅变动的原因及其合理性说明 □适用 不适用 公司需遵守《深圳证券交易所上市公司自律监管指引第3号——行业信息披露》中的“软件与信息技术服务业”的披露 要求 单位：元 43",candidate_requires_manual_selection
300674.SZ,宇信科技,revenue,52,营业收入,2025|1|1|2|3|4|52,2025年年度报告全文 （二）公司面临的风险及应对措施 1、报告期内，公司可能面临的风险如下： （1）市场竞争风险 经过多年发展，公司在银行行业信息化领域已经处于领先地位，占有了相对稳固的市场份额并树立 了良好的品牌形象。但随着客户对IT服务的需求不断增长、行业内原有竞争对手规模和竞争力的不断 提高，加之新进入竞争者逐步增多，可能导致公司所处行业竞争加剧。虽然市场总体规模在未来相当长 一段时间内仍将以较快的速度扩大，为公司提供了获取更大市场份额的机会，但如果公司在市场竞争中 不能有效提升专业技术水平，不能充分利用现有的市场影响力，无法在当前市场高速发展的态势下迅速 扩大自身规模并增强资金实力，公司将面临较大的市场竞争风险，有可能导致公司的市场地位出现下滑。 （2）服务对象行业及销售客户相对集中的风险 报告期内，公司来源于银行业客户的收入占总营业收入的比例较高。银行业整体的发展战略及客户 自身的经营决策、投资规模将对公司的经营状况及业务发展产生较大的影响，公司业务对银行业客户有 一定的依赖性。尽管公司与银行客户保持着长期稳定的合作关系，但公司若不能通过技术创新、服务提 升等方式及时满足客户提出的业务需求或是因为国家经济政策、宏观经济波动等原因导致银行业客户经 营情况发生变化，导致其对公司产品的需求大幅下降，公司将面临客户相对集中的风险。 （3）技术与产品开发质量的风险 软件开发属于技术密集型产业，公司产品技术开发所依赖的操作系统、开发工具等更新换代速度快。 如果相关技术发生重大变革，将影响公司产品技术开发。公司作为国内规模最大的银行IT解决方案提 供商之一，其生存和发展很大程度上取决于是否能根据IT技术的更新换代，匹配不断变化的客户需求， 如果公司不能准确地把握行业技术的发展趋势，在技术开发方向的决策上发生失误，或不能及时将新技 术运用于产品开发和升级，将对公司的声誉和盈利能力造成不利影响，面临技术与产品开发的风险。 （4）侵权风险 虽然经过各方面的协同努力，我国在知识产权保护方面取得了长足发展，但是由于国家的相关法律 体系还不够完善，企业各自的版权保护意识不强烈，保护方式也不够专业，知识产权保护在整体上存在 众多隐患。鉴于IT解决方案服务的易模仿等特性，公司产品和技术存在被盗版和仿造的风险。如果公 司产品遭到较大范围的盗版、仿冒或非法利用，将会对公司盈利水平和品牌推,candidate_requires_manual_selection
300674.SZ,宇信科技,total_assets,80,资产总额,2025|1|2026|03|30|94.95|93.44|1|1|2|2|3|3|4|5|4|6|1|2|2|2|1|2|1|2,2025年年度报告全文 对子公司的管理控制存在异常 □是 否 十五、内部控制评价报告及内部控制审计报告 1、内控评价报告 内部控制评价报告全文披露日期 2026年03月30日 内部控制评价报告全文披露索引 巨潮资讯网（http://www.cninfo.com.cn） 纳入评价范围单位资产总额占公司合 94.95% 并财务报表资产总额的比例 纳入评价范围单位营业收入占公司合 93.44% 并财务报表营业收入的比例 缺陷认定标准 类别 财务报告 非财务报告 重大缺陷： 重大缺陷： （1）缺乏“三重一大”等重大集体决策 程序； （1）董事和高级管理人员舞弊； （2）公司决策程序不科学导致重大损 （2）外部审计发现当期财务报表存在 失； 重大错报，而内部控制在运行过程中 未能发现该错报； （3）严重违反法律法规； 定性标准 （3）内部审计机构对内部控制的监督 （4）管理人员或技术人员大量流失； 无效； （5）公司内部控制重大缺陷未得到整 （4）其他可能造成公司财务报告被认 改； 定为无效情形的。 （6）重要业务缺乏制度控制或制度系 其他情形按影响程度分别确定为重要 统性失效。 缺陷或一般缺陷。 其他情形按影响程度分别确定为重要 缺陷或一般缺陷。 1、重大缺陷 错报≥资产总额的2%或 错报≥营业收入总额的2% 2、重要缺陷 资产总额的1%≤错报<资产总额的2% 定量标准 或 无 营业收入总额1%≤错报<营业收入总 额2% 3、一般缺陷 错报<资产总额1%且 错报<营业收入总额1% 80,candidate_requires_manual_selection
300674.SZ,宇信科技,revenue,80,营业收入,2025|1|2026|03|30|94.95|93.44|1|1|2|2|3|3|4|5|4|6|1|2|2|2|1|2|1|2,2025年年度报告全文 对子公司的管理控制存在异常 □是 否 十五、内部控制评价报告及内部控制审计报告 1、内控评价报告 内部控制评价报告全文披露日期 2026年03月30日 内部控制评价报告全文披露索引 巨潮资讯网（http://www.cninfo.com.cn） 纳入评价范围单位资产总额占公司合 94.95% 并财务报表资产总额的比例 纳入评价范围单位营业收入占公司合 93.44% 并财务报表营业收入的比例 缺陷认定标准 类别 财务报告 非财务报告 重大缺陷： 重大缺陷： （1）缺乏“三重一大”等重大集体决策 程序； （1）董事和高级管理人员舞弊； （2）公司决策程序不科学导致重大损 （2）外部审计发现当期财务报表存在 失； 重大错报，而内部控制在运行过程中 未能发现该错报； （3）严重违反法律法规； 定性标准 （3）内部审计机构对内部控制的监督 （4）管理人员或技术人员大量流失； 无效； （5）公司内部控制重大缺陷未得到整 （4）其他可能造成公司财务报告被认 改； 定为无效情形的。 （6）重要业务缺乏制度控制或制度系 其他情形按影响程度分别确定为重要 统性失效。 缺陷或一般缺陷。 其他情形按影响程度分别确定为重要 缺陷或一般缺陷。 1、重大缺陷 错报≥资产总额的2%或 错报≥营业收入总额的2% 2、重要缺陷 资产总额的1%≤错报<资产总额的2% 定量标准 或 无 营业收入总额1%≤错报<营业收入总 额2% 3、一般缺陷 错报<资产总额1%且 错报<营业收入总额1% 80,candidate_requires_manual_selection
300674.SZ,宇信科技,revenue,114,营业收入,"2025|1|1|2025|362,308|17|114","2025年年度报告全文 我们按照中国注册会计师审计准则的规定执行了审计工作。审计报告的 “注册会计师对财务报表审计的责任”部分进一步阐述了我们在这些准则下 的责任。按照《中国注册会计师独立性准则第 1 号——财务报表审计和审阅 业务对独立性的要求》和中国注册会计师职业道德守则，我们独立于宇信科 技，并履行了职业道德方面的其他责任。我们在审计中遵循了对公众利益实 体审计的独立性要求。我们相信，我们获取的审计证据是充分、适当的，为 发表审计意见提供了基础。 关键审计事项  关键审计事项是我们根据职业判断，认为对本期财务报表审计最为重要 的事项。这些事项的应对以对财务报表整体进行审计并形成审计意见为背景， 我们不对这些事项单独发表意见。 我们在审计中识别出的关键审计事项汇总如下： 关键审计事项 该事项在审计中是如何应对的 （一）营业收入 收入确认的会计政策详情及分析 我们对收入确认关键审计事项 请参阅财务报表附注“三（二十 执行的主要审计程序包括： 六）收入”所述的会计政策及 （1）了解和评价管理层与确定 “五（三十九）营业收入和营业 合同中履约义务完成时间相关 成本”。2025年度，宇信科技 的关键内部控制，测试及评价 营业收入为 362,308.17万元。由 相关内部控制的设计和运行有 于营业收入是宇信科技的关键业 效性。 114",candidate_requires_manual_selection
300674.SZ,宇信科技,total_assets,116,资产总额,"2025|8.29|8,137|93|323.06|7,814|86|1.15|3|4|5|6|7|116","2025年年度报告全文 资产总额的 8.29%；合同资产账 验数据及前瞻性关键假设的合 面原值为 8,137.93万元，减值准 理性，从而评估管理层对应收 备为 323.06万元，账面价值为 账款和合同资产的信用风险评 7,814.86万元，占期末资产总额 估和组合识别的合理性。 的 1.15%。若应收账款和合同资 （3）分析应收账款和合同资产 产不能按期收回或无法收回而发 坏账准备会计估计的合理性， 生坏账对财务报表影响较为重 比较分析资产负债表日坏账准 大，为此我们将应收账款和合同 备计提金额及应收账款和合同 资产的减值识别为关键审计事 资产余额的比例变动情况，对 项。 坏账准备计提金额和实际发生 金额进行比较，分析坏账准备 计提的充分性。 （4）对管理层编制的应收账款 和合同资产的账龄组合明细表 准确性进行测试。 （5）获取应收账款和合同资产 坏账准备计提表，按预期信用 损失模型重新计算坏账准备计 提金额的准确性。 （6）分析应收账款和合同资产 的账龄和客户信誉情况，检查 与应收账款和合同资产余额相 关的销售合同、销售发票、工 作量确认单/验收报告，结合期 后收款的检查，评价应收账款 和合同资产坏账准备计提及其 对应阶段的合理性。 （7）选取样本实施函证程序， 将函证结果与管理层记录的金 额进行核对。 116",candidate_requires_manual_selection
300674.SZ,宇信科技,total_assets,121,资产合计,"2025|20,320,813|58|20,854,846|76|825,975,140|39|1,024,946,636|73|78,148,630|92|70,394,015|69|17,083,328|87|6,691,822|07|5,379,853,326|13|4,673,615,341|48|101,802,465|75|563,867,306|50","2025年年度报告全文 应收保费 应收分保账款 应收分保合同准备金 其他应收款 20,320,813.58 20,854,846.76 其中：应收利息 应收股利 买入返售金融资产 存货 825,975,140.39 1,024,946,636.73 其中：数据资源 合同资产 78,148,630.92 70,394,015.69 持有待售资产 一年内到期的非流动资产 其他流动资产 17,083,328.87 6,691,822.07 流动资产合计 5,379,853,326.13 4,673,615,341.48 非流动资产： 发放贷款和垫款 债权投资 101,802,465.75 其他债权投资 长期应收款 长期股权投资 563,867,306.50 580,869,829.81 其他权益工具投资 27,400,533.00 27,470,234.55 其他非流动金融资产 66,222,355.22 51,941,923.66 投资性房地产 12,834,780.67 13,932,967.94 固定资产 349,409,220.33 70,666,896.19 在建工程 211,704,265.97 292,033,505.83 生产性生物资产 油气资产 使用权资产 21,613,604.34 27,277,567.00 无形资产 9,772,222.74 5,988,776.48 其中：数据资源 开发支出 6,809,093.91 3,567,750.99 其中：数据资源 商誉 18,419,040.19 18,419,040.19 长期待摊费用 24,053,600.27 8,897,525.98 递延所得税资产 14,776,861.65 25,646,098.58 其他非流动资产 10,261,187.52 24,841,604.53 非流动资产合计 1,438,946,538.06 1,151,553,721.73 资产总计 6,818,799,864.19 5,825,169,063.21 流动负债： 短期借款 399,676,666.65 11,000,000.00 向中央银行借款 拆入资金 121",candidate_requires_manual_selection
300674.SZ,宇信科技,total_assets,123,资产合计,"2025|298,240,916|15|247,260,460|43|2,043,894,050|98|1,841,295,508|35|4,563,184,754|76|4,274,611,426|44|36,275,694|78|37,490,145|92|4,599,460,449|54|4,312,101,572|36|6,818,799,864|19|5,825,169,063|21","2025年年度报告全文 专项储备 盈余公积 298,240,916.15 247,260,460.43 一般风险准备 未分配利润 2,043,894,050.98 1,841,295,508.35 归属于母公司所有者权益合计 4,563,184,754.76 4,274,611,426.44 少数股东权益 36,275,694.78 37,490,145.92 所有者权益合计 4,599,460,449.54 4,312,101,572.36 负债和所有者权益总计 6,818,799,864.19 5,825,169,063.21 法定代表人：洪卫东 主管会计工作负责人：戴士平 会计机构负责人：梁文芳 2、母公司资产负债表 单位：元 项目 期末余额 期初余额 流动资产： 货币资金 1,437,000,736.08 2,099,331,731.52 交易性金融资产 1,502,780,743.59 0.00 衍生金融资产 应收票据 0.00 0.00 应收账款 462,292,881.01 705,394,329.27 应收款项融资 预付款项 555,270,562.82 243,664,309.34 其他应收款 129,953,124.13 43,996,433.58 其中：应收利息 应收股利 0.00 存货 791,225,799.18 1,026,817,623.85 其中：数据资源 合同资产 75,476,817.10 67,085,385.46 持有待售资产 一年内到期的非流动资产 0.00 0.00 其他流动资产 14,471,447.23 3,013.31 流动资产合计 4,968,472,111.14 4,186,292,826.33 非流动资产： 债权投资 101,802,465.75 0.00 其他债权投资 0.00 0.00 长期应收款 0.00 0.00 长期股权投资 1,102,288,091.62 1,175,399,663.80 其他权益工具投资 27,400,533.00 27,470,234.55 其他非流动金融资产 47,119,030.84 45,509,111.19 投资性房地产 0.00 0.00 固定资产 115,242,003.69 16,110,901.48 在建工程 0.00 0.00 生产性生物资产 0.00 0.0",candidate_requires_manual_selection
300674.SZ,宇信科技,total_assets,124,资产合计,"2025|8,862,473|31|2,734,427|38|7,163,366|99|3,637,088|52|0.00|0.00|23,966,531|44|8,738,499|36|14,139,081|74|19,224,931|16|9,830,839|52|23,769,090|14|1,479,095,624|81","2025年年度报告全文 无形资产 8,862,473.31 2,734,427.38 其中：数据资源 开发支出 7,163,366.99 3,637,088.52 其中：数据资源 商誉 0.00 0.00 长期待摊费用 23,966,531.44 8,738,499.36 递延所得税资产 14,139,081.74 19,224,931.16 其他非流动资产 9,830,839.52 23,769,090.14 非流动资产合计 1,479,095,624.81 1,349,563,805.12 资产总计 6,447,567,735.95 5,535,856,631.45 流动负债： 短期借款 0.00 0.00 交易性金融负债 0.00 0.00 衍生金融负债 0.00 0.00 应付票据 741,936,580.96 140,873,975.73 应付账款 294,197,384.56 392,141,984.80 预收款项 0.00 0.00 合同负债 517,048,519.27 530,292,152.95 应付职工薪酬 235,054,267.88 251,684,110.93 应交税费 34,219,349.85 73,792,744.29 其他应付款 144,220,950.52 33,952,357.99 其中：应付利息 应付股利 0.00 持有待售负债 一年内到期的非流动负债 7,759,652.89 7,139,986.38 其他流动负债 189,477.54 1,038,312.96 流动负债合计 1,974,626,183.47 1,430,915,626.03 非流动负债： 长期借款 0.00 0.00 应付债券 0.00 0.00 其中：优先股 0.00 0.00 永续债 0.00 0.00 租赁负债 14,870,025.83 20,766,025.39 长期应付款 0.00 0.00 长期应付职工薪酬 预计负债 0.00 0.00 递延收益 0.00 0.00 递延所得税负债 0.00 850,911.92 其他非流动负债 0.00 0.00 非流动负债合计 14,870,025.83 21,616,937.31 负债合计 1,989,496,209.30 1,452,532,563.34 所有者权益： 股本 704,057,060.",candidate_requires_manual_selection
300674.SZ,宇信科技,revenue,125,营业收入,"2025|0.00|0.00|0.00|0.00|0.00|0.00|1,744,997,876|37|1,775,119,367|37|160,355,265|99|234,189,686|99|10,656,745|14|10,151,313|15|0.00|0.00|296,801,727|54|245,821,271|82","2025年年度报告全文 其他权益工具 0.00 0.00 其中：优先股 0.00 0.00 永续债 0.00 0.00 资本公积 1,744,997,876.37 1,775,119,367.37 减：库存股 160,355,265.99 234,189,686.99 其他综合收益 -10,656,745.14 -10,151,313.15 专项储备 0.00 0.00 盈余公积 296,801,727.54 245,821,271.82 未分配利润 1,883,226,873.87 1,602,667,369.06 所有者权益合计 4,458,071,526.65 4,083,324,068.11 负债和所有者权益总计 6,447,567,735.95 5,535,856,631.45 3、合并利润表 单位：元 项目 2025年度 2024年度 一、营业总收入 3,623,081,673.57 3,958,028,236.86 其中：营业收入 3,623,081,673.57 3,958,028,236.86 利息收入 已赚保费 手续费及佣金收入 二、营业总成本 3,219,052,736.98 3,632,712,626.83 其中：营业成本 2,460,083,482.86 2,809,344,142.00 利息支出 手续费及佣金支出 退保金 赔付支出净额 提取保险责任合同准备金净 额 保单红利支出 分保费用 税金及附加 17,256,750.66 21,681,948.35 销售费用 105,210,760.75 123,784,961.44 管理费用 307,501,395.18 295,228,820.49 研发费用 358,712,118.70 429,993,078.32 财务费用 -29,711,771.17 -47,320,323.77 其中：利息费用 2,588,299.85 1,410,464.09 利息收入 36,059,841.78 49,705,716.40 加：其他收益 20,970,374.37 45,306,429.97 投资收益（损失以“－”号填 32,055,712.87 42,735,835.58 列） 其中：对联营企业和合营 29,918,913.30 47,967,413.66 企业的投资收益 以摊余成本计量的 金融资产",candidate_requires_manual_selection
300674.SZ,宇信科技,net_profit_attributable,126,归属于母公司股东的净利润,"2025|12,175,664|16|1,765,404|37|9,244,087|08|15,910,299|73|19,638,536|12|4,642,051|78|756,039|67|280,675|64|458,080,199|28|390,759,444|06|3,014,495|00|658,830|00","2025年年度报告全文 净敞口套期收益（损失以 “－”号填列） 公允价值变动收益（损失以 12,175,664.16 -1,765,404.37 “－”号填列） 信用减值损失（损失以“-”号 9,244,087.08 -15,910,299.73 填列） 资产减值损失（损失以“-”号 -19,638,536.12 -4,642,051.78 填列） 资产处置收益（损失以“-”号 -756,039.67 -280,675.64 填列） 三、营业利润（亏损以“－”号填 458,080,199.28 390,759,444.06 列） 加：营业外收入 3,014,495.00 658,830.00 减：营业外支出 11,517,596.85 579,725.55 四、利润总额（亏损总额以“－”号 449,577,097.43 390,838,548.51 填列） 减：所得税费用 11,682,164.92 6,521,351.51 五、净利润（净亏损以“－”号填 437,894,932.51 384,317,197.00 列） （一）按经营持续性分类 1.持续经营净利润（净亏损以 437,894,932.51 384,317,197.00 “－”号填列） 2.终止经营净利润（净亏损以 “－”号填列） （二）按所有权归属分类 1.归属于母公司股东的净利润 431,843,595.03 379,852,639.00 2.少数股东损益 6,051,337.48 4,464,558.00 六、其他综合收益的税后净额 -3,906,448.94 5,858,216.07 归属母公司所有者的其他综合收益 -3,907,185.63 5,858,066.60 的税后净额 （一）不能重分类进损益的其他 -505,431.99 3,635,131.16 综合收益 1.重新计量设定受益计划变动 额 2.权益法下不能转损益的其他 -442,700.59 -3,357,352.44 综合收益 3.其他权益工具投资公允价值 -62,731.40 6,992,483.60 变动 4.企业自身信用风险公允价值 变动 5.其他 （二）将重分类进损益的其他综 -3,401,753.64 2,222,935.44 合收益 1.权益法下可转损益的其他综 合收益 2.其他债权投资公允价值变动 3.金融资产重分类",candidate_requires_manual_selection
300674.SZ,宇信科技,revenue,127,营业收入,"2025|433,988,483|57|390,175,413|07|427,936,409|40|385,710,705|60|6,052,074|17|4,464,707|47|0.63|0.55|0.62|0.54|0.00|0.00|4|2025|2024|3,385,407,863|20|3,677,857,397","2025年年度报告全文 七、综合收益总额 433,988,483.57 390,175,413.07 归属于母公司所有者的综合收益总 427,936,409.40 385,710,705.60 额 归属于少数股东的综合收益总额 6,052,074.17 4,464,707.47 八、每股收益： （一）基本每股收益 0.63 0.55 （二）稀释每股收益 0.62 0.54 本期发生同一控制下企业合并的，被合并方在合并前实现的净利润为：0.00元，上期被合并方实现的净利润为：0.00 元。 法定代表人：洪卫东 主管会计工作负责人：戴士平 会计机构负责人：梁文芳 4、母公司利润表 单位：元 项目 2025年度 2024年度 一、营业收入 3,385,407,863.20 3,677,857,397.83 减：营业成本 2,367,483,452.49 2,682,015,087.17 税金及附加 11,101,809.98 16,440,199.53 销售费用 98,960,990.18 113,187,293.51 管理费用 257,750,433.38 229,748,073.34 研发费用 305,518,519.96 327,334,344.89 财务费用 -25,410,841.67 -16,034,763.59 其中：利息费用 1,437,071.14 1,264,340.10 利息收入 28,689,188.40 18,912,543.39 加：其他收益 6,807,344.58 27,465,306.73 投资收益（损失以“－”号填 156,256,751.60 24,302,111.65 列） 其中：对联营企业和合营企 10,583,151.00 19,588,973.45 业的投资收益 以摊余成本计量的金 融资产终止确认收益（损失以“-”号 填列） 净敞口套期收益（损失以 “－”号填列） 公允价值变动收益（损失以 14,339,091.39 187,022.11 “－”号填列） 信用减值损失（损失以“-”号 22,723,915.79 -996,121.22 填列） 资产减值损失（损失以“-”号 -45,984,410.39 -4,522,433.69 填列） 资产处置收益（损失以“-”号 -758,486.00 -72,779.88 填列） 二、营",candidate_requires_manual_selection
300674.SZ,宇信科技,total_assets,165,资产总额,2025|15|15|15|15|20|2|1|1|2023|10|16|202311000209|3|28|15|2|2014|26|15|15|3|2023|12|8,2025年年度报告全文 本公司 15% 珠海宇信易诚科技有限公司 15% 杭州宇信数字科技有限公司 15% 北京微通新成网络科技有限公司 15% 北京宇信启融科技有限公司 20% 2、税收优惠 1、 所得税减免 （1）本公司的所得税减免 公司于2023年10月16日经北京市科学技术委员会、北京市财政局、北京市税务局重新认定并取得编号为 GR202311000209的《高新技术企业证书》，高新技术企业证书有效期均为3年。根据《中华人民共和国企业所得税法》 第28条的规定，国家需要重点扶持的高新技术企业，减按15%的税率征收企业所得税。 （2）子公司珠海宇信易诚科技有限公司的所得税减免 根据《财政部国家税务总局关于广东横琴新区福建平潭综合实验区深圳前海深港现代服务业合作区企业所得税优惠政策 及优惠目录的通知》（财税〔2014〕26号）文件规定，对设在横琴新区、平潭综合实验区和前海深港现代服务业合作区 的鼓励类产业企业减按15%的税率征收企业所得税。珠海宇信易诚科技有限公司属于所在区域《企业所得税优惠目录》 中规定的上述鼓励类产业企业，企业所得税减按15%计缴。 （3）子公司杭州宇信数字科技有限公司的所得税减免 杭州宇信数字科技有限公司于2023年12月8日取得浙江省科学技术委员会、浙江省财政厅、国家税务总局浙江省税务 局联合核发的编号为GR202333007715的《高新技术企业证书》，高新技术企业证书有效期为3年。根据《中华人民共和 国企业所得税法》第28条的规定，国家需要重点扶持的高新技术企业，减按15%的税率征收企业所得税。 （4）北京微通新成网络科技有限公司的所得税减免 北京微通新成网络科技有限公司于2022年12月30日取得北京市科技技术委员会、北京市市财政局、国家税务总局北京 市税务局联合核发的编号为GR202211006281的《高新技术企业证书》，高新技术企业证书有效期为3年。根据《中华人 民共和国企业所得税法》第28条的规定，国家需要重点扶持的高新技术企业，减按15%的税率征收企业所得税。 （5）子公司北京宇信启融科技有限公司的所得税减免 根据《财政部税务总局关于进一步支持小微企业和个体工商户发展有关税费政策的公告》（财政部税务总局公告2023年 第12号）第三条规定 ：对小型微利企业减按25%计算应纳税所得额，按20%的税率缴纳企业所得税政策，延续执,candidate_requires_manual_selection
300674.SZ,宇信科技,revenue,192,营业收入,"2025|6|3,401,016|3,401,753|2,785,225|95|64|58|616,528|0|3,401,016|3,401,753|736.69|2,785,225|6|95|64|58|9,534,785|3,913,419|6,970|15|3,907,185|736.69|13,441","2025年年度报告全文 分类进损 6 3,401,016 3,401,753 2,785,225 益的其他 .95 .64 .58 综合收益 外币 - - - 616,528.0 财务报表 3,401,016 3,401,753 736.69 2,785,225 6 折算差额 .95 .64 .58 - - - - 其他综合 9,534,785 3,913,419 -6,970.15 3,907,185 736.69 13,441,97 收益合计 .09 .09 .63 0.72 其他说明，包括对现金流量套期损益的有效部分转为被套期项目初始确认金额调整： 37、盈余公积 单位：元 项目 期初余额 本期增加 本期减少 期末余额 法定盈余公积 247,260,460.43 50,980,455.72 298,240,916.15 合计 247,260,460.43 50,980,455.72 298,240,916.15 盈余公积说明，包括本期增减变动情况、变动原因说明： 本期增加系根据母公司本期净利润的10%计提法定盈余公积。 38、未分配利润 单位：元 项目 本期 上期 调整前上期末未分配利润 1,841,295,508.35 1,635,862,438.11 调整后期初未分配利润 1,841,295,508.35 1,635,862,438.11 加：本期归属于母公司所有者的净利 431,843,595.03 379,852,639.00 润 减：提取法定盈余公积 50,980,455.72 36,588,153.60 应付普通股股利 178,678,657.04 137,417,354.80 其他 -414,060.36 414,060.36 期末未分配利润 2,043,894,050.98 1,841,295,508.35 调整期初未分配利润明细： 1）、由于《企业会计准则》及其相关新规定进行追溯调整，影响期初未分配利润0.00元。 2）、由于会计政策变更，影响期初未分配利润0.00元。 3）、由于重大会计差错更正，影响期初未分配利润0.00元。 4）、由于同一控制导致的合并范围变更，影响期初未分配利润0.00元。 5）、其他调整合计影响期初未分配利润0.00元。 使用资本公积弥补亏损详细情况说明： 无 39、营业收入和营业成本 单位：元 项目 本期发生额 上",candidate_requires_manual_selection
300674.SZ,宇信科技,revenue,193,营业收入,"2025|3,619,439,136|42|2,458,985,295|59|3,954,210,374|92|2,808,245,954|73|3,642,537|15|1,098,187|27|3,817,861|94|1,098,187|27|3,623,081,673|57|2,460,083,482|86|3,958,028,236|86|2,809,344,142|00","2025年年度报告全文 收入 成本 收入 成本 主营业务 3,619,439,136.42 2,458,985,295.59 3,954,210,374.92 2,808,245,954.73 其他业务 3,642,537.15 1,098,187.27 3,817,861.94 1,098,187.27 合计 3,623,081,673.57 2,460,083,482.86 3,958,028,236.86 2,809,344,142.00 公司报告期内经审计利润总额、净利润、扣除非经常性损益后的净利润三者孰低为负值 □是 否 营业收入、营业成本的分解信息： 单位：元 分部1 分部2 主营业务 其他业务 合计 合同分 营业收 营业成 营业收 营业成 营业收 营业成 营业收 营业成 营业收 营业成 类 入 本 入 本 入 本 入 本 入 本 3,619,4 2,458,9 3,623,0 2,460,0 业务类 3,642,5 1,098,1 39,136. 85,295. 81,673. 83,482. 型 37.15 87.27 42 59 57 86 其中： 银行IT 3,172,3 2,187,8 3,172,3 2,187,8 解决方 65,257. 46,106. 65,257. 46,106. 案 04 17 04 17 非银IT 278,261 180,163 278,261 180,163 解决方 ,879.94 ,115.64 ,879.94 ,115.64 案 创新运 168,811 90,976, 168,811 90,976, 营业务 ,999.44 073.78 ,999.44 073.78 其他业 3,642,5 1,098,1 3,642,5 1,098,1 务 37.15 87.27 37.15 87.27 按经营 3,619,4 2,458,9 3,623,0 2,460,0 3,642,5 1,098,1 地区分 39,136. 85,295. 81,673. 83,482. 37.15 87.27 类 42 59 57 86 其 中： 59,146, 35,251, 59,146, 35,251, 东北 477.65 384.04 477.65 384.04 1,790,1 1,151,0 1,791,4 1,151,0 ",candidate_requires_manual_selection
300674.SZ,宇信科技,total_assets,213,资产总额,"2025|1,506,662,319|18|1,506,662,319|18|1|1,506,662,319|18|1,506,662,319|18|1|3,881,575|59|3,881,575|59|2|1,502,780,743|59|1,502,780,743|59|27,400,533|00|27,400,533|00|66,222,355","2025年年度报告全文 一、持续的公允价值 -- -- -- -- 计量 （一）交易性金融资 1,506,662,319.18 1,506,662,319.18 产 1.以公允价值计量且 其变动计入当期损益 1,506,662,319.18 1,506,662,319.18 的金融资产 （1）权益工具投资 3,881,575.59 3,881,575.59 （2）理财产品 1,502,780,743.59 1,502,780,743.59 （三）其他权益工具 27,400,533.00 27,400,533.00 投资 其他非流动金融资产 66,222,355.22 66,222,355.22 1.以公允价值计量 且其变动计入当期损 66,222,355.22 66,222,355.22 益的金融资产 （1）债务工具投 资 （2）权益工具投 66,222,355.22 66,222,355.22 资 持续以公允价值计量 1,534,062,852.18 66,222,355.22 1,600,285,207.40 的资产总额 二、非持续的公允价 -- -- -- -- 值计量 2、持续和非持续第一层次公允价值计量项目市价的确定依据 对于存在活跃市场的交易性金融资产和其他权益工具等，其公允价值是按资产负债表日前最后一个交易日活跃市场的收 盘价作为公允价值。 3、持续和非持续第二层次公允价值计量项目，采用的估值技术和重要参数的定性及定量信息 1、交易性金融资产 理财产品以银行出具的资产负债表日理财对账单中单位份额净值乘以持有份额作为其公允价值。 本公司通过持有Lion Partners Holdings Limited间接持有印度尼西亚上市公司GoTo的股票，根据期末售出股价及被 投资方的经营情况综合评估其公允价值。 2、其他权益工具投资 公司采用非可观察的市场数据作为估值技术中的主要输入变量来计算其公允价值，北京吉贝思以最近融资估值作为公允 价值，未来现金流按照预期回报估算，以反映交易对手的信用风险的折现率折现。 213",candidate_requires_manual_selection
300674.SZ,宇信科技,revenue,230,营业收入,"2025|3|4|3,369,107,664|48|2,367,483,452|49|3,659,719,630|82|2,682,015,087|17|16,300,198|72|18,137,767|01|3,385,407,863|20|2,367,483,452|49|3,677,857,397|83|2,682,015,087|17|1|2","2025年年度报告全文 □适用 不适用 可收回金额按预计未来现金流量的现值确定 □适用 不适用 前述信息与以前年度减值测试采用的信息或外部信息明显不一致的差异原因 无 公司以前年度减值测试采用信息与当年实际情况明显不一致的差异原因 无 （3） 其他说明 无 4、营业收入和营业成本 单位：元 本期发生额 上期发生额 项目 收入 成本 收入 成本 主营业务 3,369,107,664.48 2,367,483,452.49 3,659,719,630.82 2,682,015,087.17 其他业务 16,300,198.72 18,137,767.01 合计 3,385,407,863.20 2,367,483,452.49 3,677,857,397.83 2,682,015,087.17 营业收入、营业成本的分解信息： 单位：元 分部1 分部2 主营业务 其他业务 合计 合同分 营业收 营业成 营业收 营业成 营业收 营业成 营业收 营业成 营业收 营业成 类 入 本 入 本 入 本 入 本 入 本 3,369,1 2,367,4 3,385,4 2,367,4 业务类 16,300, 07,664. 83,452. 07,863. 83,452. 型 198.72 48 49 20 49 其中： 银行IT 3,056,9 1,999,9 3,056,9 1,999,9 解决方 16,180. 48,100. 16,180. 48,100. 案 60 33 60 33 非银IT 302,707 349,678 302,707 349,678 解决方 ,893.93 ,879.42 ,893.93 ,879.42 案 创新运 9,483,5 17,856, 9,483,5 17,856, 营业务 89.95 472.74 89.95 472.74 其他业 16,300, 16,300, 务收入 198.72 198.72 按经营 3,369,1 2,367,4 3,385,4 2,367,4 16,300, 地区分 07,664. 83,452. 07,863. 83,452. 198.72 类 48 49 20 49 其 中： 56,939, 34,808, 56,939, 34,808, 东北 768.43 155.24 768.43 155.24 230",candidate_requires_manual_selection
000555.SZ,神州信息,revenue,10,营业收入,"2025|9|2016|12|29|45,619,357|917,811,916|963,431,273|40.43|10|2019|10|31|2019|963,431,273|970,381,273|40.14|11|2020|12|31|2019|975,768,827|39.92|12","神州数码信息服务集团股份有限公司2025年年度报告全文 9、2016年12月29日，公司关于向程艳云等发行股份购买资产并募集配套资金的 资产重组事项中的新增股份45,619,357股上市流通，公司总股本由917,811,916 股变更为963,431,273股，公司第一大股东仍为神码软件，持股比例为40.43%。 10、2019年10月31日，公司《2019年股票期权与限制性股票激励计划》中授予 的限制性股票上市，公司总股本由963,431,273股变更为970,381,273股。公司 控股股东仍为神码软件，持股比例为40.14%。 11、截至2020年12月31日，因2019年授予的部分限制性股票回购注销、期权 激励对象行权，公司总股本变更为975,768,827股。公司控股股东仍为神码软 件，持股比例为39.92%。 12、截至2021年12月31日，因股票期权激励对象行权，公司总股本变更为 979,744,428股。公司控股股东仍为神码软件，持股比例为39.76%。 13、截至2022年12月31日，因公司2019年股权激励计划之股票期权自主行 权，公司总股本由979,744,428股增加至983,653,713股。公司控股股东仍为神 码软件，持股比例为39.60%。 14、截至2023年12月31日，公司控股股东仍为神码软件，持股比例为39.60%。 15、截至2024年12月31日，公司因注销回购账户部分股份，公司总股本变更为 975,774,437股。控股股东仍为神码软件，持股比例为39.92%。 16、截至2025年12月31日，公司控股股东仍为神码软件。因其在报告期内合规 减持公司股票，持股比例变动至39.78%。 五、其他有关资料 公司聘请的会计师事务所 会计师事务所名称 信永中和会计师事务所（特殊普通合伙） 会计师事务所办公地址 北京市东城区朝阳门北大街8号富华大厦A座9层 签字会计师姓名 蒋西军、李丽华 公司聘请的报告期内履行持续督导职责的保荐机构 □适用 不适用 公司聘请的报告期内履行持续督导职责的财务顾问 □适用 不适用 六、主要会计数据和财务指标 公司是否需追溯调整或重述以前年度会计数据 □是 否 2025年 2024年 本年比上年增减 2023年 营业收入（元） 13,162,811,905.52 10,002,831,521.4",candidate_requires_manual_selection
000555.SZ,神州信息,revenue,11,营业收入,"2025|0.0587|0.5445|110.78|0.2144|1.00|8.84|9.84|3.36|2025|2024|2023|12,525,575,558|10|11,979,374,002|81|4.56|12,815,505,492|23|5,688,129,419|01|5,643,853,668|62|0.78|6,232,286,669","神州数码信息服务集团股份有限公司2025年年度报告全文 稀释每股收益（元/ 0.0587 -0.5445 110.78% 0.2144 股） 加权平均净资产收益 1.00% -8.84% 9.84% 3.36% 率 2025年末 2024年末 本年末比上年末增减 2023年末 总资产（元） 12,525,575,558.10 11,979,374,002.81 4.56% 12,815,505,492.23 归属于上市公司股东 5,688,129,419.01 5,643,853,668.62 0.78% 6,232,286,669.17 的净资产（元） 公司最近三个会计年度扣除非经常性损益前后净利润孰低者均为负值，且最近一年审计报告显示公司持续经营能力存在不 确定性 □是 否 公司报告期内经审计利润总额、净利润、扣除非经常性损益后的净利润三者孰低为负值 □是 否 存在股权激励、员工持股计划的公司，可以披露扣除股份支付影响后的净利润 本期比上年同期增减 主要会计数据 2025年 2024年 2023年 (%) 扣除股份支付影响后 46,899,054.53 -531,828,450.11 108.82% 216,028,392.35 的净利润（元） 七、境内外会计准则下会计数据差异 1、同时按照国际会计准则与按照中国会计准则披露的财务报告中净利润和净资产差异情况 □适用 不适用 公司报告期不存在按照国际会计准则与按照中国会计准则披露的财务报告中净利润和净资产差异情况。 2、同时按照境外会计准则与按照中国会计准则披露的财务报告中净利润和净资产差异情况 □适用 不适用 公司报告期不存在按照境外会计准则与按照中国会计准则披露的财务报告中净利润和净资产差异情况。 八、分季度主要财务指标 单位：元 第一季度 第二季度 第三季度 第四季度 营业收入 2,159,704,694.07 2,263,492,495.05 4,250,075,658.77 4,489,539,057.63 归属于上市公司股东 -92,942,582.20 -3,437,047.15 -10,418,372.55 163,226,336.36 的净利润 归属于上市公司股东 的扣除非经常性损益 -100,262,269.68 3,039,952.85 -31,035,667.03 140,235,",candidate_requires_manual_selection
000555.SZ,神州信息,revenue,16,营业收入,"2025|1|131.63|31.59|73.02|6.32|0.56|45.26|2,000|71.72|14.45|2024|39.19|36|13.46|20.57|9.01|1.38|1|16","神州数码信息服务集团股份有限公司2025年年度报告全文 （五）聚力合作伙伴，共建金融科技生态 公司深度投身金融科技产业研究，与国家金融与发展实验室携手编撰《破局赋能 数智重构：金融科技创新实践》专著； 联合《中国农村金融》杂志社发布专项研究报告《农商银行企业架构的建设难点与实施策略》。该报告锚定农信改革深化 与数字化转型的核心脉络，精准聚焦农商银行在法人治理体系转型、业务模式升级、科技能力赋能过程中的关键痛点，深 度回应当下行业发展的迫切诉求。报告中创新推出适配不同法人模式的定制化架构方案，清晰擘画业务架构、应用架构、 数据架构和技术架构的协同演进路径，为农信行业数字化转型的规范化、高效化发展注入强劲核心动力。公司携手中国建 设银行、中国邮政储蓄银行、中国银联等头部机构，联合编制发布《AI Agent 技术金融应用探索与实践》、《量子安全威 胁及其对国内金融行业的影响研究报告》等多项重磅研究成果。 与此同时，公司牵头联合华为云、腾讯云、阿里云，率先组建行业首个国产云金融核心系统联盟，以“新一代分布式 金融核心 + 全栈国产云”的技术组合，为金融机构筑牢数智化转型根基；并与华为、腾讯云等科技企业共同发起行业首个 AIGC 大模型金融生态体系，围绕核心应用场景构建全方位、多层次的 AIGC 产业生态矩阵。 四、主营业务分析 1、概述 在国家数字经济战略顶层设计的引领下，公司精准把握金融行业在“五篇大文章”要求下的新方向，将 “AI for Process”理念深度链接数字金融智能化转型，公司扎实推进金融科技战略的转型升级，紧抓人工智 能井喷而算力掣肘的业务机遇，顺利实现规模与质量并重的高质量发展。 报告期内，公司实现营业收入131.63亿元，同比增长31.59%，其中软件开发和技术服务收入73.02亿元， 同比增长6.32%。实现归属于上市公司股东的净利润0.56亿元，相较于去年同期扭亏为盈。 在金融数字化领域，报告期内，金融行业实现营业收入 45.26 亿元。公司聚焦金融科技赛道，致力于银行 等金融机构全链路数智化升级，深度服务超2,000家金融及泛金融客户。 在政企数字化领域，报告期内，公司政企业务实现收入 71.72 亿元。凭借在税务数字化领域积淀的深厚业 务经验与技术实力，公司深度投身金税三期、四期系统建设工作，持续为我国财税领域数字化转型贡献力量。 与此同时，",candidate_requires_manual_selection
000555.SZ,神州信息,net_profit_attributable,16,归属于上市公司股东的净利润,"2025|1|131.63|31.59|73.02|6.32|0.56|45.26|2,000|71.72|14.45|2024|39.19|36|13.46|20.57|9.01|1.38|1|16","神州数码信息服务集团股份有限公司2025年年度报告全文 （五）聚力合作伙伴，共建金融科技生态 公司深度投身金融科技产业研究，与国家金融与发展实验室携手编撰《破局赋能 数智重构：金融科技创新实践》专著； 联合《中国农村金融》杂志社发布专项研究报告《农商银行企业架构的建设难点与实施策略》。该报告锚定农信改革深化 与数字化转型的核心脉络，精准聚焦农商银行在法人治理体系转型、业务模式升级、科技能力赋能过程中的关键痛点，深 度回应当下行业发展的迫切诉求。报告中创新推出适配不同法人模式的定制化架构方案，清晰擘画业务架构、应用架构、 数据架构和技术架构的协同演进路径，为农信行业数字化转型的规范化、高效化发展注入强劲核心动力。公司携手中国建 设银行、中国邮政储蓄银行、中国银联等头部机构，联合编制发布《AI Agent 技术金融应用探索与实践》、《量子安全威 胁及其对国内金融行业的影响研究报告》等多项重磅研究成果。 与此同时，公司牵头联合华为云、腾讯云、阿里云，率先组建行业首个国产云金融核心系统联盟，以“新一代分布式 金融核心 + 全栈国产云”的技术组合，为金融机构筑牢数智化转型根基；并与华为、腾讯云等科技企业共同发起行业首个 AIGC 大模型金融生态体系，围绕核心应用场景构建全方位、多层次的 AIGC 产业生态矩阵。 四、主营业务分析 1、概述 在国家数字经济战略顶层设计的引领下，公司精准把握金融行业在“五篇大文章”要求下的新方向，将 “AI for Process”理念深度链接数字金融智能化转型，公司扎实推进金融科技战略的转型升级，紧抓人工智 能井喷而算力掣肘的业务机遇，顺利实现规模与质量并重的高质量发展。 报告期内，公司实现营业收入131.63亿元，同比增长31.59%，其中软件开发和技术服务收入73.02亿元， 同比增长6.32%。实现归属于上市公司股东的净利润0.56亿元，相较于去年同期扭亏为盈。 在金融数字化领域，报告期内，金融行业实现营业收入 45.26 亿元。公司聚焦金融科技赛道，致力于银行 等金融机构全链路数智化升级，深度服务超2,000家金融及泛金融客户。 在政企数字化领域，报告期内，公司政企业务实现收入 71.72 亿元。凭借在税务数字化领域积淀的深厚业 务经验与技术实力，公司深度投身金税三期、四期系统建设工作，持续为我国财税领域数字化转型贡献力量。 与此同时，",candidate_requires_manual_selection
000555.SZ,神州信息,revenue,19,营业收入,"2025|2|1|2025|2024|13,162,811,905|52|100|10,002,831,521|49|100|31.59|4,525,621,091|67|34.38|4,911,501,573|56|49.10|7.86|7,172,317,697|54|54.49|3,571,755,484|60|35.71","神州数码信息服务集团股份有限公司2025年年度报告全文 等场景中，持续加强客户画像、话术推荐、网点营销和批量营销等 AI 能力建设，并向中后台运营支撑延伸， 助力前中后台经营闭环协同，并率先在某股份制银行得到成功应用。 在监管报送领域，公司持续推进 AI 技术与客户需求深度融合，三菱银行监管报送项目成为公司“拥抱 AI、 人机协同”应用实践的典型案例。公司推动 SQL Agent 和数据测试 AI 在客户端落地应用，将智能代码生成、 测试用例生成和测试数据构建等能力引入开发与测试流程，促进项目交付模式向更加智能、高效的方向升级， 进一步提升研发响应速度和交付效率，助力银行客户更高效应对监管政策变化，提升合规运营与管理水平。 在风险管理领域，拿下多个股份制行、省级农信农商的风险管理案例，通过最新的智慧风险管理方案，通 过+AI 的模式，实现风险合规知识库、风险分析报告等场景对业务的赋能，同时试点 AI+的方式对业务流程的 重塑。 在对公营销领域，公司研发形成“对公金融营销助手”产品，通过多 Agent 架构，整合客户洞察、产品推 荐、财务分析等能力，为客户经理提供更加高效的访前准备、客户分析、方案制定和持续经营支持。报告期内， 该方案已在华东某城商行落地应用，构建了涵盖客户洞察、产品匹配、方案生成等功能的智能应用体系，有效 提升业务效率和客户服务能力，为银行提升对公营销质效提供了有力支撑。 2、收入与成本 （1） 营业收入构成 单位：元 2025年 2024年 占营业收入比 占营业收入比 同比增减 金额 金额 重 重 营业收入合计 13,162,811,905.52 100% 10,002,831,521.49 100% 31.59% 分行业 金融 4,525,621,091.67 34.38% 4,911,501,573.56 49.10% -7.86% 政企 7,172,317,697.54 54.49% 3,571,755,484.60 35.71% 100.81% 运营商 1,445,438,903.35 10.98% 1,492,047,141.90 14.92% -3.12% 其他 19,434,212.96 0.15% 27,527,321.43 0.27% -29.40% 分产品 软件开发及技术 7,301,970,191.66 55.47% 6,86",candidate_requires_manual_selection
000555.SZ,神州信息,revenue,20,营业收入,"2025|3|2025|2024|2,159,704,694|07|2,263,492,495|05|4,250,075,658|77|4,489,539,057|63|1,768,357,819|69|2,327,787,630|72|2,583,598,405|41|3,323,087,665|67|92,942,582|20|3,437,047|15|10,418,372","神州数码信息服务集团股份有限公司2025年年度报告全文 公司需遵守《深圳证券交易所上市公司自律监管指引第3号——行业信息披露》中软件与信息技术服务业的披露要求 单位：元 2025年度 2024年度 第一季度 第二季度 第三季度 第四季度 第一季度 第二季度 第三季度 第四季度 营业收 2,159,704,694.07 2,263,492,495.05 4,250,075,658.77 4,489,539,057.63 1,768,357,819.69 2,327,787,630.72 2,583,598,405.41 3,323,087,665.67 入 归属于 上市公 司股东 -92,942,582.20 -3,437,047.15 -10,418,372.55 163,226,336.36 -56,456,904.88 -20,077,212.95 -41,412,100.77 -406,113,907.34 的净利 润 说明经营季节性（或周期性）发生的原因及波动风险 公司季度性经营活动波动主要与公司行业周期特点与客户需求节奏相关。由于公司主要客户为银行、政企、运营商等行业用户，客户通常在一季度启动全年采购计划及履行申 请、审批等程序，二、三季度陆续进行项目的招标、谈判、签约、实施等，三、四季度完成交付并付款，因此相对前三季度，公司第四季度产品交付、验收、确认收入较为集 中。 （2） 占公司营业收入或营业利润10%以上的行业、产品、地区、销售模式的情况 适用 □不适用 公司需遵守《深圳证券交易所上市公司自律监管指引第3号——行业信息披露》中软件与信息技术服务业的披露要求 单位：元 营业收入 营业成本 毛利率 营业收入比上年同期增减 营业成本比上年同期增减 毛利率比上年同期增减 分客户所处行业 金融 4,525,621,091.67 3,800,984,504.64 16.01% -7.86% -9.01% 1.06% 政企 7,172,317,697.54 6,428,543,460.84 10.37% 100.81% 108.29% -3.22% 运营商 1,445,438,903.35 1,284,149,818.82 11.16% -3.12% 4.66% -6.60% 分产品 20",candidate_requires_manual_selection
000555.SZ,神州信息,revenue,23,营业收入,"2025|3,974,459,831|66|30.20|0.00|5|1|1,951,907,049|88|14.83|2|881,299,397|47|6.70|3|447,735,397|38|3.40|4|354,856,550|99|2.70|5|338,661,435|94","神州数码信息服务集团股份有限公司2025年年度报告全文 公司主要销售客户情况 前五名客户合计销售金额（元） 3,974,459,831.66 前五名客户合计销售金额占年度销售总额比例 30.20% 前五名客户销售额中关联方销售额占年度销售总额比例 0.00% 公司前5大客户资料 序号 客户名称 销售额（元） 占年度销售总额比例 1 客户一 1,951,907,049.88 14.83% 2 客户二 881,299,397.47 6.70% 3 客户三 447,735,397.38 3.40% 4 客户四 354,856,550.99 2.70% 5 客户五 338,661,435.94 2.57% 合计 -- 3,974,459,831.66 30.20% 主要客户其他情况说明 □适用 不适用 公司主要供应商情况 前五名供应商合计采购金额（元） 5,248,067,187.11 前五名供应商合计采购金额占年度采购总额比例 60.63% 前五名供应商采购额中关联方采购额占年度采购总额比例 5.42% 公司前5名供应商资料 序号 供应商名称 采购额（元） 占年度采购总额比例 1 供应商一 3,098,530,005.27 35.79% 2 供应商二 1,558,774,411.32 18.01% 3 供应商三 260,187,458.59 3.01% 4 供应商四 208,524,329.18 2.41% 5 供应商五 122,050,982.75 1.41% 合计 -- 5,248,067,187.11 60.63% 主要供应商其他情况说明 □适用 不适用 报告期内公司贸易业务收入占营业收入比例超过10% □适用 不适用 3、费用 单位：元 2025年 2024年 同比增减 重大变动说明 销售费用 466,556,889.87 463,074,181.72 0.75% 管理费用 315,598,960.33 278,729,037.81 13.23% 主要变动原因是本期 财务费用 54,836,233.07 41,151,729.75 33.25% 银行利息费用增加 研发费用 552,968,539.34 614,401,755.75 -10.00% 23",candidate_requires_manual_selection
000555.SZ,神州信息,revenue,26,营业收入,"2025|3,093|3,703|16.47|200|230|13.04|4|5|20.00|30|1,396|1,808|22.79|30|40|1,543|1,773|12.97|40|358|357|0.28|2025|2024","神州数码信息服务集团股份有限公司2025年年度报告全文 研发人员学历结构 本科 3,093 3,703 -16.47% 硕士 200 230 -13.04% 博士 4 5 -20.00% 研发人员年龄构成 30岁以下 1,396 1,808 -22.79% 30-40岁 1,543 1,773 -12.97% 40岁以上 358 357 0.28% 公司研发投入情况 2025年 2024年 变动比例 研发投入金额（元） 539,250,745.46 631,819,284.93 -14.65% 研发投入占营业收入比例 4.10% 6.32% -2.22% 研发投入资本化的金额（元） 36,820,227.48 57,325,524.12 -35.77% 资本化研发投入占研发投入的比例 6.83% 9.07% -2.24% 公司研发人员构成发生重大变化的原因及影响 □适用 不适用 研发投入总额占营业收入的比重较上年发生显著变化的原因 □适用 不适用 研发投入资本化率大幅变动的原因及其合理性说明 □适用 不适用 公司需遵守《深圳证券交易所上市公司自律监管指引第3号——行业信息披露》中软件与信息技术服务业的披露要求 单位：元 项目名称 研发资本化金额 相关项目的基本情况 实施进度 项目主要包括云原生金融PaaS平台、市场风险研发项目、银行一 体化业务处理系统研发项目、核心系统标准版本研发项目、交易 级大总账研发项目、微服务平台研发项目、财资云研发项目、建 模工艺平台、全面风险研发项目、资产负债研发项目、六合上甲 研发项目。 1.云原生金融PaaS平台旨在为金融行业客户提供完整的分布式技 术中台解决方案，实现开发、运行、运维及管理的全方位覆盖， 全面助力金融行业数字化转型。 2.市场风险研发项目对原有产品改造升级，覆盖金融衍生品估 值、VaR等功能，形成市场风险、FRTB、SACCR及风险管理驾驶舱 已按计划 金融科技基础 四大子产品。 36,820,227.48 完成年度 架构 3.银行一体化业务处理系统研发项目聚焦海外金融市场拓展，通 研发工作 过系统集成与多语言改造，打造适用海外及外资银行分行的 OneBank整体业务系统，助力客户短周期实施与上线。 4.核心系统标准版本研发项目基于SOA设计理念构建灵活稳定的 业务与技术架构，实现数字化银行再造。既满足传统金融",candidate_requires_manual_selection
000555.SZ,神州信息,revenue,31,营业收入,"2025|10|80,000,000|6,056,124,145|00|1,452,991,394|17|7,406,589,342|06|225,774,716|63|278,650,571|29|103,377,000|2,838,924,600|32|1,115,436,519|72|2,708,333,707|61|14,743,565|55|19,014,991|07|102,340,000","神州数码信息服务集团股份有限公司2025年年度报告全文 主要子公司及对公司净利润影响达10%以上的参股公司情况 单位：元 公司类 公司名称 主要业务 注册资本 总资产 净资产 营业收入 营业利润 净利润 型 神州数码系统集成服务 子公司 系统集成 80,000,000 6,056,124,145.00 1,452,991,394.17 7,406,589,342.06 225,774,716.63 278,650,571.29 有限公司 神州数码融信软件有限 子公司 软件开发 103,377,000 2,838,924,600.32 1,115,436,519.72 2,708,333,707.61 14,743,565.55 19,014,991.07 公司 网络优化服 南京华苏科技有限公司 子公司 102,340,000 1,791,462,419.24 949,097,157.31 1,938,732,710.30 82,032,107.59 68,965,121.87 务 北京中农信达信息技术 测绘服务、 子公司 100,000,000 207,724,027.07 31,453,671.62 42,397,738.56 -30,994,279.27 -40,384,446.86 有限公司 软件销售 智慧神州天融（北京） 技术咨询、 子公司 35,150,000 99,600,424.88 31,314,722.32 -234,669.81 14,749,801.37 14,749,801.37 监测技术有限公司 技术服务 北京旗硕基业科技股份 技术服务、 子公司 8,400,000 62,841,320.73 8,075,050.39 10,997,435.81 -11,545,173.17 -15,794,443.62 有限公司 设备销售 上海神州数码信息技术 子公司 信息技术 10,000,000 55,889,493.27 -17,502,158.08 13,180,795.19 -17,463,798.91 -17,158,641.22 服务有限公司 Digital China 系统集成、 Information 子公司 HKD1.00 50,758,334.48 -72,626,928.08 -11,070,919.96 -10,989,506.",candidate_requires_manual_selection
000555.SZ,神州信息,total_assets,59,资产总额,2025|1|2026|03|31|90.00|90.00|1|2|3|1|2|4|3|4|5|5|6|6|7|8|59,神州数码信息服务集团股份有限公司2025年年度报告全文 十三、内部控制评价报告或内部控制审计报告 1、 内控评价报告 内部控制评价报告全 2026年03月31日 文披露日期 内部控制评价报告全 巨潮资讯网（www.cninfo.com.cn）：内部控制评价报告 文披露索引 纳入评价范围单位资 产总额占公司合并财 90.00% 务报表资产总额的比 例 纳入评价范围单位营 业收入占公司合并财 90.00% 务报表营业收入的比 例 缺陷认定标准 类别 财务报告 非财务报告 公司确定的财务报告内部控制缺陷评价的定性标准如下： 出现以下或类似情形的，认定为重大缺陷： （1)与财务报告相关控制环境无效； 公司确定的非财务报告内部控制缺陷评价的定性标准如下： （2)董事、高级管理人员与财务报告相关舞弊行为； 出现以下或类似情形的，认定为重大缺陷： （3)外部审计发现当期财务报告存在重大错报，公司在运行过程中未能 （1)违反国家法律、法规或规范性文件； 发现该错报； （2)重大决策程序不科学； 定性标准 （4)重述以前公布的财务报告，以更正由于舞弊或错误导致的重大错 （3)制度缺失可能导致系统性失效； 误； （4)重大或重要缺陷不能得到整改； （5)已经发现并报告给管理层的重大缺陷在合理的时间内未予改正； （5)公司声誉造成难以弥补的损害； （6)公司风险评估职能无效； （6)其他可能对公司造成重大影响的情形。 （7)公司审计委员会和审计部门对内部控制的监督无效； 其他情形按影响程度分别确定为重要缺陷或一般缺陷。 （8)其他对财务报告使用者作出正确判断产生重大影响的缺陷。 其他情形按影响程度分别确定为重要缺陷或一般缺陷。 公司确定的财务报告内部控制缺陷评价的定量标准如下： 定量标准 公司确定的非财务报告内部控制缺陷评价的定量标准如下： 59,candidate_requires_manual_selection
000555.SZ,神州信息,revenue,59,营业收入,2025|1|2026|03|31|90.00|90.00|1|2|3|1|2|4|3|4|5|5|6|6|7|8|59,神州数码信息服务集团股份有限公司2025年年度报告全文 十三、内部控制评价报告或内部控制审计报告 1、 内控评价报告 内部控制评价报告全 2026年03月31日 文披露日期 内部控制评价报告全 巨潮资讯网（www.cninfo.com.cn）：内部控制评价报告 文披露索引 纳入评价范围单位资 产总额占公司合并财 90.00% 务报表资产总额的比 例 纳入评价范围单位营 业收入占公司合并财 90.00% 务报表营业收入的比 例 缺陷认定标准 类别 财务报告 非财务报告 公司确定的财务报告内部控制缺陷评价的定性标准如下： 出现以下或类似情形的，认定为重大缺陷： （1)与财务报告相关控制环境无效； 公司确定的非财务报告内部控制缺陷评价的定性标准如下： （2)董事、高级管理人员与财务报告相关舞弊行为； 出现以下或类似情形的，认定为重大缺陷： （3)外部审计发现当期财务报告存在重大错报，公司在运行过程中未能 （1)违反国家法律、法规或规范性文件； 发现该错报； （2)重大决策程序不科学； 定性标准 （4)重述以前公布的财务报告，以更正由于舞弊或错误导致的重大错 （3)制度缺失可能导致系统性失效； 误； （4)重大或重要缺陷不能得到整改； （5)已经发现并报告给管理层的重大缺陷在合理的时间内未予改正； （5)公司声誉造成难以弥补的损害； （6)公司风险评估职能无效； （6)其他可能对公司造成重大影响的情形。 （7)公司审计委员会和审计部门对内部控制的监督无效； 其他情形按影响程度分别确定为重要缺陷或一般缺陷。 （8)其他对财务报告使用者作出正确判断产生重大影响的缺陷。 其他情形按影响程度分别确定为重要缺陷或一般缺陷。 公司确定的财务报告内部控制缺陷评价的定量标准如下： 定量标准 公司确定的非财务报告内部控制缺陷评价的定量标准如下： 59,candidate_requires_manual_selection
000555.SZ,神州信息,total_assets,60,资产总额,2025|0.5|0.5|0.5|0.5|0.2|0.2|0.5|0.2|0.2|0.5|0.5|0.5|0.2|0.2|0.2|0.2|0|0|0|0|2|2025|12|31,神州数码信息服务集团股份有限公司2025年年度报告全文 缺陷类别 重大缺陷 缺陷认定 直接财产损失金额 重大负面影响 营业收入 错报≥营业收入总额的0.5% 直接财产损失金额≥营业收 对公司造成较大负面影响并 资产总额 错报≥资产总额的0.5% 重大缺陷 入总额的0.5%与资产总额的 以公告形式对外披露 缺陷类别 重要缺陷 0.5%孰低者 营业收入总额的0.2%与资产 营业收入 营业收入总额的0.2%≤错报<营业收入总额的0.5% 总额的0.2%孰低者≤直接财 或受到国家政府部门处罚但 资产总额 资产总额的0.2%≤错报<资产总额的0.5% 重要缺陷 产损失金额<营业收入总额 未对公司造成负面影响 缺陷类别 一般缺陷 的0.5%与资产总额的0.5% 孰低者 营业收入 错报<营业收入总额的0.2% 直接财产损失金额<营业收 受到省级(含省级)以下政府 资产总额 错报<资产总额的0.2% 一般缺陷 入总额的0.2%与资产总额的 部门处罚但未对公司造成负 0.2%的孰低者 面影响 财务报告重大缺陷数 0 量（个） 非财务报告重大缺陷 0 数量（个） 财务报告重要缺陷数 0 量（个） 非财务报告重要缺陷 0 数量（个） 2、内部控制审计报告 适用 □不适用 内部控制审计报告中的审议意见段 按照《企业内部控制审计指引》及中国注册会计师执业准则的相关要求，信永中和会计师事务所（特殊普通合伙）（以下简称“信永中和”）对公司截止2025年12月31 日的财务报告内部控制的有效性进行了审计，出具了信永中和XYZH/2026BJAA1B0216《内部控制审计报告》，并发表如下意见： 信永中和认为，神州数码信息服务集团股份有限公司于2025年12月31日按照《企业内部控制基本规范》和相关规定在所有重大方面保持了有效的财务报告内部控制。 60,candidate_requires_manual_selection
000555.SZ,神州信息,revenue,60,营业收入,2025|0.5|0.5|0.5|0.5|0.2|0.2|0.5|0.2|0.2|0.5|0.5|0.5|0.2|0.2|0.2|0.2|0|0|0|0|2|2025|12|31,神州数码信息服务集团股份有限公司2025年年度报告全文 缺陷类别 重大缺陷 缺陷认定 直接财产损失金额 重大负面影响 营业收入 错报≥营业收入总额的0.5% 直接财产损失金额≥营业收 对公司造成较大负面影响并 资产总额 错报≥资产总额的0.5% 重大缺陷 入总额的0.5%与资产总额的 以公告形式对外披露 缺陷类别 重要缺陷 0.5%孰低者 营业收入总额的0.2%与资产 营业收入 营业收入总额的0.2%≤错报<营业收入总额的0.5% 总额的0.2%孰低者≤直接财 或受到国家政府部门处罚但 资产总额 资产总额的0.2%≤错报<资产总额的0.5% 重要缺陷 产损失金额<营业收入总额 未对公司造成负面影响 缺陷类别 一般缺陷 的0.5%与资产总额的0.5% 孰低者 营业收入 错报<营业收入总额的0.2% 直接财产损失金额<营业收 受到省级(含省级)以下政府 资产总额 错报<资产总额的0.2% 一般缺陷 入总额的0.2%与资产总额的 部门处罚但未对公司造成负 0.2%的孰低者 面影响 财务报告重大缺陷数 0 量（个） 非财务报告重大缺陷 0 数量（个） 财务报告重要缺陷数 0 量（个） 非财务报告重要缺陷 0 数量（个） 2、内部控制审计报告 适用 □不适用 内部控制审计报告中的审议意见段 按照《企业内部控制审计指引》及中国注册会计师执业准则的相关要求，信永中和会计师事务所（特殊普通合伙）（以下简称“信永中和”）对公司截止2025年12月31 日的财务报告内部控制的有效性进行了审计，出具了信永中和XYZH/2026BJAA1B0216《内部控制审计报告》，并发表如下意见： 信永中和认为，神州数码信息服务集团股份有限公司于2025年12月31日按照《企业内部控制基本规范》和相关规定在所有重大方面保持了有效的财务报告内部控制。 60,candidate_requires_manual_selection
000555.SZ,神州信息,revenue,77,营业收入,"2025|2|3|2022|2|240|2021|1|1|30,000|9,418|94|31.40|2025|12|2021|2025|31|3|2021|2025|3|77","神州数码信息服务集团股份有限公司2025年年度报告全文 2、公司资产或项目存在盈利预测，且报告期仍处在盈利预测期间，公司就资产或项目达到原盈利预测及 其原因做出说明 □适用 不适用 3、公司涉及业绩承诺 适用 □不适用 承诺指 承诺金额 实际完成金 完成率 承诺背景 承诺方 承诺期间 标 （万元） 额（万元） （%） 2022年2月，公司全资子公司 北京神州数字科技有限公司出 资人民币240万元投资普益智 普益智慧云科技 2021年1 慧云科技（成都）有限公司。 (成都)有限公 月1日至 累计营 30,000 9,418.94 31.40 被投公司及其控股股东承诺， 司、成都盛世普 2025年12 业收入 2021-2025年度投资普益智慧云 益科技有限公司 月31日 科技（成都）有限公司的累计 营业收入达到人民币3亿元。 业绩承诺变更情况 □适用 不适用 公司股东、交易对手方在报告年度经营业绩做出的承诺情况 适用 □不适用 普益智慧云科技(成都)有限公司及其控股股东成都盛世普益科技有限公司承诺：在2021年至2025年，普益智慧云科 技(成都)有限公司需实现累计营业收入人民币3亿元。 业绩承诺的完成情况及其对商誉减值测试的影响 公司投资普益智慧云科技（成都）有限公司不产生商誉。公司将积极沟通标的公司控股股东履行业绩承诺补偿事项， 切实维护公司及股东的合法权益。 二、控股股东及其他关联方对上市公司的非经营性占用资金情况 □适用 不适用 公司报告期不存在控股股东及其他关联方对上市公司的非经营性占用资金。 三、违规对外担保情况 □适用 不适用 公司报告期无违规对外担保情况。 四、董事会对最近一期“非标准审计报告”相关情况的说明 □适用 不适用 五、董事会、独立董事（如有）对会计师事务所本报告期“非标准审计报告”的说明 □适用 不适用 77",candidate_requires_manual_selection
000555.SZ,神州信息,total_assets,94,资产合计,"2025|3,587,150|0.37|2,444,300|1,142,850|0.12|972,187,287|99.63|2,444,300|974,631,587|99.88|975,774,437|100.00|0|975,774,437|100.00|2025|2024|10,285,791,965|47|82.12|9,668,875,021|78|80.71|2,239,783,592","神州数码信息服务集团股份有限公司2025年年度报告全文 公司股本结构的变动情况为： 单位：股 变动前 变动后 股份类型 本次变动数 股数 比例 股数 比例 一、有限售条件 3,587,150 0.37% -2,444,300 1,142,850 0.12% 的流通股 二、无限售条件 972,187,287 99.63% 2,444,300 974,631,587 99.88% 的流通股 三、股份总数 975,774,437 100.00% 0 975,774,437 100.00% 公司资产和负债结构的变动情况为： 单位：元 2025年 占总资产/总负债的比例 2024年 占总资产/总负债的比例 流动资产 10,285,791,965.47 82.12% 9,668,875,021.78 80.71% 非流动资产 2,239,783,592.63 17.88% 2,310,498,981.03 19.29% 资产合计 12,525,575,558.10 100.00% 11,979,374,002.81 100.00% 流动负债 6,667,679,464.49 98.81% 6,172,188,547.66 98.86% 非流动负债 80,469,279.99 1.19% 71,005,111.99 1.14% 负债合计 6,748,148,744.48 100.00% 6,243,193,659.65 100.00% 所有者权益 5,777,426,813.62 46.13% 5,736,180,343.16 47.88% 归属母公司所有者权益 5,688,129,419.01 45.41% 5,643,853,668.62 47.11% 3、现存的内部职工股情况 □适用 不适用 三、股东和实际控制人情况 1、公司股东数量及持股情况 94",candidate_requires_manual_selection
000555.SZ,神州信息,revenue,100,营业收入,"2025|2026|03|27|2026|1|0217|2025|12|31|2025|2025|12|31|2025|1|1|42|2025|1,316,281|19|2|27|100","神州数码信息服务集团股份有限公司2025年年度报告全文 第八节 财务报告 一、审计报告 审计意见类型 标准的无保留意见 审计报告签署日期 2026年03月27日 审计机构名称 信永中和会计师事务所（特殊普通合伙） 审计报告文号 XYZH/2026BJAA1B0217 注册会计师姓名 蒋西军、李丽华 审计报告正文 神州数码信息服务集团股份有限公司全体股东： 一、审计意见 我们审计了神州数码信息服务集团股份有限公司（以下简称神州信息）财务报表，包括2025年12月31日的合并及母 公司资产负债表，2025 年度的合并及母公司利润表、合并及母公司现金流量表、合并及母公司股东权益变动表以及相关财 务报表附注。 我们认为，后附的财务报表在所有重大方面按照企业会计准则的规定编制，公允反映了神州信息2025年12月31日的 合并及母公司财务状况以及2025年度的合并及母公司经营成果和现金流量。 二、形成审计意见的基础 我们按照中国注册会计师审计准则的规定执行了审计工作。审计报告的“注册会计师对财务报表审计的责任”部分进 一步阐述了我们在这些准则下的责任。按照中国注册会计师独立性准则和中国注册会计师职业道德守则中适用于公众利益 实体财务报表审计的独立性要求，我们独立于神州信息，并履行了独立性和职业道德方面的其他责任。我们相信，我们获 取的审计证据是充分、适当的，为发表审计意见提供了基础。 三、关键审计事项 关键审计事项是我们根据职业判断，认为对本期财务报表审计最为重要的事项。这些事项的应对以对财务报表整体进 行审计并形成审计意见为背景，我们不对这些事项单独发表意见。 1、营业收入的确认事项 关键审计事项 审计中的应对 神州信息营业收入主要包括系统集成收入、软件开发及 （1）对销售与收款循环内部控制进行了解，测试和评价 技术服务收入，如附注七、42所述，2025年度营业收入为 与收入确认相关的内部控制的设计及执行有效性。 人民币1,316,281.19万元，金额重大且为关键业绩指标， （2）了解收入确认政策，检查主要客户合同条款，评价 根据附注五、27所述的会计政策，可能存在收入确认的相关 公司对合同进行“五步法”分析进而判断履约义务构成 风险。因此，我们将营业收入的确认作为关键审计事项。 和控制权转移时点是否恰当，以及各模式下收入确认方 100",candidate_requires_manual_selection
000555.SZ,神州信息,total_assets,101,资产总额,"2025|3|4|5|2|4|5|2025|12|1|31|196,680|15|15.70|2025|12|31|2|236,620|19|18.89|3|4|5|101","神州数码信息服务集团股份有限公司2025年年度报告全文 法选取是否恰当。 （3）对于系统集成业务，抽样检查合同、合同分析报 告、签收单或验收单等与收入确认相关的文件。 （4）对于软件开发及技术服务业务，根据合同判断划分 为按一段时间确认收入或按时点确认收入的准确性。按 一段时间确认收入的，抽样检查合同、合同分析报告， 并复核投入法下实际成本的准确性及预计总成本的合理 性，获取外部阶段证明或工作量确认单，将外部阶段证 明或工作量确认单中的项目进展情况与管理层按投入法 确定的完工进度进行对比分析；按时点确认收入的，抽 样检查合同、验收报告等与收入确认相关的文件。 （5）执行收入截止测试，检查关键审计证据。对于系统 集成业务，抽查资产负债表日前后若干笔会计记录和出 库记录，与该笔销售相关的合同及签收单或验收单做交 叉核对，以确认收入计入正确的会计期间；对于软件开 发及技术服务业务，抽查资产负债表日前后若干笔会计 记录，对收入进行重新计算或检查验收报告等，以确认 收入计入正确的会计期间。 2、应收账款坏账准备和合同资产减值事项 关键审计事项 审计中的应对 如附注七、4及七、5所述，应收账款于2025年12月 （1）了解应收账款坏账准备和合同资产减值准备计提流 31日的账面价值为人民币196,680.15万元，占合并财务报 程并评价其内部控制。 表资产总额的15.70%，合同资产于2025年12月31日的账 （2）了解管理层评估应收账款坏账准备和合同资产减值 面价值为人民币236,620.19万元，占合并财务报表资产总 准备时的判断及考虑因素，并考虑是否存在对应收账款 额的18.89%。管理层依据账期、账龄及业务类型等信用风险 和合同资产可回收性产生任何影响的情况。 特征将应收账款和合同资产划分为若干组合，在组合基础上 计算预期信用损失。对于划分为组合的应收账款和合同资 （3）对预期信用损失率的计算过程进行复核；对应收账 产，管理层参考历史信用损失经验，结合当前状况以及对未 款坏账准备以及合同资产减值准备的金额进行重新计 来经济状况的预测，编制应收账款和合同资产账期或账龄与 算。 整个存续期预期信用损失率对照表，计算预期信用损失。因 （4）了解并检查表明应收账款和合同资产发生减值的相 此，我们将应收账款和合同资产的减值事项作为关键审计事 关客观证据；查看与应收账款坏账准备计提",candidate_requires_manual_selection
000555.SZ,神州信息,total_assets,102,资产总额,"2025|3|18|2025|12|31|1|92,946|22|7.42|2|3|4|5|2025|102","神州数码信息服务集团股份有限公司2025年年度报告全文 应收账款和合同资产账期或账龄划分的准确性；分析应 收账款和合同资产账期或账龄的合理性；检查长账期或 长账龄应收账款和合同资产的回款情况；测试资产负债 表日后收到的回款；选择样本对应收账款和合同资产进 行函证。 3、商誉减值准备事项 关键审计事项 审计中的应对 如附注七、18所示，2025年12月31日，商誉账面价 （1）评价商誉减值测试相关内部控制的设计和执行有效 值人民币92,946.22万元，占合并财务报表资产总额的 性。 7.42%。根据企业会计准则规定，商誉无论有无减值迹象， （2）评价管理层对各资产及资产组的识别以及如何将商 公司至少应当在每年年度终了进行减值测试。管理层通过比 誉分配至各资产组。 较被分摊商誉的相关资产组的可收回金额与该资产组及商誉 的账面价值，对商誉进行减值测试。预测可收回金额涉及对 （3）评价管理层的减值测试方法，管理层计算被分配商 资产组未来现金流量现值的预测，管理层在预测中需要做出 誉后资产组的可收回金额的重要参数，包括收入增长 重大判断和假设，特别是对于未来收入增长率、毛利率、经 率、毛利率、经营费用以及税前折现率等。 营费用以及税前折现率等。由于减值测试过程较为复杂，同 （4）对于管理层聘请评估机构进行商誉减值测试的，获 时涉及管理层的重大判断，因此我们将商誉减值准备事项作 取评估报告，并与管理层聘请的评估师进行访谈，复核 为关键审计事项。 评估假设、评估方法及评估结果等。 （5）关注商誉减值准备披露的充分性。 四、其他信息 神州信息管理层（以下简称管理层）对其他信息负责。其他信息包括神州信息2025年年度报告中涵盖的信息，但不包 括财务报表和我们的审计报告。 我们对财务报表发表的审计意见不涵盖其他信息，我们也不对其他信息发表任何形式的鉴证结论。 结合我们对财务报表的审计，我们的责任是阅读其他信息，在此过程中，考虑其他信息是否与财务报表或我们在审计 过程中了解到的情况存在重大不一致或者似乎存在重大错报。 基于我们已执行的工作，如果我们确定其他信息存在重大错报，我们应当报告该事实。在这方面，我们无任何事项需 要报告。 五、管理层和治理层对财务报表的责任 管理层负责按照企业会计准则的规定编制财务报表，使其实现公允反映，并设计、执行和维护必要的内部控制，以使 财务报表不存在由于",candidate_requires_manual_selection
000555.SZ,神州信息,total_assets,104,资产合计,"2025|1|2025|12|31|2,812,695,272|14|2,049,377,961|97|102,382,052|57|176,818,604|99|60,504,128|13|50,823,221|45|1,966,801,509|52|1,937,284,214|22|127,975,034|22|73,287,501|01","神州数码信息服务集团股份有限公司2025年年度报告全文 中国 北京 二○二六年三月二十七日 二、财务报表 财务附注中报表的单位为：元 1、合并资产负债表 编制单位：神州数码信息服务集团股份有限公司 2025年12月31日 单位：元 项目 期末余额 期初余额 流动资产： 货币资金 2,812,695,272.14 2,049,377,961.97 结算备付金 拆出资金 交易性金融资产 102,382,052.57 176,818,604.99 衍生金融资产 应收票据 60,504,128.13 50,823,221.45 应收账款 1,966,801,509.52 1,937,284,214.22 应收款项融资 预付款项 127,975,034.22 73,287,501.01 应收保费 应收分保账款 应收分保合同准备金 其他应收款 161,566,932.09 372,760,540.59 其中：应收利息 应收股利 买入返售金融资产 存货 2,525,431,517.22 2,538,700,097.19 其中：数据资源 合同资产 2,366,201,864.25 2,411,068,391.49 持有待售资产 一年内到期的非流动资产 94,660,779.68 7,441,728.00 其他流动资产 67,572,875.65 51,312,760.87 流动资产合计 10,285,791,965.47 9,668,875,021.78 非流动资产： 发放贷款和垫款 债权投资 其他债权投资 长期应收款 55,263,609.93 132,138,155.14 长期股权投资 20,984,312.67 12,187,652.42 其他权益工具投资 130,776,392.62 141,173,340.87 104",candidate_requires_manual_selection
000555.SZ,神州信息,total_assets,105,资产合计,"2025|10,757,762|05|12,144,374|27|388,386,681|96|393,345,906|26|13,388,380|48|36,141,803|06|173,930,421|22|178,371,303|87|32,415,018|43|57,325,524|12|929,462,182|52|1,043,463,519|96","神州数码信息服务集团股份有限公司2025年年度报告全文 项目 期末余额 期初余额 其他非流动金融资产 投资性房地产 10,757,762.05 12,144,374.27 固定资产 388,386,681.96 393,345,906.26 在建工程 生产性生物资产 油气资产 使用权资产 13,388,380.48 36,141,803.06 无形资产 173,930,421.22 178,371,303.87 其中：数据资源 开发支出 32,415,018.43 57,325,524.12 其中：数据资源 商誉 929,462,182.52 1,043,463,519.96 长期待摊费用 3,681,806.16 4,914,807.38 递延所得税资产 194,372,426.41 158,452,831.32 其他非流动资产 286,364,598.18 140,839,762.36 非流动资产合计 2,239,783,592.63 2,310,498,981.03 资产总计 12,525,575,558.10 11,979,374,002.81 流动负债： 短期借款 1,057,486,582.09 380,245,134.25 向中央银行借款 拆入资金 交易性金融负债 衍生金融负债 应付票据 1,623,900,704.35 1,565,211,979.42 应付账款 2,011,402,933.06 2,267,913,389.95 预收款项 合同负债 1,152,312,042.71 1,152,846,718.23 卖出回购金融资产款 吸收存款及同业存放 代理买卖证券款 代理承销证券款 应付职工薪酬 502,803,859.02 468,017,897.07 应交税费 141,170,001.39 106,361,986.86 其他应付款 144,078,019.82 184,608,071.85 其中：应付利息 应付股利 应付手续费及佣金 应付分保账款 持有待售负债 一年内到期的非流动负债 23,667,394.68 38,130,103.26 其他流动负债 10,857,927.37 8,853,266.77 105",candidate_requires_manual_selection
000555.SZ,神州信息,total_assets,107,资产合计,"2025|890,962,731|69|412,229,969|69|780,256,415|52|30,256,415|52|134,964|99|1,987,232|50|47,345|09|1,093,133|03|1,908,310|33|963,383,928|56|507,721,443|27|2,221,050,605|44","神州数码信息服务集团股份有限公司2025年年度报告全文 项目 期末余额 期初余额 其他应收款 890,962,731.69 412,229,969.69 其中：应收利息 应收股利 780,256,415.52 30,256,415.52 存货 134,964.99 1,987,232.50 其中：数据资源 合同资产 47,345.09 持有待售资产 一年内到期的非流动资产 其他流动资产 1,093,133.03 1,908,310.33 流动资产合计 963,383,928.56 507,721,443.27 非流动资产： 债权投资 其他债权投资 长期应收款 长期股权投资 2,221,050,605.44 2,349,860,292.00 其他权益工具投资 其他非流动金融资产 投资性房地产 固定资产 458,401.48 484,728.60 在建工程 生产性生物资产 油气资产 使用权资产 961,117.55 1,639,553.47 无形资产 590,479.87 1,054,199.89 其中：数据资源 开发支出 其中：数据资源 商誉 长期待摊费用 1,383,082.92 递延所得税资产 6,682,233.64 其他非流动资产 30,535,643.84 非流动资产合计 2,254,979,331.10 2,359,721,007.60 资产总计 3,218,363,259.66 2,867,442,450.87 流动负债： 短期借款 交易性金融负债 衍生金融负债 应付票据 46,914,969.12 应付账款 37,865,451.95 102,996,465.75 预收款项 合同负债 97,789.95 2,777,432.49 107",candidate_requires_manual_selection
000555.SZ,神州信息,revenue,108,营业收入,"2025|18,613,840|79|13,750,002|32|695,678|60|799,847|43|3,282,203|45|34,847,376|78|705,007|81|705,007|81|2,210|05|2,799|38|61,262,182|60|202,793,901|08","神州数码信息服务集团股份有限公司2025年年度报告全文 项目 期末余额 期初余额 应付职工薪酬 18,613,840.79 13,750,002.32 应交税费 695,678.60 799,847.43 其他应付款 3,282,203.45 34,847,376.78 其中：应付利息 应付股利 持有待售负债 一年内到期的非流动负债 705,007.81 705,007.81 其他流动负债 2,210.05 2,799.38 流动负债合计 61,262,182.60 202,793,901.08 非流动负债： 长期借款 应付债券 其中：优先股 永续债 租赁负债 285,749.88 952,934.53 长期应付款 长期应付职工薪酬 预计负债 递延收益 递延所得税负债 其他非流动负债 非流动负债合计 285,749.88 952,934.53 负债合计 61,547,932.48 203,746,835.61 所有者权益： 股本 975,774,437.00 975,774,437.00 其他权益工具 其中：优先股 永续债 资本公积 2,205,074,679.48 2,205,074,679.48 减：库存股 150,263,322.53 150,263,322.53 其他综合收益 专项储备 盈余公积 53,828,240.15 45,783,652.03 未分配利润 72,401,293.08 -412,673,830.72 所有者权益合计 3,156,815,327.18 2,663,695,615.26 负债和所有者权益总计 3,218,363,259.66 2,867,442,450.87 3、合并利润表 单位：元 项目 2025年度 2024年度 一、营业总收入 13,162,811,905.52 10,002,831,521.49 其中：营业收入 13,162,811,905.52 10,002,831,521.49 利息收入 已赚保费 108",candidate_requires_manual_selection
000555.SZ,神州信息,net_profit_attributable,109,归属于母公司股东的净利润,"2025|2025|2024|12,974,086,827|32|9,939,751,364|33|11,530,967,124|24|8,508,510,962|22|53,159,080|47|33,883,697|08|466,556,889|87|463,074,181|72|315,598,960|33|278,729,037|81|552,968,539|34","神州数码信息服务集团股份有限公司2025年年度报告全文 项目 2025年度 2024年度 手续费及佣金收入 二、营业总成本 12,974,086,827.32 9,939,751,364.33 其中：营业成本 11,530,967,124.24 8,508,510,962.22 利息支出 手续费及佣金支出 退保金 赔付支出净额 提取保险责任合同准备金净额 保单红利支出 分保费用 税金及附加 53,159,080.47 33,883,697.08 销售费用 466,556,889.87 463,074,181.72 管理费用 315,598,960.33 278,729,037.81 研发费用 552,968,539.34 614,401,755.75 财务费用 54,836,233.07 41,151,729.75 其中：利息费用 64,621,595.91 35,099,925.49 利息收入 17,423,234.05 10,168,520.34 加：其他收益 61,448,945.38 44,224,030.48 投资收益（损失以“－”号填列） 9,026,919.15 18,118,934.09 其中：对联营企业和合营企业的投资收益 -194,780.00 -165,213.00 以摊余成本计量的金融资产终止确认收益 -249,196.54 -90,006.88 汇兑收益（损失以“-”号填列） 净敞口套期收益（损失以“－”号填列） 公允价值变动收益（损失以“－”号填列） 150,964.12 -59,508,720.72 信用减值损失（损失以“-”号填列） -101,428,844.96 -167,851,704.00 资产减值损失（损失以“-”号填列） -149,464,185.37 -413,835,231.34 资产处置收益（损失以“-”号填列） 三、营业利润（亏损以“－”号填列） 8,458,876.52 -515,772,534.33 加：营业外收入 21,439,364.99 13,621,357.24 减：营业外支出 17,167,346.76 7,917,697.14 四、利润总额（亏损总额以“－”号填列） 12,730,894.75 -510,068,874.23 减：所得税费用 -34,168,159.78 26,396,887.41 五",candidate_requires_manual_selection
000555.SZ,神州信息,revenue,110,营业收入,"2025|2025|2024|3|10,699,919|09|5,117,906|42|4|5|1,987,388|09|7,193,224|24|1|2|3|4|5|6|1,987,388|09|7,193,224|24|7","神州数码信息服务集团股份有限公司2025年年度报告全文 项目 2025年度 2024年度 3.其他权益工具投资公允价值变动 -10,699,919.09 5,117,906.42 4.企业自身信用风险公允价值变动 5.其他 （二）将重分类进损益的其他综合收益 -1,987,388.09 7,193,224.24 1.权益法下可转损益的其他综合收益 2.其他债权投资公允价值变动 3.金融资产重分类计入其他综合收益的金额 4.其他债权投资信用减值准备 5.现金流量套期储备 6.外币财务报表折算差额 -1,987,388.09 7,193,224.24 7.其他 归属于少数股东的其他综合收益的税后净额 七、综合收益总额 34,211,747.35 -524,154,630.98 归属于母公司所有者的综合收益总额 43,741,027.28 -511,748,995.28 归属于少数股东的综合收益总额 -9,529,279.93 -12,405,635.70 八、每股收益 （一）基本每股收益 0.0587 -0.5445 （二）稀释每股收益 0.0587 -0.5445 本期发生同一控制下企业合并的，被合并方在合并前实现的净利润为：0元，上期被合并方实现的净利润为：0元。 法定代表人：徐启昌 主管会计工作负责人：刘伟刚 会计机构负责人：王晨旭 4、母公司利润表 单位：元 项目 2025年度 2024年度 一、营业收入 53,794,698.87 360,975,278.87 减：营业成本 51,765,031.97 332,282,638.35 税金及附加 256,632.93 834,348.78 销售费用 16,583,898.26 25,645,544.67 管理费用 46,551,198.60 25,737,092.93 研发费用 13,444,177.69 22,052,546.64 财务费用 -238,452.90 2,697,864.58 其中：利息费用 52,800.03 1,263,732.17 利息收入 245,182.40 249,365.00 加：其他收益 217,117.28 2,056,412.04 投资收益（损失以“－”号填列） 748,285,164.80 230,789,585.93 其中：对联营企业和合营企业的投资收益 901,071.9",candidate_requires_manual_selection
000555.SZ,神州信息,total_assets,125,资产总额,2025|5|0.50|0.50|0.50|1|0.50|1|0.50|0.50|1|0.50|5|10|5|6|1|2|125,神州数码信息服务集团股份有限公司2025年年度报告全文 5、重要性标准确定方法和选择依据 适用 □不适用 项目 重要性标准 重要的单项计提坏账准备的应收款项 单项应收款项账面余额超过资产总额0.50%的认定为重要 应收款项本期坏账准备收回或转回金额重要的 单项应收款项账面余额超过资产总额0.50%的认定为重要 本期重要的应收款项核销 单项应收款项账面余额超过资产总额0.50%的认定为重要 账龄超过1年且金额重要的预付款项 单项预付款项金额超过资产总额0.50%的认定为重要 账龄超过1年的重要合同负债 单项合同负债金额超过资产总额0.50%的认定为重要 单项应付账款或其他应付款金额超过资产总额0.50%的认 账龄超过1年或逾期的重要应付账款或其他应付款 定为重要 重要的资本化研发项目 单项资本化研发金额超过资产总额0.50%的认定为重要 重要的投资活动 单项投资金额超过资产总额5%的认定为重要 非全资子公司收入金额占集团总收入≥10% 重要的非全资子公司/联合营企业 对合营企业或联营企业的长期股权投资账面价值占集团总 资产≥5% 6、同一控制下和非同一控制下企业合并的会计处理方法 企业合并分为同一控制下的企业合并和非同一控制下的企业合并。 （1）同一控制下的企业合并 参与合并的企业在合并前后均受同一方或相同的多方最终控制，且该控制并非暂时性的，为同一控制下的企业合并。 本集团作为合并方，在同一控制下企业合并中取得的资产和负债，在合并日按被合并方在最终控制方合并报表中的账 面价值计量。取得的净资产账面价值与支付的合并对价账面价值的差额，调整资本公积；资本公积不足冲减的，调整留存 收益。 通过多次交易分步实现同一控制下企业合并的，以不早于本集团和被合并方同处于最终控制方的控制之下的时点为限， 将被合并方的有关资产、负债并入本集团合并财务报表的比较报表中，并将合并而增加的净资产在比较报表中调整所有者 权益项下的相关项目。 （2）非同一控制下的企业合并 参与合并的各方在合并前后不受同一方或相同的多方最终控制的，为非同一控制下的企业合并。 本集团作为购买方，在非同一控制下企业合并中取得的被购买方可辨认资产、负债及或有负债在收购日以公允价值计 量。合并成本大于合并中取得的被购买方可辨认净资产公允价值份额的差额，确认为商誉；合并成本小于合并中取得的被 购买方可辨认净资产公允价值份,candidate_requires_manual_selection
000555.SZ,神州信息,revenue,142,营业收入,2025|25|1|2|28|1|142,神州数码信息服务集团股份有限公司2025年年度报告全文 本集团根据在向客户转让商品前是否拥有对该商品的控制权，来判断本集团从事交易时的身份是主要责任人还是代理 人。本集团在向客户转让商品前能够控制该商品的，则本集团为主要责任人，按照已收或应收对价总额确认收入；否则， 为代理人，按照预期有权收取的佣金或手续费的金额确认收入，该金额应当按照已收或应收对价总额扣除应支付给其他相 关方的价款后的净额，或者按照既定的佣金金额或比例等确定。 根据合同约定、法律规定等，本集团为所销售的商品提供质量保证，属于为向客户保证所销售的商品符合既定标准的 保证类质量保证，本集团按照本附注五、25 预计负债进行会计处理。本集团为向客户提供了超过法定质保期限或范围的质 量保证，属于对所销售的商品符合既定标准之外提供了一项单独服务，本集团将其作为一项单项履约义务。本集团按照提 供商品和服务类质量保证的单独售价的相对比例，将部分交易价格分摊至服务类质量保证，并在客户取得服务控制权时确 认收入。 本集团的营业收入主要包括软件开发及技术服务收入、系统集成业务收入。 （1）软件开发及技术服务收入 如果属于在某一时间段内履行的履约义务，本集团按照履约进度，在一段时间内确认收入。履约进度系按照实际支出 成本占预计总成本的比例确定，否则，本集团在客户取得相关开发成果或服务控制权的时点确认收入。对于软件产品的销 售，以客户验收时点确认收入。 （2）系统集成收入 本集团在客户取得相关商品或服务控制权时点确认收入，即在发货完成后并取得客户的验收证明时作为收入确认时点。 28、政府补助 政府补助在能够满足其所附的条件并且能够收到时，予以确认。政府补助为货币性资产的，按照实际收到的金额计量， 对于按照固定的定额标准拨付的补助，或对年末有确凿证据表明能够符合财政扶持政策规定的相关条件且预计能够收到财 政扶持资金时，按照应收的金额计量；政府补助为非货币性资产的，按照公允价值计量，公允价值不能可靠取得的，按照 名义金额(1元)计量。 本集团的政府补助包括与资产相关的政府补助及与收益相关的政府补助。其中，与资产相关的政府补助，是指本集团 取得的、用于购建或以其他方式形成长期资产的政府补助；与收益相关的政府补助，是指除与资产相关的政府补助之外的 政府补助。如果政府文件中未明确规定补助对象，本集团按照上述区分原则进行判断，难以区分,candidate_requires_manual_selection
000555.SZ,神州信息,revenue,177,营业收入,"2025|1|2010|308,980,000|00|193,671,128|85|2018|2|2014|2014|12|2|100.00|710,000,000|00|63,987,008|28|646,012,991|72|2024|12|31|505,661,763|36","神州数码信息服务集团股份有限公司2025年年度报告全文 □适用 不适用 可收回金额按预计未来现金流量的现值确定 适用 □不适用 商誉所在资产组或资产组组合的相关信息和可收回金额的具体确定方法: 注 1：该商誉为神州数码融信软件有限公司于 2010 年非同一控制收购神州金信(北京)科技有限公司（曾用名：神州数 码金信科技股份有限公司）股权产生，合并对价308,980,000.00元，形成商誉193,671,128.85元。本公司于2018年对上 述收购形成的商誉全额计提了减值准备。 注2：该商誉为本公司于2014年（购买日2014年12月2日）非同一控制下收购中农信达100.00%股权产生，合并对 价710,000,000.00 元，合并日中农信达可辨认净资产公允价值为 63,987,008.28 元，差额646,012,991.72 元计入商誉。 截止2024年12月31日累计计提商誉减值505,661,763.36元。 本年末本公司管理层对因收购中农信达产生的商誉进行减值测试，考虑中农信达主营业务明确并且单一，同时其主营 业务或产品直接与市场衔接，由市场定价，符合资产组的相关要件，同时企业内不再存在其他与中农信达相同条件的经营 业务，因此将中农信达认定为一个资产组，资产组与以前年度一致，未发生变化。 本公司年末聘请北京中同华资产评估有限公司于 2026 年3 月出具了中同华评报字（2026）第010132 号《神州数码信 息服务集团股份有限公司拟商誉减值测试涉及的并购北京中农信达信息技术有限公司形成的含商誉资产组可收回金额项目 资产评估报告》，评估报告采用预计未来现金流量现值的方法计算资产组的可收回金额，依据管理层批准的未来 5 年及稳 定期（预计未来 5 年之后的现金流量保持稳定）财务预算及 11.33%税前折现率预计未来现金流量现值。对中农信达预计预 测期未来现金流量现值的计算采用了 40.24%-39.46%的预算毛利率及 27.37%-5.00%的营业收入增长率作为关键假设，确定 依据是预测期之前的历史情况及对市场发展的预测。预计稳定期以 39.46%的毛利率及 1.00%的收入增长率作为关键假设， 确定依据是公司历史情况、宏观经济环境、所处行业和对市场发展的预期估计。根据上述评估报告，本公司本年计提商誉 减值准备94,292,013.34元。 注3：",candidate_requires_manual_selection
000555.SZ,神州信息,revenue,178,营业收入,"2025|5|5|9.96|37.37|15.05|5|37.37|1.00|9,902,089|96|4|2016|2016|12|2|98.60|1,183,184,287|50|315,224,570|54|310,807,299|12|872,376,988|38","神州数码信息服务集团股份有限公司2025年年度报告全文 估报告》，评估报告采用预计未来现金流量现值的方法计算资产组的可收回金额，依据管理层批准的未来 5 年及稳定期 （预计未来 5 年之后的现金流量保持稳定）财务预算及 9.96%税前折现率预计未来现金流量现值。对北京旗硕基业科技股 份有限公司预计预测期未来现金流量现值的计算采用了 37.37%的预算毛利率及 15.05%-5%的营业收入增长率作为关键假设， 确定依据是预测期之前的历史情况及对市场发展的预测。预计稳定期以 37.37%的毛利率及 1.00%的收入增长率作为关键假 设，确定依据是公司历史情况、宏观经济环境、所处行业和对市场发展的预期估计。根据上述评估报告，本公司本年计提 商誉减值准备9,902,089.96元。 注 4：该商誉为本公司 2016 年（购买日 2016 年 12 月 2 日）非同一控制下收购华苏科技 98.60%股权产生，合并对价 1,183,184,287.50元，合并日华苏科技的可辨认净资产公允价值为315,224,570.54元，合并对价与应享受的华苏科技的可 辨认净资产公允价值310,807,299.12元的差额872,376,988.38元计入商誉。 本年末本公司管理层对因收购华苏科技产生的商誉进行减值测试，考虑华苏科技主营业务明确并且单一，同时其主营 业务或产品直接与市场衔接，由市场定价，符合资产组的相关要件，同时企业内不再存在其他与华苏科技相同条件的经营 业务，因此将华苏科技认定为一个资产组。 本公司年末聘请中瑞世联资产评估集团有限公司于 2026 年3 月出具了中瑞评报字[2026]第600402 号《神州数码信息 服务集团股份有限公司以财务报告为目的拟进行商誉减值测试涉及的南京华苏科技有限公司含商誉资产组可收回金额项目 资产评估报告》，评估报告采用预计未来现金流量现值的方法计算资产组的可收回金额，依据管理层批准的未来 5 年及稳 定期（预计未来 5 年之后的现金流量保持稳定）财务预算及 10.45%税前折现率预计未来现金流量现值。对华苏科技预计预 测期未来现金流量现值的计算采用了 12.36%-14.81%预算毛利率及 12.96%-4.79%的营业收入增长率作为关键假设，确定依 据是预测期之前的历史情况及对市场发展的预测。预计稳定期以 14.81%的毛利率及 1.80%",candidate_requires_manual_selection
000555.SZ,神州信息,revenue,179,营业收入,"2025|2026|3|2026|010133|5|5|10.68|23.43|22.62|10.00|5.00|22.62|1.00|9,807,234|14|19|4,361,912|36|1,422,599|57|2,258,396|79|3,526,115|14","神州数码信息服务集团股份有限公司2025年年度报告全文 本年末本公司管理层对因收购北京云核网络技术有限公司产生的商誉进行减值测试，考虑北京云核网络技术有限公司 主营业务明确并且单一，同时其主营业务或产品直接与市场衔接，由市场定价，符合资产组的相关要件，同时企业内不再 存在其他与北京云核网络技术有限公司相同条件的经营业务，因此将北京云核网络技术有限公司认定为一个资产组，资产 组与以前年度一致，未发生变化。 本公司年末聘请北京中同华资产评估有限公司于 2026 年3 月出具了中同华评报字（2026）第010133 号《神州数码信 息服务集团股份有限公司拟商誉减值测试涉及的北京云核网络技术有限公司含商誉资产组可收回金额项目资产评估报告》， 评估报告采用预计未来现金流量现值的方法计算资产组的可收回金额，依据管理层批准的未来 5 年及稳定期（预计未来 5 年之后的现金流量保持稳定）财务预算及 10.68%税前折现率预计未来现金流量现值。对北京云核网络技术有限公司预计预 测期未来现金流量现值的计算采用了 23.43%-22.62%的预算毛利率及 10.00%-5.00%的营业收入增长率作为关键假设，确定 依据是预测期之前的历史情况及对市场发展的预测。预计稳定期以 22.62%的毛利率及 1.00%的收入增长率作为关键假设， 确定依据是公司历史情况、宏观经济环境、所处行业和对市场发展的预期估计。根据上述评估报告，本公司本年计提商誉 减值准备9,807,234.14元。 19、长期待摊费用 单位：元 项目 期初余额 本期增加金额 本期摊销金额 其他减少金额 期末余额 装修费 4,361,912.36 1,422,599.57 2,258,396.79 3,526,115.14 办公家具及装配 552,895.02 53,380.53 328,164.41 122,420.12 155,691.02 合计 4,914,807.38 1,475,980.10 2,586,561.20 122,420.12 3,681,806.16 20、递延所得税资产/递延所得税负债 （1） 未经抵销的递延所得税资产 单位：元 期末余额 期初余额 项目 可抵扣暂时性差异 递延所得税资产 可抵扣暂时性差异 递延所得税资产 资产减值准备 875,868,073.61 169,761,257.05 934,",candidate_requires_manual_selection
000555.SZ,神州信息,revenue,188,营业收入,"2025|41|2,360,840,229|49|2,915,710,779|23|2,360,840,229|49|2,915,710,779|23|56,428,334|46|524,060,125|94|534,723|11|8,044,588|12|30,810,423|80|2,409,758,698|94|2,360,840,229|49|42","神州数码信息服务集团股份有限公司2025年年度报告全文 41、未分配利润 单位：元 项目 本期 上期 调整前上期末未分配利润 2,360,840,229.49 2,915,710,779.23 调整后期初未分配利润 2,360,840,229.49 2,915,710,779.23 加：本期归属于母公司所有者的净利润 56,428,334.46 -524,060,125.94 其他权益工具投资剩余财产分配 534,723.11 减：提取法定盈余公积 8,044,588.12 应付普通股股利 30,810,423.80 期末未分配利润 2,409,758,698.94 2,360,840,229.49 42、营业收入和营业成本 （1）营业收入、营业成本 单位：元 本期发生额 上期发生额 项目 收入 成本 收入 成本 主营业务 13,158,785,481.86 11,530,238,519.44 9,997,696,120.82 8,508,139,511.54 其他业务 4,026,423.66 728,604.80 5,135,400.67 371,450.68 合计 13,162,811,905.52 11,530,967,124.24 10,002,831,521.49 8,508,510,962.22 注：其他业务收入主要系办公楼的房租收入。 公司报告期内经审计利润总额、净利润、扣除非经常性损益后的净利润三者孰低为负值 □是 否 （2）营业收入、营业成本的分解信息 单位：元 分部1 合计 合同分类 营业收入 营业成本 营业收入 营业成本 业务类型 其中： 软件开发及技术服务 7,301,970,191.66 6,138,462,071.00 7,301,970,191.66 6,138,462,071.00 系统集成 5,856,815,290.20 5,391,776,448.44 5,856,815,290.20 5,391,776,448.44 其他业务 4,026,423.66 728,604.80 4,026,423.66 728,604.80 按经营地区分类 其中： 国内地区 13,137,489,273.32 11,508,849,535.79 13,137,489,273.32 11,508,849,535.79 国外地区 25,322,6",candidate_requires_manual_selection
000555.SZ,神州信息,total_assets,202,资产合计,"2025|3|1,619,919,424|38|97,443,333|10|1,717,362,757|48|1,635,163,662|08|1,037,903|77|1,636,201,565|85|1,763,957,698|55|52,911,599|52|1,816,869,298|07|804,307,739|10|2,258,670|48|806,566,409","神州数码信息服务集团股份有限公司2025年年度报告全文 （3） 重要非全资子公司的主要财务信息 单位：元 期末余额 公司名称 流动资产 非流动资产 资产合计 流动负债 非流动负债 负债合计 北京神州数码信息技术 1,619,919,424.38 97,443,333.10 1,717,362,757.48 1,635,163,662.08 1,037,903.77 1,636,201,565.85 服务有限公司 华苏科技 1,763,957,698.55 52,911,599.52 1,816,869,298.07 804,307,739.10 2,258,670.48 806,566,409.58 （续上表） 单位：元 期初余额 公司名称 流动资产 非流动资产 资产合计 流动负债 非流动负债 负债合计 北京神州数码信息技术 1,358,608,582.06 56,616,763.55 1,415,225,345.61 1,332,802,374.60 1,791,080.67 1,334,593,455.27 服务有限公司 华苏科技 1,525,785,776.50 58,099,555.10 1,583,885,331.60 634,477,900.02 4,546,289.40 639,024,189.42 单位：元 本期发生额 上期发生额 子公司名称 经营活动现金流 营业收入 净利润 综合收益总额 营业收入 净利润 综合收益总额 经营活动现金流量 量 北京神州数码 信息技术服务 1,784,715,572.27 529,301.29 529,301.29 -121,239,360.93 1,522,587,811.73 8,806,958.57 8,806,958.57 62,359,355.15 有限公司 华苏科技 2,061,480,952.33 58,941,746.31 58,941,746.31 -131,799,471.97 1,929,498,658.93 81,075,721.27 81,075,721.27 -133,965,843.36 202",candidate_requires_manual_selection
000555.SZ,神州信息,revenue,202,营业收入,"2025|3|1,619,919,424|38|97,443,333|10|1,717,362,757|48|1,635,163,662|08|1,037,903|77|1,636,201,565|85|1,763,957,698|55|52,911,599|52|1,816,869,298|07|804,307,739|10|2,258,670|48|806,566,409","神州数码信息服务集团股份有限公司2025年年度报告全文 （3） 重要非全资子公司的主要财务信息 单位：元 期末余额 公司名称 流动资产 非流动资产 资产合计 流动负债 非流动负债 负债合计 北京神州数码信息技术 1,619,919,424.38 97,443,333.10 1,717,362,757.48 1,635,163,662.08 1,037,903.77 1,636,201,565.85 服务有限公司 华苏科技 1,763,957,698.55 52,911,599.52 1,816,869,298.07 804,307,739.10 2,258,670.48 806,566,409.58 （续上表） 单位：元 期初余额 公司名称 流动资产 非流动资产 资产合计 流动负债 非流动负债 负债合计 北京神州数码信息技术 1,358,608,582.06 56,616,763.55 1,415,225,345.61 1,332,802,374.60 1,791,080.67 1,334,593,455.27 服务有限公司 华苏科技 1,525,785,776.50 58,099,555.10 1,583,885,331.60 634,477,900.02 4,546,289.40 639,024,189.42 单位：元 本期发生额 上期发生额 子公司名称 经营活动现金流 营业收入 净利润 综合收益总额 营业收入 净利润 综合收益总额 经营活动现金流量 量 北京神州数码 信息技术服务 1,784,715,572.27 529,301.29 529,301.29 -121,239,360.93 1,522,587,811.73 8,806,958.57 8,806,958.57 62,359,355.15 有限公司 华苏科技 2,061,480,952.33 58,941,746.31 58,941,746.31 -131,799,471.97 1,929,498,658.93 81,075,721.27 81,075,721.27 -133,965,843.36 202",candidate_requires_manual_selection
000555.SZ,神州信息,total_assets,208,资产总额,"2025|130,776,392|62|130,776,392|62|102,382,052|57|130,776,392|62|233,158,445|19|2|3|1|20,000|39.78|40.39|2|1|1|3|2025|12|4|208","神州数码信息服务集团股份有限公司2025年年度报告全文 （二）其他权益工具 130,776,392.62 130,776,392.62 投资 持续以公允价值计量 102,382,052.57 130,776,392.62 233,158,445.19 的资产总额 2、持续和非持续第二层次公允价值计量项目，采用的估值技术和重要参数的定性及定量信息 资产负债表日，对于理财产品的公允价值，本集团从金融机构或第三方机构取得金融工具的公允价值确定。 3、持续和非持续第三层次公允价值计量项目，采用的估值技术和重要参数的定性及定量信息 对于非上市股权投资，因其对公允价值计量整体而言具有重要意义的最低层次输入值是不可观察的，故本集团采用最 近交易价格基础上结合实际情况进行调整确定，若无最近交易价格本集团采用估值技术确定其公允价值，估值技术包括现 金流量折现法和市场比较法等。 本集团第三层次公允价值计量项目包括对非上市企业的股权投资、新三板挂牌但无活跃交易的股权投资。 十四、关联方及关联交易 1、本企业的母公司情况 母公司对本企业 母公司对本企业 母公司名称 注册地 业务性质 注册资本 的持股比例 的表决权比例 神州数码软件有 北京 投资控股 20,000万美元 39.78% 40.39% 限公司 本企业最终控制方是Digital China Holdings Limited。 2、本企业的子公司情况 本企业子公司的情况详见附注十、1.（1）企业集团的构成。 3、本企业合营和联营企业情况 本企业无重要的合营或联营企业。 本期与本公司发生关联方交易，或前期与本公司发生关联方交易形成余额的其他合营或联营企业情况如下： 合营或联营企业名称 与本企业关系 北京神州邦邦技术服务有限公司 联营企业 江西倬云数字科技有限公司（注） 联营企业 注：江西倬云数字科技有限公司2025年12月起不再为公司关联方。 4、其他关联方情况 其他关联方名称 其他关联方与本企业关系 北京神州数码一诺技术服务有限公司 受同一控股股东及最终控制方控制的其他企业 广州智慧神州科技有限公司 受同一控股股东及最终控制方控制的其他企业 神旗数码有限公司 受同一控股股东及最终控制方控制的其他企业 208",candidate_requires_manual_selection
000555.SZ,神州信息,revenue,228,营业收入,"2025|4|1|53,794,698|87|51,765,031|97|360,975,278|87|332,282,638|35|2|1|2,680,231|79|1,960,891|43|2,680,231|79|1,960,891|43|51,114,467|08|49,804,140|54","神州数码信息服务集团股份有限公司2025年年度报告全文 4、营业收入和营业成本 （1）营业收入、营业成本 单位：元 本期发生额 上期发生额 项目 收入 成本 收入 成本 主营业务 53,794,698.87 51,765,031.97 360,975,278.87 332,282,638.35 （2）营业收入、营业成本的分解信息 单位：元 分部1 合计 合同分类 营业收入 营业成本 营业收入 营业成本 业务类型 其中： 系统集成 2,680,231.79 1,960,891.43 2,680,231.79 1,960,891.43 软件开发及技术服务 51,114,467.08 49,804,140.54 51,114,467.08 49,804,140.54 按经营地区分类 其中： 国内地区 53,794,698.87 51,765,031.97 53,794,698.87 51,765,031.97 按商品转让的时间分 类 其中： 某一时点转让 53,746,387.55 51,739,426.97 53,746,387.55 51,739,426.97 某一时段内转让 48,311.32 25,605.00 48,311.32 25,605.00 合计 53,794,698.87 51,765,031.97 53,794,698.87 51,765,031.97 （3）营业成本构成明细 单位：元 本期发生额 上期发生额 成本构成 金额 占营业成本比重 金额 占营业成本比重 设备类采购款 2,082,009.21 4.02% 252,131,847.11 75.88% 人工及技术协作 49,683,022.76 95.98% 80,150,791.24 24.12% 合计 51,765,031.97 100.00% 332,282,638.35 100.00% （4）与分摊至剩余履约义务的交易价格相关的信息 本报告期末已签订合同、但尚未履行或尚未履行完毕的履约义务所对应的收入金额为 48,955,587.07 元，预计将于 2026年度确认收入。 228",candidate_requires_manual_selection
300348.SZ,长亮科技,revenue,4,营业收入,2025|2025|2.0|2025|10|20|2024|2025|4,深圳市长亮科技股份有限公司2025年年度报告全文 董事长致辞 ——在变革中把握机遇，在创新中实现价值 尊敬的各位投资者： 2025年，金融科技行业正经历一场前所未有的深刻变革：信创迈入深水区，国产化替 代全面提速；监管科技与合规自动化需求激增，开辟全新市场空间；数字人民币 2.0 揭开 面纱，相关业务需求接踵而至；而 AI技术正以前所未有的深度重塑金融服务业态——以 AI Agent为代表的新技术，正在重构从产品设计到客户服务的全链条逻辑。AI已不再是 “未来预言”，而是奔涌而至的现实浪潮。 回望2025，在这场充满不确定性的变革洪流中，长亮科技依然勇立潮头、生生不息、 步履坚定，取得了令人欣慰的成果。 其一，财务基本面持续向好。尽管大型项目收入确认周期拉长、市场竞争加剧、海外 市场阻力重重，我们仍实现了营业收入同比增长超 10%，经营性现金流净额增长逾 20%。 其二，国内核心业务地位进一步巩固。公司在银行核心业务系统领域再创佳绩——当 年客户中标数量最多、合同总金额最高，稳居行业领先地位，充分彰显我们在金融核心系 统解决方案上的专业实力与市场认可。 其三，AI Native 战略取得实质性突破。我们见证了 AI 智能体在需求分析、代码开发、 产品测试、本体到客户运营的全流程深度渗透。“DataMind+AI”以多智能体协同赋能营 销旅程，在研发交付领域推出的 TRP（需求智能分析）、TCR（代码智能解读）、TestHand （智能测试）等专家智能体，正系统性重构金融软件的生产范式。AI的叙事逻辑，已从 “工具辅助”跃迁至“人机共生”，数字金融与 AI 的深度融合正释放前所未有的生产力。 其四，海外市场实现里程碑式突破。继2024年斩获泰国本土银行史上最大金额核心 系统订单后，2025年我们再度赢得新加坡知名大型银行的核心业务系统合同。这不仅验证 了公司产品与人才的全球竞争力，更为海外业务的规模化拓展奠定了坚实基础。 4,candidate_requires_manual_selection
300348.SZ,长亮科技,total_assets,11,资产总额,"2025|669|2024|8|4|2027|12|31|2025|2024|2023|1,957,934,999|09|1,736,421,794|40|12.76|1,917,862,625|17|20,596,720|59|18,585,986|78|10.82|32,146,344|61","深圳市长亮科技股份有限公司2025年年度报告全文 公司聘请的报告期内履行持续督导职责的保荐机构 适用 □不适用 保荐机构名称 保荐机构办公地址 保荐代表人姓名 持续督导期间 上海市新闸路669号博华广 2024年8月4日至2027年 国泰海通证券股份有限公司 余冬、薛阳 场 12月31日 公司聘请的报告期内履行持续督导职责的财务顾问 □适用 不适用 五、主要会计数据和财务指标 公司是否需追溯调整或重述以前年度会计数据 □是 否 2025年 2024年 本年比上年增减 2023年 营业收入（元） 1,957,934,999.09 1,736,421,794.40 12.76% 1,917,862,625.17 归属于上市公司股东 20,596,720.59 18,585,986.78 10.82% 32,146,344.61 的净利润（元） 归属于上市公司股东 的扣除非经常性损益 15,120,729.32 14,175,479.80 6.67% 25,736,587.95 的净利润（元） 经营活动产生的现金 147,982,356.92 120,235,160.91 23.08% 105,700,561.47 流量净额（元） 基本每股收益（元/ 0.0254 0.0243 4.53% 0.0446 股） 稀释每股收益（元/ 0.0254 0.0244 4.10% 0.0444 股） 加权平均净资产收益 0.97% 1.00% -0.03% 2.10% 率 2025年末 2024年末 本年末比上年末增减 2023年末 资产总额（元） 2,951,093,993.73 2,884,860,960.82 2.30% 2,506,063,390.91 归属于上市公司股东 2,148,273,969.95 2,117,035,571.46 1.48% 1,581,599,839.12 的净资产（元） 公司最近三个会计年度扣除非经常性损益前后净利润孰低者均为负值，且最近一年审计报告显示公司持续经营能力存在 不确定性 □是 否 公司报告期内经审计利润总额、净利润、扣除非经常性损益后的净利润三者孰低为负值 □是 否 公司报告期末至年度报告披露日股本是否因发行新股、增发、配股、股权激励行权、回购等原因发生变化且影响所有者 权益金额 是 □否 支付的优先股股利 0.00 支",candidate_requires_manual_selection
300348.SZ,长亮科技,revenue,11,营业收入,"2025|669|2024|8|4|2027|12|31|2025|2024|2023|1,957,934,999|09|1,736,421,794|40|12.76|1,917,862,625|17|20,596,720|59|18,585,986|78|10.82|32,146,344|61","深圳市长亮科技股份有限公司2025年年度报告全文 公司聘请的报告期内履行持续督导职责的保荐机构 适用 □不适用 保荐机构名称 保荐机构办公地址 保荐代表人姓名 持续督导期间 上海市新闸路669号博华广 2024年8月4日至2027年 国泰海通证券股份有限公司 余冬、薛阳 场 12月31日 公司聘请的报告期内履行持续督导职责的财务顾问 □适用 不适用 五、主要会计数据和财务指标 公司是否需追溯调整或重述以前年度会计数据 □是 否 2025年 2024年 本年比上年增减 2023年 营业收入（元） 1,957,934,999.09 1,736,421,794.40 12.76% 1,917,862,625.17 归属于上市公司股东 20,596,720.59 18,585,986.78 10.82% 32,146,344.61 的净利润（元） 归属于上市公司股东 的扣除非经常性损益 15,120,729.32 14,175,479.80 6.67% 25,736,587.95 的净利润（元） 经营活动产生的现金 147,982,356.92 120,235,160.91 23.08% 105,700,561.47 流量净额（元） 基本每股收益（元/ 0.0254 0.0243 4.53% 0.0446 股） 稀释每股收益（元/ 0.0254 0.0244 4.10% 0.0444 股） 加权平均净资产收益 0.97% 1.00% -0.03% 2.10% 率 2025年末 2024年末 本年末比上年末增减 2023年末 资产总额（元） 2,951,093,993.73 2,884,860,960.82 2.30% 2,506,063,390.91 归属于上市公司股东 2,148,273,969.95 2,117,035,571.46 1.48% 1,581,599,839.12 的净资产（元） 公司最近三个会计年度扣除非经常性损益前后净利润孰低者均为负值，且最近一年审计报告显示公司持续经营能力存在 不确定性 □是 否 公司报告期内经审计利润总额、净利润、扣除非经常性损益后的净利润三者孰低为负值 □是 否 公司报告期末至年度报告披露日股本是否因发行新股、增发、配股、股权激励行权、回购等原因发生变化且影响所有者 权益金额 是 □否 支付的优先股股利 0.00 支",candidate_requires_manual_selection
300348.SZ,长亮科技,revenue,12,营业收入,"2025|297,434,589|18|367,065,267|10|424,636,715|19|868,798,427|62|2,588,389|59|16,520,128|15|7,714,660|24|31,990,578|09|4,728,657|53|17,586,929|77|6,985,426|85|30,450,889|77","深圳市长亮科技股份有限公司2025年年度报告全文 六、分季度主要财务指标 单位：元 第一季度 第二季度 第三季度 第四季度 营业收入 297,434,589.18 367,065,267.10 424,636,715.19 868,798,427.62 归属于上市公司股东 -2,588,389.59 -16,520,128.15 7,714,660.24 31,990,578.09 的净利润 归属于上市公司股东 的扣除非经常性损益 -4,728,657.53 -17,586,929.77 6,985,426.85 30,450,889.77 的净利润 经营活动产生的现金 -231,110,129.23 -137,145,360.02 -26,866,716.51 543,104,562.68 流量净额 上述财务指标或其加总数是否与公司已披露季度报告、半年度报告相关财务指标存在重大差异 □是 否 七、境内外会计准则下会计数据差异 1、同时按照国际会计准则与按照中国会计准则披露的财务报告中净利润和净资产差异情况 □适用 不适用 公司报告期不存在按照国际会计准则与按照中国会计准则披露的财务报告中净利润和净资产差异情况。 2、同时按照境外会计准则与按照中国会计准则披露的财务报告中净利润和净资产差异情况 □适用 不适用 公司报告期不存在按照境外会计准则与按照中国会计准则披露的财务报告中净利润和净资产差异情况。 八、非经常性损益项目及金额 适用 □不适用 单位：元 项目 2025年金额 2024年金额 2023年金额 说明 非流动性资产处置损 益（包括已计提资产 -42,122.17 -23,559.46 -26,935.22 减值准备的冲销部 分） 计入当期损益的政府 补助（与公司正常经 营业务密切相关，符 合国家政策规定、按 6,236,875.15 5,990,713.05 9,209,398.97 照确定的标准享有、 对公司损益产生持续 影响的政府补助除 外） 单独进行减值测试的 应收款项减值准备转 446,000.00 350,501.70 回 12",candidate_requires_manual_selection
300348.SZ,长亮科技,revenue,14,营业收入,"2025|8,000|800|1|100|2|14","深圳市长亮科技股份有限公司2025年年度报告全文 第三节 管理层讨论与分析 一、报告期内公司从事的主要业务 公司作为全球领先的金融科技解决方案服务商，依托自主研发的核心技术体系，深度融合大数据、人工智能、分布式 技术等前沿技术，专注为客户提供覆盖数字金融、智慧金融、智慧财务等领域的全栈解决方案，凭借技术壁垒与场景化 落地能力，助力客户实现高质量数智化升级。截至报告期末，公司已在全球设立数十家分支机构，员工规模近 8,000 人， 已为全球800余家客户提供专业服务。 公司开展业务主要通过招投标以及协议销售等方式进行。公司主营业务没有明显的周期性，但受金融机构在预算、立 项、招标、采购、项目上线以及验收等一系列流程管控时间节点的影响，营业收入会呈现出季节性波动的特点。 公司产品主要分为数字金融业务解决方案、大数据应用系统解决方案以及全财务价值链业务管理解决方案三大类。此 外，公司还有专门的海外业务相关产品与解决方案，具体情况如下： 1、数字金融业务解决方案 数字金融业务解决方案主要包括银行核心业务类、信贷及互联网金融产品类、信用卡业务类、渠道业务类、业务中台 类、分布式技术平台类等多组合全栈解决方案。 公司长期占据金融核心业务竞争高地，已成功实现近百个银行核心系统项目落地案例。报告期内，公司数字金融业务 条线累计中标100余个，实施产品覆盖银行核心系统、信贷系统、信用卡系统、渠道类系统及财金类系统等多元领域， 服务对象广泛覆盖国有大型银行、全国性股份制银行、城市商业银行、农村信用社、农村商业银行及集团财务公司等各 类金融机构。 公司在银行核心系统领域持续保持市场领军地位。公司的核心业务系统基于企业级微服务架构框架与企业级应用开发 平台精心打造，深度融合“微服务+单元化”的先进分布式设计理念，融入“中心化”思维，构建了全新的核心业务处理 模式。系统实现了业务服务的极致灵活组合与高效拆分，通过可落地的建模方法对金融业务流程进行深度优化与重构， 推动技术与业务相互促进，全面支撑银行金融产品的快速迭代与创新，同时确保单元化部署的灵活性与快速扩容能力， 契合大数据时代对海量数据处理与高速交易响应的严苛要求。依托公司在银行核心金融系统领域长期积累的行业经验与 深厚底蕴，核心业务系统能够精准把握银行未来业务发展的爆发性增长需求，通过无限动态扩容策略保障系统持续稳定 运行。系统在开发",candidate_requires_manual_selection
300348.SZ,长亮科技,revenue,21,营业收入,"2025|3|1|2|3|4|1|2025|7.84|1|2|733|3|2025|12|31|558|12|10|2025|12|3|6|70|5,000","深圳市长亮科技股份有限公司2025年年度报告全文 3、构建数据价值化服务体系，拓展新的盈利增长点 （1）技术底座：持续迭代的DataMind数智大脑平台，构建安全合规的数据流通+AI服务的基础设施。 （2）场景挖掘：聚焦供应链金融、产业协同等高价值场景，提供数据融合解决方案。 （3）服务创新：探索数据资产IPO咨询、数据产品运营等新型服务模式。 4、加大研发投入，保持技术领先优势 （1）投入强度：2025年研发投入占营业收入比例达7.84%，较上年提升近1个百分点。 （2）人才建设：研发团队规模扩大至733人，其中包括人工智能、大数据等前沿技术人才。 （3）成果转化：截至2025年12月31日，公司软件著作权累计达558项，已申请并获得12项专利（其中发明专利 10项）。 三、核心竞争力分析 作为国内金融科技领域的领先企业，公司在国内信创核心产品覆盖、信创产品落地、人工智能场景应用、全球化拓展 以及生态共建等方面均有核心竞争能力，具体如下： （一）信创领域全栈解决方案的绝对领先优势 截至2025年12月底，公司已与3家政策性银行、6家国有大型商业银行以及全部的全国性股份制银行展开了合作； 公司与70家资产规模达5,000亿以上的城商行及农商行中的66家展开了合作，对所有资产规模达5,000亿以上的客户 的覆盖率已超过95%。截至目前，公司已成功构建近百个银行核心落地案例，覆盖国有银行、股份制银行、城商行、农 商行等全类型银行客户，能够提供专业、专属的解决方案定制化设计支持。 在核心系统建设方面，公司持续巩固国内领先优势。报告期内，公司成功助力八家银行上线新一代分布式核心系统， 包括一家全国性股份制银行、一家头部城市商业银行、两家省级城市商业银行、一家民营银行，以及三家资产规模超 5,000亿元的城市商业银行或农村商业银行。上述项目在重点银行客户中的高标准交付与高度认可，充分印证了公司核 心产品的强大市场竞争力。进入2025年，公司市场拓展势头强劲，陆续中标某头部省级农商联合银行、两家全国性股份 制银行及某资产规模位列前十的城商行新一代核心业务系统项目；年底前更接连斩获某5,000亿级城商行新一代核心系 统群下的“核心业务系统”与“总账系统”两大项目，以及某省级农信机构新核心业务系统建设项目，进一步夯实了公 司在核心系统领域的龙头地位。 在数据智能领域，公司技术创新成",candidate_requires_manual_selection
300348.SZ,长亮科技,revenue,23,营业收入,"2025|90|1|195,793|50|12.76|146,568|79|25.56|2,059|67|10.82|1|2023|2|2025|2024|6,828|16|87.09|1|3|22.44|2,580|52","深圳市长亮科技股份有限公司2025年年度报告全文 （四）技术人才梯队与生态协同的持续创新能力 公司始终将人才视为驱动技术创新与高质量发展的核心资产，通过构建“高密度技术团队+股权激励+分层考核体系” 的长效激励机制，能够有效保留优秀人才并提升团队稳定性。目前，公司技术人员占比超过90%，并吸纳了来自马来西 亚、新加坡等国的国际化技术骨干，组建了一支具备全球视野的复合型创新团队。在此基础上，公司通过建立严谨的干 部培训与任免考核制度，显著提升团队稳定性，结合常态化开展的前沿技术培训与管理沙龙，不断提升员工的专业素养 与管理效能，为公司的持续技术突破与业务创新注入了强劲的内生动力。 四、主营业务分析 1、概述 报告期内，公司持续开展各项主营业务，实现营业收入195,793.50万元，同比增长约12.76%；营业成本146,568.79 万元，同比增长约25.56%；归属于上市公司股东的净利润为2,059.67万元，同比上升约10.82%。 报告期内导致公司实现归属于上市公司股东的净利润同比变化的主要原因为： 1、公司自2023年以来中标的多个大型项目陆续实施完成，并上线验收，营业收入规模增长带来一定的净利润增长。 2、公司2025年度计提的资产减值准备较2024年度减少6,828.16万元，同比下降约87.09%，主要原因为公司收回 个别大客户1年以上账龄的回款，对公司应收账款坏账准备的计提起到积极改善作用。 3、报告期内公司的销售费用增幅达到22.44%，增长2,580.52万元，对公司净利润产生了消极影响。销售费用增长 的主要原因是公司加强市场开拓以及支持战略性项目的售前等带来的人力成本投入所致。 报告期内，公司收入同比增长12.76%，营业成本同比增长约25.56%，毛利率25.14%，同比下降7.64%，公司的毛利 率水平与上年相比降幅较大，具体原因如下： 1、基于谨慎性原则，公司对于毛利率较高的软件许可相关业务的收入确认采取更加严格的标准，相关收入确认时点 推后，进而影响了当期整体业务毛利率水平。 2、为了快速扩展海外新市场，基于树标杆、立精品、拓业务的原则，公司加大了相关成本投入导致部分海外项目毛 利率降低。此种情况后续将随着产品成熟逐渐改善。 3、国内市场竞争以及客户预算趋紧、大型项目上线非正常延期等原因，导致当期确认收入的合同金额降低而成本投 入增加，影",candidate_requires_manual_selection
300348.SZ,长亮科技,net_profit_attributable,23,归属于上市公司股东的净利润,"2025|90|1|195,793|50|12.76|146,568|79|25.56|2,059|67|10.82|1|2023|2|2025|2024|6,828|16|87.09|1|3|22.44|2,580|52","深圳市长亮科技股份有限公司2025年年度报告全文 （四）技术人才梯队与生态协同的持续创新能力 公司始终将人才视为驱动技术创新与高质量发展的核心资产，通过构建“高密度技术团队+股权激励+分层考核体系” 的长效激励机制，能够有效保留优秀人才并提升团队稳定性。目前，公司技术人员占比超过90%，并吸纳了来自马来西 亚、新加坡等国的国际化技术骨干，组建了一支具备全球视野的复合型创新团队。在此基础上，公司通过建立严谨的干 部培训与任免考核制度，显著提升团队稳定性，结合常态化开展的前沿技术培训与管理沙龙，不断提升员工的专业素养 与管理效能，为公司的持续技术突破与业务创新注入了强劲的内生动力。 四、主营业务分析 1、概述 报告期内，公司持续开展各项主营业务，实现营业收入195,793.50万元，同比增长约12.76%；营业成本146,568.79 万元，同比增长约25.56%；归属于上市公司股东的净利润为2,059.67万元，同比上升约10.82%。 报告期内导致公司实现归属于上市公司股东的净利润同比变化的主要原因为： 1、公司自2023年以来中标的多个大型项目陆续实施完成，并上线验收，营业收入规模增长带来一定的净利润增长。 2、公司2025年度计提的资产减值准备较2024年度减少6,828.16万元，同比下降约87.09%，主要原因为公司收回 个别大客户1年以上账龄的回款，对公司应收账款坏账准备的计提起到积极改善作用。 3、报告期内公司的销售费用增幅达到22.44%，增长2,580.52万元，对公司净利润产生了消极影响。销售费用增长 的主要原因是公司加强市场开拓以及支持战略性项目的售前等带来的人力成本投入所致。 报告期内，公司收入同比增长12.76%，营业成本同比增长约25.56%，毛利率25.14%，同比下降7.64%，公司的毛利 率水平与上年相比降幅较大，具体原因如下： 1、基于谨慎性原则，公司对于毛利率较高的软件许可相关业务的收入确认采取更加严格的标准，相关收入确认时点 推后，进而影响了当期整体业务毛利率水平。 2、为了快速扩展海外新市场，基于树标杆、立精品、拓业务的原则，公司加大了相关成本投入导致部分海外项目毛 利率降低。此种情况后续将随着产品成熟逐渐改善。 3、国内市场竞争以及客户预算趋紧、大型项目上线非正常延期等原因，导致当期确认收入的合同金额降低而成本投 入增加，影",candidate_requires_manual_selection
300348.SZ,长亮科技,revenue,24,营业收入,"2025|2025|2024|1,957,934,999|0|1,736,421,794|4|100|100|12.76|9|0|1,824,085,034|5|1,489,252,505|1|93.16|85.77|22.48|5|4|56,133,612|98|2.87|165,032,397","深圳市长亮科技股份有限公司2025年年度报告全文 2025年 2024年 同比增减 金额 占营业收入比重 金额 占营业收入比重 1,957,934,999.0 1,736,421,794.4 营业收入合计 100% 100% 12.76% 9 0 分行业 1,824,085,034.5 1,489,252,505.1 软件开发业务 93.16% 85.77% 22.48% 5 4 系统集成业务 56,133,612.98 2.87% 165,032,397.32 9.50% -65.99% 维护服务业务 77,020,228.48 3.93% 81,806,616.72 4.71% -5.85% 其他业务 696,123.08 0.04% 330,275.22 0.02% 110.77% 分产品 数字金融业务解 1,291,346,535.2 1,042,820,024.5 65.95% 60.06% 23.83% 决方案 5 2 大数据应用系统 537,352,247.24 27.44% 574,309,469.97 33.07% -6.44% 解决方案 全财务价值链业 128,540,093.52 6.57% 118,962,024.69 6.85% 8.05% 务管理解决方案 其他业务 696,123.08 0.04% 330,275.22 0.02% 110.77% 分地区 1,851,580,693.4 1,607,429,174.6 境内 94.57% 92.57% 15.19% 9 5 境外 106,354,305.60 5.43% 128,992,619.75 7.43% -17.55% 分销售模式 1,957,934,999.0 1,736,421,794.4 直接销售 100.00% 100.00% 12.76% 9 0 公司需遵守《深圳证券交易所上市公司自律监管指引第3号——行业信息披露》中的“软件与信息技术服务业”的披露 要求 单位：元 2025年度 2024年度 第一季度 第二季度 第三季度 第四季度 第一季度 第二季度 第三季度 第四季度 297,434,5 367,065,2 424,636,7 868,798,4 288,656,8 415,586,6 331,175,2 701,003,0 营业收入 89.18 67.10 15.1",candidate_requires_manual_selection
300348.SZ,长亮科技,revenue,28,营业收入,"2025|5|50,875,416|86|2.60|437,367,089|24|22.35|28,119,250|76|36.30|0.00|5|1|8,997,641|51|11.62|2|5,493,566|04|7.09|3|5,051,886|79|6.52","深圳市长亮科技股份有限公司2025年年度报告全文 5 第五名 50,875,416.86 2.60% 合计 -- 437,367,089.24 22.35% 主要客户其他情况说明 □适用 不适用 公司主要供应商情况 前五名供应商合计采购金额（元） 28,119,250.76 前五名供应商合计采购金额占年度采购总额比例 36.30% 前五名供应商采购额中关联方采购额占年度采购总额比例 0.00% 公司前5名供应商资料 序号 供应商名称 采购额（元） 占年度采购总额比例 1 第一名 8,997,641.51 11.62% 2 第二名 5,493,566.04 7.09% 3 第三名 5,051,886.79 6.52% 4 第四名 4,446,801.91 5.74% 5 第五名 4,129,354.51 5.33% 合计 -- 28,119,250.76 36.30% 主要供应商其他情况说明 □适用 不适用 报告期内公司贸易业务收入占营业收入比例超过10% □适用 不适用 3、费用 单位：元 2025年 2024年 同比增减 重大变动说明 销售费用 140,799,132.47 114,993,856.69 22.44% 管理费用 210,212,195.46 231,112,730.88 -9.04% 主要是利息支出减少 财务费用 505,288.66 1,030,511.26 -50.97% 及汇兑损益变化 研发费用 98,569,732.92 108,826,665.39 -9.43% 4、研发投入 适用 □不适用 预计对公司未来发展 主要研发项目名称 项目目的 项目进展 拟达到的目标 的影响 为满足跨国企业经营 管理，考虑在此细分 实现以业务流程的驱 提升公司内部项目管 长亮科技企业协同办 市场的企业级支撑平 已完成 动方式来处理所有的 理和商务管理，提高 公管理平台-运营管理 台系统进行研发，来 业务需求。 运营效率。 补充公司在此细分市 场的缺失。 通过大模型技术的应 1.提升项目效率：通 推动公司数字化能力 云原生数字生产力平 用，打造一款高效、 过自动化的代码生 的全面升级，在开发 台建设项目-大模型 实施中 智能的开发辅助平 成、注释优化和测试 效率提升、知识资产 V1.0研发 台，全面解决金融科 用例生成，减少人工 标准化和项目交付优 28",candidate_requires_manual_selection
300348.SZ,长亮科技,revenue,32,营业收入,"2025|2025|2024|2023|153,481,665|11|120,991,406|98|132,432,998|83|7.84|6.97|6.91|95,120,633|86|57,924,757|36|53,309,015|26|61.98|47.88|40.25|461.82|311.66|165.83","深圳市长亮科技股份有限公司2025年年度报告全文 近三年公司研发投入金额及占营业收入的比例 2025年 2024年 2023年 研发投入金额（元） 153,481,665.11 120,991,406.98 132,432,998.83 研发投入占营业收入比例 7.84% 6.97% 6.91% 研发支出资本化的金额 95,120,633.86 57,924,757.36 53,309,015.26 （元） 资本化研发支出占研发投入 61.98% 47.88% 40.25% 的比例 资本化研发支出占当期净利 461.82% 311.66% 165.83% 润的比重 公司研发人员构成发生重大变化的原因及影响 □适用 不适用 研发投入总额占营业收入的比重较上年发生显著变化的原因 □适用 不适用 研发投入资本化率大幅变动的原因及其合理性说明 □适用 不适用 公司需遵守《深圳证券交易所上市公司自律监管指引第3号——行业信息披露》中的“软件与信息技术服务业”的披露 要求 单位：元 项目名称 研发资本化金额 相关项目的基本情况 实施进度 全新按照市场业务需求和市 场定位来进行开发的新系 统，目前在市面上虽然有很 多传统ERP软件以及云平台 系统能部分满足此类业务需 求，但是需要将不同外部系 长亮科技企业协同办公管理 统和云平台服务进行系统集 9,906,464.64 已完成 平台-运营管理 成，也会带来巨大的系统集 成的工作和极高的难度；有 鉴于此，公司考虑在充分考 虑市场需求和业务需求、以 及系统需求的前提下，决定 进行自研开发项目管理和商 务管理模块。 随着大模型（LLM， LargeLanguageModels）技 术的发展，国内外在AI应 用领域的竞争日趋激烈。大 模型的应用在金融科技、数 云原生数字生产力平台建设 11,152,466.26 据开发平台、项目交付等场 实施中 项目-大模型V1.0研发 景中被认为是提升效率和降 低成本的重要突破口。2025 年大模型项目投入重点在代 码解读、翻译、智能问数等 能力。 APStack平台2025年完成 云原生数字生产力平台建设 了基础版本的性能提升，功 项目-APStack平台V2.0研 11,198,986.76 能增强，满足了项目交付时 实施中 发 对技术平台和生产能力的要 求，同时进行了新版本迭 32",candidate_requires_manual_selection
300348.SZ,长亮科技,revenue,38,营业收入,"2025|2|1|2|10|61,000|00|216,204|8|215,511|3|1,889,666|6,973,205|7,171,993|0.00|99.49|22.06|65|93|27|38","深圳市长亮科技股份有限公司2025年年度报告全文 公司报告期不存在证券投资。 （2） 衍生品投资情况 □适用 不适用 公司报告期不存在衍生品投资。 八、重大资产和股权出售 1、出售重大资产情况 □适用 不适用 公司报告期未出售重大资产。 2、出售重大股权情况 □适用 不适用 九、主要控股参股公司分析 适用 □不适用 主要子公司及对公司净利润影响达10%以上的参股公司情况 单位：元 公司名称 公司类型 主要业务 注册资本 总资产 净资产 营业收入 营业利润 净利润 通用软 件、应用 软件、嵌 入式软件 的开发； 数据库管 理服务； 基于网络 的软件服 务平台、 软件的开 发；信息 深圳市长 系统集成 - - 亮数据技 及相关技 61,000,00 216,204,8 215,511,3 1,889,666 子公司 6,973,205 7,171,993 术有限公 术信息咨 0.00 99.49 22.06 .65 .93 .27 司 询；计算 机软、硬 件的销 售；以承 接服务外 包方式提 供系统应 用管理和 维护、信 息技术支 持管理、 数据处理 管理技术 38",candidate_requires_manual_selection
300348.SZ,长亮科技,revenue,39,营业收入,"2025|50,000|00|50,344|51|48,706|52|1,928,087|1,781,087|2,084,923|0.00|3.65|8.92|17|73|49|119,314|6|306,722|4|6,408,769|99,746|41|44,062|79","深圳市长亮科技股份有限公司2025年年度报告全文 和业务流 程外包服 务；从事 技术进出 口业务经 营。 通用软 件、行业 应用软 件、嵌入 式软件的 开发与应 用；数据 挖掘、数 深圳市长 据分析与 - - 亮金融系 数据服 50,000,00 50,344,51 48,706,52 1,928,087 子公司 1,781,087 2,084,923 统服务有 务；基于 0.00 3.65 8.92 .17 .73 .49 限公司 网络的软 件服务平 台、软件 开发和测 试服务、 信息系统 集成、咨 询等服 务。 信息系统 长亮控股 - - 设计、集 119,314,6 306,722,4 6,408,769 99,746,41 （香港） 子公司 44,062,79 49,764,67 成、运行 08.73 82.33 .79 4.47 有限公司 1.89 1.76 维护 报告期内取得和处置子公司的情况 适用 □不适用 公司名称 报告期内取得和处置子公司方式 对整体生产经营和业绩的影响 深圳市长亮智能科技有限公司 非同一控制下企业合并 报告期产生-112万元净利润 Sunline Intelligent Digital 出资设立 报告期产生215万元净利润 Technology Pte. Ltd. 主要控股参股公司情况说明 1、深圳市长亮数据技术有限公司2025年实现营业收入188.97万元，同比减少98.78%，实现净利润为-717.20万元，同 比增加50.31%；报告期公司进一步进行了内部技术与业务条线整合，子公司人员规模发生变化，造成子公司单体报表数 据变化； 2、深圳市长亮金融系统服务有限公司2025年实现营业收入192.81万元，同比减少97.52%，实现净利润为-208.49万元， 同比增加29.48%；报告期内，公司进行了内部技术与业务条线整合，子公司人员规模与结构发生变化，造成子公司单体 报表数据变化； 3、长亮控股（香港）有限公司2025年实现营业收入9,974.64万元，同比增加13.02%，实现净利润为-4,976.47万元， 同比减少959.25%；报告期香港控股公司由于部分合同未到验收和确认收入时点，收入和净利润有一定幅度下降。 十、公司控制的结构化主体情况 □适用 不适用 39",candidate_requires_manual_selection
300348.SZ,长亮科技,revenue,42,营业收入,"2025|2025|10|20|1|2|3|75,829|70|8.91|42",深圳市长亮科技股份有限公司2025年年度报告全文 面对收入结构尚待优化、整体毛利率滑至历史低位、海外产品交付效率与质量亟需提升等挑战，公司将实施精细化管 理，系统性提升运营效能，实现从粗放增长向效率驱动的高质量发展转型。公司将全面推进降本增效：优化项目管理流 程，推动实施标准化与模块化；建立精细化成本管控体系；加强AI时代复合型人才培养，全面提升组织效率与毛利率水 平。 2025年，尽管大型项目收入确认周期拉长、市场竞争加剧、海外市场阻力重重，我们仍实现了营业收入同比增长超 10%，经营性现金流净额增长逾20%，这为精细化管理的实施奠定了良好基础。在财务基本面持续向好的同时，我们将进 一步优化收入结构，减少业绩周期性波动，提升整体盈利质量。通过精细化运营管理，系统性提升项目交付效率和质量， 改善客户满意度。同时，加强人才队伍建设，培养适应AI时代需求的复合型人才，构建高效协同的组织体系。 （三）风险 1、市场竞争风险 随着国家信创政策的加速落地以及人工智能技术取得关键性突破，商业银行的业务流程、风控模式和客户体验正在重 塑，传统金融科技厂商正在加速技术迭代、致力于提高技术壁垒和强化市场竞争力，同时，随着“数据二十条”落地， 金融机构更注重数据资产入表和数据隐私计算技术的应用，以实现数据合规流通。此外，国有大型商业银行倾向于全栈 信创改造、中小型金融机构更关注模块化的国产替代方案，东南亚等海外客户对核心银行系统、风控中台和数字信贷全 套解决方案的需求增多，客户的需求分层加剧、要求金融科技厂商能够具备差异化服务的能力。 公司在金融科技领域深耕多年，积累了各类型的金融机构客户和丰富的市场案例，在产品研发上持续开放合作，并在 AI与数智化结合上坚持投入，为应对激烈的市场竞争做好了充分的准备。 2、产品研发风险 公司一直重视对产品研发的投入和先进技术的储备。作为信创领域具有硬核实力的标志性厂商，公司不断对金融科技 服务和产品进行升级，以满足客户的快速迭代需求。但金融信创技术迭代呈现出技术复杂度高且迭代速度快的特征，同 时产品研发本身有一定的不确定性因素，可能导致产品研发存在无法达到预期效果或按期完成的风险。 公司管理层一直保持着对行业发展趋势的敏锐感知，紧跟“决策智能化”与“数据资产化”等趋势，以确保公司始终 处于行业发展的前沿。公司不断优化和升级管理流程，采取了降低成本、提,candidate_requires_manual_selection
300348.SZ,长亮科技,net_profit_attributable,64,归属于上市公司股东的净利润,"2025|2024|2025|035|2024|2025|049|2025|050|2|3|1|2|3|1|2|3|310.32|1,749|36|17.74|2022|2023|2024|233.19","深圳市长亮科技股份有限公司2025年年度报告全文 （www.cninfo.com.cn）的《关于2024年股票期权与限制性股票激励计划回购注销部分限制性股票及注销部分股票期权 的公告》（公告编号：2025-035）、《关于2024年股票期权与限制性股票激励计划部分股票期权注销完成的公告》（公 告编号：2025-049）及《关于部分限制性股票回购注销完成的公告》（公告编号：2025-050）。 董事、高级管理人员获得的股权激励 □适用 不适用 高级管理人员的考评机制及激励情况 公司制定了《长亮科技高级管理人员绩效管理方案》，每年度会根据当年公司战略及组织级考核方向进行调整、优化 及更新，根据高级管理人员的职位和职责确定考核指标，并按季度/年度开展考核，考核结果将直接应用于个人绩效等级 确认及奖金核算等，以确保高级管理人员有效履行职责。 2、员工持股计划的实施情况 □适用 不适用 3、其他员工激励措施 适用 □不适用 （一）公司根据岗位重要性制定短中长期三种激励措施： 1、短期激励，针对绩优员工和关键人才，综合考虑工作表现，在季度或年度进行绩效评估，并将评估结果用于薪酬 调整、奖金发放和职级晋升等方面。此外，针对关键人群，规划了激励策略，应用于奖金分配等，以激发员工的积极性。 2、年度评优，对年度作出贡献的员工进行精神和物质上的双重激励，对公司的优秀员工和团队进行表彰和激励，以 增强员工的成就感。 3、中长期激励，对关键人员进行股权激励，如限制性股票或期权，以增强员工的归属感。 （二）培训及文化激励： 1、通过公司的企业文化学习和相关团体活动，增强员工的归属感和文化认同。 2、针对关键人群组织有针对性的培训，以满足员工自我提升的需求。 公司需遵守《深圳证券交易所上市公司自律监管指引第3号——行业信息披露》中的“软件与信息技术服务业”的披露 要求 报告期内，公司股权激励计划产生的费用合计-310.32万元，剔除股权激励费用影响后归属于上市公司股东的净利润 1,749.36万元，股权激励费用占剔除股权激励费用后归属于上市公司股东的净利润的-17.74%。其中，核心技术人员 （此处指的是2022、2023及2024年限制性股票与股票期权激励计划激励对象中的技术类员工）股权激励费用为-233.19 万元，占报告期内股权激励费用的75.15%。 十三、报告期内的内部控制制度",candidate_requires_manual_selection
300348.SZ,长亮科技,total_assets,65,资产总额,2025|2|1|2026|04|15|100.00|100.00|1|1|2|2|3|3|65,深圳市长亮科技股份有限公司2025年年度报告全文 公司的经营管理合法合规、资产安全、财务报告及相关信息的真实完整性，同时提高了经营效率和效果，助力公司实现 发展战略。通过对内部控制体系的运行分析与评价，公司有效地预防了经营管理中的各种风险，推动了内部控制目标的 实现。 2、报告期内发现的内部控制重大缺陷的具体情况 □是 否 十四、公司报告期内对子公司的管理控制情况 整合中遇到的 已采取的解决 公司名称 整合计划 整合进展 解决进展 后续解决计划 问题 措施 无 无 无 无 无 无 无 对子公司的管理控制存在异常 □是 否 十五、内部控制评价报告及内部控制审计报告 1、内控评价报告 内部控制评价报告全文披露日期 2026年04月15日 内部控制评价报告全文披露索引 www.cninfo.com.cn 纳入评价范围单位资产总额占公司合 100.00% 并财务报表资产总额的比例 纳入评价范围单位营业收入占公司合 100.00% 并财务报表营业收入的比例 缺陷认定标准 类别 财务报告 非财务报告 （1）重大缺陷 （1）重大缺陷 ①董事和高级管理人员舞弊，并对公 ①公司缺乏民主决策程序； 司造成重大损失和不利影响； ②公司重要业务缺乏制度控制或制度 ②对已经公告的财务报告出现的重大 体系失效； 差错进行错报更正（由于政策变化或 ③公司内部控制重大缺陷未得到整 其他客观因素变化导致的对以前年度 改； 的追溯调整除外）； ④公司经营活动严重违反国家法律法 ③审计委员会和内部审计部对公司对 规； 外财务报告内部控制监督无效； ⑤公司中高级管理人员或高级技术人 ④注册会计师发现的、未被公司对财 员流失严重。 务报告的内部控制识别的当期财务报 （2）重要缺陷 定性标准 告的重大错报。 ①公司组织架构、民主决策程序不完 （2）重要缺陷 善； ①未依照公认会计准则选择和应用会 ②公司重要业务制度或系统存在缺 计政策； 陷； ②未建立反舞弊程序和控制措施； ③公司内部控制重要或一般缺陷未得 ③对于非常规或特殊交易的账务处理 到整改； 没有建立相应的控制机制或没有实施 ④公司违反企业内部规章，形成损 且没有相应的补偿性控制； 失； ④对于期末财务报告过程的控制存在 ⑤公司关键岗位业务人员流失严重。 一项或多项缺陷且不能合理保证编制 （3）一般缺陷 的财务报表达到真实、准确的目标。 除上述重,candidate_requires_manual_selection
300348.SZ,长亮科技,revenue,65,营业收入,2025|2|1|2026|04|15|100.00|100.00|1|1|2|2|3|3|65,深圳市长亮科技股份有限公司2025年年度报告全文 公司的经营管理合法合规、资产安全、财务报告及相关信息的真实完整性，同时提高了经营效率和效果，助力公司实现 发展战略。通过对内部控制体系的运行分析与评价，公司有效地预防了经营管理中的各种风险，推动了内部控制目标的 实现。 2、报告期内发现的内部控制重大缺陷的具体情况 □是 否 十四、公司报告期内对子公司的管理控制情况 整合中遇到的 已采取的解决 公司名称 整合计划 整合进展 解决进展 后续解决计划 问题 措施 无 无 无 无 无 无 无 对子公司的管理控制存在异常 □是 否 十五、内部控制评价报告及内部控制审计报告 1、内控评价报告 内部控制评价报告全文披露日期 2026年04月15日 内部控制评价报告全文披露索引 www.cninfo.com.cn 纳入评价范围单位资产总额占公司合 100.00% 并财务报表资产总额的比例 纳入评价范围单位营业收入占公司合 100.00% 并财务报表营业收入的比例 缺陷认定标准 类别 财务报告 非财务报告 （1）重大缺陷 （1）重大缺陷 ①董事和高级管理人员舞弊，并对公 ①公司缺乏民主决策程序； 司造成重大损失和不利影响； ②公司重要业务缺乏制度控制或制度 ②对已经公告的财务报告出现的重大 体系失效； 差错进行错报更正（由于政策变化或 ③公司内部控制重大缺陷未得到整 其他客观因素变化导致的对以前年度 改； 的追溯调整除外）； ④公司经营活动严重违反国家法律法 ③审计委员会和内部审计部对公司对 规； 外财务报告内部控制监督无效； ⑤公司中高级管理人员或高级技术人 ④注册会计师发现的、未被公司对财 员流失严重。 务报告的内部控制识别的当期财务报 （2）重要缺陷 定性标准 告的重大错报。 ①公司组织架构、民主决策程序不完 （2）重要缺陷 善； ①未依照公认会计准则选择和应用会 ②公司重要业务制度或系统存在缺 计政策； 陷； ②未建立反舞弊程序和控制措施； ③公司内部控制重要或一般缺陷未得 ③对于非常规或特殊交易的账务处理 到整改； 没有建立相应的控制机制或没有实施 ④公司违反企业内部规章，形成损 且没有相应的补偿性控制； 失； ④对于期末财务报告过程的控制存在 ⑤公司关键岗位业务人员流失严重。 一项或多项缺陷且不能合理保证编制 （3）一般缺陷 的财务报表达到真实、准确的目标。 除上述重,candidate_requires_manual_selection
300348.SZ,长亮科技,revenue,106,营业收入,2025|2025|18.24|2|1|2|3|4|5|6|7|13|5|1|2025|12|31|8.07|0.48|13|106,深圳市长亮科技股份有限公司2025年年度报告全文 长亮科技公司主要从事软件产品的销售与服务。于2025年度，软件开发业务确认的主营业务收入为人民币18.24 亿元。长亮科技公司软件开发包括定制化软件开发及基于解决方案与产品的衍生型人力外包服务，对于定制化软件开 发业务产生的收入是根据识别的销售合同在一定时点或在一定时段内确认，根据销售合同约定，仅当公司在履约过程 中所产出的商品具有不可替代用途，且公司在整个合同期间内有权就累计至今已完成的履约部分收取款项的情况下， 按照合同期间已完成履约义务的进度在一段时间内确认收入，履约进度依据已经发生的成本占预计总成本的比例确定。 否则，公司在软件系统上线运行并通过客户验收后按合同约定金额确认收入。对于软件开发人力外包服务，系长亮科 技公司派出技术人员按照客户的要求完成规定范围内的工作，在履约时，客户同时取得并耗用履约所提供的经济利益， 按照履约时段确认收入。 由于收入是长亮科技公司的关键业绩指标之一，从而存在长亮科技公司管理层（以下简称管理层）为了达到特定 目标或期望而操纵收入确认时点的固有风险，且软件开发收入是长亮科技公司主要收入来源，我们将软件开发收入确 认识别为关键审计事项。 2、审计应对 我们对软件开发收入确认执行的主要程序包括： （1）了解、评估及测试管理层与软件开发收入确认相关的关键内部控制的设计和运行有效性。 （2）选取样本检查软件开发销售合同，识别与商品或服务控制权转移相关的合同条款及条件，评价长亮科技公 司收入确认政策是否符合企业会计准则的要求，是否与同行业可比公司存在重大差异。 （3）对本年记录的收入交易选取样本，核对销售合同及验收报告或结算单，评价相关收入确认是否符合长亮科 技公司收入确认的会计政策。 （4）给合行业发展趋势及可比公司的同期经营情况，分析公司营业收入、毛利率变动是否存在重大异常。 （5）选取客户样本函证收入及应收账款余额。 （6）对收入执行细节测试，针对软件开发实施合同，抽查长亮科技公司主要业务合同、中标通知书、收款凭证、 发票、验收报告、结算单等凭证，选取样本测试验收时间与入账时间是否一致，针对人力外包合同选取样本测试结算 单单价与合同约定是否一致。 （7）对收入执行截止测试，核实收入是否记录在正确的会计期间。 （二）存货跌价 相关信息披露详见财务报表附注三、13和附注五、5。 1、事项,candidate_requires_manual_selection
300348.SZ,长亮科技,total_assets,110,资产合计,"2025|19,177,351|48|17,458,150|17|33,677,604|35|27,042,971|78|2,438,525,790|45|2,403,969,786|20|5,163,447|63|12,798,262|00|526,452|32|73,819|94|18,875,138|18|26,033,285|93","深圳市长亮科技股份有限公司2025年年度报告全文 持有待售资产 一年内到期的非流动资产 19,177,351.48 17,458,150.17 其他流动资产 33,677,604.35 27,042,971.78 流动资产合计 2,438,525,790.45 2,403,969,786.20 非流动资产： 发放贷款和垫款 债权投资 其他债权投资 长期应收款 5,163,447.63 12,798,262.00 长期股权投资 526,452.32 73,819.94 其他权益工具投资 18,875,138.18 26,033,285.93 其他非流动金融资产 投资性房地产 固定资产 170,882,648.12 183,152,771.36 在建工程 生产性生物资产 油气资产 使用权资产 6,087,738.67 6,550,603.86 无形资产 78,090,892.16 105,410,769.95 其中：数据资源 开发支出 135,947,537.90 57,261,714.42 其中：数据资源 商誉 40,131,631.64 41,144,697.63 长期待摊费用 895,880.54 1,204,376.83 递延所得税资产 26,604,841.61 33,616,918.52 其他非流动资产 29,361,994.51 13,643,954.18 非流动资产合计 512,568,203.28 480,891,174.62 资产总计 2,951,093,993.73 2,884,860,960.82 流动负债： 短期借款 向中央银行借款 拆入资金 交易性金融负债 衍生金融负债 应付票据 应付账款 35,716,681.15 34,743,421.56 预收款项 合同负债 475,259,561.15 444,662,057.70 卖出回购金融资产款 吸收存款及同业存放 代理买卖证券款 代理承销证券款 110",candidate_requires_manual_selection
300348.SZ,长亮科技,total_assets,112,资产合计,"2025|2|656,121,701|89|620,727,304|16|828,092,129|62|889,055,169|24|8,646,102|62|1,826,827|88|332,211,137|30|290,450,538|61|623,016,694|18|544,838,020|10|50,213,945|54|44,336,520","深圳市长亮科技股份有限公司2025年年度报告全文 2、母公司资产负债表 单位：元 项目 期末余额 期初余额 流动资产： 货币资金 656,121,701.89 620,727,304.16 交易性金融资产 衍生金融资产 应收票据 应收账款 828,092,129.62 889,055,169.24 应收款项融资 预付款项 8,646,102.62 1,826,827.88 其他应收款 332,211,137.30 290,450,538.61 其中：应收利息 应收股利 存货 623,016,694.18 544,838,020.10 其中：数据资源 合同资产 50,213,945.54 44,336,520.36 持有待售资产 一年内到期的非流动资产 其他流动资产 23,948,288.33 14,303,760.53 流动资产合计 2,522,249,999.48 2,405,538,140.88 非流动资产： 债权投资 其他债权投资 长期应收款 长期股权投资 621,782,734.87 643,608,704.20 其他权益工具投资 18,875,138.18 26,033,285.93 其他非流动金融资产 投资性房地产 固定资产 169,465,406.78 181,890,044.91 在建工程 生产性生物资产 油气资产 使用权资产 4,826,096.84 5,806,929.02 无形资产 57,570,190.29 72,702,385.30 其中：数据资源 开发支出 136,076,897.70 52,213,213.51 其中：数据资源 商誉 长期待摊费用 515,191.74 697,189.21 递延所得税资产 39,778,321.04 40,027,276.64 112",candidate_requires_manual_selection
300348.SZ,长亮科技,total_assets,113,资产合计,"2025|29,361,994|51|13,643,954|18|1,078,251,971|95|1,036,622,982|90|3,600,501,971|43|3,442,161,123|78|138,358,896|03|202,175,357|00|441,540,896|18|418,898,858|71|159,626,767|39|121,647,600|61","深圳市长亮科技股份有限公司2025年年度报告全文 其他非流动资产 29,361,994.51 13,643,954.18 非流动资产合计 1,078,251,971.95 1,036,622,982.90 资产总计 3,600,501,971.43 3,442,161,123.78 流动负债： 短期借款 交易性金融负债 衍生金融负债 应付票据 应付账款 138,358,896.03 202,175,357.00 预收款项 合同负债 441,540,896.18 418,898,858.71 应付职工薪酬 159,626,767.39 121,647,600.61 应交税费 49,581,651.17 42,409,044.94 其他应付款 561,557,287.62 470,389,883.07 其中：应付利息 应付股利 持有待售负债 一年内到期的非流动负债 18,772,396.43 16,305,209.09 其他流动负债 流动负债合计 1,369,437,894.82 1,271,825,953.42 非流动负债： 长期借款 应付债券 其中：优先股 永续债 租赁负债 3,209,848.51 4,464,940.13 长期应付款 长期应付职工薪酬 预计负债 7,820,558.76 14,869,498.70 递延收益 递延所得税负债 723,914.53 871,039.35 其他非流动负债 6,080,453.34 16,808,146.88 非流动负债合计 17,834,775.14 37,013,625.06 负债合计 1,387,272,669.96 1,308,839,578.48 所有者权益： 股本 812,847,781.00 812,071,966.00 其他权益工具 其中：优先股 永续债 资本公积 956,554,642.07 939,928,880.17 减：库存股 6,080,453.34 16,808,146.88 其他综合收益 -27,637,894.84 -21,553,469.25 专项储备 113",candidate_requires_manual_selection
300348.SZ,长亮科技,revenue,114,营业收入,"2025|75,270,306|04|68,915,431|66|402,274,920|54|350,766,883|60|2,213,229,301|47|2,133,321,545|30|3,600,501,971|43|3,442,161,123|78|3|2025|2024|1,957,934,999|09|1,736,421,794|40|1,957,934,999","深圳市长亮科技股份有限公司2025年年度报告全文 盈余公积 75,270,306.04 68,915,431.66 未分配利润 402,274,920.54 350,766,883.60 所有者权益合计 2,213,229,301.47 2,133,321,545.30 负债和所有者权益总计 3,600,501,971.43 3,442,161,123.78 3、合并利润表 单位：元 项目 2025年度 2024年度 一、营业总收入 1,957,934,999.09 1,736,421,794.40 其中：营业收入 1,957,934,999.09 1,736,421,794.40 利息收入 已赚保费 手续费及佣金收入 二、营业总成本 1,927,984,697.72 1,635,389,130.28 其中：营业成本 1,465,687,930.85 1,167,305,243.01 利息支出 手续费及佣金支出 退保金 赔付支出净额 提取保险责任合同准备金净 额 保单红利支出 分保费用 税金及附加 12,210,417.36 12,120,123.05 销售费用 140,799,132.47 114,993,856.69 管理费用 210,212,195.46 231,112,730.88 研发费用 98,569,732.92 108,826,665.39 财务费用 505,288.66 1,030,511.26 其中：利息费用 5,201,554.15 9,240,050.20 利息收入 5,751,151.33 4,735,544.48 加：其他收益 14,617,763.46 7,521,667.14 投资收益（损失以“－”号填 450,203.46 -849,508.42 列） 其中：对联营企业和合营 450,203.46 -849,508.42 企业的投资收益 以摊余成本计量的 金融资产终止确认收益 汇兑收益（损失以“-”号填 列） 净敞口套期收益（损失以 “－”号填列） 公允价值变动收益（损失以 “－”号填列） 信用减值损失（损失以“-”号 33,804,022.48 -56,502,703.35 填列） 114",candidate_requires_manual_selection
300348.SZ,长亮科技,net_profit_attributable,115,归属于母公司股东的净利润,"2025|43,925,770|73|21,900,688|47|44,565|04|23,559|46|34,851,955|00|29,277,871|56|199,379|68|159,962|49|290,249|15|719,593|78|34,761,085|53|28,718,240|27","深圳市长亮科技股份有限公司2025年年度报告全文 资产减值损失（损失以“-”号 -43,925,770.73 -21,900,688.47 填列） 资产处置收益（损失以“-”号 -44,565.04 -23,559.46 填列） 三、营业利润（亏损以“－”号填 34,851,955.00 29,277,871.56 列） 加：营业外收入 199,379.68 159,962.49 减：营业外支出 290,249.15 719,593.78 四、利润总额（亏损总额以“－”号 34,761,085.53 28,718,240.27 填列） 减：所得税费用 14,164,453.66 10,132,266.95 五、净利润（净亏损以“－”号填 20,596,631.87 18,585,973.32 列） （一）按经营持续性分类 1.持续经营净利润（净亏损以 20,596,631.87 18,585,973.32 “－”号填列） 2.终止经营净利润（净亏损以 “－”号填列） （二）按所有权归属分类 1.归属于母公司股东的净利润 20,596,720.59 18,585,986.78 2.少数股东损益 -88.72 -13.46 六、其他综合收益的税后净额 -11,078,169.05 -4,763,571.46 归属母公司所有者的其他综合收益 -11,078,154.17 -4,763,571.80 的税后净额 （一）不能重分类进损益的其他 -6,102,426.70 -5,087,294.07 综合收益 1.重新计量设定受益计划变动 -18,001.11 额 2.权益法下不能转损益的其他 综合收益 3.其他权益工具投资公允价值 -6,084,425.59 -5,087,294.07 变动 4.企业自身信用风险公允价值 变动 5.其他 （二）将重分类进损益的其他综 -4,975,727.47 323,722.27 合收益 1.权益法下可转损益的其他综 合收益 2.其他债权投资公允价值变动 3.金融资产重分类计入其他综 合收益的金额 4.其他债权投资信用减值准备 5.现金流量套期储备 6.外币财务报表折算差额 -4,975,727.47 323,722.27 7.其他 归属于少数股东的其他综合收益的 -14.88 0.34 税后净额 七、综合收益总额 9,518,462.82",candidate_requires_manual_selection
300348.SZ,长亮科技,revenue,116,营业收入,"2025|0.0254|0.0243|0.0254|0.0244|4|2025|2024|1,876,556,010|41|1,670,493,039|89|1,449,284,313|50|1,207,316,721|73|9,662,391|72|6,258,491|33|112,889,353|50|85,304,753|05|176,017,329","深圳市长亮科技股份有限公司2025年年度报告全文 八、每股收益： （一）基本每股收益 0.0254 0.0243 （二）稀释每股收益 0.0254 0.0244 本期发生同一控制下企业合并的，被合并方在合并前实现的净利润为：元，上期被合并方实现的净利润为：元。 法定代表人：王长春 主管会计工作负责人：赵伟宏 会计机构负责人：郑欣 4、母公司利润表 单位：元 项目 2025年度 2024年度 一、营业收入 1,876,556,010.41 1,670,493,039.89 减：营业成本 1,449,284,313.50 1,207,316,721.73 税金及附加 9,662,391.72 6,258,491.33 销售费用 112,889,353.50 85,304,753.05 管理费用 176,017,329.33 175,518,614.63 研发费用 77,954,262.15 66,414,654.31 财务费用 -1,143,364.41 -6,593,277.46 其中：利息费用 5,827,524.23 13,467,909.34 利息收入 9,739,608.60 19,906,187.93 加：其他收益 13,372,019.07 4,670,767.42 投资收益（损失以“－”号填 526,452.32 -4,586,832.17 列） 其中：对联营企业和合营企 526,452.32 -463,695.67 业的投资收益 以摊余成本计量的金 融资产终止确认收益（损失以“-”号 填列） 净敞口套期收益（损失以 “－”号填列） 公允价值变动收益（损失以 “－”号填列） 信用减值损失（损失以“-”号 38,202,131.71 -56,171,595.08 填列） 资产减值损失（损失以“-”号 -39,196,118.59 -95,537,718.09 填列） 资产处置收益（损失以“-”号 -37,998.60 -15,250.71 填列） 二、营业利润（亏损以“－”号填 64,758,210.53 -15,367,546.33 列） 加：营业外收入 128,002.40 150,049.31 减：营业外支出 99,762.52 208,055.44 三、利润总额（亏损总额以“－”号 64,786,450.41 -15,425,552.46 填列） ",candidate_requires_manual_selection
300348.SZ,长亮科技,revenue,203,营业收入,"2025|11,078,169|05|11,078,154|17|14.88|57|58|68,915,431|66|6,354,874|38|75,270,306|04|68,915,431|66|6,354,874|38|75,270,306|04|10|59|327,145,693|11|315,878,423","深圳市长亮科技股份有限公司2025年年度报告全文 其他综合收益的税后净额本期发生额为-11,078,169.05元。其中，归属于母公司股东的其他综合收益的税后净额本期发 生额为-11,078,154.17元；归属于少数股东的其他综合收益的税后净额的本期发生额为-14.88元。 57、专项储备 单位：元 项目 期初余额 本期增加 本期减少 期末余额 其他说明，包括本期增减变动情况、变动原因说明： 58、盈余公积 单位：元 项目 期初余额 本期增加 本期减少 期末余额 法定盈余公积 68,915,431.66 6,354,874.38 75,270,306.04 合计 68,915,431.66 6,354,874.38 75,270,306.04 盈余公积说明，包括本期增减变动情况、变动原因说明： 根据《公司法》、公司章程的规定，本公司按净利润的10%提取法定盈余公积。 59、未分配利润 单位：元 项目 本期 上期 调整前上期末未分配利润 327,145,693.11 315,878,423.15 调整后期初未分配利润 327,145,693.11 315,878,423.15 加：本期归属于母公司所有者的净利 20,596,720.59 18,585,986.78 润 减：提取法定盈余公积 6,354,874.38 应付普通股股利 5,685,832.49 7,318,716.82 期末未分配利润 335,701,706.83 327,145,693.11 调整期初未分配利润明细： 1）、由于《企业会计准则》及其相关新规定进行追溯调整，影响期初未分配利润元。 2）、由于会计政策变更，影响期初未分配利润元。 3）、由于重大会计差错更正，影响期初未分配利润元。 4）、由于同一控制导致的合并范围变更，影响期初未分配利润元。 5）、其他调整合计影响期初未分配利润元。 使用资本公积弥补亏损详细情况说明： 60、营业收入和营业成本 单位：元 项目 本期发生额 上期发生额 203",candidate_requires_manual_selection
300348.SZ,长亮科技,revenue,204,营业收入,"2025|1,957,238,876|01|1,465,565,469|16|1,736,091,519|18|1,167,305,243|01|696,123|08|122,461|69|330,275|22|1,957,934,999|09|1,465,687,930|85|1,736,421,794|40|1,167,305,243|01|1|2","深圳市长亮科技股份有限公司2025年年度报告全文 收入 成本 收入 成本 主营业务 1,957,238,876.01 1,465,565,469.16 1,736,091,519.18 1,167,305,243.01 其他业务 696,123.08 122,461.69 330,275.22 合计 1,957,934,999.09 1,465,687,930.85 1,736,421,794.40 1,167,305,243.01 公司报告期内经审计利润总额、净利润、扣除非经常性损益后的净利润三者孰低为负值 □是 否 营业收入、营业成本的分解信息： 单位：元 分部1 分部2 合计 合同分类 营业收入 营业成本 营业收入 营业成本 营业收入 营业成本 营业收入 营业成本 业务类型 其中： 软件开发 1,824,085 1,417,257 1,824,085 1,417,257 业务 ,034.55 ,427.44 ,034.55 ,427.44 系统集成 56,133,61 18,406,28 56,133,61 18,406,28 业务 2.98 9.78 2.98 9.78 维护服务 77,020,22 29,901,75 77,020,22 29,901,75 业务 8.48 1.94 8.48 1.94 696,123.0 122,461.6 696,123.0 122,461.6 其他业务 8 9 8 9 按经营地 区分类 其中： 1,851,580 1,411,486 1,851,580 1,411,486 境内 ,693.49 ,878.66 ,693.49 ,878.66 106,354,3 54,201,05 106,354,3 54,201,05 境外 05.60 2.19 05.60 2.19 市场或客 户类型 其中： 合同类型 其中： 按商品转 让的时间 分类 其中： 在某一时 816,417,7 618,896,4 816,417,7 618,896,4 点确认 52.28 36.04 52.28 36.04 在某一时 1,141,517 846,791,4 1,141,517 846,791,4 段确认 ,246.81 94.81 ,246.81 94.81 按合同期 限分类 其中： 204",candidate_requires_manual_selection
300348.SZ,长亮科技,revenue,230,营业收入,2025|2|3|4|5|230,深圳市长亮科技股份有限公司2025年年度报告全文 确定公司是代理人还是委托人的依据： 其他说明： （2） 重要的非全资子公司 单位：元 本期归属于少数股东 本期向少数股东宣告 期末少数股东权益余 子公司名称 少数股东持股比例 的损益 分派的股利 额 子公司少数股东的持股比例不同于表决权比例的说明： 其他说明： （3） 重要非全资子公司的主要财务信息 单位：元 期末余额 期初余额 子公 非流 非流 非流 非流 司名 流动 资产 流动 负债 流动 资产 流动 负债 动资 动负 动资 动负 称 资产 合计 负债 合计 资产 合计 负债 合计 产 债 产 债 单位：元 本期发生额 上期发生额 子公司名 综合收益 经营活动 综合收益 经营活动 称 营业收入 净利润 营业收入 净利润 总额 现金流量 总额 现金流量 其他说明： （4） 使用企业集团资产和清偿企业集团债务的重大限制 （5） 向纳入合并财务报表范围的结构化主体提供的财务支持或其他支持 其他说明： 230,candidate_requires_manual_selection
300348.SZ,长亮科技,total_assets,232,资产合计,"2025|3|1,306,566|63|3,300,838|31|9,564|16|9,564|16|1,316,130|79|3,310,402|47|3,746,181|93|3,746,181|93|1,316,130|79|435,779|46|1,316,130|79|435,779","深圳市长亮科技股份有限公司2025年年度报告全文 其中：现金和现金等价物 非流动资产 资产合计 流动负债 非流动负债 负债合计 少数股东权益 归属于母公司股东权益 按持股比例计算的净资产份额 调整事项 --商誉 --内部交易未实现利润 --其他 对合营企业权益投资的账面价值 存在公开报价的合营企业权益投资的 公允价值 营业收入 财务费用 所得税费用 净利润 终止经营的净利润 其他综合收益 综合收益总额 本年度收到的来自合营企业的股利 其他说明： （3） 重要联营企业的主要财务信息 单位：元 期末余额/本期发生额 期初余额/上期发生额 流动资产 1,306,566.63 3,300,838.31 非流动资产 9,564.16 9,564.16 资产合计 1,316,130.79 3,310,402.47 流动负债 3,746,181.93 非流动负债 负债合计 3,746,181.93 净资产 1,316,130.79 -435,779.46 少数股东权益 归属于母公司股东权益 1,316,130.79 -435,779.46 按持股比例计算的净资产份额 526,452.32 -174,311.90 232",candidate_requires_manual_selection
300348.SZ,长亮科技,revenue,232,营业收入,"2025|3|1,306,566|63|3,300,838|31|9,564|16|9,564|16|1,316,130|79|3,310,402|47|3,746,181|93|3,746,181|93|1,316,130|79|435,779|46|1,316,130|79|435,779","深圳市长亮科技股份有限公司2025年年度报告全文 其中：现金和现金等价物 非流动资产 资产合计 流动负债 非流动负债 负债合计 少数股东权益 归属于母公司股东权益 按持股比例计算的净资产份额 调整事项 --商誉 --内部交易未实现利润 --其他 对合营企业权益投资的账面价值 存在公开报价的合营企业权益投资的 公允价值 营业收入 财务费用 所得税费用 净利润 终止经营的净利润 其他综合收益 综合收益总额 本年度收到的来自合营企业的股利 其他说明： （3） 重要联营企业的主要财务信息 单位：元 期末余额/本期发生额 期初余额/上期发生额 流动资产 1,306,566.63 3,300,838.31 非流动资产 9,564.16 9,564.16 资产合计 1,316,130.79 3,310,402.47 流动负债 3,746,181.93 非流动负债 负债合计 3,746,181.93 净资产 1,316,130.79 -435,779.46 少数股东权益 归属于母公司股东权益 1,316,130.79 -435,779.46 按持股比例计算的净资产份额 526,452.32 -174,311.90 232",candidate_requires_manual_selection
300348.SZ,长亮科技,revenue,233,营业收入,"2025|1,886,792|40|99,736|14|1,550,952|05|4|73,819|94|76,248|86|385,812|75|76,248|86|385,812|75|5|6|233","深圳市长亮科技股份有限公司2025年年度报告全文 调整事项 --商誉 --内部交易未实现利润 --其他 对联营企业权益投资的账面价值 存在公开报价的联营企业权益投资的 公允价值 营业收入 1,886,792.40 净利润 -99,736.14 -1,550,952.05 终止经营的净利润 其他综合收益 综合收益总额 本年度收到的来自联营企业的股利 其他说明： （4） 不重要的合营企业和联营企业的汇总财务信息 单位：元 期末余额/本期发生额 期初余额/上期发生额 合营企业： 下列各项按持股比例计算的合计数 联营企业： 投资账面价值合计 73,819.94 下列各项按持股比例计算的合计数 --净利润 -76,248.86 -385,812.75 --综合收益总额 -76,248.86 -385,812.75 其他说明： （5） 合营企业或联营企业向本公司转移资金的能力存在重大限制的说明 （6） 合营企业或联营企业发生的超额亏损 单位：元 本期未确认的损失（或本期 合营企业或联营企业名称 累积未确认前期累计的损失 本期末累积未确认的损失 分享的净利润） 其他说明： 233",candidate_requires_manual_selection
300348.SZ,长亮科技,total_assets,239,资产总额,"2025|2|3|3|1|2|3|1|18,875,138|18|18,875,138|18|18,875,138|18|18,875,138|18|239","深圳市长亮科技股份有限公司2025年年度报告全文 （2） 公司开展符合条件套期业务并应用套期会计 单位：元 已确认的被套期项目 与被套期项目以及套 账面价值中所包含的 套期有效性和套期无 套期会计对公司的财 项目 期工具相关账面价值 被套期项目累计公允 效部分来源 务报表相关影响 价值套期调整 套期风险类型 套期类别 其他说明 （3） 公司开展套期业务进行风险管理、预期能实现风险管理目标但未应用套期会计 □适用 不适用 3、金融资产 （1） 转移方式分类 □适用 不适用 （2） 因转移而终止确认的金融资产 □适用 不适用 （3） 继续涉入的资产转移金融资产 □适用 不适用 其他说明 十三、公允价值的披露 1、以公允价值计量的资产和负债的期末公允价值 单位：元 期末公允价值 项目 第一层次公允价值计 第二层次公允价值计 第三层次公允价值计 合计 量 量 量 一、持续的公允价值 -- -- -- -- 计量 （三）其他权益工具 18,875,138.18 18,875,138.18 投资 持续以公允价值计量 18,875,138.18 18,875,138.18 的资产总额 二、非持续的公允价 -- -- -- -- 239",candidate_requires_manual_selection
300348.SZ,长亮科技,total_assets,248,资产总额,"2025|3|4|7|8|1|1|1|1|728,660,024|76|667,000,887|46|1|2|87,534,657|36|179,686,347|50|2|3|50,189,596|37|117,239,636|41","深圳市长亮科技股份有限公司2025年年度报告全文 （3） 公司无报告分部的，或者不能披露各报告分部的资产总额和负债总额的，应说明原因 （4） 其他说明 7、其他对投资者决策有影响的重要交易和事项 8、其他 十九、母公司财务报表主要项目注释 1、应收账款 （1） 按账龄披露 单位：元 账龄 期末账面余额 期初账面余额 1年以内（含1年） 728,660,024.76 667,000,887.46 1至2年 87,534,657.36 179,686,347.50 2至3年 50,189,596.37 117,239,636.41 3年以上 27,090,268.61 31,057,755.07 3至4年 14,460,621.03 21,375,036.57 4至5年 4,782,476.26 5,096,090.51 5年以上 7,847,171.32 4,586,627.99 合计 893,474,547.10 994,984,626.44 （2） 按坏账计提方法分类披露 单位：元 期末余额 期初余额 账面余额 坏账准备 账面余额 坏账准备 类别 账面价 账面价 计提比 计提比 金额 比例 金额 值 金额 比例 金额 值 例 例 按单项 计提坏 19,487, 19,487, 14,503, 14,503, 账准备 2.18% 100.00% 0.00 1.46% 100.00% 0.00 538.84 538.84 371.31 371.31 的应收 账款 248",candidate_requires_manual_selection
300348.SZ,长亮科技,revenue,259,营业收入,"2025|3|4|1,875,521,453|04|1,449,161,851|81|1,669,721,050|38|1,207,316,721|73|1,034,557|37|122,461|69|771,989|51|1,876,556,010|41|1,449,284,313|50|1,670,493,039|89|1,207,316,721|73","深圳市长亮科技股份有限公司2025年年度报告全文 公司以前年度减值测试采用信息与当年实际情况明显不一致的差异原因 （3） 其他说明 4、营业收入和营业成本 单位：元 本期发生额 上期发生额 项目 收入 成本 收入 成本 主营业务 1,875,521,453.04 1,449,161,851.81 1,669,721,050.38 1,207,316,721.73 其他业务 1,034,557.37 122,461.69 771,989.51 合计 1,876,556,010.41 1,449,284,313.50 1,670,493,039.89 1,207,316,721.73 营业收入、营业成本的分解信息： 单位：元 分部1 分部2 合计 合同分类 营业收入 营业成本 营业收入 营业成本 营业收入 营业成本 营业收入 营业成本 业务类型 其中： 软件开发 1,773,758 1,403,088 1,773,758 1,403,088 业务 ,965.31 ,570.54 ,965.31 ,570.54 系统集成 51,879,73 18,406,28 51,879,73 18,406,28 业务 2.98 9.78 2.98 9.78 维护服务 49,882,75 27,666,99 49,882,75 27,666,99 业务 4.75 1.49 4.75 1.49 1,034,557 122,461.6 1,034,557 122,461.6 其他业务 .37 9 .37 9 按经营地 区分类 其中： 1,811,894 1,428,444 1,811,894 1,428,444 境内 ,863.43 ,018.77 ,863.43 ,018.77 64,661,14 20,840,29 64,661,14 20,840,29 境外 6.98 4.73 6.98 4.73 市场或客 户类型 其中： 合同类型 其中： 按商品转 259",candidate_requires_manual_selection
300872.SZ,天阳科技,net_profit_attributable,2,归属于上市公司股东的净利润,"2025|2025|177,687|17|0.60|13,813|57|278.23|1|2|3|4|2","天阳宏业科技股份有限公司2025年年度报告全文 2025 年年度报告 第一节 重要提示、目录和释义 公司董事会及董事、高级管理人员保证年度报告内容的真实、准确、完 整，不存在虚假记载、误导性陈述或者重大遗漏，并承担个别和连带的法律 责任。 公司负责人欧阳建平、主管会计工作负责人张庆勋及会计机构负责人(会 计主管人员)陈艳萍声明：保证本年度报告中财务报告的真实、准确、完整。 所有董事均已出席了审议本报告的董事会会议。 报告期内，公司实现营业总收入 177,687.17 万元，较上年同期增长 0.60%;归属于上市公司股东的净利润为-13,813.57 万元，较上年同期减少 278.23%。业绩变动原因说明：1、市场因素：随着行业竞争日趋激烈，为巩 固市场地位，部分战略方向业务项目毛利率下滑；同时，为应对市场变化， 公司进行业务转型及人员结构优化，相关成本费用增加，导致公司当期利润 下降。2、研发投入：为进一步增强核心竞争力，公司持续加大在信贷、信用 卡、金融市场、AI 等领域的智能化研发投入，强化相关板块技术储备与创新 布局。3、新市场和新业态的投入：公司积极拓展海外业务及探索新型业务运 营模式，但受行业特性、市场环境影响，相关业务仍处于投入阶段，尚未产 生规模利润回报，对报告期利润造成阶段性影响。4、外部环境：公司主要客 户为银行金融机构，中标大型项目大幅增加，此类项目金额较大，交付周期 长，以及银行合规要求更趋严格，使得更多解决方案类项目在软件系统上线 2",candidate_requires_manual_selection
300872.SZ,天阳科技,total_assets,9,资产总额,"2025|16|7|1101|2023|4|18|46|2025|12|31|2025|2024|2023|1,776,871,711|48|1,766,211,579|54|0.60|1,935,801,733|00|138,135,742|49|77,503,842|69","天阳宏业科技股份有限公司2025年年度报告全文 公司聘请的会计师事务所 会计师事务所名称 大华会计师事务所（特殊普通合伙） 会计师事务所办公地址 北京市海淀区西四环中路16号院7号楼1101 签字会计师姓名 黄羽、林洪毅 公司聘请的报告期内履行持续督导职责的保荐机构 适用 □不适用 保荐机构名称 保荐机构办公地址 保荐代表人姓名 持续督导期间 发行可转换公司债券持续督 广西壮族自治区南宁市滨湖 国海证券股份有限公司 张彦忠、任伟鹏 导期：自2023年4月18日 路46号国海大厦 至2025年12月31日 公司聘请的报告期内履行持续督导职责的财务顾问 □适用 不适用 五、主要会计数据和财务指标 公司是否需追溯调整或重述以前年度会计数据 □是 否 2025年 2024年 本年比上年增减 2023年 营业收入（元） 1,776,871,711.48 1,766,211,579.54 0.60% 1,935,801,733.00 归属于上市公司股东 -138,135,742.49 77,503,842.69 -278.23% 116,728,781.98 的净利润（元） 归属于上市公司股东 的扣除非经常性损益 -197,741,499.70 2,716,502.32 -7,379.27% 63,942,346.47 的净利润（元） 经营活动产生的现金 133,634,874.50 122,660,310.10 8.95% 406,294,866.95 流量净额（元） 基本每股收益（元/ -0.29 0.21 -238.10% 0.29 股） 稀释每股收益（元/ -0.29 0.21 -238.10% 0.29 股） 加权平均净资产收益 -4.11% 2.91% -7.02% 4.69% 率 2025年末 2024年末 本年末比上年末增减 2023年末 资产总额（元） 4,784,424,654.80 4,197,801,354.26 13.97% 4,037,096,683.54 归属于上市公司股东 3,583,408,269.69 3,221,078,383.71 11.25% 2,593,605,844.12 的净资产（元） 公司最近三个会计年度扣除非经常性损益前后净利润孰低者均为负值，且最近一年审计报告显示公司持续经营能力存在 不确定性 □是 否 公司报告期内",candidate_requires_manual_selection
300872.SZ,天阳科技,revenue,9,营业收入,"2025|16|7|1101|2023|4|18|46|2025|12|31|2025|2024|2023|1,776,871,711|48|1,766,211,579|54|0.60|1,935,801,733|00|138,135,742|49|77,503,842|69","天阳宏业科技股份有限公司2025年年度报告全文 公司聘请的会计师事务所 会计师事务所名称 大华会计师事务所（特殊普通合伙） 会计师事务所办公地址 北京市海淀区西四环中路16号院7号楼1101 签字会计师姓名 黄羽、林洪毅 公司聘请的报告期内履行持续督导职责的保荐机构 适用 □不适用 保荐机构名称 保荐机构办公地址 保荐代表人姓名 持续督导期间 发行可转换公司债券持续督 广西壮族自治区南宁市滨湖 国海证券股份有限公司 张彦忠、任伟鹏 导期：自2023年4月18日 路46号国海大厦 至2025年12月31日 公司聘请的报告期内履行持续督导职责的财务顾问 □适用 不适用 五、主要会计数据和财务指标 公司是否需追溯调整或重述以前年度会计数据 □是 否 2025年 2024年 本年比上年增减 2023年 营业收入（元） 1,776,871,711.48 1,766,211,579.54 0.60% 1,935,801,733.00 归属于上市公司股东 -138,135,742.49 77,503,842.69 -278.23% 116,728,781.98 的净利润（元） 归属于上市公司股东 的扣除非经常性损益 -197,741,499.70 2,716,502.32 -7,379.27% 63,942,346.47 的净利润（元） 经营活动产生的现金 133,634,874.50 122,660,310.10 8.95% 406,294,866.95 流量净额（元） 基本每股收益（元/ -0.29 0.21 -238.10% 0.29 股） 稀释每股收益（元/ -0.29 0.21 -238.10% 0.29 股） 加权平均净资产收益 -4.11% 2.91% -7.02% 4.69% 率 2025年末 2024年末 本年末比上年末增减 2023年末 资产总额（元） 4,784,424,654.80 4,197,801,354.26 13.97% 4,037,096,683.54 归属于上市公司股东 3,583,408,269.69 3,221,078,383.71 11.25% 2,593,605,844.12 的净资产（元） 公司最近三个会计年度扣除非经常性损益前后净利润孰低者均为负值，且最近一年审计报告显示公司持续经营能力存在 不确定性 □是 否 公司报告期内",candidate_requires_manual_selection
300872.SZ,天阳科技,revenue,10,营业收入,"2025|2025|2024|1,774,301,281|30|1,763,783,785|95|486,808,683|19|509,846,377|92|519,570,185|88|260,646,464|49|25,596,408|01|25,445,011|66|6,725,678|53|195,902,840|69|2,417,759|57","天阳宏业科技股份有限公司2025年年度报告全文 项目 2025年 2024年 备注 营业收入扣除后金额（元） 1,774,301,281.30 1,763,783,785.95 六、分季度主要财务指标 单位：元 第一季度 第二季度 第三季度 第四季度 营业收入 486,808,683.19 509,846,377.92 519,570,185.88 260,646,464.49 归属于上市公司股东 25,596,408.01 25,445,011.66 6,725,678.53 -195,902,840.69 的净利润 归属于上市公司股东 的扣除非经常性损益 -2,417,759.57 17,562,521.17 -9,152,488.76 -203,733,772.54 的净利润 经营活动产生的现金 -289,156,014.74 3,265,334.09 71,738,766.23 347,786,788.92 流量净额 上述财务指标或其加总数是否与公司已披露季度报告、半年度报告相关财务指标存在重大差异 □是 否 七、境内外会计准则下会计数据差异 1、同时按照国际会计准则与按照中国会计准则披露的财务报告中净利润和净资产差异情况 □适用 不适用 公司报告期不存在按照国际会计准则与按照中国会计准则披露的财务报告中净利润和净资产差异情况。 2、同时按照境外会计准则与按照中国会计准则披露的财务报告中净利润和净资产差异情况 □适用 不适用 公司报告期不存在按照境外会计准则与按照中国会计准则披露的财务报告中净利润和净资产差异情况。 八、非经常性损益项目及金额 适用 □不适用 单位：元 项目 2025年金额 2024年金额 2023年金额 说明 非流动性资产处置损 益（包括已计提资产 -203,746.63 28,973,661.83 减值准备的冲销部 分） 计入当期损益的政府 补助（与公司正常经 营业务密切相关，符 合国家政策规定、按 55,692,337.97 51,409,196.91 48,056,916.53 照确定的标准享有、 对公司损益产生持续 影响的政府补助除 外） 10",candidate_requires_manual_selection
300872.SZ,天阳科技,revenue,21,营业收入,"2025|1|2|3|4|2024|1|177,687|17|0.60|13,813|57|21,563|96|19,774|15|20,045|80|1|2|3|4|2,300|00|21",天阳宏业科技股份有限公司2025年年度报告全文 三、核心竞争力分析 1、领先的AI原生技术与平台构建能力 公司以 AI 原生为核心技术方向，自主打造银行 AI 原生底座“天元”，深度融合大数据、人工智能与分布式架构， 构建可解释、可审计、可干预的金融级 AI 能力体系。依托控股子公司魔数智擎，形成“通用大模型+金融专属小模型” 双轮驱动格局，基于 MCP 协议与原子化工具链，打造智能决策大脑、智能执行、AI 工具三位一体核心能力，覆盖智能风 控、智能营销、智能运营、信贷审批、合规审计等全金融场景，可快速支撑金融机构技术架构从传统 IT 向 AI 原生架构 跃迁，为银行数智化转型提供底层支撑与范式创新，技术领先性与场景落地能力行业突出。 2、领先的人民币跨境支付系统建设能力 公司参与人民币跨境支付系统建设与核心信创改造，拥有自主可控、全栈适配、安全合规的跨境支付技术体系，具 备从平台搭建、系统改造到运维服务的全链条交付能力。公司实施的创新业务合作平台项目与人民币跨境支付核心系统 信创改造项目可实现核心系统无感知切换，支持多币种清算、金融市场 PVP 交易，并率先实现清算系统数字人民币对公 支付首个行业落地，形成显著技术先发与项目落地壁垒，有力支撑人民币国际化战略。 3、银行关键业务产品领先优势 公司在银行信用卡、信贷等核心业务领域，技术能力、产品成熟度、技术架构与业务架构均处于行业前列。信用卡 与信贷作为银行最关键的业务系统之一，公司相关产品基于分布式计算架构、微服务、大数据、区块链等前沿技术构建， 实现从硬件、底层基础软件到应用软件的完全国产化替代，系统性能与可扩展性显著提升。其中，信用卡解决方案连续 六年稳居市场第一。 4、核心业务突出，行业地位领先 公司聚焦咨询、金融科技、场景运营三大业务板块，可为银行提供大信贷、信用卡及消费金融、智能营销、人民币 跨境支付等端到端完整解决方案，业务深度覆盖银行关键业务领域与核心创新环节，凭借对优势主业的持续聚焦，稳居 行业领先地位。根据赛迪顾问《2024 年中国银行业 IT 解决方案市场分析报告》，公司综合排名第四，稳居行业领导者 象限。其中，信用卡解决方案连续六年市场占有率排名第一，市场风险、财资管理解决方案市场排名第一，信贷系统解 决方案排名第三，风险管理、客户关系管理、商业智能、智能营销、交易银行、监管报送等解决方案持续,candidate_requires_manual_selection
300872.SZ,天阳科技,net_profit_attributable,21,归属于上市公司股东的净利润,"2025|1|2|3|4|2024|1|177,687|17|0.60|13,813|57|21,563|96|19,774|15|20,045|80|1|2|3|4|2,300|00|21",天阳宏业科技股份有限公司2025年年度报告全文 三、核心竞争力分析 1、领先的AI原生技术与平台构建能力 公司以 AI 原生为核心技术方向，自主打造银行 AI 原生底座“天元”，深度融合大数据、人工智能与分布式架构， 构建可解释、可审计、可干预的金融级 AI 能力体系。依托控股子公司魔数智擎，形成“通用大模型+金融专属小模型” 双轮驱动格局，基于 MCP 协议与原子化工具链，打造智能决策大脑、智能执行、AI 工具三位一体核心能力，覆盖智能风 控、智能营销、智能运营、信贷审批、合规审计等全金融场景，可快速支撑金融机构技术架构从传统 IT 向 AI 原生架构 跃迁，为银行数智化转型提供底层支撑与范式创新，技术领先性与场景落地能力行业突出。 2、领先的人民币跨境支付系统建设能力 公司参与人民币跨境支付系统建设与核心信创改造，拥有自主可控、全栈适配、安全合规的跨境支付技术体系，具 备从平台搭建、系统改造到运维服务的全链条交付能力。公司实施的创新业务合作平台项目与人民币跨境支付核心系统 信创改造项目可实现核心系统无感知切换，支持多币种清算、金融市场 PVP 交易，并率先实现清算系统数字人民币对公 支付首个行业落地，形成显著技术先发与项目落地壁垒，有力支撑人民币国际化战略。 3、银行关键业务产品领先优势 公司在银行信用卡、信贷等核心业务领域，技术能力、产品成熟度、技术架构与业务架构均处于行业前列。信用卡 与信贷作为银行最关键的业务系统之一，公司相关产品基于分布式计算架构、微服务、大数据、区块链等前沿技术构建， 实现从硬件、底层基础软件到应用软件的完全国产化替代，系统性能与可扩展性显著提升。其中，信用卡解决方案连续 六年稳居市场第一。 4、核心业务突出，行业地位领先 公司聚焦咨询、金融科技、场景运营三大业务板块，可为银行提供大信贷、信用卡及消费金融、智能营销、人民币 跨境支付等端到端完整解决方案，业务深度覆盖银行关键业务领域与核心创新环节，凭借对优势主业的持续聚焦，稳居 行业领先地位。根据赛迪顾问《2024 年中国银行业 IT 解决方案市场分析报告》，公司综合排名第四，稳居行业领导者 象限。其中，信用卡解决方案连续六年市场占有率排名第一，市场风险、财资管理解决方案市场排名第一，信贷系统解 决方案排名第三，风险管理、客户关系管理、商业智能、智能营销、交易银行、监管报送等解决方案持续,candidate_requires_manual_selection
300872.SZ,天阳科技,revenue,22,营业收入,"2025|2025|34,089|57|19.19|2|1|2025|2024|1,776,871,711|48|100|1,766,211,579|54|100|0.60|1,774,301,281|30|99.86|1,763,783,785|95|99.86|0.60|2,570,430|18","天阳宏业科技股份有限公司2025年年度报告全文 报告期内，2025 年公司持续保持研发投入，为加强技术创新及保持技术领先优势，提升核心竞争力，研发投入 34,089.57 万元，研发投入率 19.19%。公司在信贷、信用卡、金融市场、算力、AI 等领域持续加大智能研发投入，强化 相关板块技术研发与创新布局，进一步增强核心竞争力。 2、收入与成本 （1） 营业收入构成 营业收入整体情况 单位：元 2025年 2024年 同比增减 金额 占营业收入比重 金额 占营业收入比重 营业收入合计 1,776,871,711.48 100% 1,766,211,579.54 100% 0.60% 分行业 软件行业 1,774,301,281.30 99.86% 1,763,783,785.95 99.86% 0.60% 其他业务 2,570,430.18 0.14% 2,427,793.59 0.14% 5.88% 分产品 技术开发类 1,100,766,955.58 61.95% 1,188,797,177.09 67.31% -7.40% 技术服务类 614,810,935.96 34.60% 524,045,982.96 29.67% 17.32% 系统集成类 32,506,548.98 1.83% 2,896,283.19 0.16% 1,022.35% 咨询服务类 26,216,840.78 1.48% 48,044,342.71 2.72% -45.43% 其他业务收入 2,570,430.18 0.14% 2,427,793.59 0.14% 5.88% 分地区 华东地区 480,741,538.76 27.06% 517,055,218.95 29.27% -7.02% 华北地区 845,688,787.79 47.59% 764,097,170.16 43.26% 10.68% 华南地区 206,203,391.55 11.60% 212,690,444.58 12.04% -3.05% 西南地区 78,773,360.35 4.43% 106,533,316.46 6.03% -26.06% 华中地区 67,462,300.28 3.80% 70,160,136.61 3.97% -3.85% 西北地区 51,621,600.99 2.91% 63,935,4",candidate_requires_manual_selection
300872.SZ,天阳科技,revenue,23,营业收入,"2025|1|2|3|4|2|10|3|1,774,301,281|30|1,456,584,960|53|17.91|0.60|15.61|10.66|1,100,766,955|58|880,692,159|48|19.99|7.40|4.14|8.88|614,810,935","天阳宏业科技股份有限公司2025年年度报告全文 说明经营季节性（或周期性）发生的原因及波动风险 报告期内，公司一至四季度的营业收入受业务经营季节性特点的影响较小，周期性不明显。第四季度收入占全年收 入比降低，主要是由于部分大型解决方案类项目实施周期较长、进度滞后，使得按交付验收确认收入的跨期项目增加， 导致第四季度收入下降。 报告期内，公司前三季度盈利，第四季度利润出现亏损。主要系：1、市场竞争加剧，且客户对交付质量与合规性要 求较高，显著增加了交付成本与项目周期，跨期项目增加，影响当年整体毛利水平；2、新市场和新业务的开展，相关业 务还处于投入阶段，项目利润水平较低；3、第四季度计提坏账准备及计提商誉减值准备，4、第四季度收到政府补助款 项较前三季度减少。以上综合因素导致第四季度亏损。 （2） 占公司营业收入或营业利润10%以上的行业、产品、地区、销售模式的情况 适用 □不适用 公司需遵守《深圳证券交易所上市公司自律监管指引第3号——行业信息披露》中的“软件与信息技术服务业”的披露 要求 单位：元 营业收入比上 营业成本比上 毛利率比上年 营业收入 营业成本 毛利率 年同期增减 年同期增减 同期增减 分客户所处行业 软件行业 1,774,301,281.30 1,456,584,960.53 17.91% 0.60% 15.61% -10.66% 分产品 技术开发类 1,100,766,955.58 880,692,159.48 19.99% -7.40% 4.14% -8.88% 技术服务类 614,810,935.96 529,342,326.27 13.90% 17.32% 38.41% -13.12% 系统集成类 32,506,548.98 29,911,844.73 7.98% 1,022.35% 1,022.55% -0.02% 咨询服务类 26,216,840.78 16,638,630.05 36.53% -45.43% -42.98% -2.73% 分地区 华东地区 480,741,538.76 380,671,265.24 20.82% -7.02% 6.36% -9.96% 华北地区 845,688,787.79 714,021,673.84 15.57% 10.68% 26.12% -10.33% 华南地区 206,203,391.55 ",candidate_requires_manual_selection
300872.SZ,天阳科技,revenue,26,营业收入,"2025|1|107,336,971|41|47.91|2|23,113,123|26|10.32|3|14,459,567|28|6.45|4|11,377,386|89|5.08|5|8,078,420|06|3.61|164,365,468|90|73.36|10","天阳宏业科技股份有限公司2025年年度报告全文 序号 供应商名称 采购额（元） 占年度采购总额比例 1 SS&C Solutions Limited 107,336,971.41 47.91% 中建材信息技术股份有限公 2 23,113,123.26 10.32% 司 3 供应商三 14,459,567.28 6.45% 4 供应商四 11,377,386.89 5.08% 5 供应商五 8,078,420.06 3.61% 合计 -- 164,365,468.90 73.36% 主要供应商其他情况说明 □适用 不适用 报告期内公司贸易业务收入占营业收入比例超过10% □适用 不适用 3、费用 单位：元 2025年 2024年 同比增减 重大变动说明 销售费用 102,187,893.54 105,263,882.42 -2.92% 无重大变化。 主要系本期人工成本 上升、实施股权激励 管理费用 161,236,324.57 146,317,103.53 10.20% 计划导致股份支付费 用增加以及无形资产 摊销增多所致。 主要系报告期可转换 公司债券转股及赎 财务费用 3,220,540.69 44,775,623.69 -92.81% 回，导致可转换债券 计提利息减少所致。 主要系本期研发投入 研发费用 207,157,545.31 176,937,987.46 17.08% 增加所致。 4、研发投入 适用 □不适用 预计对公司未来发展 主要研发项目名称 项目目的 项目进展 拟达到的目标 的影响 本项目通过在信创、 公司通过建设数字金 本项目拟利用公司已 数字货币、金融科 融应用研发项目，建 有的研发成果、技术 技、绿色金融、隐私 立和完善软件和信息 优势和经验，建设高 计算这五个研发方 技术服务行业的标 效的数字金融应用研 向，针对金融应用信 准、规范与体系，培 发体系，提升软硬件 创适配技术研发、数 养和造就一批具有国 设施水平，加强知识 字货币应用场景研 际竞争能力的专业队 数字金融应用研发项 产权建设，综合提升 发、统一数字监管平 进行中 伍，不断促进国内相 目 企业研发基础能力。 台研发、绿色碳金融 关行业技术创新，根 本项目的实施，有利 产品研发平台、同态 据经济建设和市场需 于公司进一步保持和 加密金融隐私计算安 求，针对行业发展的 增强技术",candidate_requires_manual_selection
300872.SZ,天阳科技,revenue,29,营业收入,"2025|2025|2024|1,292|1,295|0.23|13.70|15.43|1.73|1,016|1,005|1.09|25|21|19.05|251|269|6.69|30|162|161|0.62|30|40|920","天阳宏业科技股份有限公司2025年年度报告全文 预计对公司未来发展 主要研发项目名称 项目目的 项目进展 拟达到的目标 的影响 利用AI技术实现测试 案例自动生成、智能 数据构造和自动化测 试组装执行。平台可 实现测试根本性变 基于需求文档生成测 建立企业级智能测试 革，达成降本增效、 试案例，自动分析并 标准，构建可演进的 风险控制与数字资产 手自一体智能测试平 动态生成测试数据， 已完成 知识资产，并最终赋 沉淀。验证智能化测 台 同时调用现有自动化 能整体研发效能提 试可行路径，引领研 组件完成测试执行， 升。 发质量保障体系向主 显著提升测试效率与 动赋能演进。 覆盖率，减少人工干 预，助力客户高效交 付高质量系统。 天阳问数基于 DeepSeek大模型，融 其高精度风险预测与 合粒度模型与业务指 项目解决金融机构在 决策支持能力有助于 标体系，构建“精准 数据洞察、决策敏捷 提升金融系统稳定 智能问数研发项目 语义解析+高效逻辑计 已完成 与模型可信方面的痛 性，优化信贷资源配 算”双引擎，打造可 点，通过AI助力客户 置，间接降低实体经 解释、可追溯、可闭 释放数据资产价值。 济融资成本。 环的智能数据分析平 台。 利用生产流量“数据 真实”、“数据量 本项目对信创改造这 大”两个特点，通过 成功研发并上线具备 一大背景下的后端系 把生产环境中的交易 “回放”与“比对” 统测试提供了新的技 流量录制回放 报文在测试环境中进 已完成 两大核心功能的完整 术测试手段，大幅优 行回放，可以比较有 流量回放平台 化了测试时间与人力 效地解决案例设计工 成本。 作量大、执行数据难 以构造等痛点。 公司研发人员情况 2025年 2024年 变动比例 研发人员数量（人） 1,292 1,295 -0.23% 研发人员数量占比 13.70% 15.43% -1.73% 研发人员学历 本科 1,016 1,005 1.09% 硕士 25 21 19.05% 其他 251 269 -6.69% 研发人员年龄构成 30岁以下 162 161 0.62% 30~40岁 920 992 -7.26% 40岁以上 210 142 47.89% 近三年公司研发投入金额及占营业收入的比例 2025年 2024年 2023年 研发投入金额（元） 340,895,721.62 327,20",candidate_requires_manual_selection
300872.SZ,天阳科技,revenue,30,营业收入,"2025|2025|2024|2023|133,738,176|31|150,270,666|61|120,512,071|66|39.23|45.93|36.79|96.82|193.89|103.24|3|122,090,789|42|11,647,386|89|30","天阳宏业科技股份有限公司2025年年度报告全文 2025年 2024年 2023年 研发支出资本化的金额 133,738,176.31 150,270,666.61 120,512,071.66 （元） 资本化研发支出占研发投入 39.23% 45.93% 36.79% 的比例 资本化研发支出占当期净利 -96.82% 193.89% 103.24% 润的比重 公司研发人员构成发生重大变化的原因及影响 □适用 不适用 研发投入总额占营业收入的比重较上年发生显著变化的原因 □适用 不适用 研发投入资本化率大幅变动的原因及其合理性说明 □适用 不适用 公司需遵守《深圳证券交易所上市公司自律监管指引第3号——行业信息披露》中的“软件与信息技术服务业”的披露 要求 单位：元 项目名称 研发资本化金额 相关项目的基本情况 实施进度 本项目通过在信创、数字货 币、金融科技、绿色金融、 隐私计算这五个研发方向， 针对金融应用信创适配技术 研发、数字货币应用场景研 发、统一数字监管平台研 发、绿色碳金融产品研发平 台、同态加密金融隐私计算 数字金融应用研发项目 122,090,789.42 安全应用研发、分布式数字 进行中 金融底座平台研发、农业数 字信贷产品平台研发这七大 专项课题进行研究，建立相 应的产品体系，该项目的实 施能有效提升公司科技创新 能力、科技创新水平以及公 司的技术实力，有助于公司 在行业中占据有利地位。 产融智脑是大数据+大模型+ 机器学习的分析能力，快速 解析海量公开产业数据和产 业专家知识库，精准识别产 业链上下游关系，挖掘潜在 关联企业，支撑实现对公、 普惠业务拓客、分析需求， 产融智脑 11,647,386.89 进行中 助力金融行业提前布局产业 风口。同时，通过智能 Agent 协同矩阵，在数分钟 内生成专业级产融报告，覆 盖企业竞争力评估、营销策 略、融资方案设计等客群经 营全流程。 30",candidate_requires_manual_selection
300872.SZ,天阳科技,net_profit_attributable,31,归属于上市公司股东的净利润,"2025|5|2025|2024|2,485,130,602|96|2,328,531,969|02|6.73|2,351,495,728|46|2,205,871,658|92|6.60|133,634,874|50|122,660,310|10|8.95|2,918,309,023|14|1,975,464,986|35|47.73|3,350,651,037","天阳宏业科技股份有限公司2025年年度报告全文 5、现金流 单位：元 项目 2025年 2024年 同比增减 经营活动现金流入小计 2,485,130,602.96 2,328,531,969.02 6.73% 经营活动现金流出小计 2,351,495,728.46 2,205,871,658.92 6.60% 经营活动产生的现金流量净额 133,634,874.50 122,660,310.10 8.95% 投资活动现金流入小计 2,918,309,023.14 1,975,464,986.35 47.73% 投资活动现金流出小计 3,350,651,037.31 2,311,347,254.57 44.97% 投资活动产生的现金流量净额 -432,342,014.17 -335,882,268.22 -28.72% 筹资活动现金流入小计 642,251,673.15 517,593,421.00 24.08% 筹资活动现金流出小计 517,132,168.00 424,354,416.91 21.86% 筹资活动产生的现金流量净额 125,119,505.15 93,239,004.09 34.19% 现金及现金等价物净增加额 -173,631,885.94 -119,943,571.17 -44.76% 相关数据同比发生重大变动的主要影响因素说明 适用 □不适用 （1）经营活动产生的现金流量净额较上期增加1,097.46万元，增加8.95%，主要原因系报告期内公司回款情况的 显著改善，回款较上年有所增长。 （2）投资活动产生的现金流量净额较上期减少9,645.97万元，减少28.72%，主要原因系本期发生股权投资以及其 他长期资产支出较上期增加所致。 （3）筹资活动产生的现金流量净额较上期增加3,188.05万元，增加34.19%。主要原因系本期收到银行借款较上期 增加所致。 报告期内公司经营活动产生的现金净流量与本年度净利润存在重大差异的原因说明 适用 □不适用 报告期内，公司经营活动产生的现金流量净额为 13,363.49 万元，归属于上市公司股东的净利润为-13,813.57 万元， 差异为 27,177.06 万元。主要系公司高度重视对往年应收账款的清理，报告期内持续加大催收力度，优化回款考核机制， 强化责任落实，实施定期跟踪和动态监控，取得显著成",candidate_requires_manual_selection
300872.SZ,天阳科技,revenue,38,营业收入,"2025|10|150,000|0|236,408|0|228,592|8|44,852|45|3,353,411|3,533,071|00.00|38.92|29.72|8.48|24|78|10,408|16|83,437|64|65,471|48|23,646","天阳宏业科技股份有限公司2025年年度报告全文 九、主要控股参股公司分析 适用 □不适用 主要子公司及对公司净利润影响达10%以上的参股公司情况 单位：元 公司名称 公司类型 主要业务 注册资本 总资产 净资产 营业收入 营业利润 净利润 北京银恒通 150,000,0 236,408,0 228,592,8 44,852,45 3,353,411 3,533,071 电子科技有 子公司 信息技术 00.00 38.92 29.72 8.48 .24 .78 限公司 北京鼎信天 10,408,16 83,437,64 65,471,48 23,646,08 5,288,224 4,799,009 威科技有限 子公司 信息技术 3.00 5.17 2.73 2.74 .71 .45 公司 报告期内取得和处置子公司的情况 适用 □不适用 公司名称 报告期内取得和处置子公司方式 对整体生产经营和业绩的影响 天融数智（东莞）科技有限公司 投资设立 无重大影响 杭州天锐阳启科技有限公司 投资设立 无重大影响 深圳市魔数智擎人工智能有限公司 非同一控制下企业合并 无重大影响 深圳魔数智擎科技有限公司 非同一控制下企业合并 无重大影响 合肥魔数智擎科技有限公司 非同一控制下企业合并 无重大影响 南京熤阳融创科技有限公司 注销 无重大影响 主要控股参股公司情况说明 无 十、公司控制的结构化主体情况 □适用 不适用 十一、公司未来发展的展望 1、公司未来发展战略 展望未来，数字经济与金融创新深度融合，人工智能、云计算、大数据等技术持续推动金融行业向智能化、开放化、 全球化升级。公司将紧紧围绕国家数字经济、金融普惠与对外开放战略部署，坚守金融科技与场景运营核心赛道，以技 术创新为引擎、以客户价值为中心、以高质量发展为目标，持续深化核心能力建设，不断拓展业务边界，全面提升综合 竞争力与行业影响力，朝着成为最具业务价值的金融科技和金融场景运营领导者的愿景稳步迈进。 （1）坚持 AI 原生技术引领，筑牢银行数智化转型底座 公司将以 AI 原生为核心技术方向，持续迭代升级银行 AI 原生底座 “天元”，深化人工智能、分布式架构、低代 码开发与模型风险管理能力，推动银行技术架构从传统 IT 向 AI 原生全面演进。依托 “通用大模型 + 金融专属小模 型”双轮驱动模式，持续完善智能体、决策",candidate_requires_manual_selection
300872.SZ,天阳科技,revenue,40,营业收入,"2025|4|9,521|00|2.65|1.99|5|6|82,630|64|17.27|9.85|2025|02|12|2025|01|2025|01|2025|02|20|2025|02|2025","天阳宏业科技股份有限公司2025年年度报告全文 公司对研发、技术、管理、营销等方面人才的需求将大幅上升，对公司人才引进、培养和保留也提出了更高的要求。如 果公司不能制定行之有效的人力资源管理战略，不积极采取有效的应对措施，公司将面临核心技术人员及关键管理人员 流失的风险，公司的经营业绩将会受到影响。 （4）商誉减值风险 截至报告期末，公司商誉账面价值为 9,521.00 万元，占净资产和总资产的比例分别为 2.65%和 1.99%。商誉的可收 回金额取决于相关资产组或资产组组合的未来盈利能力，包括但不限于销售毛利率、销售增长率、折现率等关键参数的 预测。若未来宏观经济形势、市场环境、行业政策发生重大变化，市场竞争加剧导致销售毛利率和净利率下滑，或未来 股东内含报酬率提高导致折现率上升，公司仍可能面临商誉减值风险。公司将持续优化经营管理，提升盈利能力，实现 业务整合与协同发展。 （5）人力成本上升风险 公司所处行业属于技术密集型行业，业务发展需要大量的专业技术人才，且主要经营成本为人力成本。报告期内， 公司员工不断增加、公司人力成本上升。未来，随着公司规模的进一步扩张，员工人数将会继续增加，伴随着城市生活 成本的上升、软件专业技术人才的短缺以及行业内公司对人才的争夺加剧等因素，公司人力成本存在持续上升的风险， 如果人力成本增幅超过营业收入增幅，公司的经营业绩将受到一定的影响。 （6）应收账款发生坏账风险 报告期末，公司应收账款账面净额为 82,630.64 万元，占总资产的比例为 17.27%，占比较上年减少 9.85%。报告期 内公司回款情况的显著改善，回款较上年有所增长，有效推动应收账款的降低。虽然目前应收账款规模仍维持在较高水 平，主要受大客户大型项目执行与验收周期较长影响，但公司客户主要为大型银行类金融机构，信誉度高、资金实力雄 厚，且公司与主要客户保持长期稳定的业务合作关系，回款质量整体良好。未来若客户信用状况发生重大不利变化，或 公司业务规模增长速度超过自身能力范围，将对公司应收账款的回收产生重大影响。 十二、报告期内接待调研、沟通、采访等活动登记表 适用 □不适用 谈论的主要内 调研的基本情 接待时间 接待地点 接待方式 接待对象类型 接待对象 容及提供的资 况索引 料 详见公司在巨 潮资讯网披露 的投资者关系 详见《投资者 活动记录表 2025年02",candidate_requires_manual_selection
300872.SZ,天阳科技,total_assets,60,资产总额,2025|1|2|1|2026|04|24|100.00|100.00|60,天阳宏业科技股份有限公司2025年年度报告全文 十三、报告期内的内部控制制度建设及实施情况 1、内部控制建设及实施情况 报告期内，公司始终秉持严谨合规的经营理念，严格依照相关法律法规的要求，持续对内部控制体系进行动态优化 与完善。通过内部控制体系的持续运行、深入分析，有效地预防经营管理过程中的各类潜在风险，为公司的稳健运营提 供了坚实保障，进一步促进了公司内部控制目标的全面实现，保障了公司持续、健康、稳定发展。 与此同时，公司高度重视内部控制培训与学习工作，积极组织员工参与相关培训课程，通过系统学习，提升员工的 风险防范意识，强化合规经营理念，确保内部控制制度能够切实落地执行。这一举措有效提升了公司的规范运作水平， 为公司的健康可持续发展注入了强大动力。 2、报告期内发现的内部控制重大缺陷的具体情况 □是 否 十四、公司报告期内对子公司的管理控制情况 整合中遇到的 已采取的解决 公司名称 整合计划 整合进展 解决进展 后续解决计划 问题 措施 按照中国证监 会、深圳证券 交易所的相关 法规及上市公 司的《公司章 程》已对标的 深圳市魔数智 公司的机构设 擎人工智能有 置、人员调 已完成 无 不适用 不适用 不适用 限公司 整、内控制 度、财务体系 等方面进行了 指导和规范， 并纳入上市公 司体系统一管 理。 对子公司的管理控制存在异常 □是 否 十五、内部控制评价报告及内部控制审计报告 1、内控评价报告 内部控制评价报告全文披露日期 2026年04月24日 内部控制评价报告全文披露索引 巨潮资讯网（http://www.cninfo.com.cn） 纳入评价范围单位资产总额占公司合 100.00% 并财务报表资产总额的比例 纳入评价范围单位营业收入占公司合 100.00% 并财务报表营业收入的比例 缺陷认定标准 60,candidate_requires_manual_selection
300872.SZ,天阳科技,revenue,60,营业收入,2025|1|2|1|2026|04|24|100.00|100.00|60,天阳宏业科技股份有限公司2025年年度报告全文 十三、报告期内的内部控制制度建设及实施情况 1、内部控制建设及实施情况 报告期内，公司始终秉持严谨合规的经营理念，严格依照相关法律法规的要求，持续对内部控制体系进行动态优化 与完善。通过内部控制体系的持续运行、深入分析，有效地预防经营管理过程中的各类潜在风险，为公司的稳健运营提 供了坚实保障，进一步促进了公司内部控制目标的全面实现，保障了公司持续、健康、稳定发展。 与此同时，公司高度重视内部控制培训与学习工作，积极组织员工参与相关培训课程，通过系统学习，提升员工的 风险防范意识，强化合规经营理念，确保内部控制制度能够切实落地执行。这一举措有效提升了公司的规范运作水平， 为公司的健康可持续发展注入了强大动力。 2、报告期内发现的内部控制重大缺陷的具体情况 □是 否 十四、公司报告期内对子公司的管理控制情况 整合中遇到的 已采取的解决 公司名称 整合计划 整合进展 解决进展 后续解决计划 问题 措施 按照中国证监 会、深圳证券 交易所的相关 法规及上市公 司的《公司章 程》已对标的 深圳市魔数智 公司的机构设 擎人工智能有 置、人员调 已完成 无 不适用 不适用 不适用 限公司 整、内控制 度、财务体系 等方面进行了 指导和规范， 并纳入上市公 司体系统一管 理。 对子公司的管理控制存在异常 □是 否 十五、内部控制评价报告及内部控制审计报告 1、内控评价报告 内部控制评价报告全文披露日期 2026年04月24日 内部控制评价报告全文披露索引 巨潮资讯网（http://www.cninfo.com.cn） 纳入评价范围单位资产总额占公司合 100.00% 并财务报表资产总额的比例 纳入评价范围单位营业收入占公司合 100.00% 并财务报表营业收入的比例 缺陷认定标准 60,candidate_requires_manual_selection
300872.SZ,天阳科技,revenue,61,营业收入,2025|3|1|3|3|1|1|3|1|0|0|0|0|2|2025|12|31|2026|04|24|61,天阳宏业科技股份有限公司2025年年度报告全文 类别 财务报告 非财务报告 公司确定的财务报告内部控制缺陷评 价的定性标准如下： ①重大缺陷：是指一个或多个控制缺 公司确定的非财务报告内部控制缺陷 陷的组合，可能导致企业严重偏离控 评价的定性标准如下： 制目标。出现下列特征的，认定为重 ①具有以下特征的缺陷，认定为重大 大缺陷； 缺陷： A、董事和高级管理人员舞弊； A、公司缺乏民主决策程序； B、注册会计师发现当期财务报告存在 B、公司重要业务缺乏制度控制或制度 重大错报，而内部控制在运行过程中 体系失效； 未能发现该错报； C、公司经营活动严重违反国家法律法 C、审计委员会以及内部审计部门对财 规； 务报告内部控制监督无效； D、中高级管理人员、核心技术人员、 D、对已经公告的财务报告出现的重大 业务人员严重流失。 差错进行错报更正。 ②具有以下特征的缺陷，认定为重要 ②重要缺陷：是指一个或多个控制缺 定性标准 缺陷； 陷的组合，其严重程度和经济后果低 A、公司组织架构、民主决策程序不完 于重大缺陷但仍有可能导致企业偏离 善； 控制目标。出现以下特征的，认定为 B、公司重要业务制度或系统存在缺 重要缺陷： 陷； A、未依照公认会计准则选择和应用会 C、公司内部控制重要或一般缺陷未得 计政策； 到整改； B、未建立反舞弊程序和控制措施； D、公司违反企业内部规章，形成损 C、对于非常规或特殊交易的账务处理 失。 没有建立相应的控制机制或没有实施 ③一般缺陷： 且没有相应的补偿性控制； 除上述重大缺陷，重要缺陷之外的其 D.对于期末财务报告过程的控制存在 他产生一般影响或造成轻微损失的控 一项或多项缺陷且不能合理保证编制 制缺陷。 的财务报表达到真实、准确的目标。 ③一般缺陷：是指除重大缺陷和重要 缺陷之外的其他控制缺陷。 公司确定的非财务报告内部控制缺陷 本公司以来自经常性业务的营业收入 评价的定量标准如下： 为判断财务报告错报（含漏报）重要 公司根据缺陷可能造成直接财产损失 性定量标准，具体如下： 的绝对金额确定重要性标准，具体如 定量标准 重大缺陷：错报≥营业收入3％ 下： 重要缺陷：营业收入1％≤错报＜营 重大缺陷：损失≥营业收入3％ 业收入3％ 重要缺陷：营业收入1％≤损失＜营 一般缺陷：错报＜营业收入1％ 业收入3％。 一般缺陷：损失＜营业收入1％。 财,candidate_requires_manual_selection
300872.SZ,天阳科技,revenue,115,营业收入,"2025|9|10|2|3|2025|8|2025|2025|2026|2,000|882.12|44.11|2026|2027|2027|2,000|115","天阳宏业科技股份有限公司2025年年度报告全文 承诺事由 承诺方 承诺类型 承诺内容 承诺时间 承诺期限 履行情况 及规范关联交 易的承诺自本 企业签字之日 起生效，直至 本企业同天阳 科技无任何关 联关系之日终 止。 9、本企业不 存在尚未了结 的或可预见的 重大诉讼、仲 裁及行政处罚 案件。 10、若违反上 述承诺，本企 业将对由此给 天阳科技造成 的损失作出全 面、及时和足 额的赔偿。 承诺是否按时 是 履行 如承诺超期未 履行完毕的， 应当详细说明 未完成履行的 无 具体原因及下 一步的工作计 划 2、公司资产或项目存在盈利预测，且报告期仍处在盈利预测期间，公司就资产或项目达到原盈利预测 及其原因做出说明 □适用 不适用 3、公司涉及业绩承诺 适用 □不适用 承诺金额（万 实际完成金额 承诺背景 承诺方 承诺期间 承诺指标 完成率（%） 元） （万元） 2025年8月公 深圳市魔数 司增资魔数智 智擎人工智能 擎，标的公 有限公司、深 司、管理层股 圳市魔数智擎 东、柴磊承诺 投资企业(有限 2025年、 魔数智擎2025 合伙)、深圳市 经审计的营业 2026年、 2,000 882.12 44.11% 年、2026年及 魔数科技投资 收入 2027年 2027年期间每 企业(有限合 个会计年度实 伙)、深圳市魔 现的经审计的 数智擎创新投 营业收入不低 资企业(有限合 于2,000万 伙)、柴磊 115",candidate_requires_manual_selection
300872.SZ,天阳科技,revenue,141,营业收入,2025|2026|04|22|2026|0011008063|2025|12|31|2025|2025|12|31|2025|1|1|2|3|1|37|37|2|141,天阳宏业科技股份有限公司2025年年度报告全文 第八节 财务报告 一、审计报告 审计意见类型 标准的无保留意见 审计报告签署日期 2026年04月22日 审计机构名称 大华会计师事务所（特殊普通合伙） 审计报告文号 大华审字[2026]0011008063号 注册会计师姓名 黄羽、林洪毅 审计报告正文 天阳宏业科技股份有限公司全体股东： 一、审计意见 我们审计了天阳宏业科技股份有限公司(以下简称天阳科技)财务报表，包括2025年12月31日的合并及母公司资产 负债表，2025 年度的合并及母公司利润表、合并及母公司现金流量表、合并及母公司股东权益变动表以及相关财务报表 附注。 我们认为，后附的财务报表在所有重大方面按照企业会计准则的规定编制，公允反映了天阳科技2025年12月31日 的合并及母公司财务状况以及2025年度的合并及母公司经营成果和现金流量。 二、形成审计意见的基础 我们按照中国注册会计师审计准则的规定执行了审计工作。审计报告的“注册会计师对财务报表审计的责任”部分 进一步阐述了我们在这些准则下的责任。按照《中国注册会计师独立性准则第 1 号——财务报表审计和审阅业务对独立 性的要求》及中国注册会计师职业道德守则，我们独立于天阳科技，适用了对公众利益实体财务报表审计的独立性要求， 并履行了职业道德方面的其他责任。我们相信，我们获取的审计证据是充分、适当的，为发表审计意见提供了基础。 三、关键审计事项 关键审计事项是我们根据职业判断，认为对本期财务报表审计最为重要的事项。这些事项的应对以对财务报表整体 进行审计并形成审计意见为背景，我们不对这些事项单独发表意见。 我们确定下列事项是需要在审计报告中沟通的关键审计事项。 1.收入确认 2.应收账款减值 3.研发支出资本化 (一)收入确认事项 1.事项描述 天阳科技收入确认会计政策及账面金额信息请参阅合并财务报表附注五、（37）及附注七、注释37。 营业收入是天阳科技的关键业绩指标之一，对财务报表具有重要性，从而存在管理层为了达到特定目标或期望而操 纵收入确认的固有风险，我们将营业收入确认识别为关键审计事项。 2.审计应对 我们对于收入确认所实施的重要审计程序包括： 141,candidate_requires_manual_selection
300872.SZ,天阳科技,revenue,142,营业收入,2025|1|2|3|4|5|6|1|13|2|2|1|2|3|4|5|6|7|1|142,天阳宏业科技股份有限公司2025年年度报告全文 （1）了解和评估管理层对收入确认相关内部控制的设计，并测试了关键控制执行的有效性。 （2）执行分析性复核程序，包括分析主要业务收入变化、主要客户的变化及毛利率的变动。 （3）了解各类业务收入的具体确认方法，评估其是否符合天阳科技业务特点及会计准则的规定，并对各类业务收入 选取样本进行检查。核实是否已取得客户验收单、客户确认的实际工作量等相关资料；对按履约进度确认的收入，检查 是否按既定的方法计算履约进度，及预计总成本的合理性和已发生成本的真实性。 （4）选取资产负债表日前后的收入样本进行截止测试，以评估营业收入是否确认在恰当的会计期间。 （5）函证重要的收入项目，核实营业收入是否真实、记录的期间是否正确。 （6）评估管理层对收入的财务报表披露是否恰当。 (二)应收账款减值事项 1.事项描述 天阳科技与应收账款坏账准备计提相关的会计政策及账面金额信息请参阅合并财务报表附注五、（13）及附注七、 注释2。 天阳科技在单项工具层面能以合理成本评估预期信用损失的充分证据的应收账款单独确定其信用损失。对该等评估 重点关注客户的历史结算记录及当前支付能力，并考虑客户自身及其所处行业的经济环境的特定信息。当在单项工具层 面无法以合理成本评估预期信用损失的充分证据时，管理层参考历史信用损失经验，结合当前状况以及对未来经济状况 的判断，依据信用风险特征将应收账款划分为若干组合，在组合基础上计算预期信用损失。 由于应收账款减值的确定需要管理层识别已发生减值的项目和客观证据、评估预期未来可获取的现金流量并确定其 现值，涉及管理层运用重大会计估计和判断，且应收账款对于财务报表具有重要性，因此，我们将应收账款减值认定为 关键审计事项。 2.审计应对 我们针对应收账款减值所实施的重要审计程序包括： （1）对与应收账款日常管理及可收回性评估相关的内部控制的设计及运行有效性进行了解、评估及测试。这些内部 控制包括客户信用风险评估、应收账款收回流程、对触发应收账款减值的事件的识别及对坏账准备金额的估计等。 （2）我们复核管理层在评估应收账款的可收回性方面的判断及估计，关注管理层是否充分识别已发生减值的项目， 是否已考虑过往的回款记录、实际信用条款的遵守情况，以及对经营环境及行业基准的认知等。 （3）我们抽样检查了管理层未识别出存在潜在减值风险的重要客户,candidate_requires_manual_selection
300872.SZ,天阳科技,total_assets,145,资产合计,"2025|1|2025|12|31|1,148,660,027|63|1,351,168,410|00|826,306,369|18|1,138,592,829|94|43,281,667|94|29,496,148|60|53,173,137|42|66,333,065|40|648,580,882|49|455,963,151|68","天阳宏业科技股份有限公司2025年年度报告全文 二、财务报表 财务附注中报表的单位为：元 1、合并资产负债表 编制单位：天阳宏业科技股份有限公司 2025年12月31日 单位：元 项目 期末余额 期初余额 流动资产： 货币资金 1,148,660,027.63 1,351,168,410.00 结算备付金 拆出资金 交易性金融资产 衍生金融资产 应收票据 应收账款 826,306,369.18 1,138,592,829.94 应收款项融资 预付款项 43,281,667.94 29,496,148.60 应收保费 应收分保账款 应收分保合同准备金 其他应收款 53,173,137.42 66,333,065.40 其中：应收利息 应收股利 买入返售金融资产 存货 648,580,882.49 455,963,151.68 其中：数据资源 合同资产 114,566,204.61 153,737,301.01 持有待售资产 一年内到期的非流动资产 其他流动资产 5,207,851.21 3,521,420.20 流动资产合计 2,839,776,140.48 3,198,812,326.83 非流动资产： 发放贷款和垫款 债权投资 其他债权投资 长期应收款 长期股权投资 155,149,396.34 86,158,736.67 其他权益工具投资 934,904,755.10 266,141,215.19 其他非流动金融资产 投资性房地产 145",candidate_requires_manual_selection
300872.SZ,天阳科技,total_assets,146,资产合计,"2025|180,160,543|00|196,711,649|49|3,829,286|71|3,043,615|02|246,291,378|45|99,723,308|01|278,476,299|05|207,614,932|71|95,210,002|82|94,857,329|31|2,318,405|50|4,450,793|66","天阳宏业科技股份有限公司2025年年度报告全文 项目 期末余额 期初余额 固定资产 180,160,543.00 196,711,649.49 在建工程 生产性生物资产 油气资产 使用权资产 3,829,286.71 3,043,615.02 无形资产 246,291,378.45 99,723,308.01 其中：数据资源 开发支出 278,476,299.05 207,614,932.71 其中：数据资源 商誉 95,210,002.82 94,857,329.31 长期待摊费用 2,318,405.50 4,450,793.66 递延所得税资产 48,308,447.35 40,287,447.37 其他非流动资产 非流动资产合计 1,944,648,514.32 998,989,027.43 资产总计 4,784,424,654.80 4,197,801,354.26 流动负债： 短期借款 523,000,000.00 250,000,000.00 向中央银行借款 拆入资金 交易性金融负债 衍生金融负债 应付票据 20,000,000.00 应付账款 54,425,806.03 45,510,439.50 预收款项 10,857.15 合同负债 104,048,743.24 38,515,315.54 卖出回购金融资产款 吸收存款及同业存放 代理买卖证券款 代理承销证券款 应付职工薪酬 146,143,345.78 137,135,032.74 应交税费 85,825,231.03 107,546,875.91 其他应付款 232,376,800.42 18,156,091.78 其中：应付利息 205,287.50 应付股利 应付手续费及佣金 应付分保账款 持有待售负债 一年内到期的非流动负债 1,530,025.42 51,486,250.13 其他流动负债 流动负债合计 1,167,349,951.92 648,360,862.75 146",candidate_requires_manual_selection
300872.SZ,天阳科技,total_assets,148,资产合计,"2025|38,256,554|53|19,786,281|52|58,570,888|25|64,555,743|69|627,961,593|05|448,735,874|84|97,607,940|81|135,679,918|36|980,681|52|2,714,161,404|35|3,075,461,881|22|670,494,610|40","天阳宏业科技股份有限公司2025年年度报告全文 项目 期末余额 期初余额 预付款项 38,256,554.53 19,786,281.52 其他应收款 58,570,888.25 64,555,743.69 其中：应收利息 应收股利 存货 627,961,593.05 448,735,874.84 其中：数据资源 合同资产 97,607,940.81 135,679,918.36 持有待售资产 一年内到期的非流动资产 其他流动资产 980,681.52 流动资产合计 2,714,161,404.35 3,075,461,881.22 非流动资产： 债权投资 其他债权投资 长期应收款 长期股权投资 670,494,610.40 547,374,519.81 其他权益工具投资 928,219,723.10 259,456,183.19 其他非流动金融资产 投资性房地产 固定资产 165,909,616.21 182,131,147.35 在建工程 生产性生物资产 油气资产 使用权资产 3,829,286.71 3,043,615.02 无形资产 242,184,711.78 99,723,308.01 其中：数据资源 开发支出 258,042,321.15 198,828,341.70 其中：数据资源 商誉 长期待摊费用 2,021,007.42 3,846,078.94 递延所得税资产 44,531,887.95 37,251,846.36 其他非流动资产 非流动资产合计 2,315,233,164.72 1,331,655,040.38 资产总计 5,029,394,569.07 4,407,116,921.60 流动负债： 短期借款 520,000,000.00 240,000,000.00 交易性金融负债 衍生金融负债 应付票据 20,000,000.00 应付账款 280,653,536.79 311,105,085.19 148",candidate_requires_manual_selection
300872.SZ,天阳科技,revenue,150,营业收入,"2025|2025|2024|1,776,871,711|48|1,766,211,579|54|1,776,871,711|48|1,766,211,579|54|1,949,296,589|65|1,749,323,958|66|1,460,611,449|22|1,264,029,435|60|14,882,836|32|11,999,925|96|102,187,893|54","天阳宏业科技股份有限公司2025年年度报告全文 单位：元 项目 2025年度 2024年度 一、营业总收入 1,776,871,711.48 1,766,211,579.54 其中：营业收入 1,776,871,711.48 1,766,211,579.54 利息收入 已赚保费 手续费及佣金收入 二、营业总成本 1,949,296,589.65 1,749,323,958.66 其中：营业成本 1,460,611,449.22 1,264,029,435.60 利息支出 手续费及佣金支出 退保金 赔付支出净额 提取保险责任合同准备金净 额 保单红利支出 分保费用 税金及附加 14,882,836.32 11,999,925.96 销售费用 102,187,893.54 105,263,882.42 管理费用 161,236,324.57 146,317,103.53 研发费用 207,157,545.31 176,937,987.46 财务费用 3,220,540.69 44,775,623.69 其中：利息费用 18,767,580.94 60,814,436.87 利息收入 15,912,944.08 16,657,371.21 加：其他收益 57,261,556.88 54,855,051.59 投资收益（损失以“－”号填 597,782.81 6,477,087.80 列） 其中：对联营企业和合营 -3,009,340.33 1,621,891.45 企业的投资收益 以摊余成本计量的 金融资产终止确认收益 汇兑收益（损失以“-”号填 列） 净敞口套期收益（损失以 “－”号填列） 公允价值变动收益（损失以 “－”号填列） 信用减值损失（损失以“-”号 -16,380,568.24 -10,284,185.66 填列） 资产减值损失（损失以“-”号 -22,296,093.87 -35,453,327.95 填列） 资产处置收益（损失以“-”号 2,954.75 29,030,124.18 填列） 三、营业利润（亏损以“－”号填 -153,239,245.84 61,512,370.84 列） 150",candidate_requires_manual_selection
300872.SZ,天阳科技,net_profit_attributable,151,归属于母公司股东的净利润,"2025|2025|2024|627,826|85|39,927|94|991,292|40|757,300|24|153,602,711|39|60,794,998|54|8,210,596|05|14,389,893|67|145,392,115|34|75,184,892|21|1|145,392,115","天阳宏业科技股份有限公司2025年年度报告全文 项目 2025年度 2024年度 加：营业外收入 627,826.85 39,927.94 减：营业外支出 991,292.40 757,300.24 四、利润总额（亏损总额以“－”号 -153,602,711.39 60,794,998.54 填列） 减：所得税费用 -8,210,596.05 -14,389,893.67 五、净利润（净亏损以“－”号填 -145,392,115.34 75,184,892.21 列） （一）按经营持续性分类 1.持续经营净利润（净亏损以 -145,392,115.34 75,184,892.21 “－”号填列） 2.终止经营净利润（净亏损以 “－”号填列） （二）按所有权归属分类 1.归属于母公司股东的净利润 -138,135,742.49 77,503,842.69 2.少数股东损益 -7,256,372.85 -2,318,950.48 六、其他综合收益的税后净额 252,483,540.93 11,033,150.78 归属母公司所有者的其他综合收益 252,483,540.93 11,033,150.78 的税后净额 （一）不能重分类进损益的其他 252,544,280.28 10,979,046.05 综合收益 1.重新计量设定受益计划变动 额 2.权益法下不能转损益的其他 综合收益 3.其他权益工具投资公允价值 252,544,280.28 10,979,046.05 变动 4.企业自身信用风险公允价值 变动 5.其他 （二）将重分类进损益的其他综 -60,739.35 54,104.73 合收益 1.权益法下可转损益的其他综 合收益 2.其他债权投资公允价值变动 3.金融资产重分类计入其他综 合收益的金额 4.其他债权投资信用减值准备 5.现金流量套期储备 6.外币财务报表折算差额 -60,739.35 54,104.73 7.其他 归属于少数股东的其他综合收益的 税后净额 七、综合收益总额 107,091,425.59 86,218,042.99 归属于母公司所有者的综合收益总 114,347,798.44 88,536,993.47 额 归属于少数股东的综合收益总额 -7,256,372.85 -2,318,950.48 八、每股收益： （一）基本每股收益 -0.",candidate_requires_manual_selection
300872.SZ,天阳科技,revenue,152,营业收入,"2025|4|2025|2024|1,733,872,949|72|1,710,735,476|67|1,472,323,442|52|1,271,748,052|04|14,027,631|09|10,978,389|73|86,100,779|01|91,589,768|98|130,248,779|73|120,344,971|23|192,164,928","天阳宏业科技股份有限公司2025年年度报告全文 4、母公司利润表 单位：元 项目 2025年度 2024年度 一、营业收入 1,733,872,949.72 1,710,735,476.67 减：营业成本 1,472,323,442.52 1,271,748,052.04 税金及附加 14,027,631.09 10,978,389.73 销售费用 86,100,779.01 91,589,768.98 管理费用 130,248,779.73 120,344,971.23 研发费用 192,164,928.80 157,943,049.09 财务费用 2,977,822.04 46,010,112.05 其中：利息费用 18,505,901.71 60,345,103.54 利息收入 15,829,666.24 14,901,707.57 加：其他收益 57,129,918.82 54,672,162.90 投资收益（损失以“－”号填 1,130,136.63 6,953,488.01 列） 其中：对联营企业和合营企 -2,407,736.16 2,094,489.59 业的投资收益 以摊余成本计量的金 融资产终止确认收益（损失以“-”号 填列） 净敞口套期收益（损失以 “－”号填列） 公允价值变动收益（损失以 “－”号填列） 信用减值损失（损失以“-”号 -12,786,626.46 -14,140,392.59 填列） 资产减值损失（损失以“-”号 1,087,421.58 -6,639,342.99 填列） 资产处置收益（损失以“-”号 2,954.75 29,030,843.10 填列） 二、营业利润（亏损以“－”号填 -117,406,628.15 81,997,891.98 列） 加：营业外收入 627,826.75 减：营业外支出 773,746.93 735,459.10 三、利润总额（亏损总额以“－”号 -117,552,548.33 81,262,432.88 填列） 减：所得税费用 -8,267,645.74 -16,669,587.36 四、净利润（净亏损以“－”号填 -109,284,902.59 97,932,020.24 列） （一）持续经营净利润（净亏损以 -109,284,902.59 97,932,020.24 “－”号填列） （",candidate_requires_manual_selection
300872.SZ,天阳科技,total_assets,170,资产总额,2025|37|1|2|1|1|12|31|3|12|4|5|1|0.5|0.5|1|0.5|1|0.5|10|6|1|1|2|3,天阳宏业科技股份有限公司2025年年度报告全文 五、重要会计政策及会计估计 具体会计政策和会计估计提示： 本公司根据生产经营特点确定具体会计政策和会计估计，主要体现在收入的确认（附注五/（37））。 1、遵循企业会计准则的声明 本公司所编制的财务报表符合企业会计准则的要求，真实、完整地反映了报告期公司的财务状况、经营成果、现金 流量等有关信息。 2、会计期间 自公历1月1日至12月31日止为一个会计年度。 3、营业周期 营业周期是指企业从购买用于加工的资产起至实现现金或现金等价物的期间。本公司以12个月作为一个营业周期， 并以其作为资产和负债的流动性划分标准。 4、记账本位币 采用人民币为记账本位币。 境外子公司以其经营所处的主要经济环境中的货币为记账本位币，编制财务报表时折算为人民币。 5、重要性标准确定方法和选择依据 适用 □不适用 项目 重要性标准 重要的账龄超过1年的预付账款 单项金额超过资产总额的0.5% 重要的应收账款 单项金额超过资产总额的0.5% 重要的账龄超过1年的应付账款 单项金额超过资产总额的0.5% 重要的账龄超过1年的其他应付款 单项金额超过资产总额的0.5% 公司将资产总额、收入总额或利润总额超过集团资产总 重要子公司、非全资子公司 额、收入总额或利润总额的10%的子公司确定为重要子公 司、重要非全资子公司 6、同一控制下和非同一控制下企业合并的会计处理方法 1.分步实现企业合并过程中的各项交易的条款、条件以及经济影响符合以下一种或多种情况，将多次交易事项作为 一揽子交易进行会计处理 （1）这些交易是同时或者在考虑了彼此影响的情况下订立的； （2）这些交易整体才能达成一项完整的商业结果； （3）一项交易的发生取决于其他至少一项交易的发生； （4）一项交易单独看是不经济的，但是和其他交易一并考虑时是经济的。 170,candidate_requires_manual_selection
300872.SZ,天阳科技,revenue,232,营业收入,"2025|22,777,458|00|20,004,179|05|671,903,737|71|687,313,363|86|1|2|3|4|5|37|1,774,301,281|30|1,456,584,960|53|1,763,783,785|95|1,259,933,719|52|2,570,430|18","天阳宏业科技股份有限公司2025年年度报告全文 项目 本期 上期 减：对股东的分配 22,777,458.00 20,004,179.05 期末未分配利润 671,903,737.71 687,313,363.86 调整期初未分配利润明细： 1）、由于《企业会计准则》及其相关新规定进行追溯调整，影响期初未分配利润元。 2）、由于会计政策变更，影响期初未分配利润元。 3）、由于重大会计差错更正，影响期初未分配利润元。 4）、由于同一控制导致的合并范围变更，影响期初未分配利润元。 5）、其他调整合计影响期初未分配利润元。 使用资本公积弥补亏损详细情况说明： 37、营业收入和营业成本 单位：元 本期发生额 上期发生额 项目 收入 成本 收入 成本 主营业务 1,774,301,281.30 1,456,584,960.53 1,763,783,785.95 1,259,933,719.52 其他业务 2,570,430.18 4,026,488.69 2,427,793.59 4,095,716.08 合计 1,776,871,711.48 1,460,611,449.22 1,766,211,579.54 1,264,029,435.60 公司报告期内经审计利润总额、净利润、扣除非经常性损益后的净利润三者孰低为负值 是 □否 单位：元 项目 本年度 具体扣除情况 上年度 具体扣除情况 营业收入金额 1,776,871,711.48 1,766,211,579.54 营业收入扣除项目合 2,570,430.18 其他业务收入 2,427,793.59 其他业务收入 计金额 营业收入扣除项目合 计金额占营业收入的 0.14% 0.14% 比重 一、与主营业务无关 的业务收入 1．正常经营之外的其 他业务收入。如出租 固定资产、无形资 产、包装物，销售材 料，用材料进行非货 币性资产交换，经营 2,570,430.18 其他业务收入 2,427,793.59 其他业务收入 受托管理业务等实现 的收入，以及虽计入 主营业务收入，但属 于上市公司正常经营 之外的收入。 与主营业务无关的业 2,570,430.18 2,427,793.59 务收入小计 二、不具备商业实质 的收入 不具备商业实质的收 0.00 0.00 232",candidate_requires_manual_selection
300872.SZ,天阳科技,revenue,233,营业收入,"2025|1,774,301,281|30|0|1,763,783,785|95|1,774,301,281|30|1,456,584,960|53|2,570,430|18|4,026,488|69|1,776,871,711|48|1,460,611,449|22|1,100,766,955|58|880,692,159|48|1,100,766,955|58|880,692,159","天阳宏业科技股份有限公司2025年年度报告全文 入小计 营业收入扣除后金额 1,774,301,281.30 0 1,763,783,785.95 营业收入、营业成本的分解信息： 单位：元 合同 主营业务收入 其他业务收入 合计 分类 营业收入 营业成本 营业收入 营业成本 营业收入 营业成本 业务 1,774,301,281.30 1,456,584,960.53 2,570,430.18 4,026,488.69 1,776,871,711.48 1,460,611,449.22 类型 其 中： 技术 1,100,766,955.58 880,692,159.48 1,100,766,955.58 880,692,159.48 开发 技术 614,810,935.96 529,342,326.27 614,810,935.96 529,342,326.27 服务 咨询 26,216,840.78 16,638,630.05 26,216,840.78 16,638,630.05 服务 系统 32,506,548.98 29,911,844.73 32,506,548.98 29,911,844.73 集成 其他 业务 2,570,430.18 4,026,488.69 2,570,430.18 4,026,488.69 收入 按经 营地 1,774,301,281.30 1,456,584,960.53 2,570,430.18 4,026,488.69 1,776,871,711.48 1,460,611,449.22 区分 类 其 中： 华东 480,741,538.76 380,671,265.24 480,741,538.76 380,671,265.24 地区 华北 845,560,835.49 713,905,607.54 127,952.30 116,066.30 845,688,787.79 714,021,673.84 地区 华南 203,760,913.67 162,755,678.08 2,442,477.88 3,910,422.39 206,203,391.55 166,666,100.47 地区 西南 78,773,360.35 61,279,697.13 78,773,360.35 61,279,697.13 地区 华中 67,46",candidate_requires_manual_selection
300872.SZ,天阳科技,revenue,234,营业收入,"2025|147,125,648|19|113,798,580|55|147,125,648|19|113,798,580|55|96,301,187|71|96,067,627|20|127,952|30|116,066|30|96,429,140|01|96,183,693|50|1,774,301,281|30|1,456,584,960|53","天阳宏业科技股份有限公司2025年年度报告全文 合同 主营业务收入 其他业务收入 合计 分类 营业收入 营业成本 营业收入 营业成本 营业收入 营业成本 非银 行金 147,125,648.19 113,798,580.55 147,125,648.19 113,798,580.55 融机 构 非金 融机 96,301,187.71 96,067,627.20 127,952.30 116,066.30 96,429,140.01 96,183,693.50 构 按销 售渠 1,774,301,281.30 1,456,584,960.53 2,570,430.18 4,026,488.69 1,776,871,711.48 1,460,611,449.22 道分 类 其 中： 直销 1,774,301,281.30 1,456,584,960.53 2,570,430.18 4,026,488.69 1,776,871,711.48 1,460,611,449.22 合计 1,774,301,281.30 1,456,584,960.53 2,570,430.18 4,026,488.69 1,776,871,711.48 1,460,611,449.22 与履约义务相关的信息： 公司承担的预 公司提供的质 履行履约义务 重要的支付条 公司承诺转让 是否为主要责 项目 期将退还给客 量保证类型及 的时间 款 商品的性质 任人 户的款项 相关义务 其他说明 与分摊至剩余履约义务的交易价格相关的信息： 本报告期末已签订合同、但尚未履行或尚未履行完毕的履约义务所对应的收入金额为1,881,472,384.17元，其中， 1,680,446,386.41元预计将于2026年度确认收入，169,376,666.06元预计将于2027年度确认收入，31,649,331.70元 预计将于2028年度确认收入。 合同中可变对价相关信息： 重大合同变更或重大交易价格调整 单位：元 项目 会计处理方法 对收入的影响金额 其他说明： 38、税金及附加 单位：元 项目 本期发生额 上期发生额 城市维护建设税 7,218,889.72 5,514,138.57 教育费附加 5,162,832.79 3,938,673.03 房产税 1,504,456.36 1,444,895.86 印花税",candidate_requires_manual_selection
300872.SZ,天阳科技,total_assets,254,资产总额,"2025|734,239,723|10|200,665,032|00|934,904,755|10|734,239,723|10|200,665,032|00|934,904,755|10|2|1|3|2|1|2|3|4|4|3|5|1","天阳宏业科技股份有限公司2025年年度报告全文 单位：元 期末公允价值 项目 第一层次公允价值计 第二层次公允价值计 第三层次公允价值计 合计 量 量 量 一、持续的公允价值 -- -- -- -- 计量 （一）其他权益工具 734,239,723.10 200,665,032.00 934,904,755.10 投资 持续以公允价值计量 734,239,723.10 200,665,032.00 934,904,755.10 的资产总额 二、非持续的公允价 -- -- -- -- 值计量 2、持续和非持续第一层次公允价值计量项目市价的确定依据 第1层次：是在计量日能够取得的相同资产或负债在活跃市场上未经调整的报价； 3、持续和非持续第二层次公允价值计量项目，采用的估值技术和重要参数的定性及定量信息 第2层次：是除第一层次输入值外相关资产或负债直接或间接可观察的输入值； 第二层次输入值包括：1）活跃市场中类似资产或负债的报价；2）非活跃市场中相同或类似资产或负债的报价；3） 除报价以外的其他可观察输入值，包括在正常报价间隔期间可观察的利率和收益率曲线、隐含波动率和信用利差等；4） 市场验证的输入值等。 4、持续和非持续第三层次公允价值计量项目，采用的估值技术和重要参数的定性及定量信息 第3层次：是相关资产或负债的不可观察输入值。 公司持有的以成本计量的、在活跃市场中没有报价且其公允价值不能可靠计量的其他权益工具投资，无活跃市场上 未经调整的报价，也无直接或间接可观察的输入值，故采用第三层次输入值。 以被投资单位期末净资产作为评估其公允 价值的重要参考依据。对被投资单位期末净资产基本能体现其公允价值的，以其净资产作为评估公允价值的基数；对被 投资单位期末净资产不能体现其公允价值的，在考虑市场参与者对相关资产或负债定价时所使用的假设的基础上进行调 整。 5、不以公允价值计量的金融资产和金融负债的公允价值情况 不以公允价值计量的金融资产和负债主要包括：应收款项、短期借款、应付款项、一年内到期的非流动负债和长期 借款。 上述不以公允价值计量的金融资产和负债的账面价值与公允价值相差很小。 十四、关联方及关联交易 1、本企业的母公司情况 母公司对本企业 母公司对本企业 母公司名称 注册地 业务性质 注册资本 的持股比例 的表决权比例 254",candidate_requires_manual_selection
300872.SZ,天阳科技,revenue,270,营业收入,"2025|3|4|1,730,832,795|69|1,467,815,343|98|1,707,555,853|24|1,266,888,620|12|3,040,154|03|4,508,098|54|3,179,623|43|4,859,431|92|1,733,872,949|72|1,472,323,442|52|1,710,735,476|67","天阳宏业科技股份有限公司2025年年度报告全文 前述信息与以前年度减值测试采用的信息或外部信息明显不一致的差异原因 公司以前年度减值测试采用信息与当年实际情况明显不一致的差异原因 （3） 其他说明 4、营业收入和营业成本 单位：元 本期发生额 上期发生额 项目 收入 成本 收入 成本 主营业务 1,730,832,795.69 1,467,815,343.98 1,707,555,853.24 1,266,888,620.12 其他业务 3,040,154.03 4,508,098.54 3,179,623.43 4,859,431.92 合计 1,733,872,949.72 1,472,323,442.52 1,710,735,476.67 1,271,748,052.04 营业收入、营业成本的分解信息： 单位：元 合同 主营业务收入 其他业务收入 合计 分类 营业收入 营业成本 营业收入 营业成本 营业收入 营业成本 业务 1,730,832,795.69 1,467,815,343.98 3,040,154.03 4,508,098.54 1,733,872,949.72 1,472,323,442.52 类型 其 中： 技术 1,082,162,458.19 895,328,977.91 1,082,162,458.19 895,328,977.91 开发 技术 612,944,856.60 539,452,605.93 612,944,856.60 539,452,605.93 服务 咨询 4,743,867.94 3,974,837.14 4,743,867.94 3,974,837.14 服务 系统 30,981,612.96 29,058,923.00 30,981,612.96 29,058,923.00 集成 其他 业务 3,040,154.03 4,508,098.54 3,040,154.03 4,508,098.54 收入 按经 营地 1,730,832,795.69 1,467,815,343.98 3,040,154.03 4,508,098.54 1,733,872,949.72 1,472,323,442.52 区分 类 其 中： 华北 830,247,212.49 726,136,085.13 597,676.15 597,67",candidate_requires_manual_selection
300872.SZ,天阳科技,revenue,271,营业收入,"2025|10,476,710|70|9,940,027|70|10,476,710|70|9,940,027|70|1,730,832,795|69|1,467,815,343|98|3,040,154|03|4,508,098|54|1,733,872,949|72|1,472,323,442|52|1,492,345,361|02|1,251,911,456|29","天阳宏业科技股份有限公司2025年年度报告全文 合同 主营业务收入 其他业务收入 合计 分类 营业收入 营业成本 营业收入 营业成本 营业收入 营业成本 地区 港澳 台及 10,476,710.70 9,940,027.70 10,476,710.70 9,940,027.70 海外 地区 市场 或客 1,730,832,795.69 1,467,815,343.98 3,040,154.03 4,508,098.54 1,733,872,949.72 1,472,323,442.52 户类 型 其 中： 银行 金融 1,492,345,361.02 1,251,911,456.29 2,442,477.88 3,910,422.39 1,494,787,838.90 1,255,821,878.68 机构 非银 行金 146,105,824.99 122,209,968.20 146,105,824.99 122,209,968.20 融机 构 非金 融机 92,381,609.68 93,693,919.49 597,676.15 597,676.15 92,979,285.83 94,291,595.64 构 按销 售渠 1,730,832,795.69 1,467,815,343.98 3,040,154.03 4,508,098.54 1,733,872,949.72 1,472,323,442.52 道分 类 其 中： 直销 1,730,832,795.69 1,467,815,343.98 3,040,154.03 4,508,098.54 1,733,872,949.72 1,472,323,442.52 合计 1,730,832,795.69 1,467,815,343.98 3,040,154.03 4,508,098.54 1,733,872,949.72 1,472,323,442.52 与履约义务相关的信息： 公司承担的预 公司提供的质 履行履约义务 重要的支付条 公司承诺转让 是否为主要责 项目 期将退还给客 量保证类型及 的时间 款 商品的性质 任人 户的款项 相关义务 其他说明 与分摊至剩余履约义务的交易价格相关的信息： 本报告期末已签订合同、但尚未履行或尚未履行完毕的履约义务所对应的收入金额为1,829,681,723.79元，其中",candidate_requires_manual_selection
688590.SH,新致软件,revenue,7,营业收入,"2025|2025|2024|2023|2,106,579,792|56|1,995,198,312|45|5.58|1,682,692,866|75|2,035,000,465|96|1,993,255,488|90|2.09|1,680,746,528|87|111,392,992|66|6,042,114|94|1,943|61|73,055,586","上海新致软件股份有限公司2025年年度报告 六、近三年主要会计数据和财务指标 (一) 主要会计数据 单位：元 币种：人民币 本期比上年同 主要会计数据 2025年 2024年 2023年 期增减(%) 营业收入 2,106,579,792.56 1,995,198,312.45 5.58 1,682,692,866.75 扣除与主营业务无关 的业务收入和不具备 2,035,000,465.96 1,993,255,488.90 2.09 1,680,746,528.87 商业实质的收入后的 营业收入 利润总额 -111,392,992.66 6,042,114.94 -1,943.61 73,055,586.25 归属于上市公司股东 -127,365,589.93 8,092,740.19 -1,673.83 68,615,164.59 的净利润 归属于上市公司股东 的扣除非经常性损益 -138,582,271.60 -4,114,434.67 不适用 43,266,042.31 的净利润 经营活动产生的现金 -103,816,658.79 38,542,609.87 -369.36 85,943,227.17 流量净额 本期末比上年 2025年末 2024年末 同期末增减（ 2023年末 %） 归属于上市公司股东 1,357,187,530.97 1,458,211,222.60 -6.93 1,444,712,446.66 的净资产 总资产 3,210,084,146.61 3,103,402,623.66 3.44 2,699,689,831.86 (二) 主要财务指标 2025 2024 本期比上年同期增减 2023 主要财务指标 年 年 (%) 年 基本每股收益（元／股） -0.48 0.03 -1,700.00 0.29 稀释每股收益（元／股） -0.48 0.03 -1,700.00 0.29 扣除非经常性损益后的基本每股收益（元／ -0.53 -0.02 2,550.00 0.18 股） 加权平均净资产收益率（%） -9.05 0.56 减少9.61个百分点 5.25 扣除非经常性损益后的加权平均净资产收益 -9.84 -0.28 减少9.56个百分点 3.31 率（%） 研发投入占营业收入的比例（%） 9.58 8.85 增加0.73个百分点 10",candidate_requires_manual_selection
688590.SH,新致软件,revenue,8,营业收入,"2025|6.07|2|3|4|1,730|02|2,711|22|4,441|24|1.04|369.36|1|2|2025|1|3|4|6|7|9|10|12|434,173,272","上海新致软件股份有限公司2025年年度报告 率下降6.07个百分点，利润同步下滑；（2）创新业务的拓展不及预期：公司在拓展新市场与构建 新业态方面进行了战略性投入，特别是在人工智能一体机及大模型应用的探索上，但受行业特性、 市场环境影响，相关产品规模化商业落地需要一定时间周期。目前该业务营业收入有所增长，但 规模依然较小，相关项目定制化程度较高，收入确认依赖客户验收，易受客户预算与决策周期影 响，导致新业务的盈利情况未达预期；（3）持续研发投入：公司为进一步增强核心竞争力，积极 抢抓人工智能技术的历史新机遇，强化相关技术的研发投入，上述投入一定程度上影响了当期利 润。（4）本年度计提可转换债券利息费用1,730.02万元，股权激励费用2,711.22万元，对公司当 期利润共影响4,441.24万元。 经营活动产生的现金流量净额为-1.04亿元，下降369.36%，主要是由于：（1）传统业务部分 客户回款不及预期；（2）报告期内，公司收入大幅增长的创新业务所需前期投入所致。 七、境内外会计准则下会计数据差异 (一) 同时按照国际会计准则与按中国会计准则披露的财务报告中净利润和归属于上市公司股东 的净资产差异情况 □适用 √不适用 (二) 同时按照境外会计准则与按中国会计准则披露的财务报告中净利润和归属于上市公司股东 的净资产差异情况 □适用 √不适用 (三) 境内外会计准则差异的说明： □适用 √不适用 八、2025年分季度主要财务数据 单位：元 币种：人民币 第一季度 第二季度 第三季度 第四季度 （1-3月份） （4-6月份） （7-9月份） （10-12月份） 营业收入 434,173,272.66 462,917,501.27 542,025,964.73 667,463,053.90 归属于上市公司股东的 15,727,920.77 14,625,138.36 668,862.74 -158,387,511.80 净利润 归属于上市公司股东的 扣除非经常性损益后的 14,778,815.30 4,192,268.10 -2,915,457.80 -154,637,897.20 净利润 经营活动产生的现金流 -201,825,862.64 -90,062,889.93 -30,585,029.83 218,657,123.61 量净额 季度数据与已披露定期报告",candidate_requires_manual_selection
688590.SH,新致软件,revenue,10,营业收入,"2025|210,657|98|199,519|83|7,157|93|194.28|3.40|0.10|1|172.54|194.28|2|3|4|5|6|6,985|39|7,157|93|194.28|10|252","上海新致软件股份有限公司2025年年度报告 十、营业收入扣除情况表 单位：万元 币种：人民币 项目 本年度 具体扣除情况 上年度 具体扣除情况 营业收入金额 210,657.98 199,519.83 营业收入扣除项目合计金额 7,157.93 194.28 营业收入扣除项目合计金额占营业收入的比重 3.40 / 0.10 / （%） 一、与主营业务无关的业务收入 1.正常经营之外的其他业务收入。如出租固定资 产、无形资产、包装物，销售材料，用材料进行非 货币性资产交换，经营受托管理业务等实现的收 172.54 房屋租赁收入等 194.28 房屋租赁收入等 入，以及虽计入主营业务收入，但属于上市公司正 常经营之外的收入。 2.不具备资质的类金融业务收入，如拆出资金利息 收入；本会计年度以及上一会计年度新增的类金融 业务所产生的收入，如担保、商业保理、小额贷 款、融资租赁、典当等业务形成的收入，为销售主 营产品而开展的融资租赁业务除外。 3.本会计年度以及上一会计年度新增贸易业务所产 生的收入。 4.与上市公司现有正常经营业务无关的关联交易产 生的收入。 5.同一控制下企业合并的子公司期初至合并日的收 入。 6.未形成或难以形成稳定业务模式的业务所产生的 6,985.39 运营商增值服务等 收入。 与主营业务无关的业务收入小计 7,157.93 194.28 二、不具备商业实质的收入 10/252",candidate_requires_manual_selection
688590.SH,新致软件,revenue,11,营业收入,"2025|1|2|3|4|5|6|203,500|05|199,325|55|11|252","上海新致软件股份有限公司2025年年度报告 1.未显著改变企业未来现金流量的风险、时间分布 或金额的交易或事项产生的收入。 2.不具有真实业务的交易产生的收入。如以自我交 易的方式实现的虚假收入，利用互联网技术手段或 其他方法构造交易产生的虚假收入等。 3.交易价格显失公允的业务产生的收入。 4.本会计年度以显失公允的对价或非交易方式取得 的企业合并的子公司或业务产生的收入。 5.审计意见中非标准审计意见涉及的收入。 6.其他不具有商业合理性的交易或事项产生的收 入。 不具备商业实质的收入小计 三、与主营业务无关或不具备商业实质的其他收入 营业收入扣除后金额 203,500.05 199,325.55 11/252",candidate_requires_manual_selection
688590.SH,新致软件,revenue,17,营业收入,"2025|3|5|5|109|2024|21.07|5.58|1.27|1,673|83|1.39|1|6.07|2|3|17|252","上海新致软件股份有限公司2025年年度报告 3）全面实施“人工智能+”行动，加强人工智能同科技创新、产业发展、文化建设、民生保 障、社会治理相结合，抢占人工智能产业应用制高点，全方位赋能千行百业。规划纲要提出促进 制造业“智改数转网联”，实施智能制造工程和工业互联网创新发展工程。推动工业互联网平台 内嵌AI能力，打造“5G+工业互联网”升级版，为企业提供“平台+智能体”的新型服务。 （5） 对比“十四五”规划，“十五五”规划呈现几个显著的升级方向： 从“数字化”到“数智化”的范式跃迁。规划首次将“数字化”提升为“数智化”，将“提 升数智化发展水平”单独成篇，系统部署算力、算法、数据三位一体的新型基础设施体系。纲要 在数字中国篇中首次系统阐述了算力、算法、数据三大要素的协同供给路径，标志着中国从数字 经济规模扩张转向数智生产力深度渗透的新阶段。 从“培育未来产业”到“建立全链条培育体系”。“十五五”规划明确提出构建未来产业全 链条培育体系，并提出“建立未来产业投入增长和风险分担机制”，标志着未来产业发展已从概 念探索进入制度化推进的全新阶段。工信部已表示将做好统筹谋划和前瞻布局，健全技术预见机 制，统筹有序推进未来产业先导区建设，引导各地因地制宜、错位发展未来产业。 从“单一基础设施”到“系统工程化统筹”。新型基础设施建设首次被纳入109项重大工程 项目，全国一体化算力网位列首项。从“东数西算”的物理堆叠走向“全国一张网”的逻辑一体， 算力基础设施正从单纯的硬件建设升级为涵盖“算力+算法+数据+应用”的系统工程。 从“推动开放”到“拓展规则话语权”。规划积极提出人工智能、数字经济等新兴领域国际 规则的中国方案，标志着中国从数字经济的技术应用者向全球规则制定者的角色升级。 二、经营情况讨论与分析 自2024年确立“全面拥抱人工智能”发展战略以来，公司持续推动人工智能技术与核心业务深 度融合，不断加快软件产品的创新迭代，有效提升了市场核心竞争力。与此同时，公司积极布局 新业务领域，重点发力基础算力业务与创新流量业务，稳步拓展业务版图。公司坚信，通过一系 列战略布局与落地实施，将在新一轮技术变革与市场竞争中抢占先机、赢得主动。 报告期内，公司实现营业总收入21.07亿元，同比上升5.58%；归属于上市公司股东的净亏损 1.27亿元，同比下降1,673.83%；归属于上市公司",candidate_requires_manual_selection
688590.SH,新致软件,revenue,28,营业收入,"2025|201,915,041|01|176,501,191|67|14.40|9.58|8.85|0.74|14.40|13.72|0.68|3|1|4,000|00|1,507|66|2,041|62|2|400.00|204.97|204.97|2.0","上海新致软件股份有限公司2025年年度报告 研发投入合计 201,915,041.01 176,501,191.67 14.40 研发投入总额占营业收入比例（%） 9.58 8.85 增加0.74个百分点 研发投入资本化的比重（%） 14.40 13.72 增加0.68个百分点 研发投入总额较上年发生重大变化的原因 □适用 √不适用 研发投入资本化的比重大幅变动的原因及其合理性说明 □适用 √不适用 3、 在研项目情况 √适用 □不适用 单位：万元 序 项目 预计总投 本期投入 累计投入 技术 进展或阶段性成果 拟达到目标 具体应用前景 号 名称 资规模 金额 金额 水平 建设司法行业垂直大模 完成司法大模型训 服务于法官、律师、 型平台，开发智能辅助 新致司 练、类案检索、文 法律学者及公众， 办案系统，实现复议案 国内 法行业 书自动生成、案件 推动公检法司领域 件的快速受理、智能分 行业 1 垂直大 4,000.00 1,507.66 2,041.62 要素抽取、智能法 的数字化与智能化 析（如案件要素自动抽 领先 模型平 条推荐等核心功能 转型，解决司法资 取、类案及法条推荐）和 水平 台软件 开发，完成系统集 源分配与判案效率 文书自动生成，提升办 成与联调 问题。 案效率与公正性。 广泛应用于娱乐、 完成文生图、图生 运用大模型技术提升图 广告、时尚、建筑设 图、扩图、去除图 片生成速度与效率，降 国内 计及证件照生成等 新致AI 片背景、去除图片 低图片创作门槛；实现 行业 行业，帮助非专业 2 生图软 400.00 204.97 204.97 文字、后台参数管 文本转图像、扩图、去背 领先 开发者或设计师快 件V2.0 理、用户权限管理 景等功能，提供个性化 水平 速产出高质量图 等功能开发 绘图体验。 像，实现设计产业 的智能化升级。 面向金融机构（特 完成风控知识库构 提供全面的风控解决方 别是保险公司的一 智能业 建、业务流程SOP 案，实现业务流程SOP 国内 线业务和合规部 务合规 生成、智能核验、 自动生成、风险点智能 行业 门），提供实时风险 3 1,500.00 693.29 693.29 指导机 制度检索、智能问 识别、内外制度自动核 领先 识别和智能问答， 器人 答、规章自动撰写 验及规章自动撰写与更 水平 大幅降低合规处罚 与更",candidate_requires_manual_selection
688590.SH,新致软件,revenue,30,营业收入,"2025|21.07|5.58|1.27|1,673|83|1.39|1|6.07|2|3|4|1,730|02|2,711|22|4,441|24|1|30|252","上海新致软件股份有限公司2025年年度报告 四、风险因素 (一) 尚未盈利的风险 □适用 √不适用 (二) 业绩大幅下滑或亏损的风险 √适用 □不适用 报告期内，公司实现营业收入21.07亿元人民币，同比上升5.58%；归属于上市公司股东的净 亏损1.27亿元，同比下降1,673.83%；归属于上市公司股东的扣除非经常性损益的净亏损1.39亿 元。主要是由于：（1）传统业务IT解决方案收缩：公司下游金融及相关行业竞争加剧，近年来 首次出现一定规模的降价趋势；由于业务体量下降，公司主动对人员结构进行了优化和调整，相 关安置、合规成本增加。上述综合因素导致公司整体毛利率下降6.07个百分点，利润同步下滑； （2）创新业务的拓展不及预期：公司在拓展新市场与构建新业态方面进行了战略性投入，特别是 在人工智能一体机及大模型应用的探索上，但受行业特性、市场环境影响，相关产品规模化商业 落地需要一定时间周期。目前该业务营业收入有所增长，但规模依然较小，相关项目定制化程度 较高，收入确认依赖客户验收，易受客户预算与决策周期影响，导致新业务的盈利情况未达预期； （3）持续研发投入：公司为进一步增强核心竞争力，积极抢抓人工智能技术的历史新机遇，强化 相关技术的研发投入，上述投入一定程度上影响了当期利润。（4）本年度计提可转换债券利息费 用1,730.02万元，股权激励费用2,711.22万元，对公司当期利润共影响4,441.24万元。 公司核心竞争力没有发生重大不利影响，为此，公司继续加大研发投入，提升公司核心竞争 力，并对组织管理进行优化，同时，公司还将通过投资及拓展新产品线的方式丰富公司业务来源， 确保降低业绩下降的风险。若公司战略转型进展不及预期，新业务拓展未能及时形成规模收入， 或宏观经济环境、下游行业需求发生不利变化，公司未来经营业绩可能面临进一步下滑的风险。 (三) 核心竞争力风险 √适用 □不适用 不断加大研发投入、持续提高软件开发服务的产品化程度和技术水平，是提高公司盈利能力 的根本因素。报告期内，公司对新一代信息技术开始集中投入，研发投入的效果尚未充分显现。 在未来经营过程中，如果公司不能持续加大研发投入或者研发投入的效果不及预期，公司的技术 能力将不能持续提高，将面临核心竞争力下降，经营业绩无法持续增长的风险。针对上述风险， 公司将加强对市场需求的研究，保持灵活的研",candidate_requires_manual_selection
688590.SH,新致软件,revenue,31,营业收入,"2025|2|1|118,855|26|56.42|2|5.672|64|1,320|55|600.00|1,140|00|1,230|41|1,028|63|1|31|252","上海新致软件股份有限公司2025年年度报告 地处上海，人工成本较高，且呈逐年增长趋势。由于公司业绩对人工成本的变动较为敏感，如果 未来人工成本的上升速度大于人均产值的增速，则公司的毛利率水平将会有下降的风险，将对公 司经营业绩产生较大不利影响。 2、人员流失对公司业务经营和管理带来的不利影响 作为软件开发企业，人才对公司的发展至关重要，随着软件和信息技术服务行业规模逐渐扩 大，企业间人才的争夺日益激烈。公司人员流失带来了对外招聘和员工培训等成本的额外增加， 以及业务团队磨合期的延长，可能对软件服务的执行效率和管理效率带来一定程度的不利影响。 在未来的经营过程中，如果公司的关键技术人员和核心销售人员出现较多流失，且无法在较短时 间内招聘到合格的继任者，将给公司经营活动带来较大的不利影响。 针对上述风险，公司根据战略目标、经营目标要求，建立规范的人力资源体系制度有效保障 了公司各项业务的高效运营和整体稳固发展。公司坚持“日新以致远”的理念，“快乐工作、幸 福生活”的企业文化、为员工提供安全、舒适的工作环境，关注员工身心健康。 (五) 财务风险 √适用 □不适用 1、应收账款发生坏账损失的风险 报告期期末，公司应收账款净额为118,855.26万元，占当期营业收入的比例56.42%。公司客 户大部分为保险、银行、电信公司等，如果未来其财务状况发生持续恶化或宏观经济出现疲软， 公司应收账款存在规模持续增加，甚至发生较大实际损失的风险，从而对公司的经营性现金流和 净利润产生较大不利影响。 2、商誉减值风险 报告期期末，公司合并资产负债表中商誉的账面价值为5.672.64万元，主要系公司收购日本 亿蓝德、百果信息、成都万全、深圳恒道和重庆顺利所产生的，账面价值为1,320.55万元、600.00 万元、1,140.00万元、1,230.41万元和1,028.63万元。如果未来宏观经济、政治环境、市场条件、 产业政策或其他不可抗力等外部因素发生重大不利变化，上述公司未能适应前述变化，则可能对 上述公司的持续经营产生不利影响，进而可能使公司面临商誉减值的风险，从而对公司经营业绩 产生不利影响。 针对上述风险，公司将持续优化组织架构和管理流程，通过业务、管理培训、引进高端管理 人才等各种措施与被并购企业进行有效的资源整合，以发挥公司间的协同效应，尽力保证被并购 企业的市场竞争力及持续",candidate_requires_manual_selection
688590.SH,新致软件,revenue,32,营业收入,"2025|2|1|2,106,579,792|56|1,995,198,312|45|5.58|1,703,042,617|85|1,491,939,246|78|14.15|32|252","上海新致软件股份有限公司2025年年度报告 加剧，近年来首次出现一定规模的降价趋势，若未来市场竞争进一步加剧，或者金融机构经营策 略出现失误且在较长时间内未能进行调整，则可能影响金融机构盈利能力，迫使金融机构降低信 息系统建设预算，对公司经营业绩产生重大不利影响。 2、公司向金融机构提供的解决方案集中度较高的风险 目前，公司向金融机构提供的解决方案集中在保险渠道解决方案、金融大数据解决方案、保 险核心类解决方案、金融市场代客交易解决方案、金融风控预警监控解决方案、银行卡系统解决 方案、银行支付、清算与托管系统解决方案。金融机构软件开发服务供应商众多，竞争激烈，同 时具有产品迭代快，客户需求及行业监管政策变化快等特点。若公司在该领域的竞争力下降，或 公司提供的解决方案需求下降，则可能对公司经营业绩产生重大不利影响。 针对上述风险，公司通过不断提升产品的技术水平，完善产品的各方面功能，巩固公司现有 业务市场竞争地位，形成有自身特色的各类型产品和相应的竞争实力。另一方面，公司除了继续 夯实现有核心客户外，还将充分挖掘中小金融机构市场空间，抢占新的盈利增长点，提高抗风险 能力和持续盈利能力。 (七) 宏观环境风险 √适用 □不适用 公司主要客户集中在保险业和银行业，这些客户所在的行业与宏观经济紧密相关，且为国民 经济的核心支柱产业，对宏观经济波动的敏感度较高。尽管目前宏观经济稳步发展，保险业和银 行业发展较为稳定，但若宏观经济出现波动或增速减慢，将影响本公司下游客户的业务需求，从 而可能造成本公司主营业务收入的波动。 (八) 存托凭证相关风险 □适用 √不适用 (九) 其他重大风险 □适用 √不适用 五、报告期内主要经营情况 报告期内的公司主要经营情况详见本报告“第三节 管理层讨论与分析”之“一、经营情况讨 论与分析”的相关内容。 (一) 主营业务分析 1、 利润表及现金流量表相关科目变动分析表 单位：元 币种：人民币 科目 本期数 上年同期数 变动比例（%） 营业收入 2,106,579,792.56 1,995,198,312.45 5.58 营业成本 1,703,042,617.85 1,491,939,246.78 14.15 32/252",candidate_requires_manual_selection
688590.SH,新致软件,revenue,33,营业收入,"2025|138,439,442|17|124,963,545|24|10.78|122,759,980|07|119,745,572|90|2.52|47,686,941|41|49,463,188|55|3.59|172,848,444|53|152,291,331|77|13.50|103,816,658|79|38,542,609|87","上海新致软件股份有限公司2025年年度报告 销售费用 138,439,442.17 124,963,545.24 10.78 管理费用 122,759,980.07 119,745,572.90 2.52 财务费用 47,686,941.41 49,463,188.55 -3.59 研发费用 172,848,444.53 152,291,331.77 13.50 经营活动产生的现金流量净额 -103,816,658.79 38,542,609.87 -369.36 投资活动产生的现金流量净额 -74,885,895.06 -399,060,484.71 不适用 筹资活动产生的现金流量净额 249,127,701.96 306,815,284.83 -18.80 营业收入变动原因说明：主要系国内数字化经济建设发展迅速，公司加大在AIGC应用方向投 入，公司创新业务增长所致； 营业成本变动原因说明：主要系报告期内IT解决方案业务客户单价下降，虽然公司整体收入规 模上升，但成本上升速度高于收入； 销售费用变动原因说明：主要系报告期内公司全面拥抱人工智能，从原有的IT服务向产品转 型，扩张了产品销售团队及售前团队，并增加了市场营销投入，导致销售费用增长； 管理费用变动原因说明：主要系报告期内公司不断扩大人才队伍，导致管理费用增长； 财务费用变动原因说明：主要系报告期内贷款利率降低，相关利息支出减少所致； 研发费用变动原因说明：主要系报告期内公司加大AIGC为主的新一代信息技术行业解决方案的 相关研发投入所致； 经营活动产生的现金流量净额变动原因说明：主要系报告期内创新业务收入增加，增加了项目前 期投入，相应收入款项暂未收回所致； 投资活动产生的现金流量净额变动原因说明：主要系上年同期公司支付购楼款及装修款所致； 本期公司业务类型、利润构成或利润来源发生重大变动的详细说明 □适用 √不适用 2、 收入和成本分析 □适用 √不适用 (1). 主营业务分行业、分产品、分地区、分销售模式情况 单位：万元 币种：人民币 主营业务分行业情况 营业收入 营业成本 毛利率比 毛利率 分行业 营业收入 营业成本 比上年增 比上年增 上年增减 （%） 减（%） 减（%） （%） 金融-保险 减少6.28 78,235.39 60,949.08 22.10 7.45 16.88 行业 个百分点 ",candidate_requires_manual_selection
688590.SH,新致软件,revenue,34,营业收入,"2025|0.24|34,707|31|32,629|63|5.99|158.31|158.96|5.40|9,788|13|9,059|71|7.44|8.59|2.93|6.34|204,608|93|164,975|74|19.37|6.46|15.55","上海新致软件股份有限公司2025年年度报告 减少0.24 创新业务 34,707.31 32,629.63 5.99 158.31 158.96 个百分点 IT产品销 减少5.40 售及增值 9,788.13 9,059.71 7.44 -8.59 -2.93 个百分点 服务 主营业务分地区情况 营业收入 营业成本 毛利率比 毛利率 分地区 营业收入 营业成本 比上年增 比上年增 上年增减 （%） 减（%） 减（%） （%） 减少6.34 国内 204,608.93 164,975.74 19.37 6.46 15.55 个百分点 减少0.31 国外 5,876.51 5,175.76 11.92 -17.57 -17.28 个百分点 主营业务分销售模式情况 营业收入 营业成本 毛利率比 毛利率 销售模式 营业收入 营业成本 比上年增 比上年增 上年增减 （%） 减（%） 减（%） （%） 减少6.07 直接销售 210,485.44 170,151.50 19.16 5.60 14.17 个百分点 主营业务分行业、分产品、分地区、分销售模式情况的说明 无 (1). 产销量情况分析表 □适用 √不适用 (2). 重大采购合同、重大销售合同的履行情况 □适用 √不适用 (3). 成本分析表 单位：万元币种：人民币 分行业情况 本期占总 上年同期占 本期金额较上年 成本构 上年同期 情况 分行业 本期金额 成本比例 总成本比例 同期变动比例 成项目 金额 说明 (%) (%) (%) 职工薪 34,235.56 20.12 37,172.29 24.94 -7.90 酬 技术服 为补充公司区域交付能力， 务采购 4,004.50 2.35 3,021.50 2.03 32.53 增加了相关技术服务外采； 支出 外采服 公司加大与保险行业客户在 金融-保险 19,831.09 11.65 9,821.29 6.59 101.92 务支出 场景运营中的合作； 行业 执行费 1,225.07 0.72 1,277.21 0.86 -4.08 用 房租及 当年分摊的固定资产及无形 1,629.27 0.96 855.21 0.57 90.51 折旧 资产累计折旧增加； 软硬件 部分客户解决方案增加部分 23.59 0.01 - 0.00 / 采购 软硬件需求； 职工薪 28,9",candidate_requires_manual_selection
688590.SH,新致软件,revenue,36,营业收入,"2025|7,347|85|4.32|7,114|22|4.77|3.28|4|5|6|51,393|16|24.40|0.00|0.00|1|17,458|92|8.29|2|15,091|11|7.16|3","上海新致软件股份有限公司2025年年度报告 软硬件 7,347.85 4.32 7,114.22 4.77 3.28 采购 成本分析其他情况说明 无 (4). 报告期主要子公司股权变动导致合并范围变化 □适用 √不适用 (5). 公司报告期内业务、产品或服务发生重大变化或调整有关情况 □适用 √不适用 (6). 主要销售客户及主要供应商情况 属于同一控制人控制的客户或供应商视为同一客户或供应商合并列示，受同一国有资产管理机构 实际控制的除外。 下列客户及供应商信息按照同一控制口径合并计算列示的情况说明 前五大客户及供应商信息按照同一控制口径合并计算。 A.公司主要销售客户情况 √适用 □不适用 前五名客户销售额51,393.16万元，占年度销售总额24.40%；其中前五名客户销售额中关联方销 售额0.00万元，占年度销售总额0.00%。 公司前五名客户 √适用 □不适用 单位：万元币种：人民币 占年度销售总额比例 是否与上市公司存在 序号 客户名称 销售额 （%） 关联关系 1 客户一 17,458.92 8.29 否 2 客户二 15,091.11 7.16 否 3 客户三 6,409.21 3.04 否 4 客户四 6,292.28 2.99 否 5 客户五 6,141.64 2.92 否 合计 / 51,393.16 24.40 / 报告期内向单个客户的销售比例超过总额的50%、前5名客户中存在新增客户的或严重依赖于 少数客户的情形 □适用 √不适用 报告期内公司贸易业务收入占营业收入比例超过10%的贸易业务前五名销售客户 □适用 √不适用 B.公司主要供应商情况 √适用 □不适用 前五名供应商采购额38,406.56万元，占年度采购总额38.63%；其中前五名供应商采购额中关联 方采购额0.00万元，占年度采购总额0.00%。 公司前五名供应商 √适用 □不适用 单位：万元币种：人民币 36/252",candidate_requires_manual_selection
688590.SH,新致软件,revenue,37,营业收入,"2025|1|21,455|04|21.58|2|6,677|93|6.72|3|3,866|94|3.89|4|3,253|10|3.27|5|3,153|54|3.17|38,406|56|38.63|50","上海新致软件股份有限公司2025年年度报告 占年度采购总额比例 是否与上市公司存在 序号 供应商名称 采购额 （%） 关联关系 1 供应商一 21,455.04 21.58 否 2 供应商二 6,677.93 6.72 否 3 供应商三 3,866.94 3.89 否 4 供应商四 3,253.10 3.27 否 5 供应商五 3,153.54 3.17 否 合计 / 38,406.56 38.63 / 报告期内向单个供应商的采购比例超过总额的50%、前5名供应商中存在新增供应商的或严重 依赖于少数供应商的情形 □适用 √不适用 报告期内公司贸易业务收入占营业收入比例超过10%的贸易业务前五名供应商 □适用 √不适用 C.报告期内公司存在贸易业务收入 □适用 √不适用 3、 费用 √适用 □不适用 科目 本期数 上年同期数 变动比例（%） 销售费用 138,439,442.17 124,963,545.24 10.78 管理费用 122,759,980.07 119,745,572.90 2.52 财务费用 47,686,941.41 49,463,188.55 -3.59 研发费用 172,848,444.53 152,291,331.77 13.50 4、 现金流 √适用 □不适用 科目 变动比例 本期数 上年同期数 （%） 经营活动产生的现金流量净额 -103,816,658.79 38,542,609.87 -369.36 投资活动产生的现金流量净额 -74,885,895.06 -399,060,484.71 不适用 筹资活动产生的现金流量净额 249,127,701.96 306,815,284.83 -18.80 (二) 非主营业务导致利润重大变化的说明 □适用 √不适用 (三) 资产、负债情况分析 √适用 □不适用 1、 资产及负债状况 单位：元 币种：人民币 本期期末 上期期末 本期期末 项目 数占总资 数占总资 金额较上 本期期末数 上期期末数 情况说明 名称 产的比例 产的比例 期期末变 （%） （%） 动比例 37/252",candidate_requires_manual_selection
688590.SH,新致软件,revenue,44,营业收入,2025|1|2018|1.0|3|5|2|44|252,上海新致软件股份有限公司2025年年度报告 六、公司关于公司未来发展的讨论与分析 (一) 行业格局和趋势 √适用 □不适用 详见本报告“第三节管理层讨论与分析”之“一、报告期内公司所从事的主要业务、经营模式、 行业情况及研发情况说明”之“（三）所处行业情况”。 (二) 公司发展战略 √适用 □不适用 新致软件秉承“日新以致远”的发展理念，强调公司立足于从勤于省身、及时反省和不断革新 的经营理念，在确保自身稳定发展的前提下来达成长远发展目标。公司致力于成为中国一流的IT 服务供应商，为客户提供安全、健康、持续优化的软件服务。具体发展战略包括： 1、提升公司核心竞争力 首先，核心竞争力是公司稳步发展的基石。在可见的周期内，IT服务和软件智能体的并存现 象预期依然会维持，为了满足全球范围内客户的多样化需求，公司业务始终专注于这两者，并视 之为自身发展的核心竞争力。其次，公司业务分为“量制期利”的四类商业模式，这是根据客户需 求，公司提供不同的收费模式，确保每块业务都能精准满足客户的特定需求。现在的业务中定量、 定制比重较高，以后要加强以软件产品、SaaS服务、流量服务为主的定期、定利模式，提升这类 业务的规模及在公司营业收入中的占比。最后，技术领先是持续发展的重要推动力。目前，算力 平台、人工智能及开源软件这三项技术正在推动公司快速发展。首先，算力平台将是未来人工智 能时代公司发展的基础，公司在2018年就建设了新致基础云1.0，虽然公有云近年来高速发展， 新致这类技术公司应该在算力平台上保持独立性，随着技术的不断进步和基础云行业的持续发展， 新致不断优化这一平台，并以此为基础为客户提供更多附加价值，包括为大客户提供算力平台建 设、中小客户提供软硬件一体的“企业大脑”等。其次，人工智能方面，新知人工智能平台是新致 自建的技术运营载体，和传统业务比，人工智能业务尚处在萌芽期，随着算力规模提升，成本下 降，未来3-5年各行业必然涌现出明显的AIGC需求，这是未来的趋势，已经做好大力投入发展 的准备。再次，开源软件方面，过去的开源软件主要集中在操作系统、数据库、中间件等基础软 件，在应用软件领域较少，公司从去年开始尝试在医疗行业提供开源医疗软件，经过一年多的发 展，今年计划将开源从医疗延伸至全行业，发布全新的开源企业软件。 2、聚焦IT服务、IT流量和IT共享 自公司创立以来，,candidate_requires_manual_selection
688590.SH,新致软件,revenue,46,营业收入,2025|3|2026|7|3|46|252,上海新致软件股份有限公司2025年年度报告 3、客户与市场发展计划 整体来看，进一步提升产品、流量、算力的营业收入规模及在营业收入中的比重是2026年公 司专业化发展的主旋律。 分行业来看，金融行业方面，公司将继续深入拓展向银行、保险等重点行业大客户，提升大 客户的销售、经营和市场占有率，大客户市场份额是提升公司业务发展的重点，持续提升公司在 行业的品牌优势地位；坚持研发投入，巩固公司优势产品的领先地位，利用公司品牌、市场和产 品线的优势，向行业内所有客户推广更有价值的整体解决方案，提升优势产品的市场竞争力和占 有率。 企服行业方面，公司将加大在运营商、政企、汽车、零售领域的投入，为行业客户提供更加 多样的产品和服务，并积极与金融行业合作，从原有的软件开发服务向行业双向合作运营模式进 行探索，赋能更多的企业客户。 (四) 其他 □适用 √不适用 第四节 公司治理、环境和社会 一、公司治理相关情况说明 √适用 □不适用 公司依据相关法律、法规的要求，并结合业务经营具体情况，建立健全了由公司股东会、董 事会高级管理人员组成的治理结构，形成了权力机构、决策机构、监督机构和管理层的相互协调 和制衡机制，为公司高效、稳健经营提供了组织保证。公司股东会是公司的最高权力机构，董事 会是公司的日常决策机构，由7名董事组成，其中独立董事3名。董事会下设战略委员会、提名 委员会、薪酬与考核委员会及审计委员会四个专门委员会。董事会向股东会负责，对公司经营活 动中的重大事项进行审议，并做出决定或提交股东会审议。公司总经理、董事会秘书、财务负责 人等高级管理人员由董事会聘任，在董事会的领导下，全面负责公司的日常经营管理活动。 报告期内，公司不断完善法人治理结构，根据《公司法》《关于新<公司法>配套制度规则 实施相关过渡期安排》《上市公司章程指引》等法律、法规及规范性文件的规定，并结合公司实 际情况，依法取消了监事会，由董事会审计委员会行使《公司法》规定的监事会的职权，《监事 会议事规则》相应废止；同时对《公司章程》《股东会议事规则》《董事会议事规则》《董事会 专门委员会工作制度》等相关制度进行修订。 报告期内，公司股东会、董事会的召开、表决程序符合有关法律、法规的要求，且均严格按 照相关法律法规，履行各自的权利和义务，公司重大生产经营决策、投资决策及财务决策均按照 《公司章程》及有关内控制度,candidate_requires_manual_selection
688590.SH,新致软件,revenue,57,营业收入,"2025|10|0.35|10|0|9,110,005|38|127,365,589|93|9,110,005|38|127,365,589|93|84,194,128|09|1|38,823,118|93|2|30,856,905|81|69,680,024|74|3|1","上海新致软件股份有限公司2025年年度报告 每10股派息数（元）（含税） 0.35 每10股转增数（股） 0 现金分红金额（含税） 9,110,005.38 合并报表中归属于上市公司普通股股东的净利 -127,365,589.93 润 现金分红金额占合并报表中归属于上市公司普 不适用 通股股东的净利润的比率（%） 以现金方式回购股份计入现金分红的金额 合计分红金额（含税） 9,110,005.38 合计分红金额占合并报表中归属于上市公司普 不适用 通股股东的净利润的比率（%） (五) 最近三个会计年度现金分红情况 √适用 □不适用 单位：元币种：人民币 最近一个会计年度合并报表中归属于上市公司普通股 -127,365,589.93 股东的净利润 最近一个会计年度母公司报表年度末未分配利润 84,194,128.09 最近三个会计年度累计现金分红金额（含税）(1) 38,823,118.93 最近三个会计年度累计回购并注销金额(2) 30,856,905.81 最近三个会计年度现金分红和回购并注销累计金额 69,680,024.74 (3)=(1)+(2) 最近三个会计年度年均净利润金额(4) -17,653,652.62 最近三个会计年度现金分红比例（%）(5)=(3)/(4) 不适用 最近三个会计年度累计研发投入金额 553,971,004.10 最近三个会计年度累计研发投入占累计营业收入比例 9.58 (%) 十一、公司股权激励计划、员工持股计划或其他员工激励措施的情况及其影响 (一) 股权激励总体情况 √适用 □不适用 1、报告期内股权激励计划方案 单位：元币种：人民币 标的股票 标的股票数 激励对 激励对象人数 授予标的股 计划名称 激励方式 数量 量占比(%) 象人数 占比(%) 票价格 2023年限制性 第二类限 10,100,000 4.15 29 0.45 14.89 股票激励计划 制性股票 注1：2023年限制性股票激励计划的标的股票数量占比的计算公式分母为激励计划草案公告时的 公司股本总额243,167,906股。 注2：2023年限制性股票激励计划中的激励对象人数占比的计算公式分母为2023年12月31日 公司总人数6,406人。 57/252",candidate_requires_manual_selection
688590.SH,新致软件,total_assets,93,资产总额,"2025|2022|9|27|100.00|4,848,100|2022|11|2|4,848,100|2028|9|26|2025|12|31|285,678,000|26,785,379|262,897,552|2026|001|13,269|16,767|0|0","上海新致软件股份有限公司2025年年度报告 二、证券发行与上市情况 (一)截至报告期内证券发行情况 √适用 □不适用 单位：股币种：人民币 发行价格 股票及其衍生 获准上市 交易终止 发行日期 （或利 发行数量 上市日期 证券的种类 交易数量 日期 率） 可转换公司债券、分离交易可转债、公司债类 可转换债券 2022-9-27 100.00 4,848,100 2022-11-2 4,848,100 2028-9-26 截至报告期内证券发行情况的说明（存续期内利率不同的债券，请分别说明）： □适用 √不适用 无 (一)公司股份总数及股东结构变动及公司资产和负债结构的变动情况 √适用 □不适用 截至2025年12月31日，“新致转债”累计共有人民币285,678,000元转换为公司股票，累 计转股数量26,785,379股，报告期末，公司总股本为262,897,552股。具体情况详见公司在上海 证券交易所网站（www.sse.com.cn）披露的《上海新致软件股份有限公司关于可转债转股结果暨 股份变动的公告》（2026-001）。报告期内可转债转股后公司资产总额、净资产、资产负债率等 财务指标相应变化。详见本报告“第八节财务报告”。 三、股东和实际控制人情况 (一) 股东总数 截至报告期末普通股股东总数(户) 13,269 年度报告披露日前上一月末的普通股股东总数 16,767 (户) 截至报告期末表决权恢复的优先股股东总数 0 （户） 年度报告披露日前上一月末表决权恢复的优先 0 股股东总数（户） 截至报告期末持有特别表决权股份的股东总数 0 （户） 年度报告披露日前上一月末持有特别表决权股 0 份的股东总数（户） 存托凭证持有人数量 □适用 √不适用 (二) 截至报告期末前十名股东、前十名流通股东（或无限售条件股东）持股情况表 单位：股 前十名股东持股情况（不含通过转融通出借股份） 93/252",candidate_requires_manual_selection
688590.SH,新致软件,total_assets,104,资产合计,"2025|2026|4|28|2025|12|31|2025|12|31|2024|12|31|578,261,264|48|499,131,464|30|40,307,259|35|58,481,175|16|2,616,157|40|750,500|00","上海新致软件股份有限公司2025年年度报告 少数情形下，如果合理预期在审计报告中沟通某事项造成的负面后果超过在公众利益方面产生的 益处，我们确定不应在审计报告中沟通该事项。 立信会计师事务所 中国注册会计师：邵振宇 （特殊普通合伙） （项目合伙人） 中国注册会计师：翁秀波 中国•上海 2026年4月28日 二、财务报表 合并资产负债表 2025年12月31日 编制单位：上海新致软件股份有限公司 单位：元币种：人民币 项目 附注 2025年12月31日 2024年12月31日 流动资产： 货币资金 578,261,264.48 499,131,464.30 结算备付金 拆出资金 交易性金融资产 40,307,259.35 58,481,175.16 衍生金融资产 应收票据 2,616,157.40 750,500.00 应收账款 1,188,552,559.86 1,251,657,728.83 应收款项融资 2,510,575.39 5,337,332.01 预付款项 6,551,049.99 6,842,235.28 应收保费 应收分保账款 应收分保合同准备金 其他应收款 26,290,100.90 30,311,349.87 其中：应收利息 应收股利 买入返售金融资产 存货 473,076,459.66 376,257,731.49 其中：数据资源 合同资产 1,508,610.70 持有待售资产 一年内到期的非流动资产 19,346,666.43 3,682,099.06 其他流动资产 33,407,530.33 27,850,518.69 流动资产合计 2,370,919,623.79 2,261,810,745.39 非流动资产： 发放贷款和垫款 债权投资 其他债权投资 104/252",candidate_requires_manual_selection
688590.SH,新致软件,total_assets,105,资产合计,"2025|4,088,568|91|5,686,226|52|34,275,603|34|31,158,108|56|27,852,756|41|27,734,325|33|489,131,365|96|502,603,553|63|5,287,605|50|6,737,564|32|64,736,346|62|77,306,155|05","上海新致软件股份有限公司2025年年度报告 长期应收款 长期股权投资 4,088,568.91 5,686,226.52 其他权益工具投资 34,275,603.34 31,158,108.56 其他非流动金融资产 27,852,756.41 27,734,325.33 投资性房地产 固定资产 489,131,365.96 502,603,553.63 在建工程 生产性生物资产 油气资产 使用权资产 5,287,605.50 6,737,564.32 无形资产 64,736,346.62 77,306,155.05 其中：数据资源 开发支出 22,170,239.56 16,003,868.23 其中：数据资源 商誉 56,726,427.91 72,166,582.83 长期待摊费用 51,491,551.82 52,383,673.54 递延所得税资产 17,557,956.87 41,832,574.98 其他非流动资产 65,846,099.92 7,979,245.28 非流动资产合计 839,164,522.82 841,591,878.27 资产总计 3,210,084,146.61 3,103,402,623.66 流动负债： 短期借款 1,080,729,043.56 759,354,504.69 向中央银行借款 拆入资金 交易性金融负债 衍生金融负债 3,391,110.00 应付票据 应付账款 54,040,752.94 115,243,446.62 预收款项 合同负债 28,029,938.55 19,684,423.96 卖出回购金融资产款 吸收存款及同业存放 代理买卖证券款 代理承销证券款 应付职工薪酬 112,089,137.98 107,128,198.48 应交税费 59,529,694.78 70,254,792.37 其他应付款 26,565,231.52 13,772,080.00 其中：应付利息 应付股利 应付手续费及佣金 应付分保账款 持有待售负债 一年内到期的非流动负债 16,330,493.15 17,298,712.50 其他流动负债 3,365,817.62 2,581,896.77 流动负债合计 1,384,071,220.10 1,105,318,055.39 非流动负债： 保险合同准备金 长期借款 228,1",candidate_requires_manual_selection
688590.SH,新致软件,total_assets,107,资产合计,"2025|394,525,522|24|286,947,755|66|4,878,890|82|5,769,592|37|2,358,265,716|95|2,039,607,444|28|446,235,661|66|362,207,376|71|27,852,756|41|27,734,325|33|434,923,078|16|446,469,500|25","上海新致软件股份有限公司2025年年度报告 其中：应收利息 应收股利 存货 394,525,522.24 286,947,755.66 其中：数据资源 合同资产 持有待售资产 一年内到期的非流动资产 其他流动资产 4,878,890.82 5,769,592.37 流动资产合计 2,358,265,716.95 2,039,607,444.28 非流动资产： 债权投资 其他债权投资 长期应收款 长期股权投资 446,235,661.66 362,207,376.71 其他权益工具投资 其他非流动金融资产 27,852,756.41 27,734,325.33 投资性房地产 固定资产 434,923,078.16 446,469,500.25 在建工程 生产性生物资产 油气资产 使用权资产 688,769.15 1,772,264.27 无形资产 60,771,837.47 63,517,681.22 其中：数据资源 开发支出 22,170,239.56 16,003,868.23 其中：数据资源 商誉 长期待摊费用 42,999,211.13 49,231,622.21 递延所得税资产 24,246,395.67 其他非流动资产 8,334,255.43 259,245.28 非流动资产合计 1,043,975,808.97 991,442,279.17 资产总计 3,402,241,525.92 3,031,049,723.45 流动负债： 短期借款 1,061,263,671.33 693,000,000.00 交易性金融负债 衍生金融负债 3,391,110.00 应付票据 应付账款 489,401,972.71 465,041,875.31 预收款项 合同负债 20,465,363.20 5,114,805.27 应付职工薪酬 83,154,578.12 77,943,702.95 应交税费 26,213,410.85 33,294,554.82 其他应付款 44,353,517.78 25,081,986.19 其中：应付利息 应付股利 持有待售负债 一年内到期的非流动负债 10,093,441.00 12,077,471.70 其他流动负债 1,965,119.81 304,535.82 107/252",candidate_requires_manual_selection
688590.SH,新致软件,revenue,108,营业收入,"2025|1,740,302,184|80|1,311,858,932|06|222,136,130|00|230,636,130|00|160,212,803|60|147,808,986|56|333,630|22|178,355|04|3,780,000|00|4,580,000|00|386,462,563|82|383,203,471|60","上海新致软件股份有限公司2025年年度报告 流动负债合计 1,740,302,184.80 1,311,858,932.06 非流动负债： 长期借款 222,136,130.00 230,636,130.00 应付债券 160,212,803.60 147,808,986.56 其中：优先股 永续债 租赁负债 333,630.22 178,355.04 长期应付款 长期应付职工薪酬 预计负债 递延收益 3,780,000.00 4,580,000.00 递延所得税负债 其他非流动负债 非流动负债合计 386,462,563.82 383,203,471.60 负债合计 2,126,764,748.62 1,695,062,403.66 所有者权益（或股东权益）： 实收资本（或股本） 262,897,552.00 265,217,244.00 其他权益工具 78,374,555.94 79,587,965.92 其中：优先股 永续债 资本公积 813,966,280.79 805,655,842.36 减：库存股 6,989,852.90 61,713,799.81 其他综合收益 专项储备 盈余公积 43,034,113.38 43,034,113.38 未分配利润 84,194,128.09 204,205,953.94 所有者权益（或股东权益）合 1,275,476,777.30 1,335,987,319.79 计 负债和所有者权益（或股东 3,402,241,525.92 3,031,049,723.45 权益）总计 公司负责人：郭玮主管会计工作负责人：钱亚敏会计机构负责人：胡慧 合并利润表 2025年1—12月 单位：元币种：人民币 项目 附注 2025年度 2024年度 一、营业总收入 2,106,579,792.56 1,995,198,312.45 其中：营业收入 2,106,579,792.56 1,995,198,312.45 利息收入 已赚保费 手续费及佣金收入 二、营业总成本 2,197,049,919.54 1,947,085,745.77 其中：营业成本 1,703,042,617.85 1,491,939,246.78 利息支出 手续费及佣金支出 退保金 108/252",candidate_requires_manual_selection
688590.SH,新致软件,net_profit_attributable,109,归属于母公司股东的净利润,"2025|12,272,493|51|8,682,860|53|138,439,442|17|124,963,545|24|122,759,980|07|119,745,572|90|172,848,444|53|152,291,331|77|47,686,941|41|49,463,188|55|49,062,540|21|51,412,130|30","上海新致软件股份有限公司2025年年度报告 赔付支出净额 提取保险责任准备金净额 保单红利支出 分保费用 税金及附加 12,272,493.51 8,682,860.53 销售费用 138,439,442.17 124,963,545.24 管理费用 122,759,980.07 119,745,572.90 研发费用 172,848,444.53 152,291,331.77 财务费用 47,686,941.41 49,463,188.55 其中：利息费用 49,062,540.21 51,412,130.30 利息收入 1,767,182.69 2,768,130.61 加：其他收益 12,836,063.31 20,119,747.04 投资收益（损失以“－”号填列） 3,367,448.32 -556,062.13 其中：对联营企业和合营企业的投 -207,222.77 -1,807,487.04 资收益 以摊余成本计量的金融资产终 止确认收益 汇兑收益（损失以“－”号填列） 净敞口套期收益（损失以“-”号填 列） 公允价值变动收益（损失以“－”号 -2,032,668.09 -5,205,742.93 填列） 信用减值损失（损失以“-”号填列） -23,407,664.05 -49,207,519.74 资产减值损失（损失以“-”号填列） -10,481,514.40 -5,346,481.18 资产处置收益（损失以“－”号填 -39,701.63 749,549.63 列） 三、营业利润（亏损以“－”号填列） -110,228,163.52 8,666,057.37 加：营业外收入 114,292.55 12,477.78 减：营业外支出 1,279,121.69 2,636,420.21 四、利润总额（亏损总额以“－”号填列） -111,392,992.66 6,042,114.94 减：所得税费用 23,848,403.77 3,128,452.84 五、净利润（净亏损以“－”号填列） -135,241,396.43 2,913,662.10 （一）按经营持续性分类 1.持续经营净利润（净亏损以“－”号 -135,241,396.43 2,913,662.10 填列） 2.终止经营净利润（净亏损以“－”号 填列） （二）按所有权归属分类 1.归属于母",candidate_requires_manual_selection
688590.SH,新致软件,revenue,110,营业收入,"2025|3|1,326,806|96|574,552|39|4|2|218,701|02|502,140|47|1|2|3|4|5|6|218,701|02|502,140|47|7|135,332|14","上海新致软件股份有限公司2025年年度报告 （3）其他权益工具投资公允价值变动 -1,326,806.96 -574,552.39 （4）企业自身信用风险公允价值变动 2．将重分类进损益的其他综合收益 -218,701.02 -502,140.47 （1）权益法下可转损益的其他综合收益 （2）其他债权投资公允价值变动 （3）金融资产重分类计入其他综合收益 的金额 （4）其他债权投资信用减值准备 （5）现金流量套期储备 （6）外币财务报表折算差额 -218,701.02 -502,140.47 （7）其他 （二）归属于少数股东的其他综合收益 -135,332.14 的税后净额 七、综合收益总额 -136,922,236.55 1,836,969.24 （一）归属于母公司所有者的综合收益 -128,911,097.91 7,016,047.33 总额 （二）归属于少数股东的综合收益总额 -8,011,138.64 -5,179,078.09 八、每股收益： （一）基本每股收益(元/股) -0.48 0.03 （二）稀释每股收益(元/股) -0.48 0.03 本期发生同一控制下企业合并的，被合并方在合并前实现的净利润为：0.00元,上期被合并方实现 的净利润为：0.00元。 公司负责人：郭玮主管会计工作负责人：钱亚敏会计机构负责人：胡慧 母公司利润表 2025年1—12月 单位：元币种：人民币 项目 附注 2025年度 2024年度 一、营业收入 1,313,754,495.86 1,434,335,239.91 减：营业成本 1,041,147,666.51 1,111,650,238.61 税金及附加 9,920,486.66 5,248,125.27 销售费用 90,473,619.45 72,390,889.36 管理费用 74,502,299.98 65,585,982.61 研发费用 130,185,413.79 96,012,568.03 财务费用 46,102,512.46 47,399,655.34 其中：利息费用 47,633,981.71 49,073,792.54 利息收入 1,636,505.49 2,503,787.12 加：其他收益 9,985,623.08 16,157,235.60 投资收益（损失以“－”号 -2,079,873.43 ",candidate_requires_manual_selection
688590.SH,新致软件,total_assets,120,资产总额,2025|2|34|1|2025|12|31|2025|2|1|1|12|31|3|12|4|5|2|800|2|800|2|800|30|10,上海新致软件股份有限公司2025年年度报告 2、 持续经营 √适用 □不适用 本财务报表以持续经营为基础编制。 五、重要会计政策及会计估计 具体会计政策和会计估计提示： √适用 □不适用 以下披露内容已涵盖了本公司根据实际生产经营特点制定的具体会计政策和会计估计。详见 本报告“第八节财务报告”之“五、重要会计政策及会计估计”之“34.收入”。 1、 遵循企业会计准则的声明 本财务报表符合财政部颁布的企业会计准则的要求，真实、完整地反映了本公司2025年12 月31日的合并及母公司财务状况以及2025年度的合并及母公司经营成果和现金流量。 2、 会计期间 自公历1月1日起至12月31日止为一个会计年度。 3、 营业周期 √适用 □不适用 本公司营业周期为12个月。 4、 记账本位币 本公司采用人民币为记账本位币。本公司下属子公司根据其经营所处的主要经济环境确定其 记账本位币，新致创新株式会社、新致亿蓝德株式会社、新致创新资本株式会社的记账本位币为 日元。本财务报表以人民币列示。 5、 重要性标准确定方法和选择依据 √适用 □不适用 项目 重要性标准 单项账面余额占应收款项总余额比例超过2%， 重要的单项计提坏账准备的应收账款 或金额大于800万元 单项账面余额占应收款项总余额比例超过2%， 重要的应收款项坏账准备收回或转回 或金额大于800万元 单项账面余额占应收款项总余额比例超过2%， 本期重要的应收款项核销 或金额大于800万元 合同资产账面价值变动金额占期初合同资产 合同资产账面价值发生重大变动 余额的30%以上 重要的子公司 将资产总额超过集团总资产总额的10%的子公 120/252,candidate_requires_manual_selection
688590.SH,新致软件,revenue,200,营业收入,"2025|58|59|43,034,113|38|43,034,113|38|43,034,113|38|43,034,113|38|60|347,992,338|01|370,985,656|50|347,992,338|01|370,985,656|50|127,365,589|93|8,092,740|19|1,372,945","上海新致软件股份有限公司2025年年度报告 58、 专项储备 □适用 √不适用 59、 盈余公积 √适用 □不适用 单位：元币种：人民币 项目 期初余额 本期增加 本期减少 期末余额 法定盈余公积 43,034,113.38 43,034,113.38 合计 43,034,113.38 43,034,113.38 盈余公积说明，包括本期增减变动情况、变动原因说明： 无 60、 未分配利润 √适用 □不适用 单位：元币种：人民币 项目 本期 上期 调整前上期末未分配利润 347,992,338.01 370,985,656.50 调整期初未分配利润合计数（调增+，调减－） 调整后期初未分配利润 347,992,338.01 370,985,656.50 加：本期归属于母公司所有者的净利润 -127,365,589.93 8,092,740.19 减：提取法定盈余公积 1,372,945.13 提取任意盈余公积 提取一般风险准备 应付普通股股利 9,110,005.38 29,713,113.55 转作股本的普通股股利 期末未分配利润 211,516,742.70 347,992,338.01 调整期初未分配利润明细： 1、由于《企业会计准则》及其相关新规定进行追溯调整，影响期初未分配利润0.00元。 2、由于会计政策变更，影响期初未分配利润0.00元。 3、由于重大会计差错更正，影响期初未分配利润0.00元。 4、由于同一控制导致的合并范围变更，影响期初未分配利润0.00元。 5、其他调整合计影响期初未分配利润0.00元。 61、 营业收入和营业成本 (1). 营业收入和营业成本情况 √适用 □不适用 单位：元币种：人民币 本期发生额 上期发生额 项目 收入 成本 收入 成本 主营业务 2,104,854,388.51 1,701,515,042.72 1,993,255,488.90 1,490,358,532.92 其他业务 1,725,404.05 1,527,575.13 1,942,823.55 1,580,713.86 合计 2,106,579,792.56 1,703,042,617.85 1,995,198,312.45 1,491,939,246.78 200/252",candidate_requires_manual_selection
688590.SH,新致软件,revenue,201,营业收入,"2025|2|1,601,134,868|58|97,881,333|70|347,073,108|40|58,765,077|83|2,046,089,310|68|58,765,077|83|2,046,556,494|83|58,297,893|68|2,104,854,388|51|3|4|5|62|3,967,396","上海新致软件股份有限公司2025年年度报告 (2). 营业收入、营业成本的分解信息 √适用 □不适用 单位：元币种：人民币 合计 合同分类 营业收入 商品类型 IT解决方案 1,601,134,868.58 IT产品销售 97,881,333.70 创新业务 347,073,108.40 软件开发外包 58,765,077.83 按经营地分类 国内 2,046,089,310.68 国外 58,765,077.83 按商品转让的时间分类 在某一时点确认 2,046,556,494.83 在某一时段内确认 58,297,893.68 合计 2,104,854,388.51 其他说明 □适用 √不适用 (3). 履约义务的说明 □适用 √不适用 (4). 分摊至剩余履约义务的说明 □适用 √不适用 (5). 重大合同变更或重大交易价格调整 □适用 √不适用 其他说明： 无 62、 税金及附加 √适用 □不适用 单位：元币种：人民币 项目 本期发生额 上期发生额 城市维护建设税 3,967,396.95 2,191,381.67 教育费附加 3,810,789.41 1,919,740.20 其他税金 4,494,307.15 4,571,738.66 合计 12,272,493.51 8,682,860.53 其他说明： 无 201/252",candidate_requires_manual_selection
688590.SH,新致软件,total_assets,220,资产合计,"2025|149,627,327|72|25,559,031|95|175,186,359|67|156,378,484|05|156,378,484|05|91,900,145|18|42,227,877|96|134,128,023|14|115,599,235|33|115,599,235|33|280,596,470|31|1,618,617|17","上海新致软件股份有限公司2025年年度报告 单位：元币种：人民币 期末余额 期初余额 子公司名称 非流动 非流动 流动资产 非流动资产 资产合计 流动负债 负债合计 流动资产 非流动资产 资产合计 流动负债 负债合计 负债 负债 武汉新致数字科 149,627,327.72 25,559,031.95 175,186,359.67 156,378,484.05 156,378,484.05 91,900,145.18 42,227,877.96 134,128,023.14 115,599,235.33 115,599,235.33 技有限公司 本期发生额 上期发生额 子公司名称 营业收入 净利润 综合收益总额 经营活动现金流量 营业收入 净利润 综合收益总额 经营活动现金流量 武汉新致数字科技有限公司 280,596,470.31 1,618,617.17 779,087.81 11,084,132.52 138,355,351.55 1,102,487.50 1,102,487.50 17,510,665.85 其他说明： 无 220/252",candidate_requires_manual_selection
688590.SH,新致软件,revenue,220,营业收入,"2025|149,627,327|72|25,559,031|95|175,186,359|67|156,378,484|05|156,378,484|05|91,900,145|18|42,227,877|96|134,128,023|14|115,599,235|33|115,599,235|33|280,596,470|31|1,618,617|17","上海新致软件股份有限公司2025年年度报告 单位：元币种：人民币 期末余额 期初余额 子公司名称 非流动 非流动 流动资产 非流动资产 资产合计 流动负债 负债合计 流动资产 非流动资产 资产合计 流动负债 负债合计 负债 负债 武汉新致数字科 149,627,327.72 25,559,031.95 175,186,359.67 156,378,484.05 156,378,484.05 91,900,145.18 42,227,877.96 134,128,023.14 115,599,235.33 115,599,235.33 技有限公司 本期发生额 上期发生额 子公司名称 营业收入 净利润 综合收益总额 经营活动现金流量 营业收入 净利润 综合收益总额 经营活动现金流量 武汉新致数字科技有限公司 280,596,470.31 1,618,617.17 779,087.81 11,084,132.52 138,355,351.55 1,102,487.50 1,102,487.50 17,510,665.85 其他说明： 无 220/252",candidate_requires_manual_selection
688590.SH,新致软件,total_assets,227,资产总额,"2025|1|40,307,259|35|40,307,259|35|1|40,307,259|35|40,307,259|35|1|2|40,307,259|35|40,307,259|35|3|2|1|2|12,443,205|25|21,832,398|09","上海新致软件股份有限公司2025年年度报告 十三、 公允价值的披露 1、 以公允价值计量的资产和负债的期末公允价值 √适用 □不适用 单位：元币种：人民币 期末公允价值 项目 第一层次公允价 第二层次公允 第三层次公允价 合计 值计量 价值计量 值计量 一、持续的公允价值计 量 （一）交易性金融资产 40,307,259.35 40,307,259.35 1.以公允价值计量且变 动计入当期损益的金融 40,307,259.35 40,307,259.35 资产 （1）债务工具投资 （2）权益工具投资 40,307,259.35 40,307,259.35 （3）衍生金融资产 2.指定以公允价值计量 且其变动计入当期损益 的金融资产 （1）债务工具投资 （2）权益工具投资 （二）其他债权投资 （三）其他权益工具投 12,443,205.25 21,832,398.09 34,275,603.34 资 （四）投资性房地产 1.出租用的土地使用权 2.出租的建筑物 3.持有并准备增值后转 让的土地使用权 （五）生物资产 1.消耗性生物资产 2.生产性生物资产 （六）其他非流动金融 27,852,756.41 27,852,756.41 资产 持续以公允价值计量的 12,443,205.25 89,992,413.85 102,435,619.10 资产总额 （七）交易性金融负债 1.以公允价值计量且变 动计入当期损益的金融 负债 其中：发行的交易性债 券 衍生金融负债 其他 2.指定为以公允价值计 量且变动计入当期损益 的金融负债 （八）衍生金融负债 3,391,110.00 3,391,110.00 227/252",candidate_requires_manual_selection
688590.SH,新致软件,total_assets,228,资产总额,"2025|3,391,110|00|3,391,110|00|2|3|4|5|6|7|8|9|228|252","上海新致软件股份有限公司2025年年度报告 持续以公允价值计量的 3,391,110.00 3,391,110.00 负债总额 二、非持续的公允价值 计量 （一）持有待售资产 非持续以公允价值计量 的资产总额 非持续以公允价值计量 的负债总额 2、 持续和非持续第一层次公允价值计量项目市价的确定依据 √适用 □不适用 第一层次公允价值计量项目市价的确定依据：相同资产或负债在活跃市场上报价，以该报价为依 据确定公允价值。 3、 持续和非持续第二层次公允价值计量项目，采用的估值技术和重要参数的定性及定量信息 □适用 √不适用 4、 持续和非持续第三层次公允价值计量项目，采用的估值技术和重要参数的定性及定量信息 √适用 □不适用 第三层次公允价值计量项目市价的确定依据：公司期末持有的其他权益工具投资与以公允价值计 量且其变动计入当期损益的交易性其他非流动金融资产系非上市公司权益投资、产业基金等，以 其他反映市场参与者对资产或负债定价时所使用的参数、相关投资的资产净值为依据确定公允价 值。 5、 持续的第三层次公允价值计量项目，期初与期末账面价值间的调节信息及不可观察参数敏感 性分析 □适用 √不适用 6、 持续的公允价值计量项目，本期内发生各层级之间转换的，转换的原因及确定转换时点的政 策 □适用 √不适用 7、 本期内发生的估值技术变更及变更原因 □适用 √不适用 8、 不以公允价值计量的金融资产和金融负债的公允价值情况 □适用 √不适用 9、 其他 □适用 √不适用 228/252",candidate_requires_manual_selection
688590.SH,新致软件,total_assets,237,资产总额,"2025|3|1|2|4|5|6|1|2|3|4|7|8|1|2025|10|30|49|48,235,600|00|2026|1|13|2|2025","上海新致软件股份有限公司2025年年度报告 3、 资产置换 (1).非货币性资产交换 □适用 √不适用 (2).其他资产置换 □适用 √不适用 4、 年金计划 □适用 √不适用 5、 终止经营 □适用 √不适用 6、 分部信息 (1).报告分部的确定依据与会计政策 □适用 √不适用 (2).报告分部的财务信息 □适用 √不适用 (3).公司无报告分部的，或者不能披露各报告分部的资产总额和负债总额的，应说明原因 □适用 √不适用 (4).其他说明 □适用 √不适用 7、 其他对投资者决策有影响的重要交易和事项 □适用 √不适用 8、 其他 √适用 □不适用 1、2025年10月30日，公司子公司深圳新致软件有限公司与张锋、张俊贤、许欢、李洪春、谢 少萍、胡静雅签订《股权转让协议》，回购其持有的深圳市前海恒道智融信息技术有限公司49% 的股权，以实现全资控股。股权回购对价为48,235,600.00元，工商变更手续已于2026年1月13 日完成。 2、2025年7月17日，公司子公司长沙灵犀互动科技有限公司（以下简称长沙灵犀）与长沙市自 然资源和规划局签订《国有建设用地使用权出让合同》，拟购买位于长沙市芙蓉区黄元路编号为 430102008001GB00076的一块宗地。该宗地总面积9699.99平方米，其中出让宗地面积为4813.09 237/252",candidate_requires_manual_selection
688590.SH,新致软件,revenue,250,营业收入,"2025|4|1|1,313,269,603|19|1,040,776,673|57|1,433,081,328|48|1,110,420,099|83|484,892|67|370,992|94|1,253,911|43|1,230,138|78|1,313,754,495|86|1,041,147,666|51|1,434,335,239|91","上海新致软件股份有限公司2025年年度报告 4、 营业收入和营业成本 (1). 营业收入和营业成本情况 √适用 □不适用 单位：元币种：人民币 本期发生额 上期发生额 项目 收入 成本 收入 成本 主营业务 1,313,269,603.19 1,040,776,673.57 1,433,081,328.48 1,110,420,099.83 其他业务 484,892.67 370,992.94 1,253,911.43 1,230,138.78 合计 1,313,754,495.86 1,041,147,666.51 1,434,335,239.91 1,111,650,238.61 (2). 营业收入、营业成本的分解信息 √适用 □不适用 单位：元币种：人民币 合计 合同分类 营业收入 商品类型 IT解决方案 1,274,387,608.02 IT产品销售 28,106,435.10 创新业务 2,448,402.56 软件开发分包 8,327,157.51 按经营地区分类 国内 1,304,942,445.68 国外 8,327,157.51 按商品转让的时间分类 在某一时点确认 1,270,177,371.60 在某一时段内确认 43,092,231.59 合计 1,313,269,603.19 其他说明 □适用 √不适用 (3). 履约义务的说明 □适用 √不适用 (4). 分摊至剩余履约义务的说明 □适用 √不适用 (5). 重大合同变更或重大交易价格调整 □适用 √不适用 其他说明： 无 250/252",candidate_requires_manual_selection
002230.SZ,科大讯飞,revenue,7,营业收入,"2025|91340000711771143|29|2025|2024|2023|27,105,390,547|66|23,343,093,018|69|16.12|19,650,329,209|04|839,390,861|36|560,162,663|16|49.85|657,312,908|24|264,276,850|77|188,137,288|93|40.47","科大讯飞股份有限公司2025年年度报告全文 四、注册变更情况 统一社会信用代码 91340000711771143J 公司基于在人工智能核心技术领域取得的突破，从""让机器能听会说""进一步演 公司上市以来主营业务的变化情况 进至""让机器能理解会思考""，由智能语音核心技术提供商及应用方案提供商， （如有） 发展至人工智能产业头部企业。 历次控股股东的变更情况（如有） 无控股股东 五、其他有关资料 公司聘请的会计师事务所 会计师事务所名称 容诚会计师事务所（特殊普通合伙） 会计师事务所办公地址 合肥市蜀山区龙图路与绿洲西路交口置地广场A座29层 签字会计师姓名 黄亚琼、吕战男、李家勤 公司聘请的报告期内履行持续督导职责的保荐机构 □适用☑不适用 公司聘请的报告期内履行持续督导职责的财务顾问 □适用☑不适用 六、主要会计数据和财务指标 公司是否需追溯调整或重述以前年度会计数据 □是☑否 项目 2025年 2024年 本年比上年增减 2023年 营业收入（元） 27,105,390,547.66 23,343,093,018.69 16.12% 19,650,329,209.04 归属于上市公司股东的净利润 839,390,861.36 560,162,663.16 49.85% 657,312,908.24 （元） 归属于上市公司股东的扣除非经常 264,276,850.77 188,137,288.93 40.47% 118,061,711.15 性损益的净利润（元） 经营活动产生的现金流量净额 3,208,095,271.78 2,495,173,454.92 28.57% 349,757,814.55 （元） 基本每股收益（元/股） 0.36 0.24 50.00% 0.28 稀释每股收益（元/股） 0.36 0.24 50.00% 0.28 加权平均净资产收益率 4.57% 3.21% 1.36% 3.94% 2025年末 2024年末 本年末比上年末增减 2023年末 总资产（元） 44,857,109,349.34 41,478,899,803.20 8.14% 37,831,122,978.15 归属于上市公司股东的净资产 18,794,462,168.69 17,793,386,034.67 5.63% 17,032,284,511.72 （元） 公司最近三",candidate_requires_manual_selection
002230.SZ,科大讯飞,net_profit_attributable,7,归属于上市公司股东的净利润,"2025|91340000711771143|29|2025|2024|2023|27,105,390,547|66|23,343,093,018|69|16.12|19,650,329,209|04|839,390,861|36|560,162,663|16|49.85|657,312,908|24|264,276,850|77|188,137,288|93|40.47","科大讯飞股份有限公司2025年年度报告全文 四、注册变更情况 统一社会信用代码 91340000711771143J 公司基于在人工智能核心技术领域取得的突破，从""让机器能听会说""进一步演 公司上市以来主营业务的变化情况 进至""让机器能理解会思考""，由智能语音核心技术提供商及应用方案提供商， （如有） 发展至人工智能产业头部企业。 历次控股股东的变更情况（如有） 无控股股东 五、其他有关资料 公司聘请的会计师事务所 会计师事务所名称 容诚会计师事务所（特殊普通合伙） 会计师事务所办公地址 合肥市蜀山区龙图路与绿洲西路交口置地广场A座29层 签字会计师姓名 黄亚琼、吕战男、李家勤 公司聘请的报告期内履行持续督导职责的保荐机构 □适用☑不适用 公司聘请的报告期内履行持续督导职责的财务顾问 □适用☑不适用 六、主要会计数据和财务指标 公司是否需追溯调整或重述以前年度会计数据 □是☑否 项目 2025年 2024年 本年比上年增减 2023年 营业收入（元） 27,105,390,547.66 23,343,093,018.69 16.12% 19,650,329,209.04 归属于上市公司股东的净利润 839,390,861.36 560,162,663.16 49.85% 657,312,908.24 （元） 归属于上市公司股东的扣除非经常 264,276,850.77 188,137,288.93 40.47% 118,061,711.15 性损益的净利润（元） 经营活动产生的现金流量净额 3,208,095,271.78 2,495,173,454.92 28.57% 349,757,814.55 （元） 基本每股收益（元/股） 0.36 0.24 50.00% 0.28 稀释每股收益（元/股） 0.36 0.24 50.00% 0.28 加权平均净资产收益率 4.57% 3.21% 1.36% 3.94% 2025年末 2024年末 本年末比上年末增减 2023年末 总资产（元） 44,857,109,349.34 41,478,899,803.20 8.14% 37,831,122,978.15 归属于上市公司股东的净资产 18,794,462,168.69 17,793,386,034.67 5.63% 17,032,284,511.72 （元） 公司最近三",candidate_requires_manual_selection
002230.SZ,科大讯飞,revenue,8,营业收入,"2025|1|2|4,657,815,685|81|6,253,122,136|90|6,078,496,951|37|10,115,955,773|58|193,251,729|36|45,675,509|33|172,251,812|40|906,066,287|65|227,810,135|04|136,359,620|18|26,238,946|77","科大讯飞股份有限公司2025年年度报告全文 □是☑否 七、境内外会计准则下会计数据差异 1、同时按照国际会计准则与按照中国会计准则披露的财务报告中净利润和净资产差异情况 □适用☑不适用 公司报告期不存在按照国际会计准则与按照中国会计准则披露的财务报告中净利润和净资产差异情况。 2、同时按照境外会计准则与按照中国会计准则披露的财务报告中净利润和净资产差异情况 □适用☑不适用 公司报告期不存在按照境外会计准则与按照中国会计准则披露的财务报告中净利润和净资产差异情况。 八、分季度主要财务指标 单位：元 项目 第一季度 第二季度 第三季度 第四季度 营业收入 4,657,815,685.81 6,253,122,136.90 6,078,496,951.37 10,115,955,773.58 归属于上市公司股东的净利润 -193,251,729.36 -45,675,509.33 172,251,812.40 906,066,287.65 归属于上市公司股东的扣除非 -227,810,135.04 -136,359,620.18 26,238,946.77 602,207,659.22 经常性损益的净利润 经营活动产生的现金流量净额 -712,235,594.00 -59,738,770.16 894,645,921.17 3,085,423,714.77 上述财务指标或其加总数是否与公司已披露季度报告、半年度报告相关财务指标存在重大差异 □是☑否 九、非经常性损益项目及金额 ☑适用□不适用 单位：元 项目 2025年金额 2024年金额 2023年金额 说明 非流动性资产处置损益（包括已计提资产减值准备的冲销 12,823,978.12 12,293,698.18 22,292,562.80 部分） 计入当期损益的政府补助（与公司正常经营业务密切相 关，符合国家政策规定、按照确定的标准享有、对公司损 636,453,279.58 418,605,147.92 403,935,002.59 益产生持续影响的政府补助除外） 除同公司正常经营业务相关的有效套期保值业务外，非金 融企业持有金融资产和金融负债产生的公允价值变动损益 59,974,543.85 83,202,882.03 230,342,367.48 以及处置金融资产和金融负债产生的损益 委托他人投资或管理资产的损",candidate_requires_manual_selection
002230.SZ,科大讯飞,net_profit_attributable,8,归属于上市公司股东的净利润,"2025|1|2|4,657,815,685|81|6,253,122,136|90|6,078,496,951|37|10,115,955,773|58|193,251,729|36|45,675,509|33|172,251,812|40|906,066,287|65|227,810,135|04|136,359,620|18|26,238,946|77","科大讯飞股份有限公司2025年年度报告全文 □是☑否 七、境内外会计准则下会计数据差异 1、同时按照国际会计准则与按照中国会计准则披露的财务报告中净利润和净资产差异情况 □适用☑不适用 公司报告期不存在按照国际会计准则与按照中国会计准则披露的财务报告中净利润和净资产差异情况。 2、同时按照境外会计准则与按照中国会计准则披露的财务报告中净利润和净资产差异情况 □适用☑不适用 公司报告期不存在按照境外会计准则与按照中国会计准则披露的财务报告中净利润和净资产差异情况。 八、分季度主要财务指标 单位：元 项目 第一季度 第二季度 第三季度 第四季度 营业收入 4,657,815,685.81 6,253,122,136.90 6,078,496,951.37 10,115,955,773.58 归属于上市公司股东的净利润 -193,251,729.36 -45,675,509.33 172,251,812.40 906,066,287.65 归属于上市公司股东的扣除非 -227,810,135.04 -136,359,620.18 26,238,946.77 602,207,659.22 经常性损益的净利润 经营活动产生的现金流量净额 -712,235,594.00 -59,738,770.16 894,645,921.17 3,085,423,714.77 上述财务指标或其加总数是否与公司已披露季度报告、半年度报告相关财务指标存在重大差异 □是☑否 九、非经常性损益项目及金额 ☑适用□不适用 单位：元 项目 2025年金额 2024年金额 2023年金额 说明 非流动性资产处置损益（包括已计提资产减值准备的冲销 12,823,978.12 12,293,698.18 22,292,562.80 部分） 计入当期损益的政府补助（与公司正常经营业务密切相 关，符合国家政策规定、按照确定的标准享有、对公司损 636,453,279.58 418,605,147.92 403,935,002.59 益产生持续影响的政府补助除外） 除同公司正常经营业务相关的有效套期保值业务外，非金 融企业持有金融资产和金融负债产生的公允价值变动损益 59,974,543.85 83,202,882.03 230,342,367.48 以及处置金融资产和金融负债产生的损益 委托他人投资或管理资产的损",candidate_requires_manual_selection
002230.SZ,科大讯飞,revenue,33,营业收入,2025|100|42|47.62|32|1|271.05|16.12|8.39|49.85|2.64|40.47|274|45|32.08|1|7.84|19.79|130|2025|3.50|16|33,"科大讯飞股份有限公司2025年年度报告全文 发展第十五个五年规划纲要》明确提出""全面实施'人工智能+'行动。在国家充分发挥新型举国体制优势、推 动人工智能朝着有益、安全、公平方向健康有序发展的战略部署下，G端的高标准应用和示范效应是保障人 工智能阳光、健康发展的重要锚点；B端、C端在真实场景中积累的行业know-how、规模化数据和工程化能 力，则构成了从核心技术到产业应用之间的关键壁垒。GBC联动的独特优势，使公司能够更好承接国家战略 部署，在新一轮人工智能产业竞争中持续构筑核心竞争力。 （六）科技品牌的公信力及全域营销服务网络 科大讯飞作为中国智能语音及人工智能产业头部企业，公司丰富的人工智能规模化应用案例和可以用统 计数据验证的实际成果，受到行业客户和合作伙伴的充分信任，并与各行业占据市场优势地位的开发商建立 了长期稳定的战略合作关系，行业科技品牌号召力与竞争优势明显。特别在教育、医疗等民生行业方向，科 大讯飞作为“人工智能国家队”的品牌公信力获得了客户广泛认可。公司品牌资产位列国际权威榜单 BrandZ“最具价值中国品牌100强”第42名，品牌价值47.62亿美元。 基于多年在行业业务的耕耘和积累，科大讯飞已经形成覆盖全国的规模化营销网络，在全国共设立32 个区域营销机构（各省大区+央国企），覆盖全国所有省份。为了更好地贴近客户，为客户提供服务，科大 讯飞积极加强对落地区域的团队管理和建设，前后端全流程拉通已构建起一体化销售服务体系，支撑业务产 品的全面快速推广和落地。 四、主营业务分析 1、概述 报告期内，公司踏踏实实推进长期、可持续、高质量发展。得益于人工智能应用规模化落地不断取得成 效，公司在人工智能自主可控保持高强度投入的背景下，仍然实现了全年营业收入、毛利、归母净利润、扣 非净利润、经营性现金流净额等各项核心经营指标均保持正向增长。具体为：实现营业收入271.05亿元，较 上年同期增长16.12%；实现归母净利润8.39亿元，较上年同期增长49.85%，扣非净利润2.64亿元，较上年 同期增长40.47%。同时，销售回款总额超过274亿元，较去年同期增长超过45亿元，报告期末经营活动产 生的现金流量净额32.08亿元，以上两项均创历史新高。 本报告期业绩变动的主要原因是： 1、公司积极抢抓通用人工智能的历史新机遇，继续保持面向未来抢占人工智能根红利",candidate_requires_manual_selection
002230.SZ,科大讯飞,revenue,34,营业收入,"2025|2|27.12|618|11|2025|23.16|2025|1000|56.4|2025|224|127|2025|2|1|2025|2024|27,105,390,547|66|100|23,343,093,018|69|100|16.12","科大讯飞股份有限公司2025年年度报告全文 2、面对人工智能从技术突破到规模化商业落地的关键阶段，公司强化高端品牌建设，在包括讯飞AI学 习机在内的C端人工智能产品的品牌推广和渠道建设，以及面对人工智能出海方面继续增加营销投入，销售 费用同比增长27.12%。上述高强度投入的成效正日益显现，效益将随着规模效应而进一步释放。 “讯飞星火”大模型在C端落地不断加速。以讯飞AI学习机为例，大模型赋能答疑辅导、精准学、AI 互动，不断提升自主学习效果，连续三年在京东天猫618、双11电商节中获得学习机品类全周期销售额冠军， 用户推荐值NPS持续行业第一。大模型行业落地方面，2025年科大讯飞大模型相关项目的中标数量和金额 在全行业统计中再次获得双第一，科大讯飞大模型相关项目中标金额23.16亿元，超过第二名至第六名的总 和（数据来源：智能超参数“中国大模型中标项目监测与洞察报告（2025）”）。同时，“讯飞星火”产业 生态进一步加强，讯飞开放平台开发者数量突破1000万，其中，海外开发者56.4万。2025年全年新增开发 者数量超过224万，其中大模型开发者新增127万，开发者数量持续高速增长，加速行业赋能步伐。 综上所述，2025年公司在自主可控平台上进一步夯实了人工智能产业国家队的地位，在当前人工智能 产业持续迎来更有利的产业发展环境下，公司将在更加坚实的基础上，更高质量地推动技术进步与产业发展。 各项业务进展情况请详见“一、报告期内公司从事的主要业务”的相关内容。 2、收入与成本 （1）营业收入构成 单位：元 2025年 2024年 项目 同比增减 占营业收入 占营业收入 金额 金额 比重 比重 营业收入合计 27,105,390,547.66 100% 23,343,093,018.69 100% 16.12% 分行业 一、主营业务 软件和信息技术服务业 26,688,286,195.26 98.46% 22,961,637,479.48 98.37% 16.23% 教育教学 346,907,592.86 1.28% 315,942,543.30 1.35% 9.80% 二、其他业务 70,196,759.54 0.26% 65,512,995.91 0.28% 7.15% 分产品 一、主营业务 1、智慧教育 8,967,359,795.13 33.08% 7,22",candidate_requires_manual_selection
002230.SZ,科大讯飞,revenue,35,营业收入,"2025|1,299,840,753|42|4.80|1,682,385,292|47|7.21|22.74|1,558,485,446|04|5.75|1,195,589,506|33|5.12|30.35|713,362,743|18|2.63|738,774,392|27|3.16|3.44|5|1,935,558,748|45","科大讯飞股份有限公司2025年年度报告全文 信息工程 1,299,840,753.42 4.80% 1,682,385,292.47 7.21% -22.74% 数字政府行业应用 1,558,485,446.04 5.75% 1,195,589,506.33 5.12% 30.35% 智慧政法行业应用 713,362,743.18 2.63% 738,774,392.27 3.16% -3.44% 5、运营商 1,935,558,748.45 7.14% 1,901,147,959.94 8.14% 1.81% 6、智慧汽车 1,239,966,473.07 4.57% 988,753,872.97 4.24% 25.41% 7、企业AI解决方案 858,924,808.45 3.17% 642,685,685.22 2.75% 33.65% 8、其他 354,289,027.65 1.31% 321,430,433.25 1.38% 10.22% 二、其他业务 70,196,759.54 0.26% 65,512,995.91 0.28% 7.15% 分地区 一、主营业务 华东地区 12,737,286,793.30 46.99% 11,750,547,820.62 50.34% 8.40% 华南地区 5,044,103,118.72 18.61% 3,612,469,328.26 15.48% 39.63% 华北地区 3,588,315,004.47 13.24% 3,211,611,130.50 13.76% 11.73% 西南地区 2,017,201,781.48 7.45% 1,718,744,636.31 7.36% 17.36% 华中地区 1,839,065,773.07 6.78% 1,648,642,191.51 7.06% 11.55% 西北地区 789,457,155.42 2.91% 697,348,051.19 2.99% 13.21% 国外地区 518,207,385.84 1.91% 159,527,734.43 0.68% 224.84% 东北地区 501,556,775.82 1.85% 478,689,129.96 2.05% 4.78% 二、其他业务 华东地区 70,196,759.54 0.26% 65,512,995.91 ",candidate_requires_manual_selection
002230.SZ,科大讯飞,revenue,36,营业收入,"2025|2|10|3|26,688,286,195|26|15,307,980,107|47|42.64|16.23|16.81|0.29|8,967,359,795|13|4,025,167,260|37|55.11|24.04|23.57|0.17|6,088,310,052|51|4,909,526,031|84|19.36","科大讯飞股份有限公司2025年年度报告全文 （2）占公司营业收入或营业利润10%以上的行业、产品、地区、销售模式的情况 ☑适用□不适用 公司需遵守《深圳证券交易所上市公司自律监管指引第3号——行业信息披露》中软件与信息技术服务业的披露要求 单位：元 营业收入比上 营业成本比上 毛利率比上 项目 营业收入 营业成本 毛利率 年同期增减 年同期增减 年同期增减 分客户所处行业 软件和信息技术 26,688,286,195.26 15,307,980,107.47 42.64% 16.23% 16.81% -0.29% 服务业 分产品 教育产品和服务 8,967,359,795.13 4,025,167,260.37 55.11% 24.04% 23.57% 0.17% 开放平台 6,088,310,052.51 4,909,526,031.84 19.36% 17.72% 16.39% 0.92% 分地区 华东地区 12,807,483,552.84 7,185,936,718.61 43.89% 8.39% 8.13% 0.13% 华南地区 5,044,103,118.72 3,161,646,139.04 37.32% 39.63% 40.51% -0.39% 华北地区 3,588,315,004.47 2,205,584,842.86 38.53% 11.73% 9.33% 1.34% 公司主营业务数据统计口径在报告期发生调整的情况下，公司最近1年按报告期末口径调整后的主营业务数据 □适用☑不适用 （3）公司实物销售收入是否大于劳务收入 □是☑否 （4）公司已签订的重大销售合同、重大采购合同截至本报告期的履行情况 □适用☑不适用 （5）营业成本构成 行业分类 单位：元 2025年 2024年 行业分类 项目 同比增减 占营业成本 占营业成 金额 金额 比重 本比重 软件和信息技术 物料成本 8,255,047,088.49 52.83% 6,998,395,326.80 52.26% 0.57% 服务业 软件和信息技术 运营成本 5,983,621,183.52 38.30% 5,077,268,612.84 37.92% 0.38% 服务业 软件和信息技术 人员支出及外 1,063,349,779.90 6.81% 1,029,273,844.91 7.69% ",candidate_requires_manual_selection
002230.SZ,科大讯飞,revenue,38,营业收入,"2025|5|3,251,851,156|85|24.12|4.07|5|1|1,652,206,381|89|12.26|2|548,345,127|78|4.07|3|445,232,278|82|3.30|4|334,449,143|24|2.48|5|271,618,225","科大讯飞股份有限公司2025年年度报告全文 公司董事、高级管理人员、核心技术人员、持股5%以上股东、实际控制人和其他关联方在剩余的主要客户中无直接或 间接拥有权益。 公司主要供应商情况 前五名供应商合计采购金额（元） 3,251,851,156.85 前五名供应商合计采购金额占年度采购总额比例 24.12% 前五名供应商采购额中关联方采购额占年度采购总额比例 4.07% 公司前5名供应商资料 序号 供应商名称 采购额（元） 占年度采购总额比例 1 供应商一 1,652,206,381.89 12.26% 2 供应商二 548,345,127.78 4.07% 3 供应商三 445,232,278.82 3.30% 4 供应商四 334,449,143.24 2.48% 5 供应商五 271,618,225.12 2.01% 合计 3,251,851,156.85 24.12% 主要供应商其他情况说明 ☑适用□不适用 公司与上述前五大供应商中，供应商二为安徽言知科技有限公司及其下属子公司，为实际控制人刘庆峰控制的其他 公司。根据《深圳证券交易所股票上市规则（2024年修订）》6.3.3条等规定，该供应商为本公司的关联法人。与其他上 述供应商不存在关联关系，公司董事、高级管理人员、核心技术人员、持股5%以上股东、实际控制人和其他关联方在 剩余主要供应商中无直接或间接拥有权益。 报告期内公司贸易业务收入占营业收入比例超过10% □适用☑不适用 3、费用 单位：元 2025年 2024年 同比增减 重大变动说明 销售费用 5,190,906,420.51 4,083,416,224.07 27.12% 管理费用 1,387,906,299.50 1,455,408,951.23 -4.64% 财务费用 172,981,046.56 134,760,518.04 28.36% 研发费用 4,438,994,619.20 3,891,601,383.59 14.07% 4、研发投入 ☑适用□不适用 预计对公司未来发展 主要研发项目名称 项目目的 项目进展 拟达到的目标 的影响 面向K12学生及家 完成旗舰款、进阶 本项目作为2026年度 科大讯飞学习机T90 长，解决自主学习效 开发阶段 款、基础款全系列产 旗舰系列产品，将进 系列 果差、效率低、兴趣 品研发，覆盖不同价 一步",candidate_requires_manual_selection
002230.SZ,科大讯飞,revenue,46,营业收入,"2025|99.9|4|2025|2024|10,040|9,752|2.95|59.70|62.71|3.01|6,088|6,186|1.58|3,626|3,259|11.26|30|2,715|2,735|0.73|30|40|6,600|6,136","科大讯飞股份有限公司2025年年度报告全文 预计对公司未来发展 主要研发项目名称 项目目的 项目进展 拟达到的目标 的影响 按需付费模式及轻量 供99.9%以上的服务 商业闭环，最终实现 化模型，降低中小企 稳定性保障； 技术、产业与社会的 业和创业团队使用AI 4、支持多种部署方式 协同发展。 技术的成本，加速技 （如公有云、私有 术普惠。 云、混合云）和灵活 的计费模式（如按需 付费、订阅制），满 足不同规模企业的需 求。 公司研发人员情况 2025年 2024年 变动比例 研发人员数量（人） 10,040 9,752 2.95% 研发人员数量占比 59.70% 62.71% -3.01% 研发人员学历结构 本科 6,088 6,186 -1.58% 硕士 3,626 3,259 11.26% 研发人员年龄构成 30岁以下 2,715 2,735 -0.73% 30~40岁 6,600 6,136 7.56% 公司研发投入情况 2025年 2024年 变动比例 研发投入金额（元） 5,364,151,772.27 4,580,118,447.89 17.12% 研发投入占营业收入比例 19.79% 19.62% 0.17% 研发投入资本化的金额（元） 2,284,482,412.46 1,996,233,407.86 14.44% 资本化研发投入占研发投入的 42.59% 43.58% -0.99% 比例 公司研发人员构成发生重大变化的原因及影响 □适用☑不适用 研发投入总额占营业收入的比重较上年发生显著变化的原因 □适用☑不适用 研发投入资本化率大幅变动的原因及其合理性说明 □适用☑不适用 公司需遵守《深圳证券交易所上市公司自律监管指引第3号——行业信息披露》中软件与信息技术服务业的披露要求 单位：元 研发资本化金 项目名称 相关项目的基本情况 实施进度 额 面向K12学生及家长，通过AI技术构建个性化精准 学、互动课程及答疑辅导功能，提供一站式智能学习解 科大讯飞学习机T90系列 53,496,975.66 决方案。完成旗舰款、进阶款、基础款全系迭代，强化 开发阶段 星火大模型在核心功能的应用，巩固高端市场地位。结 合软硬件一体化创新，提升产品溢价能力与用户粘性。 46",candidate_requires_manual_selection
002230.SZ,科大讯飞,revenue,52,营业收入,"2025|4|1|5,832|45|26|2,542|098|47|80|490.1|6,059|853.7|80|8,913|9|42|3|15|2|1|2|10|406,000|00","科大讯飞股份有限公司2025年年度报告全文 4、金融资产投资 （1）证券投资情况 ☑适用□不适用 单位：元 计入 本期 权益 最初 会计 期初 公允 的累 本期 本期 报告 期末 会计 证券 证券 证券 资金 投资 计量 账面 价值 计公 购买 出售 期损 账面 核算 品种 代码 简称 来源 成本 模式 价值 变动 允价 金额 金额 益 价值 科目 损益 值变 动 其他 境内 5,832, 公允 45,26 2,542, 非流 H098 优必 47,80 自有 外股 490.1 价值 6,059. 853.7 动金 80 选 8,913. 资金 票 9 计量 42 3 融资 15 产 （2）衍生品投资情况 □适用☑不适用 公司报告期不存在衍生品投资。 八、重大资产和股权出售 1、出售重大资产情况 □适用☑不适用 公司报告期未出售重大资产。 2、出售重大股权情况 □适用☑不适用 九、主要控股参股公司分析 ☑适用□不适用 主要子公司及对公司净利润影响达10%以上的参股公司情况 单位：元 公司名称 公司类型 主要业务 注册资本 总资产 净资产 营业收入 营业利润 净利润 讯飞智元 教育、软 406,000,00 11,908,438, 2,038,022,9 4,575,688,8 2,432,414.5 20,110,039. 信息科技 子公司 件开发、 0.00 091.57 91.07 93.71 6 82 有限公司 信息工程 科大讯飞 软件开 150,000,00 3,478,352,9 1,553,774,1 1,021,676,7 154,608,73 151,160,31 华南有限 子公司 发、销售 0.00 97.94 37.42 77.81 0.09 3.33 公司 52",candidate_requires_manual_selection
002230.SZ,科大讯飞,revenue,55,营业收入,"2025|2|3|2023|2025|1,965,032|92|2,334,309|30|2,710,539|05|11,806|17|18,813|73|26,427|69|2025|02|5|0|13|02230|20250213|55","科大讯飞股份有限公司2025年年度报告全文 2、业务创新风险 为把握人工智能产业机遇，适应行业技术迅速发展需要，各大企业纷纷加大研发投入，用于新技术与新产品开发， 但技术产业化与市场化具有较多不确定性因素，存在着研发投入不能获得预期效果从而影响公司盈利能力和成长性的风 险。特别是，人工智能行业属于技术密集型行业，其核心竞争力建立在算法突破、算力提升与数据积累等要素之上。人 工智能行业处于快速发展阶段，随着行业技术水平和产品性能要求的不断提升，市场对产品迭代速度与性能升级的需求 亦不断提高。公司基于全国产算力训练大模型，对国产算力升级存在一定的依赖性。 科大讯飞坚持自主可控，脚踏实地强化源头技术创新，以扎实的AI核心技术研发能力底座，稳步推进技术进步与 产业化发展。面对国产算力在单卡性能、生态成熟度等方面与国际领先水平存在的阶段性差距，公司持续强化算法层面 的创新突破。通过模型架构优化、训练效率提升、推理成本压缩等技术手段，以更低的算力成本实现更优的模型效果， 将“算力约束”转化为“算法驱动”的差异化竞争路径，构建了穿越技术周期的核心竞争力。讯飞星火是迄今唯一在国 产算力上完成关键版本训练的主流大模型，并在认知智能方面开拓了丰富的应用场景，并与华为等公司结成了深度战略 合作。同时，市场的成功反过来不断强化了科大讯飞针对行业场景的深度知识理解和算法迭代等优势，持续推进业务创 新并降低探索风险。 3、经营业绩季节性波动风险 公司经营业绩存在一定的季节性波动。近年来公司营业收入、扣非归母净利润等年度经营业绩均保持良好增长态势， 2023年至2025年营业收入分别为1,965,032.92万元、2,334,309.30万元及2,710,539.05万元；扣非归母净利润分别为 11,806.17万元、18,813.73万元及26,427.69万元，但近三年一季度、半年度、前三季度扣非归母净利润均为负，在全年 实现转正并保持正向良好增长。这种季节性波动规律主要系智慧教育、智慧城市等核心业务主要面向政府及大型企业， 项目规划论证多集中于上半年、验收集中于下半年，通常四季度收入占比相对较高，收入季节性特征显著；同时，公司 持续加大自主研发与市场拓展投入，固定费用年内分摊均衡，当期营业毛利难以覆盖期间费用，从而形成阶段性亏损。 科大讯飞持续优化业务结构，深入推进“做强C端、做深B端、优",candidate_requires_manual_selection
002230.SZ,科大讯飞,revenue,58,营业收入,2025|2024|2|8|2024|009|2025|271.05|16.12|8.39|49.85|2.64|40.47|274|45|32.08|2024|2026|2025|4|19|2025|5|12|2024,"科大讯飞股份有限公司2025年年度报告全文 为践行“以投资者为本”的上市公司经营理念，维护投资者利益，基于对人工智能产业及公司未来持续发展前景的 信心以及对公司价值的认可，公司制定了“质量回报双提升”行动方案，扎实提升公司质量和投资价值，切实履行上市 公司责任。具体内容详见刊登在2024年2月8日的《证券时报》《中国证券报》《上海证券报》《证券日报》及巨潮资 讯网http://www.cninfo.com.cn的《关于质量回报双提升行动方案的公告》（公告编号2024-009）。公司认真落实“质量 回报双提升”行动方案，本报告期内有关进展如下： 一、聚焦价值创造，积极谋求股东回报 科大讯飞始终坚持用踏实的企业发展和业绩增长为投资者谋求长期回报，让投资者实现真正意义上的长期价值投资。 公司持续深化价值经营，强化企业核心竞争力，提升主营业绩，让投资者实现真正意义上的价值投资。公司2025年实现 营业收入271.05亿元，较上年同期增长16.12%；实现归母净利润8.39亿元，较上年同期增长49.85%，扣非净利润2.64 亿元，较上年同期增长40.47%。同时，销售回款总额超过274亿元，较去年同期增长超过45亿元，报告期末经营活动 产生的现金流量净额32.08亿元，以上两项均创历史新高。 同时，公司在兼顾可持续发展的前提下，积极实施稳定的利润分配。公司上市十七年来，坚持一年不落地实施现金 分红。公司制定了《未来三年（2024-2026年）股东回报规划》，统筹好公司发展、业绩增长与股东回报的动态平衡， 合理制定利润分配政策，积极进行现金分红；并重视运用股份回购等方式，增厚投资者回报，提振市场信心。公司分别 于2025年4月19日和2025年5月12日召开了第六届董事会第十三次会议和2024年年度股东会，审议通过了2024年 度利润分配预案，2024年度进行利润分配：以实施分配方案时股权登记日的总股本（扣除回购专户上已回购股份）为基 数，向全体股东按每10股派息1元（含税），本次利润分配共派发现金红利230,329,852元。 2023年-2025年累计现金分红总额占该三年平均净利润的比例达116%，切实让投资者分享企业的成长与发展成果。 二、坚持自主创新，构建新质比较优势 科大讯飞创业25年以来持续聚焦智能语音、自然语言理解、机器学习推理及自主学习等人工智能核心技术研究并",candidate_requires_manual_selection
002230.SZ,科大讯飞,revenue,69,营业收入,2025|1|6|4|2|0|0|4|6|1|5|0|0|4|6|6|0|0|0|4|6|5|1|0|0,科大讯飞股份有限公司2025年年度报告全文 五、报告期内董事履行职责的情况 1、董事出席董事会及股东会的情况 董事出席董事会及股东会的情况 是否连续两 本报告期应 以通讯方式 现场出席董 委托出席董 缺席董事会 次未亲自参 出席股东会 董事姓名 参加董事会 参加董事会 事会次数 事会次数 次数 加董事会会 次数 次数 次数 议 刘庆峰 6 4 2 0 0 否 4 陈洪涛 6 1 5 0 0 否 4 吴晓如 6 6 0 0 0 否 4 江涛 6 5 1 0 0 否 4 段大为 6 6 0 0 0 否 4 聂小林 6 6 0 0 0 否 4 赵旭东 6 1 5 0 0 否 4 赵锡军 6 1 5 0 0 否 4 张本照 6 6 0 0 0 否 4 吴慈生 6 6 0 0 0 否 4 2、董事对公司有关事项提出异议的情况 董事对公司有关事项是否提出异议 □是☑否 报告期内董事对公司有关事项未提出异议。 3、董事履行职责的其他说明 董事对公司有关建议是否被采纳 ☑是□否 董事对公司有关建议被采纳或未被采纳的说明 公司董事及独立董事严格按照《董事会议事规则》《公司章程》《独立董事制度》的规定，忠实、勤勉地履行其职责。 报告期内，公司董事、独立董事积极关注公司经营管理情况，独立董事认真检查公司财务状况、员工持股计划、向特定 对象发行A股股票、关联交易、对外担保等重大事项，认真参与公司决策，并依靠自己的专业知识和能力做出客观、公 正、独立的判断，充分发挥了独立董事的作用，维护了公司、全体股东尤其是中小股东的合法权益。 针对大模型开源后带来的商业化变现挑战，董事建议公司持续保障大模型研发投入，保持技术竞争力，同时稳步推进商 业变现，妥善处理部分盈利水平较低的信息化项目交付问题，合理平衡技术投入与商业收益。 落实情况：2025年，公司紧抓通用人工智能的历史性机遇，继续保持面向未来抢占人工智能根红利的战略投入，研发投 入较上年同比增长7.84亿元，占营业收入比重达19.79%。“讯飞星火”大模型是我国目前唯一基于全国产算力训练、 面向全民开放可下载的主流大模型，整体技术指标持续对标全球第一梯队，并在教育、医疗、安全、能源等行业的模型 效果全球领先；星火多语言大模型已覆盖超过130个语种，有力支撑中国人工智能出海，为世界提供第二种选择的同时， 将形成公司业务收入增长的有力支撑。大模型行业,candidate_requires_manual_selection
002230.SZ,科大讯飞,revenue,73,营业收入,"2025|2|23.01|37.08|2025|8,713|3|453,199|67|16.78|2025|12.49|2024|11.50|0.99|2025|21.09|2024|20.78|0.31|3|2025|1575|30319|1166","科大讯飞股份有限公司2025年年度报告全文 基础上，进一步细化完善部门季度目标及相应管理机制，建立组织绩效与绩效工资的动态关联机制。通过加强过程组织 绩效管理，确保组织目标达成的同时，为员工提供更为弹性的激励空间。 灵活透明的员工评价 基于目标导向和完整的绩效流程，公司建立一套目标强牵引、上下级相互交流反馈、结果强应用的员工绩效评价体 系，确保个人绩效公平。 通过公示、内部审计等方式建立公开透明的绩效评价体系，提升员工个人绩效管理能力。通过变革基于行政组织的 绩效考核机制，匹配项目管理要求，实现灵活评价。通过强化绩效结果与绩效薪酬的动态关联，让绩效成为价值分配主 要依据。 2）共创共享的薪酬激励体系 公司根据自身业务、经营情况，建立了共创共享的企业股权激励和薪酬激励约束机制，确保公司持续健康发展。 公司在薪酬设计上，提倡共创共享，引导员工通过自身努力，能够切实感受到业务发展带来的收益，并通过简单清 晰的全面薪酬结构，建立职级与薪酬的匹配，让每个员工清楚了解个人付出和薪酬激励之间的关系，同时公司在设计薪 酬激励时，尽可能实现三方面的公平： 首先是确保外部公平，公司每年定期进行外部薪酬调研，并根据调研结果确定当年公司薪酬标准和调整的依据； 其次确保公司内部公平，根据不同岗位间的价值评估，确定不同岗位间工资标准； 最后确保个人绩效公平，员工薪酬与个人绩效挂钩，多劳多得。 为进一步提高公司经营管理者和员工的积极性、创造性，促进公司业绩持续增长，公司通过实施股权激励计划完善 激励机制，在提升公司价值的同时实现员工与公司共同发展。通过实施与产业竞争激烈程度相匹配的股权激励，有效吸 引和留住优秀人才，充分调动了公司管理人员及核心技术/业务人员的积极性。 报告期内，公司员工总薪酬占营业收入比例为23.01%，员工平均薪酬37.08万元。截至2025年底，公司股权激励 计划已累计激励8,713人次。 公司需遵守《深圳证券交易所上市公司自律监管指引第3号——行业信息披露》中软件与信息技术服务业的披露要求 公司本期计入营业总成本的职工薪酬总额453,199.67万元，占营业总成本16.78%，公司利润对职工薪酬总额变化 敏感。公司2025年核心技术人员数量占在职员工数量的12.49%，2024年占比11.50%，占比增加0.99%；公司2025年 核心技术人员薪酬占薪酬总额的21.09%",candidate_requires_manual_selection
002230.SZ,科大讯飞,total_assets,78,资产总额,2025|100|100|1|2|1|2026|04|27|2025|100.00|100.00|1|2|3|1|2|4|3|4|5|5|6|78,科大讯飞股份有限公司2025年年度报告全文 涵盖了公司经营管理的主要方面。纳入审计范围的主要单位包括公司、全资及控股子公司。审计范围单位的资产总额占 公司合并财务报表资产总额的100%，营业收入合计占公司合并财务报表营业收入总额的100%。纳入审计范围的主要业 务和事项包括：公司内部控制管理手册及相关实施细则中公司层面控制所涉及的公司治理、发展战略、组织架构、人力 资源、企业文化、职业道德与专业胜任能力、信息与沟通、内部监督等各项流程，业务层面控制中涉及的资金、投资、 采购、销售、存货、固定资产管理、工程项目、研发、业务外包、预算管理、担保业务、募集资金的存放及使用、关联 方交易等各类流程和领域，有效监督与防范内控风险。 科大讯飞在业务、人员、资产、机构、财务上独立于实际控制人。公司实际控制人始终把规范意识的树立放在首位， 严格遵守中国证券监督管理委员会有关规定和《深圳证券交易所股票上市规则》《深圳证券交易所上市公司自律监管指 引第1号——主板上市公司规范运作》等法律、行政法规和规范性文件有关实际控制人的规范要求，严格遵守相关承诺， 不存在与公司进行同业竞争的行为；不存在占用公司资金的行为，不存在损害公司利益、特别是中小股东利益的情形。 2、报告期内发现的内部控制重大缺陷的具体情况 □是☑否 十二、公司报告期内对子公司的管理控制情况 对子公司的管理控制存在异常 □是☑否 十三、内部控制评价报告或内部控制审计报告 1、内控评价报告 内部控制评价报告全文披露日期 2026年04月27日 内部控制评价报告全文披露索引 巨潮资讯网http://www.cninfo.com.cn上的《2025年度内部控制评价报告》 纳入评价范围单位资产总额占公司合 100.00% 并财务报表资产总额的比例 纳入评价范围单位营业收入占公司合 100.00% 并财务报表营业收入的比例 缺陷认定标准 类别 财务报告 非财务报告 重大缺陷:一项内部控制缺陷单独或连 同其他缺陷具备合理可能性导致不能 及时防止或发现并纠正财务报告中的 重大错报。如:(1)董事、监事和高级管 出现以下情形的，可认定为重大缺 理人员舞弊;(2)企业更正已公布的财务 陷，其他情形视其影响程度分别确定 报告;(3)注册会计师发现当期财务报告 重要缺陷或一般缺陷。(1)企业决策程 存在重大错报，而内部控制在运行过 序不科学;(2,candidate_requires_manual_selection
002230.SZ,科大讯飞,revenue,78,营业收入,2025|100|100|1|2|1|2026|04|27|2025|100.00|100.00|1|2|3|1|2|4|3|4|5|5|6|78,科大讯飞股份有限公司2025年年度报告全文 涵盖了公司经营管理的主要方面。纳入审计范围的主要单位包括公司、全资及控股子公司。审计范围单位的资产总额占 公司合并财务报表资产总额的100%，营业收入合计占公司合并财务报表营业收入总额的100%。纳入审计范围的主要业 务和事项包括：公司内部控制管理手册及相关实施细则中公司层面控制所涉及的公司治理、发展战略、组织架构、人力 资源、企业文化、职业道德与专业胜任能力、信息与沟通、内部监督等各项流程，业务层面控制中涉及的资金、投资、 采购、销售、存货、固定资产管理、工程项目、研发、业务外包、预算管理、担保业务、募集资金的存放及使用、关联 方交易等各类流程和领域，有效监督与防范内控风险。 科大讯飞在业务、人员、资产、机构、财务上独立于实际控制人。公司实际控制人始终把规范意识的树立放在首位， 严格遵守中国证券监督管理委员会有关规定和《深圳证券交易所股票上市规则》《深圳证券交易所上市公司自律监管指 引第1号——主板上市公司规范运作》等法律、行政法规和规范性文件有关实际控制人的规范要求，严格遵守相关承诺， 不存在与公司进行同业竞争的行为；不存在占用公司资金的行为，不存在损害公司利益、特别是中小股东利益的情形。 2、报告期内发现的内部控制重大缺陷的具体情况 □是☑否 十二、公司报告期内对子公司的管理控制情况 对子公司的管理控制存在异常 □是☑否 十三、内部控制评价报告或内部控制审计报告 1、内控评价报告 内部控制评价报告全文披露日期 2026年04月27日 内部控制评价报告全文披露索引 巨潮资讯网http://www.cninfo.com.cn上的《2025年度内部控制评价报告》 纳入评价范围单位资产总额占公司合 100.00% 并财务报表资产总额的比例 纳入评价范围单位营业收入占公司合 100.00% 并财务报表营业收入的比例 缺陷认定标准 类别 财务报告 非财务报告 重大缺陷:一项内部控制缺陷单独或连 同其他缺陷具备合理可能性导致不能 及时防止或发现并纠正财务报告中的 重大错报。如:(1)董事、监事和高级管 出现以下情形的，可认定为重大缺 理人员舞弊;(2)企业更正已公布的财务 陷，其他情形视其影响程度分别确定 报告;(3)注册会计师发现当期财务报告 重要缺陷或一般缺陷。(1)企业决策程 存在重大错报，而内部控制在运行过 序不科学;(2,candidate_requires_manual_selection
002230.SZ,科大讯飞,total_assets,79,资产总额,2025|1|1|0.5|0.5|1|1|0.5|0.5|0|0|0|0|2|2025|12|31|2026|04|27|118|79,科大讯飞股份有限公司2025年年度报告全文 重要缺陷的内部控制缺陷。 重大缺陷:该缺陷造成财产损失大于或 重大缺陷:该缺陷造成财产损失大于或 等于合并财务报表资产总额的1%;重 等于合并财务报表资产总额的1%;重 要缺陷:该缺陷造成财产损失大于或等 要缺陷:该缺陷造成财产损失大于或等 定量标准 于合并财务报表资产总额的0.5%，但 于合并财务报表资产总额的0.5%，但 小于1%;一般缺陷:该缺陷造成财产损 小于1%;一般缺陷:该缺陷造成财产损 失小于合并财务报表资产总额的 失小于合并财务报表资产总额的 0.5%。 0.5%。 财务报告重大缺陷数量（个） 0 非财务报告重大缺陷数量（个） 0 财务报告重要缺陷数量（个） 0 非财务报告重要缺陷数量（个） 0 2、内部控制审计报告 ☑适用□不适用 内部控制审计报告中的审议意见段 科大讯飞于2025年12月31日按照《企业内部控制基本规范》和相关规定在所有重大方面保持了有效的财务报告内部 控制。 内控审计报告披露情况 披露 内部控制审计报告全文披露日期 2026年04月27日 巨潮资讯网http://www.cninfo.com.cn上的《内部控制审计 内部控制审计报告全文披露索引 报告》 内控审计报告意见类型 标准无保留意见 非财务报告是否存在重大缺陷 否 会计师事务所是否出具非标准意见的内部控制审计报告 □是☑否 会计师事务所出具的内部控制审计报告与董事会的自我评价报告意见是否一致 ☑是□否 报告期或上年度是否被出具内部控制非标准审计意见 □是☑否 十四、上市公司治理专项行动自查问题整改情况 根据中国证券监督管理委员会上市部的统一部署，公司按照中国证券监督管理委员会安徽证监局《关于切实做好上 市公司治理专项工作的通知》要求，就《上市公司治理专项自查清单》中的118项问题认真开展自查，公司不存在整改 类问题，不存在需要就自查问题进行整改的情况。 十五、环境信息披露情况 上市公司及其主要子公司是否纳入环境信息依法披露企业名单 □是☑否 79,candidate_requires_manual_selection
002230.SZ,科大讯飞,total_assets,95,资产总额,"2025|2|36|2021|48|98,688|98,688|0|0|2,071|40|122,532,017|22,776|0|122,554,793|25|122,630,705|75,912|0|122,554,793|1|2|195,080|195,080|98,688","科大讯飞股份有限公司2025年年度报告全文 2、限售股份变动情况 ☑适用□不适用 单位：股 本期增加限售 本期解除限售 股东名称 期初限售股数 期末限售股数 限售原因 解除限售日期 股数 股数 第三个解除限 售期:自首次授 予日起36个 月后的首个交 2021年股票期 易日起至授予 权与限制性股 日起48个月 票激励计划授 98,688 -98,688 0 0 股权激励限售 内的最后一个 予的2,071名 交易日当日 激励对象 止，解除限售 数量为获授限 制性股票数量 的40%。 每年的第一个 交易日，中国 结算深圳分公 司以上市公司 董事、监事和 高级管理人员 董监高 122,532,017 22,776 0 122,554,793 高管锁定股 在上年最后一 个交易日登记 在其名下的股 数为基数，按 25%计算其本 年度可转让股 份法定额度。 合计 122,630,705 -75,912 0 122,554,793 -- -- 二、证券发行与上市情况 1、报告期内证券发行（不含优先股）情况 □适用☑不适用 2、公司股份总数及股东结构的变动、公司资产和负债结构的变动情况说明 ☑适用□不适用 报告期内，公司因实施股权激励计划，股票期权行权195,080份，公司股份总数相应增加195,080股，回购注销部分 已授予限制性股票98,688股并减少注册资本，导致股份减少98,688股。上述因素最终使期末股本较期初增加96,392股， 截至本报告期末，公司股本为2,311,847,493股。2025年末公司资产总额为448.57亿元，资产负债率为55.72%。 3、现存的内部职工股情况 □适用☑不适用 95",candidate_requires_manual_selection
002230.SZ,科大讯飞,revenue,105,营业收入,2025|2025|2|2025|1|2|3|4|5|6|7|1|28|44|2025|271.05|16.12|2|2025|1|2|3|105,科大讯飞股份有限公司2025年年度报告全文 减值评估是依据所编制的折现现金流预测而估计商誉的使用价值。折现现金流预测的编制涉及运用重大判断和估计， 特别是确定收入增长率、永续增长率、成本、费用增加，以及确定所应用的风险调整折现率时均存在固有不确定性和可能 受到管理层偏好的影响。 由于商誉的减值预测和折现未来现金流量涉及固有不确定性，以及管理层在选用假设和估计时可能出现偏好的风险， 我们将评估商誉的减值确定为科大讯飞2025年度关键审计事项。 2、审计应对 我们对管理层作出的商誉减值测试进行了复核，在2025年度财务报表审计中，执行了以下程序： （1）对商誉减值内部控制进行了解和测试，评价商誉减值测试相关的关键内部控制是否有效； （2）评估管理层划分资产组及资产组组合的合理性； （3）评估管理层减值测试方法和模型的适当性，及与以前年度测试方法的一致性； （4）复核以前期间的减值测试相关的预期参数与期后实际情况的偏差，验证测试相关参数的合理性； （5）评价由管理层聘请的评估师的胜任能力、专业素质和客观性，对评估方法、评估参数和关键假设进行复核； （6）获取独立评估师出具的专项减值测试报告，检查商誉减值测试计算过程的算术准确性，复核账面计提商誉减值金 额的准确性； （7）检查与该商誉减值相关的信息是否已在财务报表中作出恰当列报和披露。 基于上述工作结果，我们认为相关证据能够支持管理层关于商誉减值测试的判断及估计。 （二） 收入确认 1、事项描述 科大讯飞关于收入确认的披露参见附注：三、重要会计政策及会计估计28、收入确认原则和计量方法，具体数据参见 附注：五、合并财务报表项目注释44、营业收入及营业成本。 科大讯飞存在不同类型的收入，包括系统集成业务收入、软件开发及技术服务业务收入、智能化工程业务收入等。科 大讯飞2025年度的营业收入为271.05亿元，较上年增长16.12%。收入是科大讯飞的关键业绩指标之一，存在管理层为了达 到特定目标或期望而操纵收入确认时点的固有风险，我们将科大讯飞的收入确认识别为关键审计事项。 2、审计应对 我们对收入确认，在2025年度财务报表审计中，执行了以下程序： （1）我们了解、评估了管理层对科大讯飞销售合同、销售订单审批至销售收入入账的销售流程中的内部控制的设计， 并测试了关键控制执行的有效性； （2）我们通过抽样检查科大讯飞与客户签订,candidate_requires_manual_selection
002230.SZ,科大讯飞,total_assets,109,资产合计,"2025|1|2025|12|31|2,451,175,870|25|3,387,380,425|36|693,014,986|83|640,104,418|97|16,295,940,653|57|14,666,453,043|92|863,232,776|07|605,910,193|09|329,036,310|10|321,170,391|00","科大讯飞股份有限公司2025年年度报告全文 二、财务报表 财务附注中报表的单位为：元 1、合并资产负债表 编制单位：科大讯飞股份有限公司 2025年12月31日 单位：元 项目 期末余额 期初余额 流动资产： 货币资金 2,451,175,870.25 3,387,380,425.36 结算备付金 拆出资金 交易性金融资产 衍生金融资产 应收票据 693,014,986.83 640,104,418.97 应收账款 16,295,940,653.57 14,666,453,043.92 应收款项融资 预付款项 863,232,776.07 605,910,193.09 应收保费 应收分保账款 应收分保合同准备金 其他应收款 329,036,310.10 321,170,391.00 其中：应收利息 应收股利 买入返售金融资产 存货 3,031,003,519.83 2,846,518,638.02 其中：数据资源 合同资产 780,678,445.77 733,246,865.20 持有待售资产 一年内到期的非流动资产 426,773,333.40 538,447,618.43 其他流动资产 558,662,650.74 322,910,428.93 流动资产合计 25,429,518,546.56 24,062,142,022.92 非流动资产： 发放贷款和垫款 债权投资 109",candidate_requires_manual_selection
002230.SZ,科大讯飞,total_assets,110,资产合计,"2025|570,819,484|31|742,315,999|53|1,825,308,037|45|1,539,050,502|30|585,660,926|89|628,486,463|41|245,820,089|53|282,193,850|72|5,976,079,764|31|5,037,418,177|15|163,308,792|85|1,032,764,040|07","科大讯飞股份有限公司2025年年度报告全文 其他债权投资 长期应收款 570,819,484.31 742,315,999.53 长期股权投资 1,825,308,037.45 1,539,050,502.30 其他权益工具投资 其他非流动金融资产 585,660,926.89 628,486,463.41 投资性房地产 245,820,089.53 282,193,850.72 固定资产 5,976,079,764.31 5,037,418,177.15 在建工程 163,308,792.85 1,032,764,040.07 生产性生物资产 油气资产 使用权资产 762,877,292.78 511,199,057.16 无形资产 4,095,728,664.02 2,916,651,306.77 其中：数据资源 315,402,523.17 61,740,857.32 开发支出 1,688,992,469.10 1,636,081,539.76 其中：数据资源 商誉 1,134,673,186.61 1,134,673,186.61 长期待摊费用 85,106,339.88 103,299,490.76 递延所得税资产 2,260,124,921.29 1,788,363,491.09 其他非流动资产 33,090,833.76 64,260,674.95 非流动资产合计 19,427,590,802.78 17,416,757,780.28 资产总计 44,857,109,349.34 41,478,899,803.20 流动负债： 短期借款 1,161,359,197.75 309,655,185.59 向中央银行借款 拆入资金 交易性金融负债 衍生金融负债 应付票据 3,551,610,380.19 2,905,274,282.78 应付账款 7,676,900,241.60 6,162,022,062.04 预收款项 合同负债 1,665,686,892.10 1,681,135,415.08 卖出回购金融资产款 吸收存款及同业存放 代理买卖证券款 110",candidate_requires_manual_selection
002230.SZ,科大讯飞,total_assets,112,资产合计,"2025|155,964|90|242,048|73|771,296,289|49|633,498,719|06|6,023,406,303|57|5,552,142,864|64|18,794,462,168|69|17,793,386,034|67|1,068,021,988|00|921,486,715|65|19,862,484,156|69|18,714,872,750|32","科大讯飞股份有限公司2025年年度报告全文 其他综合收益 -155,964.90 242,048.73 专项储备 盈余公积 771,296,289.49 633,498,719.06 一般风险准备 未分配利润 6,023,406,303.57 5,552,142,864.64 归属于母公司所有者权益合计 18,794,462,168.69 17,793,386,034.67 少数股东权益 1,068,021,988.00 921,486,715.65 所有者权益合计 19,862,484,156.69 18,714,872,750.32 负债和所有者权益总计 44,857,109,349.34 41,478,899,803.20 法定代表人：刘庆峰 主管会计工作负责人：蔡尚 会计机构负责人：赵林悦 2、母公司资产负债表 单位：元 项目 期末余额 期初余额 流动资产： 货币资金 560,391,130.53 1,003,287,653.59 交易性金融资产 衍生金融资产 应收票据 441,307,676.29 484,599,100.94 应收账款 13,809,967,334.13 13,040,344,174.87 应收款项融资 预付款项 468,875,150.96 230,052,145.40 其他应收款 2,547,048,831.69 2,443,026,952.27 其中：应收利息 125,233,120.39 90,938,569.78 应收股利 256,743,000.00 256,743,000.00 存货 421,514,188.46 609,335,696.10 其中：数据资源 合同资产 45,157,505.31 68,661,554.54 持有待售资产 一年内到期的非流动资产 1,436,399.72 76,477,722.74 其他流动资产 7,191,452.79 8,560,529.90 流动资产合计 18,302,889,669.88 17,964,345,530.35 非流动资产： 债权投资 112",candidate_requires_manual_selection
002230.SZ,科大讯飞,total_assets,113,资产合计,"2025|1,436,399|72|10,759,769,631|98|10,316,902,937|66|209,498,654|13|254,389,713|55|98,986,783|97|2,205,544,378|95|1,597,829,579|58|127,983,736|55|490,163,186|10|449,269,789|51|56,972,180|19","科大讯飞股份有限公司2025年年度报告全文 其他债权投资 长期应收款 1,436,399.72 长期股权投资 10,759,769,631.98 10,316,902,937.66 其他权益工具投资 其他非流动金融资产 209,498,654.13 254,389,713.55 投资性房地产 98,986,783.97 固定资产 2,205,544,378.95 1,597,829,579.58 在建工程 127,983,736.55 490,163,186.10 生产性生物资产 油气资产 使用权资产 449,269,789.51 56,972,180.19 无形资产 2,443,804,349.97 1,523,070,996.52 其中：数据资源 281,826,131.21 61,740,857.32 开发支出 932,010,824.21 971,626,318.95 其中：数据资源 商誉 长期待摊费用 3,714,943.52 12,000,941.49 递延所得税资产 495,753,931.81 446,235,019.99 其他非流动资产 5,900,000.00 5,900,000.00 非流动资产合计 17,633,250,240.63 15,775,514,057.72 资产总计 35,936,139,910.51 33,739,859,588.07 流动负债： 短期借款 843,485,643.82 90,360,000.00 交易性金融负债 衍生金融负债 应付票据 882,551,199.88 474,693,807.70 应付账款 2,752,417,854.36 2,276,587,533.56 预收款项 合同负债 270,457,031.32 394,327,100.17 应付职工薪酬 383,802,475.28 366,068,933.42 应交税费 84,873,487.25 125,348,300.40 其他应付款 7,111,592,539.50 7,407,605,805.89 其中：应付利息 143,909,661.87 119,153,371.01 应付股利 113",candidate_requires_manual_selection
002230.SZ,科大讯飞,revenue,115,营业收入,"2025|2025|2024|27,105,390,547|66|23,343,093,018|69|27,105,390,547|66|23,343,093,018|69|27,007,499,568|61|23,100,303,675|07|15,624,405,247|68|13,391,165,470|26|192,305,935|16|143,951,127|88|5,190,906,420|51","科大讯飞股份有限公司2025年年度报告全文 项目 2025年度 2024年度 一、营业总收入 27,105,390,547.66 23,343,093,018.69 其中：营业收入 27,105,390,547.66 23,343,093,018.69 利息收入 已赚保费 手续费及佣金收入 二、营业总成本 27,007,499,568.61 23,100,303,675.07 其中：营业成本 15,624,405,247.68 13,391,165,470.26 利息支出 手续费及佣金支出 退保金 赔付支出净额 提取保险责任合同准备金净 额 保单红利支出 分保费用 税金及附加 192,305,935.16 143,951,127.88 销售费用 5,190,906,420.51 4,083,416,224.07 管理费用 1,387,906,299.50 1,455,408,951.23 研发费用 4,438,994,619.20 3,891,601,383.59 财务费用 172,981,046.56 134,760,518.04 其中：利息费用 208,563,679.80 194,798,266.37 利息收入 57,369,998.76 72,891,840.35 加：其他收益 1,380,941,551.11 1,032,935,989.16 投资收益（损失以“－”号填 77,235,775.27 92,973,584.68 列） 其中：对联营企业和合营 47,992,194.00 81,992,089.48 企业的投资收益 以摊余成本计量的 金融资产终止确认收益 汇兑收益（损失以“-”号填 列） 净敞口套期收益（损失以 “－”号填列） 公允价值变动收益（损失以 -678,884.79 -21,917,068.19 “－”号填列） 信用减值损失（损失以“-”号 -928,046,298.47 -965,333,261.07 填列） 资产减值损失（损失以“-”号 -54,649,382.41 -107,071,575.33 填列） 115",candidate_requires_manual_selection
002230.SZ,科大讯飞,net_profit_attributable,116,归属于母公司股东的净利润,"2025|16,714,469|51|8,005,149|95|589,408,209|27|282,382,162|82|41,993,581|51|39,446,709|18|38,150,570|39|92,733,940|49|593,251,220|39|229,094,931|51|256,217,399|85|277,938,700|70","科大讯飞股份有限公司2025年年度报告全文 资产处置收益（损失以“-”号 16,714,469.51 8,005,149.95 填列） 三、营业利润（亏损以“－”号填 589,408,209.27 282,382,162.82 列） 加：营业外收入 41,993,581.51 39,446,709.18 减：营业外支出 38,150,570.39 92,733,940.49 四、利润总额（亏损总额以“－”号 593,251,220.39 229,094,931.51 填列） 减：所得税费用 -256,217,399.85 -277,938,700.70 五、净利润（净亏损以“－”号填 849,468,620.24 507,033,632.21 列） （一）按经营持续性分类 1.持续经营净利润（净亏损以 849,468,620.24 507,033,632.21 “－”号填列） 2.终止经营净利润（净亏损以 “－”号填列） （二）按所有权归属分类 1.归属于母公司股东的净利润 839,390,861.36 560,162,663.16 2.少数股东损益 10,077,758.88 -53,129,030.95 六、其他综合收益的税后净额 -534,400.90 -904,903.57 归属母公司所有者的其他综合收益 -398,013.63 -571,531.19 的税后净额 （一）不能重分类进损益的其他 综合收益 1.重新计量设定受益计划变动 额 2.权益法下不能转损益的其他 综合收益 3.其他权益工具投资公允价值 变动 4.企业自身信用风险公允价值 变动 5.其他 （二）将重分类进损益的其他综 -398,013.63 -571,531.19 合收益 1.权益法下可转损益的其他综 合收益 2.其他债权投资公允价值变动 3.金融资产重分类计入其他综 合收益的金额 4.其他债权投资信用减值准备 5.现金流量套期储备 6.外币财务报表折算差额 -398,013.63 -571,531.19 7.其他 归属于少数股东的其他综合收益的 -136,387.27 -333,372.38 税后净额 116",candidate_requires_manual_selection
002230.SZ,科大讯飞,revenue,117,营业收入,"2025|848,934,219|34|506,128,728|64|838,992,847|73|559,591,131|97|9,941,371|61|53,462,403|33|0.36|0.24|0.36|0.24|4|2025|2024|12,089,772,696|63|10,654,986,537|46|4,286,985,238","科大讯飞股份有限公司2025年年度报告全文 七、综合收益总额 848,934,219.34 506,128,728.64 归属于母公司所有者的综合收益总 838,992,847.73 559,591,131.97 额 归属于少数股东的综合收益总额 9,941,371.61 -53,462,403.33 八、每股收益 （一）基本每股收益 0.36 0.24 （二）稀释每股收益 0.36 0.24 法定代表人：刘庆峰 主管会计工作负责人：蔡尚 会计机构负责人：赵林悦 4、母公司利润表 单位：元 项目 2025年度 2024年度 一、营业收入 12,089,772,696.63 10,654,986,537.46 减：营业成本 4,286,985,238.32 3,948,950,608.04 税金及附加 77,141,179.91 56,903,443.63 销售费用 2,834,087,305.68 2,023,459,792.46 管理费用 1,331,336,866.74 1,438,539,843.56 研发费用 2,908,452,578.72 2,399,569,141.76 财务费用 242,288,501.51 137,081,819.65 其中：利息费用 285,659,526.02 233,798,745.20 利息收入 53,372,411.51 99,887,801.06 加：其他收益 885,730,617.12 668,768,561.13 投资收益（损失以“－”号填 248,943,572.86 539,324,232.03 列） 其中：对联营企业和合营企 92,410,682.29 115,730,926.29 业的投资收益 以摊余成本计量的金 融资产终止确认收益（损失以“-”号 填列） 净敞口套期收益（损失以 “－”号填列） 公允价值变动收益（损失以 2,542,853.73 -27,913,875.11 “－”号填列） 信用减值损失（损失以“-”号 -196,875,793.46 -314,972,111.14 填列） 资产减值损失（损失以“-”号 -13,909,183.09 -36,357,614.62 填列） 资产处置收益（损失以“-”号 -126,319.99 1,396,693.15 填列） 二、营业利润（亏损以“－”号填 ",candidate_requires_manual_selection
002230.SZ,科大讯飞,total_assets,141,资产总额,2025|1|2|1|1|12|31|3|4|5|0.3|1|0.3|0.3|0.3|1|0.3|1|0.3|1|0.3|3|3|15|15,科大讯飞股份有限公司2025年年度报告全文 1、遵循企业会计准则的声明 本公司所编制的财务报表符合企业会计准则的要求，真实、完整地反映了公司的财务状况、经营成果、所有者权益 变动和现金流量等有关信息。 2、会计期间 本公司会计年度自公历1月1日起至12月31日止。 3、营业周期 本公司正常营业周期为一年。 4、记账本位币 本公司的记账本位币为人民币，境外(分)子公司按经营所处的主要经济环境中的货币为记账本位币。 5、重要性标准确定方法和选择依据 ☑适用□不适用 项目 重要性标准 重要的单项计提坏账准备的应收款项 单项金额超过资产总额0.3%的应收款项 账龄超过1年且金额重要的预付款项 单项金额超过资产总额0.3%的预付款项 重要的在建工程 单项金额超过资产总额0.3%的在建工程 重要的单项数据资源 单项金额超过资产总额0.3%的数据资源 账龄超过1年的重要应付账款 单项金额超过资产总额0.3%的应付账款 账龄超过1年的重要合同负债 单项金额超过资产总额0.3%的合同负债 账龄超过1年的重要的其他应付款 单项金额超过资产总额0.3%的其他应付款 收到的重要的投资活动有关的现金 收入总额的3% 支付的重要的投资活动有关的现金 收入总额的3% 重要的非全资子公司 资产总额、收入总额、利润总额占比超过15% 对合营企业或联营企业的长期股权投资账面价值占集团总 重要的合营企业或联营企业 资产的15% 6、同一控制下和非同一控制下企业合并的会计处理方法 （1）同一控制下的企业合并 141,candidate_requires_manual_selection
002230.SZ,科大讯飞,revenue,226,营业收入,"2025|43|5,552,142,864|64|5,369,431,856|48|5,552,142,864|64|5,369,431,856|48|839,390,861|36|560,162,663|16|137,797,570|43|148,133,832|60|230,329,852|00|229,317,822|40|6,023,406,303|57|5,552,142,864","科大讯飞股份有限公司2025年年度报告全文 43、未分配利润 单位：元 项目 本期 上期 调整前上期末未分配利润 5,552,142,864.64 5,369,431,856.48 调整后期初未分配利润 5,552,142,864.64 5,369,431,856.48 加：本期归属于母公司所有者的净利润 839,390,861.36 560,162,663.16 减：提取法定盈余公积 137,797,570.43 148,133,832.60 应付普通股股利 230,329,852.00 229,317,822.40 期末未分配利润 6,023,406,303.57 5,552,142,864.64 44、营业收入和营业成本 单位：元 本期发生额 上期发生额 项目 收入 成本 收入 成本 主营业务 27,035,193,788.12 15,601,484,886.79 23,277,580,022.78 13,359,722,638.33 其他业务 70,196,759.54 22,920,360.89 65,512,995.91 31,442,831.93 合计 27,105,390,547.66 15,624,405,247.68 23,343,093,018.69 13,391,165,470.26 公司报告期内经审计利润总额、净利润、扣除非经常性损益后的净利润三者孰低为负值 □是☑否 履约义务的说明 公司承担的预 公司提供的质 履行履约义务 重要的支付条 公司承诺转让 是否为主要责 项目 期将退还给客 量保证类型及 的时间 款 商品的性质 任人 户的款项 相关义务 主要销售语音 客户取得商品 预收款、到货 技术类的软件 质保金，质保 销售商品 是 无 并验收后 款 或者软硬件一 服务 体产品 主要提供技术 服务、平台服 预收款、进度 质保金，质保 提供服务 服务期间 务、综合方案 是 无 款、验收款 服务 后期维保等服 务 主要提供教育 预收款、进度 一体化、城市 质保金，质保 技术开发 服务期间 是 无 款、验收款 大脑等定制化 服务 开发方案 主要提供智能 预收款、进度 质保金，质保 信息工程 服务期间 化建筑综合方 是 无 款、验收款 服务 案 与分摊至剩余履约义务的交易价格相关的信息： 本报告期末已签订合同、但尚未履行或尚未履行完毕的履约义务所对应",candidate_requires_manual_selection
002230.SZ,科大讯飞,revenue,262,营业收入,"2025|100|1,000|00|00|100.00|5,000|00|89.7|5,015|00|3|100|100|00|100|50.00|00|2|50.58|35,119,705|99|436,231,982|68|3","科大讯飞股份有限公司2025年年度报告全文 注册资本（万 持股比例 子公司名称 主要经营地 注册地 业务性质 取得方式 元） 直接 间接 公司 四川宁讯信息 100. 1,000.00 遂宁 遂宁 技术服务、技术开发 投资设立 科技有限公司 00% 山东沂讯信息 100.00 5,000.00 临沂 临沂 技术服务、技术开发 投资设立 科技有限公司 % 上海讯飞和光 89.7 5,015.00 上海 上海 技术服务、技术开发 投资设立 科技有限公司 3% 潮汐力科技 软件销售，人工智能硬件销 100. （香港）有限 100万港币 香港 香港 售，货物进出口，技术进出 投资设立 00% 公司 口 讯飞和光（郑 100. 州）科技有限 50.00 郑州 郑州 技术服务、技术开发 投资设立 00% 公司 （2）重要的非全资子公司 单位：元 本期归属于少数股东 本期向少数股东宣告 期末少数股东权益余 子公司名称 少数股东持股比例 的损益 分派的股利 额 讯飞医疗科技股份有 50.58% -35,119,705.99 436,231,982.68 限公司 （3）重要非全资子公司的主要财务信息 单位：元 期末余额 期初余额 子公 司名 非流 非流 非流 非流 流动 资产 流动 负债 流动 资产 流动 负债 称 动资 动负 动资 动负 资产 合计 负债 合计 资产 合计 负债 合计 产 债 产 债 讯飞 医疗 1,678, 633,38 2,311, 1,085, 278,92 1,364, 1,683, 413,53 2,097, 919,82 190,71 1,110, 科技 545,10 1,079. 926,18 614,75 0,287. 535,04 840,52 3,279. 373,80 2,156. 0,278. 532,43 股份 4.98 05 4.03 2.42 81 0.23 7.25 88 7.13 03 38 4.41 有限 公司 单位：元 本期发生额 上期发生额 子公司名 称 综合收益 经营活动 综合收益 经营活动 营业收入 净利润 营业收入 净利润 总额 现金流量 总额 现金流量 讯飞医疗 - - - - - - 738,797,69 科技股份 919,897,56 65,766,544. 65,766,544. 42,972,411. 137,",candidate_requires_manual_selection
002230.SZ,科大讯飞,total_assets,267,资产总额,"2025|2|234,887,090|79|234,887,090|79|3|163,720,572|44|163,720,572|44|10,523,568|95|10,523,568|95|2,942,280|73|2,942,280|73|177,186,422|12|177,186,422|12|1|585,660,926","科大讯飞股份有限公司2025年年度报告全文 （2）因转移而终止确认的金融资产 ☑适用□不适用 单位：元 与终止确认相关的利得或损 项目 金融资产转移的方式 终止确认的金融资产金额 失 银行承兑汇票 背书 234,887,090.79 合计 234,887,090.79 （3）继续涉入的资产转移金融资产 ☑适用□不适用 单位：元 项目 资产转移方式 继续涉入形成的资产金额 继续涉入形成的负债金额 银行承兑汇票 背书 163,720,572.44 163,720,572.44 商业承兑汇票 背书 10,523,568.95 10,523,568.95 平台票据 背书 2,942,280.73 2,942,280.73 合计 177,186,422.12 177,186,422.12 十三、公允价值的披露 1、以公允价值计量的资产和负债的期末公允价值 单位：元 期末公允价值 项目 第一层次公允价值计 第二层次公允价值计 第三层次公允价值计 合计 量 量 量 一、持续的公允价值 -- -- -- -- 计量 （一）其他非流动金 585,660,926.89 585,660,926.89 融资产 持续以公允价值计量 585,660,926.89 585,660,926.89 的资产总额 2、持续和非持续第一层次公允价值计量项目市价的确定依据 相同资产或负债在活跃市场上未经调整的报价。 3、持续和非持续第二层次公允价值计量项目，采用的估值技术和重要参数的定性及定量信息 除第一层次输入值外相关资产或负债直接或间接可观察的输入值。 267",candidate_requires_manual_selection
002230.SZ,科大讯飞,revenue,299,营业收入,"2025|42|1|1,566|0|20|64|1,660|7|20|64|29|5|92,410|6|39,830|6|67,974|4,001|77,522|4,001|20.0|82.29|54.36|43","科大讯飞股份有限公司2025年年度报告全文 本期增减变动 其 计 期初余 减值 期末余 减值 追 减 权益法 其他 他 宣告发 提 额（账 准备 额（账 准备 被投资单位 加 少 下确认 综合 权 放现金 减 其 面价 期初 面价 期末 投 投 的投资 收益 益 股利或 值 他 值） 余额 值） 余额 资 资 损益 调整 变 利润 准 动 备 42,1 1,566,0 20,64 1,660,7 20,64 29,5 92,410,6 39,830,6 合计 67,974. 4,001. 77,522. 4,001. 20.0 82.29 54.36 43 04 36 04 0 可收回金额按公允价值减去处置费用后的净额确定 □适用☑不适用 可收回金额按预计未来现金流量的现值确定 □适用☑不适用 4、营业收入和营业成本 单位：元 本期发生额 上期发生额 项目 收入 成本 收入 成本 主营业务 12,056,758,009.53 4,284,253,702.80 10,633,815,249.43 3,946,059,554.76 其他业务 33,014,687.10 2,731,535.52 21,171,288.03 2,891,053.28 合计 12,089,772,696.63 4,286,985,238.32 10,654,986,537.46 3,948,950,608.04 与履约义务相关的信息： 是否为 公司承担的预 公司提供的质 履行履约义 重要的支付条 项目 公司承诺转让商品的性质 主要责 期将退还给客 量保证类型及 务的时间 款 任人 户的款项 相关义务 客户取得商 预收款、到货 主要销售语音技术类的软件 质保金，质保 销售商品 是 无 品并验收后 款 或者软硬件一体产品 服务 主要提供技术服务、平台服 预收款、进度 质保金，质保 提供服务 服务期间 务、综合方案后期维保等服 是 无 款、验收款 服务 务 预收款、进度 主要提供教育一体化、城市 质保金，质保 技术开发 服务期间 是 无 款、验收款 大脑等定制化开发方案 服务 与分摊至剩余履约义务的交易价格相关的信息： 本报告期末已签订合同、但尚未履行或尚未履行完毕的履约义务所对应的收入金额为 504,923,073.09元，其中预计 409,024,732.53元将于2026年度确认收入，82,",candidate_requires_manual_selection
300229.SZ,拓尔思,net_profit_attributable,3,归属于上市公司股东的净利润,"2025|2025|51,134|48|34.19|29,374|94|212.02|33,575|33|96.88|2","拓尔思信息技术股份有限公司2025年年度报告全文 2025 年年度报告 第一节 重要提示、目录和释义 公司董事会及董事、高级管理人员保证年度报告内容的真实、准确、完 整，不存在虚假记载、误导性陈述或者重大遗漏，并承担个别和连带的法律 责任。 公司负责人李渝勤、主管会计工作负责人林义及会计机构负责人(会计主 管人员)林义声明：保证本年度报告中财务报告的真实、准确、完整。 所有董事均已出席了审议本报告的董事会会议。 报告期内，公司实现营业总收入 51,134.48 万元，较上年同期下降 34.19%；实现归属于上市公司股东的净利润-29,374.94 万元，较上年同期下 降 212.02%；实现归属于上市公司股东的扣除非经常性损益的净利润- 33,575.33 万元，较上年同期下降 96.88%。截至本年度报告披露之日，公司 持续经营能力不存在重大风险。有关公司本年度业绩亏损的原因及相关改善 盈利能力的措施的具体内容可参见本报告第三节“管理层讨论与分析”之 “二、报告期内公司从事的主要业务”、“四、主营业务分析”、“十一、 公司未来发展的展望”等部分相关描述。 本年度报告中涉及未来计划或规划等前瞻性陈述的，均不构成公司对投 资者的实质承诺，投资者及相关人士均应对此保持足够的风险认识，并且应 当理解计划、预测与承诺之间的差异，敬请投资者注意投资风险。 公司在本报告第三节“管理层讨论与分析”中“十一、公司未来发展的 2",candidate_requires_manual_selection
300229.SZ,拓尔思,total_assets,10,资产总额,"2025|5|7|18|16|1|2024|10|29|10|2026|12|31|2025|2024|2023|511,344,793|45|777,034,453|08|34.19|781,678,373|42|293,749,397|56","拓尔思信息技术股份有限公司2025年年度报告全文 会计师事务所名称 立信会计师事务所（特殊普通合伙） 会计师事务所办公地址 北京市朝阳区安定路5号院7号楼中海国际中心A座18层 签字会计师姓名 安行、李强 公司聘请的报告期内履行持续督导职责的保荐机构 适用 □不适用 保荐机构名称 保荐机构办公地址 保荐代表人姓名 持续督导期间 北京市朝阳区景辉街 16号院 1号楼泰 2024 年 10 月 29 日至 中信建投证券股份有限公司 张苏、周岱岳 康集团大厦10层 2026年12月31日 公司聘请的报告期内履行持续督导职责的财务顾问 □适用 不适用 五、主要会计数据和财务指标 公司是否需追溯调整或重述以前年度会计数据 □是 否 2025年 2024年 本年比上年增减 2023年 营业收入（元） 511,344,793.45 777,034,453.08 -34.19% 781,678,373.42 归属于上市公司股东的净利润（元） -293,749,397.56 -94,145,629.80 -212.02% 36,465,973.39 归属于上市公司股东的扣除非经常性 -335,753,340.94 -170,533,242.93 -96.88% 2,428,630.97 损益的净利润（元） 经营活动产生的现金流量净额（元） 197,978,468.33 69,459,171.56 185.03% 45,940,871.74 基本每股收益（元/股） -0.3362 -0.1165 -188.58% 0.0467 稀释每股收益（元/股） -0.3362 -0.1165 -188.58% 0.0467 加权平均净资产收益率 -7.38% -2.74% -4.64% 1.13% 2025年末 2024年末 本年末比上年末增减 2023年末 资产总额（元） 4,207,791,883.05 4,481,824,962.63 -6.11% 3,746,005,629.18 归属于上市公司股东的净资产（元） 3,846,553,812.81 4,125,239,803.11 -6.76% 3,352,105,013.12 公司最近三个会计年度扣除非经常性损益前后净利润孰低者均为负值，且最近一年审计报告显示公司持续经营能力存在 不确定性 □是 否 公司报告期内经审计利润总额、",candidate_requires_manual_selection
300229.SZ,拓尔思,revenue,10,营业收入,"2025|5|7|18|16|1|2024|10|29|10|2026|12|31|2025|2024|2023|511,344,793|45|777,034,453|08|34.19|781,678,373|42|293,749,397|56","拓尔思信息技术股份有限公司2025年年度报告全文 会计师事务所名称 立信会计师事务所（特殊普通合伙） 会计师事务所办公地址 北京市朝阳区安定路5号院7号楼中海国际中心A座18层 签字会计师姓名 安行、李强 公司聘请的报告期内履行持续督导职责的保荐机构 适用 □不适用 保荐机构名称 保荐机构办公地址 保荐代表人姓名 持续督导期间 北京市朝阳区景辉街 16号院 1号楼泰 2024 年 10 月 29 日至 中信建投证券股份有限公司 张苏、周岱岳 康集团大厦10层 2026年12月31日 公司聘请的报告期内履行持续督导职责的财务顾问 □适用 不适用 五、主要会计数据和财务指标 公司是否需追溯调整或重述以前年度会计数据 □是 否 2025年 2024年 本年比上年增减 2023年 营业收入（元） 511,344,793.45 777,034,453.08 -34.19% 781,678,373.42 归属于上市公司股东的净利润（元） -293,749,397.56 -94,145,629.80 -212.02% 36,465,973.39 归属于上市公司股东的扣除非经常性 -335,753,340.94 -170,533,242.93 -96.88% 2,428,630.97 损益的净利润（元） 经营活动产生的现金流量净额（元） 197,978,468.33 69,459,171.56 185.03% 45,940,871.74 基本每股收益（元/股） -0.3362 -0.1165 -188.58% 0.0467 稀释每股收益（元/股） -0.3362 -0.1165 -188.58% 0.0467 加权平均净资产收益率 -7.38% -2.74% -4.64% 1.13% 2025年末 2024年末 本年末比上年末增减 2023年末 资产总额（元） 4,207,791,883.05 4,481,824,962.63 -6.11% 3,746,005,629.18 归属于上市公司股东的净资产（元） 3,846,553,812.81 4,125,239,803.11 -6.76% 3,352,105,013.12 公司最近三个会计年度扣除非经常性损益前后净利润孰低者均为负值，且最近一年审计报告显示公司持续经营能力存在 不确定性 □是 否 公司报告期内经审计利润总额、",candidate_requires_manual_selection
300229.SZ,拓尔思,net_profit_attributable,10,归属于上市公司股东的净利润,"2025|5|7|18|16|1|2024|10|29|10|2026|12|31|2025|2024|2023|511,344,793|45|777,034,453|08|34.19|781,678,373|42|293,749,397|56","拓尔思信息技术股份有限公司2025年年度报告全文 会计师事务所名称 立信会计师事务所（特殊普通合伙） 会计师事务所办公地址 北京市朝阳区安定路5号院7号楼中海国际中心A座18层 签字会计师姓名 安行、李强 公司聘请的报告期内履行持续督导职责的保荐机构 适用 □不适用 保荐机构名称 保荐机构办公地址 保荐代表人姓名 持续督导期间 北京市朝阳区景辉街 16号院 1号楼泰 2024 年 10 月 29 日至 中信建投证券股份有限公司 张苏、周岱岳 康集团大厦10层 2026年12月31日 公司聘请的报告期内履行持续督导职责的财务顾问 □适用 不适用 五、主要会计数据和财务指标 公司是否需追溯调整或重述以前年度会计数据 □是 否 2025年 2024年 本年比上年增减 2023年 营业收入（元） 511,344,793.45 777,034,453.08 -34.19% 781,678,373.42 归属于上市公司股东的净利润（元） -293,749,397.56 -94,145,629.80 -212.02% 36,465,973.39 归属于上市公司股东的扣除非经常性 -335,753,340.94 -170,533,242.93 -96.88% 2,428,630.97 损益的净利润（元） 经营活动产生的现金流量净额（元） 197,978,468.33 69,459,171.56 185.03% 45,940,871.74 基本每股收益（元/股） -0.3362 -0.1165 -188.58% 0.0467 稀释每股收益（元/股） -0.3362 -0.1165 -188.58% 0.0467 加权平均净资产收益率 -7.38% -2.74% -4.64% 1.13% 2025年末 2024年末 本年末比上年末增减 2023年末 资产总额（元） 4,207,791,883.05 4,481,824,962.63 -6.11% 3,746,005,629.18 归属于上市公司股东的净资产（元） 3,846,553,812.81 4,125,239,803.11 -6.76% 3,352,105,013.12 公司最近三个会计年度扣除非经常性损益前后净利润孰低者均为负值，且最近一年审计报告显示公司持续经营能力存在 不确定性 □是 否 公司报告期内经审计利润总额、",candidate_requires_manual_selection
300229.SZ,拓尔思,revenue,11,营业收入,"2025|493,184,278|15|654,034,787|18|124,967,319|45|119,833,696|23|92,181,151|04|174,362,626|73|22,929,808|70|50,701,364|18|86,446,254|59|133,671,970|09|32,639,636|88|56,806,657|15","拓尔思信息技术股份有限公司2025年年度报告全文 营业收入扣除后金额（元） 493,184,278.15 654,034,787.18 - 六、分季度主要财务指标 单位：元 第一季度 第二季度 第三季度 第四季度 营业收入 124,967,319.45 119,833,696.23 92,181,151.04 174,362,626.73 归属于上市公司股东的净利润 -22,929,808.70 -50,701,364.18 -86,446,254.59 -133,671,970.09 归属于上市公司股东的扣除非 -32,639,636.88 -56,806,657.15 -89,917,124.38 -156,389,922.53 经常性损益的净利润 经营活动产生的现金流量净额 42,160,300.02 -4,374,885.95 -1,921,948.75 162,115,003.01 上述财务指标或其加总数是否与公司已披露季度报告、半年度报告相关财务指标存在重大差异 □是 否 七、境内外会计准则下会计数据差异 1、同时按照国际会计准则与按照中国会计准则披露的财务报告中净利润和净资产差异情况 □适用 不适用 公司报告期不存在按照国际会计准则与按照中国会计准则披露的财务报告中净利润和净资产差异情况。 2、同时按照境外会计准则与按照中国会计准则披露的财务报告中净利润和净资产差异情况 □适用 不适用 公司报告期不存在按照境外会计准则与按照中国会计准则披露的财务报告中净利润和净资产差异情况。 八、非经常性损益项目及金额 适用 □不适用 单位：元 项目 2025年金额 2024年金额 2023年金额 说明 非流动性资产处置损益（包括已计提资产 572,908.80 41,198,850.41 351,922.86 减值准备的冲销部分） 计入当期损益的政府补助（与公司正常经 营业务密切相关，符合国家政策规定、按 19,453,081.93 19,689,767.90 13,269,992.64 照确定的标准享有、对公司损益产生持续 影响的政府补助除外） 除同公司正常经营业务相关的有效套期保 值业务外，非金融企业持有金融资产和金 21,538,007.04 10,038,514.47 20,276,626.86 融负债产生的公允价值变动损益以及处置 金融资产和金融负",candidate_requires_manual_selection
300229.SZ,拓尔思,net_profit_attributable,11,归属于上市公司股东的净利润,"2025|493,184,278|15|654,034,787|18|124,967,319|45|119,833,696|23|92,181,151|04|174,362,626|73|22,929,808|70|50,701,364|18|86,446,254|59|133,671,970|09|32,639,636|88|56,806,657|15","拓尔思信息技术股份有限公司2025年年度报告全文 营业收入扣除后金额（元） 493,184,278.15 654,034,787.18 - 六、分季度主要财务指标 单位：元 第一季度 第二季度 第三季度 第四季度 营业收入 124,967,319.45 119,833,696.23 92,181,151.04 174,362,626.73 归属于上市公司股东的净利润 -22,929,808.70 -50,701,364.18 -86,446,254.59 -133,671,970.09 归属于上市公司股东的扣除非 -32,639,636.88 -56,806,657.15 -89,917,124.38 -156,389,922.53 经常性损益的净利润 经营活动产生的现金流量净额 42,160,300.02 -4,374,885.95 -1,921,948.75 162,115,003.01 上述财务指标或其加总数是否与公司已披露季度报告、半年度报告相关财务指标存在重大差异 □是 否 七、境内外会计准则下会计数据差异 1、同时按照国际会计准则与按照中国会计准则披露的财务报告中净利润和净资产差异情况 □适用 不适用 公司报告期不存在按照国际会计准则与按照中国会计准则披露的财务报告中净利润和净资产差异情况。 2、同时按照境外会计准则与按照中国会计准则披露的财务报告中净利润和净资产差异情况 □适用 不适用 公司报告期不存在按照境外会计准则与按照中国会计准则披露的财务报告中净利润和净资产差异情况。 八、非经常性损益项目及金额 适用 □不适用 单位：元 项目 2025年金额 2024年金额 2023年金额 说明 非流动性资产处置损益（包括已计提资产 572,908.80 41,198,850.41 351,922.86 减值准备的冲销部分） 计入当期损益的政府补助（与公司正常经 营业务密切相关，符合国家政策规定、按 19,453,081.93 19,689,767.90 13,269,992.64 照确定的标准享有、对公司损益产生持续 影响的政府补助除外） 除同公司正常经营业务相关的有效套期保 值业务外，非金融企业持有金融资产和金 21,538,007.04 10,038,514.47 20,276,626.86 融负债产生的公允价值变动损益以及处置 金融资产和金融负",candidate_requires_manual_selection
300229.SZ,拓尔思,revenue,19,营业收入,"2025|20,500|28.24|4,803|109.45|4,032|54.00|10,088|4.39|2|18","拓尔思信息技术股份有限公司2025年年度报告全文 在网信和特种领域，推出舆情态势感知、开源情报知识问答、情报写作辅助、数据融合分析等专业智能体应用，支 撑网络空间治理与特殊业务需求。 报告期内，公司的公共安全业务实现营业收入 20,500 万元，同比增长 28.24%，成为公司增长最快的业务板块之一。 其中，特种业务爆发式增长，实现营收4,803万元，同比增长109.45%；其他监管及安全机构业务实现营收4,032万元， 同比增长54.00%；公安业务保持稳健发展，实现营收10,088万元，同比增长4.39%。客户拓展方面，新增两个省厅级单 位，以及数个西部市级公安单位和多个特种行业客户，市场覆盖广度与深度同步提升。公司与香港某政府部门的合作持 续深化，继一期、二期项目后签署第三期合同，彰显核心技术在高端客户中的持续认可度。目前，公共安全业务正加速 从“项目定制+数据服务”向“智能体集群+场景赋能”模式转型，为规模化复制奠定基础。 2、金融科技 报告期内，金融行业 IT投入更趋审慎，数字化建设重心加速从传统系统建设向智能化应用转型。在消费者权益保护 18",candidate_requires_manual_selection
300229.SZ,拓尔思,revenue,20,营业收入,"2025|5|3|92|7,084|34|4,753|23.26|67|2,604|159|1,500|50|3|72|61|40|4|19","拓尔思信息技术股份有限公司2025年年度报告全文 领域，随着监管力度持续加强，金融机构亟须从事后处置向事前防控延伸，为智能体应用落地提供了明确的市场需求。 公司依托拓天行业智能体底座，重点打造以消保审查智能体、投诉智能体、消保预警智能体为核心的智能消保产品 矩阵。其中，消保审查智能体已实现全场景、全材料覆盖；投诉智能体构建十维分析体系，可自动识别投诉产品、原因、 诉求、风险、定责等关键信息。在智能风控领域，公司启动商业大数据决策智能体规划，面向金融机构提供风控、营销、 供应商管理等场景的智能体服务。 目前，公司智能风控业务用户已覆盖5大国有银行、3大政策性银行、92%的股份制商业银行，以及中国证监会、国 家金融监督管理总局、上交所、深交所等核心监管与交易机构。智能消保应用已推广至银行、保险、信托、消费金融公 司等多类金融机构，如中国银行、兴业银行、北京银行、上海银行等。 报告期内，公司主动推动金融科技业务从传统项目制开发向“AI+数据”服务模式转型，全年实现营业收入 7,084万 元，收入结构持续优化。传统定制化开发业务收入同比收缩34%，而AI与数据类业务合计实现收入4,753万元，同比增 长 23.26%，占总收入比重跃升至 67%。其中，消保智能体业务表现突出，全年收入达 2,604万元，同比增长 159%；风 控数据服务 ARR 收入保持在 1,500 万元，贡献了稳定的高毛利现金流。核心金融机构客户贡献了金融业务总收入的近 50%，展现出公司在头部客户中的稳固卡位能力。 3、融媒体 报告期内，受媒体行业 IT预算整体收缩影响，中央及省级媒体信息化项目规模较上年同期下降约三分之一，地市级 与行业媒体投入保持相对平稳。面对行业周期性调整，公司主动推动业务重心从传统项目制交付向数据服务与智能体应 用转型。 公司依托拓天行业智能体底座，持续打磨面向新闻生产全流程的智能编辑助手。该产品集“专业媒资库、全场景覆 盖、全流程接入、多模态支持”于一体，以智能体模式深度集成于编辑器核心工作流，为编辑记者提供标题拟定、智能 摘要、多语言翻译、以文生图、以图搜视频等生成式服务，有效提升内容生产效率。 公司融媒体用户已覆盖 72%中央媒体、61%省级媒体、40%行业媒体，保持较高的市场渗透率。尽管中央及省级媒 体项目制业务短期承压，但存量客户黏性稳定。报告期内，媒体行业数据服务合",candidate_requires_manual_selection
300229.SZ,拓尔思,net_profit_attributable,28,归属于上市公司股东的净利润,"2025|80|72|100|100|56|20|2025|2,000|1|51,134|48|34.19|29,374|94|212.02|33,575|33|96.88|384,655|38|6.76|1|2014|1.5","拓尔思信息技术股份有限公司2025年年度报告全文 （三）行业深耕与AI工程化：解决最复杂的关键任务 公司深度渗透政务、媒体、金融、公安、网信等关键领域，头部客户覆盖率保持行业领先：中央部委 80%、中央媒 体72%、国有银行100%、省级公安100%、省级网信56%。这一客户结构决定了公司须服务于最高要求场景——在高安 全、强合规、深业务的复杂环境中打磨技术。基于20余年垂直领域Know-How沉淀，公司构建了“行业知识+AI工程化” 深度融合能力。交付模式上，公司派遣工程师深入客户现场，把技术嵌入日常工作流，不仅交付系统，更交付解决复杂 问题的方法论。 报告期内，拓天大模型及智能体在千行百业落地取得显著进展。金融领域，消费者保护智能体已在国有大行及多家 股份制银行、城商行深度应用，客户包括中国银行、兴业银行、上海银行、北京银行、上海农商银行、天津银行、吉林 银行等。其中，2025 年公司承揽某国有大行近 2,000 万元消保智能体项目，为金融业该领域投入最大的单体项目之一。 政务领域，舆情智能体已在自然资源部、住房和城乡建设部、海关总署、贵州省等政府机构深度应用，数字办公和政务 服务智能体在贵州、云南、深圳等地成功落地。公安领域，刑侦办案智能体在多个省级公安及市级公安单位持续深化实 战应用。公司与香港某政府部门的合作持续深化，继一期、二期项目后签署第三期合同，彰显核心技术在高端客户中的 持续认可度。 公司以“决策智能”为核心发展方向，依托覆盖底座、平台、应用三层的全栈人工智能技术体系，通过“动态本体 +自主探索”架构升级，将 AI 能力深度嵌入各业务决策的执行闭环，在特种、公安、金融等强业务耦合场景中，构筑了 通用AI难以替代的差异化优势。 四、主营业务分析 1、概述 报告期内，公司实现营业总收入 51,134.48 万元，较上年同期下降 34.19%；实现归属于上市公司股东的净利润- 29,374.94 万元，较上年同期下降 212.02%；实现归属于上市公司股东的扣除非经常性损益的净利润-33,575.33 万元，较 上年同期下降 96.88%。报告期末，归属于上市公司股东的净资产为 384,655.38万元，较上年末下降 6.76%。公司业绩变 化的主要原因如下： （1）商誉减值影响 公司于2014年收购的子公司天行网安，受网络安全行业整体需求收缩、市场竞争",candidate_requires_manual_selection
300229.SZ,拓尔思,revenue,29,营业收入,"2025|5|42|38|15|1|20,500|28.24|4,803|109.45|4,032|54.00|10,088|4.39|2|26,258|2,000|3|6,000|6|20|200|3|1,000|2025","拓尔思信息技术股份有限公司2025年年度报告全文 公司持续加大在人工智能大模型、智能体平台等前沿领域的研发投入，同步保持销售和管理团队的稳定布局。报告 期内期间费用总额与上年同期基本持平。在收入阶段性承压的背景下，费用刚性投入导致短期亏损，但为公司抢占 AI 产业机遇奠定了技术基础。 （5）财务结构稳健 截至报告期末，公司总资产42亿元，归属于上市公司股东的净资产38亿元，其中现金及交易性金融资产15亿元， 资产负债结构健康，资金储备充足，为后续业务拓展与战略转型提供坚实保障。 报告期内公司主要经营亮点： （1）公共安全业务实现快速增长 报告期内，公司公共安全业务实现营业收入 20,500 万元，同比增长 28.24%，成为公司增长最快的业务板块之一。 其中，特种业务爆发式增长，实现营收4,803万元，同比增长109.45%；其他监管及安全机构业务实现营收4,032万元， 同比增长54.00%；公安业务保持稳健发展，实现营收10,088万元，同比增长4.39%。客户拓展方面，新增两个省厅级单 位，以及数个西部市级公安单位和多个特种行业客户，市场覆盖广度与深度同步提升。公司与香港某纪律部队合作持续 深化，继一期、二期项目后签署第三期合同，彰显核心技术在高端客户中的持续认可度。目前，公共安全业务正加速从 “项目定制+数据服务”向“智能体集群+场景赋能”模式转型，为规模化复制奠定基础。 （2）AI智能体应用加速落地 报告期内，公司人工智能软件产品及服务实现营业收入 26,258 万元，在行业客户 IT投入普遍收缩的背景下保持稳 健增长。拓天大模型及智能体在金融、政务、公安、特种等领域持续突破：金融消保智能体承揽某国有大行近 2,000 万 元标杆项目，成为行业示范案例；政务舆情智能体在自然资源部、住房和城乡建设部、海关总署及贵州、云南、深圳等 政府机构深度应用；公安线索研判、资金穿透、时空碰撞、重点任务管控、涉毒网络挖掘、异常行为分析、辅助审讯、 黑产网络研判等智能体集群，覆盖侦查、研判、管控全链条，已在多个省市级公安机构中得到实战能力的持续验证。 （3）数据资产价值持续彰显 公司依托高质量数据集构建平台，已形成超6,000亿条稀缺数据资源，日均更新6亿+，日均API调用20万+。经标 准化清洗与 Token 化处理，公司构建了超 200 万亿 Token 的高质量语料池",candidate_requires_manual_selection
300229.SZ,拓尔思,revenue,31,营业收入,"2025|2025|2025|2025|2025|50|2025|2025|2025|2025|1|2025|2|3|4|200|2|1|2025|2024|511,344,793|45|100|777,034,453|08",拓尔思信息技术股份有限公司2025年年度报告全文 全球数字经济大会 《大数据创新应用优秀案例(2025)》 中国计算机行业协会大数据产业生态专委会 数据要素优秀产品 中国软件评测中心 入选《2025中国云生态典型应用案例集》 中关村云计算产业联盟 2025年度中关村科学城人工智能全景赋能典 中关村科学城管理委员会 型案例 第五届未来视听创新大赛——高品质视听赛道 北京市广播电视局 媒体视听新技术分赛道三等奖 天行网安 品牌荣誉 2025新质生产力领军企业 第十四届财经峰会 北京立言金融与发展研究院、金融科技50人 第六届“数字金融创新案例（2025）”征集 论坛、神州信息 2025年第二届CCF中国数字金融大会“数字 中国计算机学会（CCF） 金融产业应用优秀案例” 金信网银 案例类荣誉 2025年金融科技应用场景大赛-优秀实践项目 北京市西城区科学技术委员会 2025年金融街论坛年会发布中国数字金融独 北京金融街研究院 角兽榜单 报告期内经营未达目标的原因分析： （1）宏观环境影响下游需求 2025 年我国经济保持平稳增长，但各行业信息化投入普遍收缩。公司核心客户集中于政府和金融领域，相关客户受 财政预算统筹、自身经营压力等因素影响，项目推进放缓、投资规模缩减。从行业整体看，同行业上市公司亦普遍出现 亏损或业绩下滑，行业整体经营承压。 （2）政府行业依赖度较高 公司业务中国家财政支持的信息化项目占比较高，政府行业数字化转型投入放缓对公司收入产生直接影响。信息安 全细分领域受到冲击尤为明显，子公司天行网安所在行业竞争加剧、利润空间压缩，成为商誉减值的直接原因。 （3）战略转型期业绩转化滞后 公司主动调整业务结构，压缩传统大数据与系统集成业务，全力聚焦人工智能应用与数据要素新赛道。新业务虽已 形成上千个客户智能体应用，但现阶段多处于试用培育期，尚未进入规模化变现阶段；而研发投入、算力成本等刚性支 出持续发生，收入与成本错配导致短期亏损。 （4）人员结构调整需进一步深化 报告期内，公司减少人员约 200 人，人工成本有所下降。但由于员工结构和管理层对业务增长的预期偏乐观，人员 调整力度未达预期。后续公司将加大组织调整力度，推进队伍年轻化与结构优化，提升人效与组织敏捷性，以更好地适 应战略转型需要。 2、收入与成本 （1） 营业收入构成 营业收入整体情况 单位：元 202,candidate_requires_manual_selection
300229.SZ,拓尔思,revenue,32,营业收入,"2025|145,511,451|69|28.46|174,342,847|89|22.44|16.54|205,008,595|66|40.09|159,857,113|05|20.57|28.24|56,349,537|09|11.02|76,465,062|12|9.84|26.31|104,475,209|01|20.43","拓尔思信息技术股份有限公司2025年年度报告全文 政府行业 145,511,451.69 28.46% 174,342,847.89 22.44% -16.54% 公共安全 205,008,595.66 40.09% 159,857,113.05 20.57% 28.24% 互联网和传媒 56,349,537.09 11.02% 76,465,062.12 9.84% -26.31% 金融、制造、能源等企业客户 104,475,209.01 20.43% 366,369,430.02 47.15% -71.48% 分产品 大数据软件产品及服务 103,194,178.53 20.18% 291,379,489.00 37.50% -64.58% 人工智能软件产品及服务 262,587,669.46 51.35% 258,277,521.78 33.24% 1.67% 安全产品 93,702,365.67 18.32% 73,796,952.30 9.50% 26.97% 系统集成及其他 51,860,579.79 10.14% 153,580,490.00 19.76% -66.23% 分地区 北方 239,538,229.10 46.84% 414,433,975.71 53.34% -42.20% 华东 105,642,617.19 20.66% 108,255,967.94 13.93% -2.41% 华南/华中 75,019,773.95 14.67% 138,390,256.26 17.81% -45.79% 西部 91,144,173.21 17.82% 115,954,253.17 14.92% -21.40% 分销售模式 直接客户 281,072,605.32 54.97% 511,894,605.10 65.88% -45.09% 与集成商或代理商合作 230,272,188.13 45.03% 265,139,847.98 34.12% -13.15% 公司需遵守《深圳证券交易所上市公司自律监管指引第 3 号——行业信息披露》中的“软件与信息技术服务业”的披露 要求 单位：元 2025年度 第一季度 第二季度 第三季度 第四季度 营业收入 124,967,319.45 119,833,696.23 92,181,151.04 174,362,62",candidate_requires_manual_selection
300229.SZ,拓尔思,net_profit_attributable,32,归属于上市公司股东的净利润,"2025|145,511,451|69|28.46|174,342,847|89|22.44|16.54|205,008,595|66|40.09|159,857,113|05|20.57|28.24|56,349,537|09|11.02|76,465,062|12|9.84|26.31|104,475,209|01|20.43","拓尔思信息技术股份有限公司2025年年度报告全文 政府行业 145,511,451.69 28.46% 174,342,847.89 22.44% -16.54% 公共安全 205,008,595.66 40.09% 159,857,113.05 20.57% 28.24% 互联网和传媒 56,349,537.09 11.02% 76,465,062.12 9.84% -26.31% 金融、制造、能源等企业客户 104,475,209.01 20.43% 366,369,430.02 47.15% -71.48% 分产品 大数据软件产品及服务 103,194,178.53 20.18% 291,379,489.00 37.50% -64.58% 人工智能软件产品及服务 262,587,669.46 51.35% 258,277,521.78 33.24% 1.67% 安全产品 93,702,365.67 18.32% 73,796,952.30 9.50% 26.97% 系统集成及其他 51,860,579.79 10.14% 153,580,490.00 19.76% -66.23% 分地区 北方 239,538,229.10 46.84% 414,433,975.71 53.34% -42.20% 华东 105,642,617.19 20.66% 108,255,967.94 13.93% -2.41% 华南/华中 75,019,773.95 14.67% 138,390,256.26 17.81% -45.79% 西部 91,144,173.21 17.82% 115,954,253.17 14.92% -21.40% 分销售模式 直接客户 281,072,605.32 54.97% 511,894,605.10 65.88% -45.09% 与集成商或代理商合作 230,272,188.13 45.03% 265,139,847.98 34.12% -13.15% 公司需遵守《深圳证券交易所上市公司自律监管指引第 3 号——行业信息披露》中的“软件与信息技术服务业”的披露 要求 单位：元 2025年度 第一季度 第二季度 第三季度 第四季度 营业收入 124,967,319.45 119,833,696.23 92,181,151.04 174,362,62",candidate_requires_manual_selection
300229.SZ,拓尔思,revenue,33,营业收入,"2025|145,511,451|69|62,587,765|39|56.99|16.54|16.11|0.22|205,008,595|66|59,714,570|52|70.87|28.24|29.81|0.35|56,349,537|09|22,105,992|48|60.77|26.31|44.01|12.40","拓尔思信息技术股份有限公司2025年年度报告全文 要求 单位：元 营业收入比上 营业成本比上 毛利率比上 营业收入 营业成本 毛利率 年同期增减 年同期增减 年同期增减 分客户所处行业 政府行业 145,511,451.69 62,587,765.39 56.99% -16.54% -16.11% -0.22% 公共安全 205,008,595.66 59,714,570.52 70.87% 28.24% 29.81% -0.35% 互联网和传媒 56,349,537.09 22,105,992.48 60.77% -26.31% -44.01% 12.40% 金融、制造、能源等企业 104,475,209.01 52,739,108.91 49.52% -71.48% -61.94% -12.66% 客户 分产品 大数据软件产品及服务 103,194,178.53 40,831,597.21 60.43% -64.58% -64.78% 0.22% 人工智能软件产品及服务 262,587,669.46 96,427,003.10 63.28% 1.67% 36.66% -9.40% 安全产品 93,702,365.67 28,155,920.80 69.95% 26.97% 35.23% -1.84% 系统集成及其他 51,860,579.79 31,732,916.19 38.81% -66.23% -65.25% -1.72% 分地区 北方 239,538,229.10 98,011,594.49 59.08% -42.20% -45.30% 2.31% 华东 105,642,617.19 32,406,898.07 69.32% -2.41% 12.84% -4.15% 华南/华中 75,019,773.95 37,053,330.32 50.61% -45.79% -39.85% -4.88% 西部 91,144,173.21 29,675,614.42 67.44% -21.40% 1.81% -7.42% 分销售模式 直接客户 281,072,605.32 124,482,033.80 55.71% -45.09% -40.49% -3.43% 与集成商或代理商合作 230,272,188.13 72,665,403.50 68.44% -13.15%",candidate_requires_manual_selection
300229.SZ,拓尔思,revenue,35,营业收入,"2025|1|17,224,005|42|3.37|2|14,259,292|04|2.79|3|12,860,943|17|2.52|4|1|9,426,548|67|1.84|5|8,516,327|92|1.66|62,287,117|22|12.18","拓尔思信息技术股份有限公司2025年年度报告全文 1 公安部第一研究所 17,224,005.42 3.37% 2 新长城科技有限公司 14,259,292.04 2.79% 3 中电信数智科技有限公司 12,860,943.17 2.52% 4 客户1 9,426,548.67 1.84% 5 四川兴熙鸿商业管理有限公司 8,516,327.92 1.66% 合计 -- 62,287,117.22 12.18% 主要客户其他情况说明 □适用 不适用 公司主要供应商情况 前五名供应商合计采购金额（元） 38,935,366.85 前五名供应商合计采购金额占年度采购总额比例 23.34% 前五名供应商采购额中关联方采购额占年度采购总额比例 0.00% 公司前5名供应商资料 序号 供应商名称 采购额（元） 占年度采购总额比例 1 北京优克信息技术有限公司 10,039,478.55 6.02% 2 北京兴汉网际股份有限公司 8,934,867.38 5.36% 3 北京宇通信合科技有限公司 8,578,159.29 5.14% 4 深圳市意盛科技有限公司 5,722,484.27 3.43% 5 山东浪潮超高清智能科技有限公司 5,660,377.36 3.39% 合计 -- 38,935,366.85 23.34% 主要供应商其他情况说明 □适用 不适用 报告期内公司贸易业务收入占营业收入比例超过10% □适用 不适用 3、费用 单位：元 2025年 2024年 同比增减 重大变动说明 销售费用 143,907,918.13 140,749,273.90 2.24% 管理费用 212,402,028.98 200,012,170.54 6.19% 财务费用 -12,727,325.20 -2,439,536.01 -421.71% 确认募集资金定存利息收入 研发费用 127,823,272.51 148,413,468.49 -13.87% 34",candidate_requires_manual_selection
300229.SZ,拓尔思,revenue,39,营业收入,2025|2025|2024|741|859|13.74|46.63|48.59|1.96|560|631|11.25|68|75|9.33|2|4|50.00|30|311|472|34.11|30|40|346,"拓尔思信息技术股份有限公司2025年年度报告全文 务总线系统 统、跨部门、跨区域的高效协同与资 产品 建设中面临的系统标准不统一、 线平台，将为各类组织提供高 源共享，支撑未来数字化转型和业务 研发 接口对接复杂、数据孤岛严重、 效、规范、可扩展的数字化支 创新需求。 阶段 能力复用不足、安全风险高 等共 撑环境，为后续业务应用创新 性问题。 与数据赋能奠定坚实基础。 广拓公司一直致力于服务广大 提供多源异构数据融合处理、人 公安用户，与相关执法办案部 机交互式可视化分析、多维属性 围绕海量资金数据分析的需求，利用 门有紧密的业务联系。而资金 统计、地理时空分析、多人协同 业界领先的动态本体和知识图谱技 分析是公安禁毒、网络诈骗、 分析和一键生成分析报告等功 术，面向分析人员提供人机交互式可 网络赌博、经济犯罪等犯罪侦 天鉴资金分 能，实现资金数据一键导入，快 视化资金分析应用，同时融入大量案 完成 查核心手段之一。资金分析是 析系统 速清洗和便捷分析，帮助经侦民 件侦办实战研判战法，降低了资金和 执法公安办案部门的刚性需 警快速厘清涉案目标及资金交易 多维数据分析挖掘的难度，打造一站 求。另外在海关、检察院、证 关系，并快速生成分析报告，确 式资金交易分析平台。 券、审计、税务稽查等涉资金 定犯罪事实，快速固定涉案证 交易的单位也具有同样的推广 据，有效提高案件的侦办效率。 价值，市场前景广阔。 公司研发人员情况 2025年 2024年 变动比例 研发人员数量（人） 741 859 -13.74% 研发人员数量占比 46.63% 48.59% -1.96% 研发人员学历 本科 560 631 -11.25% 硕士 68 75 -9.33% 博士 2 4 -50.00% 研发人员年龄构成 30岁以下 311 472 -34.11% 30~40岁 346 318 8.81% 40岁以上 84 50 68.00% 近三年公司研发投入金额及占营业收入的比例 2025年 2024年 2023年 研发投入金额（元） 300,697,481.46 334,152,928.67 308,957,310.19 研发投入占营业收入比例 58.81% 43.00% 39.52% 研发支出资本化的金额（元） 172,874,208.95 185,739,460.18 161,918,56",candidate_requires_manual_selection
300229.SZ,拓尔思,net_profit_attributable,41,归属于上市公司股东的净利润,"2025|4,854,782|76|2,952,091|80|5|2025|2024|762,060,650|05|739,393,479|67|3.07|564,082,181|72|669,934,308|11|15.80|197,978,468|33|69,459,171|56|185.03|1,047,276,005|89","拓尔思信息技术股份有限公司2025年年度报告全文 处于 天行安全服 旨在解决当前各类组织在信息化建设中面临的系统标准不统一、接口对接复杂、 产品 4,854,782.76 务总线系统 数据孤岛严重、能力复用不足、安全风险高 等共性问题。 研发 阶段 以原有水晶球分析师平台的功能为基础，融合结合公安经济侦查、税务、纪委、 天鉴资金分 监察委、海关缉私、金融局、烟草等领域业务技战法和分析模型，设计专门服务 2,952,091.80 完成 析系统 资金分析业务的工具。核心功能是资金数据导入、资金分析模型、分析战法和分 析报告等。系统设计分为单机版和服务器集群版。 5、现金流 单位：元 项目 2025年 2024年 同比增减 经营活动现金流入小计 762,060,650.05 739,393,479.67 3.07% 经营活动现金流出小计 564,082,181.72 669,934,308.11 -15.80% 经营活动产生的现金流量净额 197,978,468.33 69,459,171.56 185.03% 投资活动现金流入小计 1,047,276,005.89 1,000,386,164.29 4.69% 投资活动现金流出小计 1,524,726,165.92 1,199,814,690.46 27.08% 投资活动产生的现金流量净额 -477,450,160.03 -199,428,526.17 -139.41% 筹资活动现金流入小计 7,567,120.30 921,008,435.50 -99.18% 筹资活动现金流出小计 10,191,024.42 36,985,652.15 -72.45% 筹资活动产生的现金流量净额 -2,623,904.12 884,022,783.35 -100.30% 现金及现金等价物净增加额 -282,408,392.12 754,064,307.06 -137.45% 相关数据同比发生重大变动的主要影响因素说明 适用 □不适用 （1）经营活动产生的现金流量净额同比增长 185.03%，主要原因系公司本期因降本增效、人员优化，经营费用同比 有所减少。 （2）投资活动产生的现金流量净额同比下降 139.41%，主要原因系募集资金一年期存款到期后购买了保本型银行理 财产品；此外，公司上年同期处置房产收入金额较大。 （3）筹资活动产生",candidate_requires_manual_selection
300229.SZ,拓尔思,revenue,44,营业收入,"2025|4|1|2|1|2|10|50,000,000|65,969,255|95|13,246,640|17|24,637,474|30|32,063,449|18|32,931,927|59|202,155,000|455,760,013|54|393,005,785|97|115,429,432|56","拓尔思信息技术股份有限公司2025年年度报告全文 4、金融资产投资 （1） 证券投资情况 □适用 不适用 公司报告期不存在证券投资。 （2） 衍生品投资情况 □适用 不适用 公司报告期不存在衍生品投资。 八、重大资产和股权出售 1、出售重大资产情况 □适用 不适用 公司报告期未出售重大资产。 2、出售重大股权情况 □适用 不适用 九、主要控股参股公司分析 适用 □不适用 主要子公司及对公司净利润影响达10%以上的参股公司情况 单位：元 公司 公司名称 主要业务 注册资本 总资产 净资产 营业收入 营业利润 净利润 类型 广州拓尔思大 子公 提供大数据分析技 50,000,000 65,969,255.95 13,246,640.17 24,637,474.30 -32,063,449.18 -32,931,927.59 数据有限公司 司 术产品和服务 拓尔思天行网 数据交换安全产 子公 安信息技术有 品、数据应用安全 202,155,000 455,760,013.54 393,005,785.97 115,429,432.56 -13,709,114.54 -9,484,716.19 司 限责任公司 产品及维护服务 报告期内取得和处置子公司的情况 适用 □不适用 公司名称 报告期内取得和处置子公司方式 对整体生产经营和业绩的影响 海南热度数智技术有限公司 投资设立 无 主要控股参股公司情况说明 43",candidate_requires_manual_selection
300229.SZ,拓尔思,revenue,45,营业收入,"2025|2,463|75|3,293|19|2000|350|1788|18|8|11,542|94|948.47|44","拓尔思信息技术股份有限公司2025年年度报告全文 报告期内，公司主要子公司从事的主要业务：广拓公司主要研发和销售知识图谱技术和大数据分析软件；天行网安 主要提供数据安全传输和交换产品及服务。 （一）广拓公司 广拓公司作为国内泛安全大数据领域较早的开拓者，长期深耕公安、军工、政法和海关等泛安全领域业务，将 “大 数据+知识图谱+NLP+机器学习”核心技术体系升级为“大数据+知识图谱+大模型”，以大数据智能应用的“开源情报+ 知识图谱行业应用”为业务发展战略，努力开展业务及生态合作模式创新，不断推动在 AI 和知识图谱工程应用领域取 得新突破。当前，广拓公司积极开展大模型在泛安全领域的应用，大模型技术成为核心技术之一。 在核心平台产品研发方面。广拓公司结合前沿技术发展趋势，以及图谱市场应用需求，迭代升级安拓·知识图谱产 品能力，同时对接大模型应用能力，为客户提供精准、高价值的知识服务。 在行业产品研发方面。广拓公司始终保持对行业市场超前的关注与跟踪，持续加大新产品研发投入，融合最新大模 型技术，不断提升现有产品能力，丰富产品线，同时强化产品国产化环境适配能力。报告期内，广拓公司分别对天 目·开源情报服务平台、天鸽·邮件分析系统行业级应用产品结合拓天大模型进行迭代升级；同时，立足水晶球分析师 产品，结合金融监管市场需求，打造天鉴·资金分析产品，为金融监管机构提供专业的经济类案件分析产品。 在知识图谱行业应用方面。目前，广拓公司已建立公安、军工、海关、政法、水利、农业和产业知识图谱且市场份 额逐步增长。当前，广拓公司正努力探索政务领域其他行业的知识图谱应用场景，例如司法、财政等，未来将不断丰富 知识图谱在政务领域的应用场景。 在开源情报业务方面。广拓公司持续加强专业情报人才队伍建设，业务在全国各大区域不断扩张，市场份额持续增 长。同时，公司在泛安全领域努力寻求体制专家和行业专家的合作，为公司开源情报业务更广泛的拓展提供强有力的支 撑。 报告期内，广拓公司取得营业收入2,463.75万元，净利润-3,293.19万元。 （二）天行网安 天行网安是国内首批从事网络安全及数据交换技术研发的企业。2000 年，天行网安发明了国内首款安全隔离网闸， 后续又推出了单向隔离光闸、安全数据交换系统、安全视频交换系统、隐私计算平台、基于大数据的安全智能监测与分 析平台、边界运维平台、部门间信",candidate_requires_manual_selection
300229.SZ,拓尔思,revenue,46,营业收入,"2025|1|2025|6,000|2,000|2025|34.19|1.3|3,000|1.97|2|2026|2026|2024|7.7|1|4.5|23|2026|2.4|2|45","拓尔思信息技术股份有限公司2025年年度报告全文 十、公司控制的结构化主体情况 □适用 不适用 十一、公司未来发展的展望 1、回顾前期发展战略在报告期内的进展 2025年，公司确立了“All in AI”战略方向，全力推动产品 AI重构与行业大模型落地。报告期内，公司持续推进 战略转型，在技术研发、市场拓展、生态建设等方面取得阶段性进展： 技术研发方面，公司自主研发的拓天大模型已完成与主流国产化 GPU厂商的深度适配，构建起“动态本体一体化 平台+自主探索系统”的核心技术架构，形成覆盖数据、算法、应用的全栈AI能力。高质量数据集构建平台投入应用， 数据资源规模突破6,000亿条，数据价值化能力持续提升。 市场拓展方面，拓天大模型及智能体在金融、政务、公安、特种等领域落地。金融消保智能体在中国银行、兴业 银行等多家银行深度应用，某国有大行近 2,000 万元消保智能体项目成为行业标杆；政务舆情智能体、数字办公智能体 在多个部委及地方政府落地；公安刑侦办案智能体用户新增多个省级及市级公安单位等。 生态建设方面，公司入选杭州国家语料库计划首批数据合伙人，数据服务类Open API在全国核心数据交易所挂牌。 信创领域，公司入选“2025年中国信创软件高质量发展百强企业”。 经营结果方面，受宏观环境影响，公司全年营业收入同比下降 34.19%，剔除商誉减值后主营业务亏损约 1.3 亿元， 未达年初目标。但第四季度实现归母净利润约3,000万元，环比改善明显；经营性现金流净额1.97亿元，经营质量持续 向好。 2、未来发展战略与2026年经营计划 2026 年，公司将以“降本增效、恢复增长、扭亏为盈”为核心经营方针，在主动收缩传统低毛利业务、优化人员结 构的同时，聚焦高价值客户的数据服务与智能体复购，以精细化运营替代规模扩张，推动经营基本面回归健康增长轨道， 力争营业收入超过2024年水平（7.7亿元），实现一定规模的正向净利润。 （1）收入保障 截至报告期末，公司尚未确认收入的合同储备约为 4.5亿元，较上年同期增长 23%，预计 2026年可确认收入约 2.4 亿元，为当年业绩提供坚实基础。 （2）产品研发与市场突破 公司深刻认识到，人工智能已从辅助性工具演进为具备自主任务拆解、执行与交付能力的“数字员工”。基于这 一战略认知，公司正推动业务模式从“交付软件产品”向“交付",candidate_requires_manual_selection
300229.SZ,拓尔思,total_assets,63,资产总额,2025|3|1|2|1|2026|04|15|100.00|100.00|1|1|2|2|3|3|4|4|5|5|62,拓尔思信息技术股份有限公司2025年年度报告全文 3、其他员工激励措施 □适用 不适用 十三、报告期内的内部控制制度建设及实施情况 1、内部控制建设及实施情况 报告期内，公司根据《企业内部控制基本规范》及其配套指引的规定，对内部控制体系进行适时的更新和完善，建 立了一套设计科学、简洁适用、运行有效的内部控制体系，并由审计委员会、内部审计部门共同组成公司的风险内控管 理体系，对公司的内部控制管理进行监督与评价。 2、报告期内发现的内部控制重大缺陷的具体情况 □是 否 十四、公司报告期内对子公司的管理控制情况 不适用 对子公司的管理控制存在异常 □是 否 十五、内部控制评价报告及内部控制审计报告 1、内控评价报告 内部控制评价报告全文披露日期 2026年04月15日 内部控制评价报告全文披露索引 www.cninfo.com.cn 纳入评价范围单位资产总额占公司合 100.00% 并财务报表资产总额的比例 纳入评价范围单位营业收入占公司合 100.00% 并财务报表营业收入的比例 缺陷认定标准 类别 财务报告 非财务报告 财务报告内部控制存在重大缺陷的迹 重大缺陷的认定标准： 象包括： （1）公司经营活动严重违反国家法律 （1）控制环境无效； 法规； （2）公司董事和高级管理人员舞弊并 （2）媒体负面新闻频频曝光，对公司 给企业造成重大损失和不利影响； 声誉造成重大损害； 定性标准 （3）注册会计师发现当期财务报告存 （3）中高级管理人员和高级技术人员 在重大错报，而内部控制在运行过程 严重流失； 中未能发现该错报； （4）重要业务缺乏制度控制或制度系 （4）已经发现并报告给管理层的重要 统性失效； 缺陷在合理的时间内未加以改正； （5）内部控制评价的结果特别是重大 （5）审计委员会和内部审计部对公司 缺陷或重要缺陷未得到整改。 62,candidate_requires_manual_selection
300229.SZ,拓尔思,revenue,63,营业收入,2025|3|1|2|1|2026|04|15|100.00|100.00|1|1|2|2|3|3|4|4|5|5|62,拓尔思信息技术股份有限公司2025年年度报告全文 3、其他员工激励措施 □适用 不适用 十三、报告期内的内部控制制度建设及实施情况 1、内部控制建设及实施情况 报告期内，公司根据《企业内部控制基本规范》及其配套指引的规定，对内部控制体系进行适时的更新和完善，建 立了一套设计科学、简洁适用、运行有效的内部控制体系，并由审计委员会、内部审计部门共同组成公司的风险内控管 理体系，对公司的内部控制管理进行监督与评价。 2、报告期内发现的内部控制重大缺陷的具体情况 □是 否 十四、公司报告期内对子公司的管理控制情况 不适用 对子公司的管理控制存在异常 □是 否 十五、内部控制评价报告及内部控制审计报告 1、内控评价报告 内部控制评价报告全文披露日期 2026年04月15日 内部控制评价报告全文披露索引 www.cninfo.com.cn 纳入评价范围单位资产总额占公司合 100.00% 并财务报表资产总额的比例 纳入评价范围单位营业收入占公司合 100.00% 并财务报表营业收入的比例 缺陷认定标准 类别 财务报告 非财务报告 财务报告内部控制存在重大缺陷的迹 重大缺陷的认定标准： 象包括： （1）公司经营活动严重违反国家法律 （1）控制环境无效； 法规； （2）公司董事和高级管理人员舞弊并 （2）媒体负面新闻频频曝光，对公司 给企业造成重大损失和不利影响； 声誉造成重大损害； 定性标准 （3）注册会计师发现当期财务报告存 （3）中高级管理人员和高级技术人员 在重大错报，而内部控制在运行过程 严重流失； 中未能发现该错报； （4）重要业务缺乏制度控制或制度系 （4）已经发现并报告给管理层的重要 统性失效； 缺陷在合理的时间内未加以改正； （5）内部控制评价的结果特别是重大 （5）审计委员会和内部审计部对公司 缺陷或重要缺陷未得到整改。 62,candidate_requires_manual_selection
300229.SZ,拓尔思,total_assets,64,资产总额,2025|1|1|2|3|2|3|4|5|1|2|3|4|5|2|2|1|1|2|2|1|1|0|0|0,拓尔思信息技术股份有限公司2025年年度报告全文 的内部控制监督无效。 重要缺陷的认定标准： 财务报告内部控制存在重要缺陷的迹 （1）公司违反国家法律法规受到轻微 象包括： 处罚； （1）未依照公认会计准则选择和应用 （2）关键岗位业务人员流失严重； 会计政策； （3）媒体出现负面新闻，波及局部区 （2）未建立反舞弊程序和控制措施； 域； （3）财务报告过程中出现单独或多项 （4）重要业务制度控制或系统存在缺 缺陷，虽然未达到重大缺陷认定标 陷； 准， 但影响到财务报告达到真实、准 （5）内部控制重要缺陷未得到整改。 确的目标。 一般缺陷的认定标准： 一般缺陷是指除上述重大缺陷、重要 （1）违反企业内部规章，但未形成损 缺陷之外的其他控制缺陷。 失； （2）一般岗位业务人员流失严重； （3）媒体出现负面新闻，但影响不 大； （4）一般业务制度或系统存在缺陷； （5）内部控制一般缺陷未得到整改。 以公司合并财务报表数据为基准，公 以公司合并财务报表数据为基准，确 司确定的非财务报告内部控制缺陷评 定上市公司合并财务报表错报（包括 价的定量标准如下： 漏报）重要程度的定量标准： 重大缺陷：直接损失金额﹥资产总额 定量标准 重大缺陷：错报≥营业收入的2% 的2% 重要缺陷：营业收入的 1%≤错报＜营 重要缺陷：资产总额的1%﹤直接损失 业收入的2% 金额≤资产总额的2% 一般缺陷：错报＜营业收入的1% 一般缺陷：直接损失金额≤资产总额的 1% 财务报告重大缺陷数量（个） 0 非财务报告重大缺陷数量（个） 0 财务报告重要缺陷数量（个） 0 非财务报告重要缺陷数量（个） 0 2、内部控制审计报告 适用 □不适用 内部控制审计报告中的审议意见段 我们认为，拓尔思于2025年12月31日按照《企业内部控制基本规范》和相关规定在所有重大方面保持了有效的财务 报告内部控制。 内控审计报告披露情况 披露 内部控制审计报告全文披露日期 2026年04月15日 内部控制审计报告全文披露索引 www.cninfo.com.cn 内控审计报告意见类型 标准无保留意见 非财务报告是否存在重大缺陷 否 会计师事务所是否出具非标准意见的内部控制审计报告 □是 否 会计师事务所出具的内部控制审计报告与董事会的自我评价报告意见是否一致 是 □否 63,candidate_requires_manual_selection
300229.SZ,拓尔思,revenue,64,营业收入,2025|1|1|2|3|2|3|4|5|1|2|3|4|5|2|2|1|1|2|2|1|1|0|0|0,拓尔思信息技术股份有限公司2025年年度报告全文 的内部控制监督无效。 重要缺陷的认定标准： 财务报告内部控制存在重要缺陷的迹 （1）公司违反国家法律法规受到轻微 象包括： 处罚； （1）未依照公认会计准则选择和应用 （2）关键岗位业务人员流失严重； 会计政策； （3）媒体出现负面新闻，波及局部区 （2）未建立反舞弊程序和控制措施； 域； （3）财务报告过程中出现单独或多项 （4）重要业务制度控制或系统存在缺 缺陷，虽然未达到重大缺陷认定标 陷； 准， 但影响到财务报告达到真实、准 （5）内部控制重要缺陷未得到整改。 确的目标。 一般缺陷的认定标准： 一般缺陷是指除上述重大缺陷、重要 （1）违反企业内部规章，但未形成损 缺陷之外的其他控制缺陷。 失； （2）一般岗位业务人员流失严重； （3）媒体出现负面新闻，但影响不 大； （4）一般业务制度或系统存在缺陷； （5）内部控制一般缺陷未得到整改。 以公司合并财务报表数据为基准，公 以公司合并财务报表数据为基准，确 司确定的非财务报告内部控制缺陷评 定上市公司合并财务报表错报（包括 价的定量标准如下： 漏报）重要程度的定量标准： 重大缺陷：直接损失金额﹥资产总额 定量标准 重大缺陷：错报≥营业收入的2% 的2% 重要缺陷：营业收入的 1%≤错报＜营 重要缺陷：资产总额的1%﹤直接损失 业收入的2% 金额≤资产总额的2% 一般缺陷：错报＜营业收入的1% 一般缺陷：直接损失金额≤资产总额的 1% 财务报告重大缺陷数量（个） 0 非财务报告重大缺陷数量（个） 0 财务报告重要缺陷数量（个） 0 非财务报告重要缺陷数量（个） 0 2、内部控制审计报告 适用 □不适用 内部控制审计报告中的审议意见段 我们认为，拓尔思于2025年12月31日按照《企业内部控制基本规范》和相关规定在所有重大方面保持了有效的财务 报告内部控制。 内控审计报告披露情况 披露 内部控制审计报告全文披露日期 2026年04月15日 内部控制审计报告全文披露索引 www.cninfo.com.cn 内控审计报告意见类型 标准无保留意见 非财务报告是否存在重大缺陷 否 会计师事务所是否出具非标准意见的内部控制审计报告 □是 否 会计师事务所出具的内部控制审计报告与董事会的自我评价报告意见是否一致 是 □否 63,candidate_requires_manual_selection
300229.SZ,拓尔思,revenue,96,营业收入,2025|6|1|2|2025|5.11|3|4|5|6|2025|95,拓尔思信息技术股份有限公司2025年年度报告全文 时，管理层需要作出重大判断，包括对资产组组合 6、与管理层、治理层就计提商誉减值准备的依据和关键假设进 未来现金流量作出的估计及用于现金流量折现的税 行了充分讨论。 后折现率等，同时考虑商誉对于财务报表整体的重 要性，因此我们将商誉减值作为关键审计事项。 （二）收入确认 事项描述： 审计应对： 收入确认的会计政策详情和披露信息请参阅合并财 1、了解、测试拓尔思与销售和收款相关的内部控制制度、财务 务报表附注“三、重要会计政策及会计估计”注释 核算制度的设计和执行； （二十六）所述的会计政策及“五、合并财务报表项 2、抽样检查销售合同，对合同进行“五步法”分析，判断履约义务 目注释”（三十六）。 构成和控制权转移的时点，进而评估拓尔思销售收入的确认政策 2025年度拓尔思合并口径营业收入 5.11亿元，考虑 是否符合收入准则的要求； 到营业收入是拓尔思的关键业绩指标，且存在较高 3、区别收入类别及结合业务板块、行业发展和拓尔思实际情 的固有风险，因此我们将收入确认作为关键审计事 况，执行分析性复核程序，判断销售收入和毛利变动的合理性； 项。 4、从营业收入的会计记录和出库记录中选取样本，与该笔销售 相关的合同、客户签收单、验收报告等外部证据进行核对；检查 收款记录，对期末应收账款、合同资产进行函证； 5、对拓尔思主要客户及供应商进行访谈或走访，了解其基本情 况和经营状况、与拓尔思之间的交易情况、合作背景等； 6、选取样本检查资产负债表日前后的收入交易记录，以评价收 入是否被记录于恰当的会计期间。 四、其他信息 拓尔思管理层（以下简称管理层）对其他信息负责。其他信息包括拓尔思 2025 年年度报告中涵盖的信息，但不 包括财务报表和我们的审计报告。 我们对财务报表发表的审计意见不涵盖其他信息，我们也不对其他信息发表任何形式的鉴证结论。 结合我们对财务报表的审计，我们的责任是阅读其他信息，在此过程中，考虑其他信息是否与财务报表或我们在 审计过程中了解到的情况存在重大不一致或者似乎存在重大错报。 基于我们已执行的工作，如果我们确定其他信息存在重大错报，我们应当报告该事实。在这方面，我们无任何事 项需要报告。 五、管理层和治理层对财务报表的责任 管理层负责按照企业会计准则的规定编制财务报表，使其实现公允反映，并设计、执行和维护必,candidate_requires_manual_selection
300229.SZ,拓尔思,total_assets,98,资产合计,"2025|1|2025|12|31|798,024,850|31|1,082,730,950|21|693,182,715|38|361,261,966|85|3,196,513|39|7,157,904|00|243,219,237|24|268,592,664|07|81,779|12|1,761,165|64","拓尔思信息技术股份有限公司2025年年度报告全文 二、财务报表 财务附注中报表的单位为：元 1、合并资产负债表 编制单位：拓尔思信息技术股份有限公司 2025年12月31日 单位：元 项目 期末余额 期初余额 流动资产： 货币资金 798,024,850.31 1,082,730,950.21 结算备付金 拆出资金 交易性金融资产 693,182,715.38 361,261,966.85 衍生金融资产 应收票据 3,196,513.39 7,157,904.00 应收账款 243,219,237.24 268,592,664.07 应收款项融资 预付款项 81,779.12 1,761,165.64 应收保费 应收分保账款 应收分保合同准备金 其他应收款 21,071,297.68 14,739,521.14 其中：应收利息 应收股利 买入返售金融资产 存货 29,871,686.53 28,251,992.55 其中：数据资源 合同资产 226,800,650.93 365,622,135.06 持有待售资产 一年内到期的非流动资产 其他流动资产 4,359,986.40 13,531,226.32 流动资产合计 2,019,808,716.98 2,143,649,525.84 非流动资产： 发放贷款和垫款 债权投资 97",candidate_requires_manual_selection
300229.SZ,拓尔思,total_assets,99,资产合计,"2025|53,280,687|85|53,084,393|56|203,321,102|67|185,862,715|35|200,890,000|00|201,990,566|76|271,683,189|28|280,204,731|51|524,929,929|19|548,525,278|37|10,624,908|94|6,689,965|44","拓尔思信息技术股份有限公司2025年年度报告全文 其他债权投资 长期应收款 长期股权投资 53,280,687.85 53,084,393.56 其他权益工具投资 203,321,102.67 185,862,715.35 其他非流动金融资产 200,890,000.00 201,990,566.76 投资性房地产 271,683,189.28 280,204,731.51 固定资产 524,929,929.19 548,525,278.37 在建工程 生产性生物资产 油气资产 使用权资产 10,624,908.94 6,689,965.44 无形资产 407,783,848.90 366,809,737.00 其中：数据资源 28,206,271.08 开发支出 240,669,036.00 270,460,522.43 其中：数据资源 39,897,257.74 39,101,610.24 商誉 236,109,056.49 386,525,793.49 长期待摊费用 1,295,155.30 2,108,540.74 递延所得税资产 37,396,251.45 35,913,192.14 其他非流动资产 非流动资产合计 2,187,983,166.07 2,338,175,436.79 资产总计 4,207,791,883.05 4,481,824,962.63 流动负债： 短期借款 5,177,304.89 4,375,520.78 向中央银行借款 拆入资金 交易性金融负债 衍生金融负债 应付票据 应付账款 196,707,411.27 188,357,873.20 预收款项 3,130,777.81 合同负债 63,637,519.03 56,660,857.02 卖出回购金融资产款 吸收存款及同业存放 代理买卖证券款 98",candidate_requires_manual_selection
300229.SZ,拓尔思,total_assets,102,资产合计,"2025|2|706,671,898|04|983,732,829|54|587,252,042|23|301,706,177|41|1,088,313|39|466,923|22|77,117,140|81|109,957,023|76|58,800|00|180,820|00|37,737,101|94|100,128,495","拓尔思信息技术股份有限公司2025年年度报告全文 2、母公司资产负债表 单位：元 项目 期末余额 期初余额 流动资产： 货币资金 706,671,898.04 983,732,829.54 交易性金融资产 587,252,042.23 301,706,177.41 衍生金融资产 应收票据 1,088,313.39 466,923.22 应收账款 77,117,140.81 109,957,023.76 应收款项融资 预付款项 58,800.00 180,820.00 其他应收款 37,737,101.94 100,128,495.12 其中：应收利息 应收股利 存货 7,785,200.53 4,571,554.08 其中：数据资源 合同资产 171,971,513.11 241,390,091.82 持有待售资产 一年内到期的非流动资产 其他流动资产 1,221,900.33 流动资产合计 1,589,682,010.05 1,743,355,815.28 非流动资产： 债权投资 其他债权投资 长期应收款 长期股权投资 1,121,508,501.56 1,241,339,500.54 其他权益工具投资 203,321,102.67 185,862,715.35 其他非流动金融资产 200,890,000.00 196,909,214.11 投资性房地产 92,109,061.54 96,087,596.86 固定资产 391,781,797.94 404,217,323.76 在建工程 生产性生物资产 油气资产 使用权资产 7,163,981.56 4,352,412.60 101",candidate_requires_manual_selection
300229.SZ,拓尔思,total_assets,103,资产合计,"2025|280,796,805|27|248,888,814|61|28,206,271|08|235,336,778|66|247,489,983|36|39,897,257|74|39,101,610|24|98,724|92|14,207,294|45|12,319,040|44|2,547,115,323|65|2,637,565,326|55","拓尔思信息技术股份有限公司2025年年度报告全文 无形资产 280,796,805.27 248,888,814.61 其中：数据资源 28,206,271.08 开发支出 235,336,778.66 247,489,983.36 其中：数据资源 39,897,257.74 39,101,610.24 商誉 长期待摊费用 98,724.92 递延所得税资产 14,207,294.45 12,319,040.44 其他非流动资产 非流动资产合计 2,547,115,323.65 2,637,565,326.55 资产总计 4,136,797,333.70 4,380,921,141.83 流动负债： 短期借款 交易性金融负债 衍生金融负债 应付票据 应付账款 170,208,533.69 181,845,630.67 预收款项 合同负债 45,146,623.77 28,540,248.56 应付职工薪酬 12,125,780.76 14,296,952.87 应交税费 21,398,071.22 23,634,563.51 其他应付款 3,092,589.15 4,007,089.54 其中：应付利息 应付股利 持有待售负债 一年内到期的非流动负债 2,945,782.52 2,550,239.96 其他流动负债 流动负债合计 254,917,381.11 254,874,725.11 非流动负债： 长期借款 应付债券 其中：优先股 永续债 租赁负债 3,788,967.20 1,683,841.10 长期应付款 102",candidate_requires_manual_selection
300229.SZ,拓尔思,revenue,105,营业收入,"2025|3|2025|2024|511,344,793|45|777,034,453|08|511,344,793|45|777,034,453|08|677,436,157|13|796,013,710|46|197,147,437|30|298,647,302|81|8,882,825|41|10,631,030|73|143,907,918","拓尔思信息技术股份有限公司2025年年度报告全文 3、合并利润表 单位：元 项目 2025年度 2024年度 一、营业总收入 511,344,793.45 777,034,453.08 其中：营业收入 511,344,793.45 777,034,453.08 利息收入 已赚保费 手续费及佣金收入 二、营业总成本 677,436,157.13 796,013,710.46 其中：营业成本 197,147,437.30 298,647,302.81 利息支出 手续费及佣金支出 退保金 赔付支出净额 提取保险责任合同准备金净额 保单红利支出 分保费用 税金及附加 8,882,825.41 10,631,030.73 销售费用 143,907,918.13 140,749,273.90 管理费用 212,402,028.98 200,012,170.54 研发费用 127,823,272.51 148,413,468.49 财务费用 -12,727,325.20 -2,439,536.01 其中：利息费用 690,104.38 897,562.42 利息收入 13,759,256.92 3,465,710.88 加：其他收益 29,885,824.54 30,721,132.21 投资收益（损失以“－”号填列） 9,798,963.87 6,469,833.48 其中：对联营企业和合营企业的投资收益 222,815.84 -3,133,593.48 以摊余成本计量的金融资产终止确认收益 汇兑收益（损失以“-”号填列） 净敞口套期收益（损失以“－”号填列） 公允价值变动收益（损失以“－”号填列） 14,685,891.86 2,735,749.43 信用减值损失（损失以“-”号填列） -6,610,576.43 -3,828,187.80 资产减值损失（损失以“-”号填列） -178,133,002.86 -125,852,448.48 资产处置收益（损失以“-”号填列） 572,750.85 7,196,574.86 三、营业利润（亏损以“－”号填列） -295,891,511.85 -101,536,603.68 104",candidate_requires_manual_selection
300229.SZ,拓尔思,net_profit_attributable,106,归属于母公司股东的净利润,"2025|1,333,722|27|3,665,234|86|2,650,008|12|600,970|13|297,207,797|70|98,472,338|95|2,236,222|76|987,644|67|294,971,574|94|97,484,694|28|1|294,971,574|94|97,484,694","拓尔思信息技术股份有限公司2025年年度报告全文 加：营业外收入 1,333,722.27 3,665,234.86 减：营业外支出 2,650,008.12 600,970.13 四、利润总额（亏损总额以“－”号填列） -297,207,797.70 -98,472,338.95 减：所得税费用 -2,236,222.76 -987,644.67 五、净利润（净亏损以“－”号填列） -294,971,574.94 -97,484,694.28 （一）按经营持续性分类 1.持续经营净利润（净亏损以“－”号填列） -294,971,574.94 -97,484,694.28 2.终止经营净利润（净亏损以“－”号填列） （二）按所有权归属分类 1.归属于母公司股东的净利润 -293,749,397.56 -94,145,629.80 2.少数股东损益 -1,222,177.38 -3,339,064.48 六、其他综合收益的税后净额 15,063,407.26 640,900.38 归属母公司所有者的其他综合收益的税后净额 15,063,407.26 640,900.38 （一）不能重分类进损益的其他综合收益 15,712,548.59 387,183.18 1.重新计量设定受益计划变动额 2.权益法下不能转损益的其他综合收益 3.其他权益工具投资公允价值变动 15,712,548.59 387,183.18 4.企业自身信用风险公允价值变动 5.其他 （二）将重分类进损益的其他综合收益 -649,141.33 253,717.20 1.权益法下可转损益的其他综合收益 2.其他债权投资公允价值变动 3.金融资产重分类计入其他综合收益的金额 4.其他债权投资信用减值准备 5.现金流量套期储备 6.外币财务报表折算差额 -649,141.33 253,717.20 7.其他 归属于少数股东的其他综合收益的税后净额 七、综合收益总额 -279,908,167.68 -96,843,793.90 归属于母公司所有者的综合收益总额 -278,685,990.30 -93,504,729.42 归属于少数股东的综合收益总额 -1,222,177.38 -3,339,064.48 八、每股收益： （一）基本每股收益 -0.3362 -0.1165 （二）稀释每股收益 -0.3362 ",candidate_requires_manual_selection
300229.SZ,拓尔思,revenue,107,营业收入,"2025|4|2025|2024|298,000,852|60|557,689,377|44|133,459,892|56|283,898,043|29|5,168,994|64|5,631,975|04|75,367,993|27|73,352,663|07|135,146,542|31|110,090,783|16|90,047,048","拓尔思信息技术股份有限公司2025年年度报告全文 4、母公司利润表 单位：元 项目 2025年度 2024年度 一、营业收入 298,000,852.60 557,689,377.44 减：营业成本 133,459,892.56 283,898,043.29 税金及附加 5,168,994.64 5,631,975.04 销售费用 75,367,993.27 73,352,663.07 管理费用 135,146,542.31 110,090,783.16 研发费用 90,047,048.99 93,110,054.20 财务费用 -13,874,733.47 -4,786,846.88 其中：利息费用 452,704.45 275,786.16 利息收入 14,507,789.48 5,115,985.55 加：其他收益 17,979,237.17 18,985,874.87 投资收益（损失以“－”号填列） 8,349,576.40 40,394,466.83 其中：对联营企业和合营企业的投资收益 222,815.84 -3,133,593.48 以摊余成本计量的金融资产终止确认收益 （损失以“-”号填列） 净敞口套期收益（损失以“－”号填列） 公允价值变动收益（损失以“－”号填列） 12,913,714.53 747,255.94 信用减值损失（损失以“-”号填列） -2,026,295.28 522,855.43 资产减值损失（损失以“-”号填列） -173,011,122.86 -105,625,289.31 资产处置收益（损失以“-”号填列） 573,873.68 7,167,845.08 二、营业利润（亏损以“－”号填列） -262,535,902.06 -41,414,285.60 加：营业外收入 917,251.53 27,593.99 减：营业外支出 1,109,870.38 317,921.21 三、利润总额（亏损总额以“－”号填列） -262,728,520.91 -41,704,612.82 减：所得税费用 -2,706,825.66 -2,311,393.40 四、净利润（净亏损以“－”号填列） -260,021,695.25 -39,393,219.42 （一）持续经营净利润（净亏损以“－”号填列） -260,021,695.25 -39,",candidate_requires_manual_selection
300229.SZ,拓尔思,total_assets,122,资产总额,2025|2|1|1|12|31|3|12|4|5|100|100|100|1|100|10|6|7|1|1,拓尔思信息技术股份有限公司2025年年度报告全文 2、会计期间 自公历1月1日至12月31日止为一个会计年度。 3、营业周期 本公司营业周期为12个月。 4、记账本位币 除本公司下属子公司拓尔思国际有限公司采用美元作为记账本位币外，本公司及其他子公司均采用人民币为记账本 位币。本财务报表以人民币列示。 5、重要性标准确定方法和选择依据 适用 □不适用 项目 重要性标准 重要的按单项计提坏账准备的应收款项 应收款项单项余额金额在100万元以上 重要的按单项计提坏账准备的合同资产 合同资产单项余额金额在100万元以上 重要的资本化研发项目 开发支出单项余额金额在100万元以上 重要的应收账款和其他应收款核销 本期全部核销发生额 账龄超过1年的重要应付账款 应付账款单项余额金额在100万元以上 重要非全资子公司 资产总额或净利润总额分别占公司资产总额或总净利润的10%以上 重要联营企业 公司全部联营企业 6、同一控制下和非同一控制下企业合并的会计处理方法 同一控制下企业合并：合并方在企业合并中取得的资产和负债（包括最终控制方收购被合并方而形成的商誉），按 照合并日被合并方资产、负债在最终控制方合并财务报表中的账面价值为基础计量。在合并中取得的净资产账面价值与 支付的合并对价账面价值（或发行股份面值总额）的差额，调整资本公积中的股本溢价，资本公积中的股本溢价不足冲 减的，调整留存收益。 非同一控制下企业合并：合并成本为购买方在购买日为取得被购买方的控制权而付出的资产、发生或承担的负债以 及发行的权益性证券的公允价值。合并成本大于合并中取得的被购买方可辨认净资产公允价值份额的差额，确认为商誉； 合并成本小于合并中取得的被购买方可辨认净资产公允价值份额的差额，计入当期损益。在合并中取得的被购买方符合 确认条件的各项可辨认资产、负债及或有负债在购买日按公允价值计量。 为企业合并发生的直接相关费用于发生时计入当期损益；为企业合并而发行权益性证券或债务性证券的交易费用， 计入权益性证券或债务性证券的初始确认金额。 7、控制的判断标准和合并财务报表的编制方法 （1）控制的判断标准 1,candidate_requires_manual_selection
300229.SZ,拓尔思,revenue,170,营业收入,"2025|72,821,443|81|17,458,387|32|1,745,838|73|15,712,548|59|88,533,992|40|2,240,182|88|649,141|33|649,141|33|1,591,041|55|2,240,182|88|649,141|33|649,141|33","拓尔思信息技术股份有限公司2025年年度报告全文 其他 权益工具 72,821,443.81 17,458,387.32 1,745,838.73 15,712,548.59 88,533,992.40 投资公允 价值变动 二、将重 分类进损 2,240,182.88 -649,141.33 -649,141.33 1,591,041.55 益的其他 综合收益 外币 财务报表 2,240,182.88 -649,141.33 -649,141.33 1,591,041.55 折算差额 其他综合 75,061,626.69 16,809,245.99 1,745,838.73 15,063,407.26 90,125,033.95 收益合计 34、盈余公积 单位：元 项目 期初余额 本期增加 本期减少 期末余额 法定盈余公积 151,770,730.18 151,770,730.18 合计 151,770,730.18 151,770,730.18 35、未分配利润 单位：元 项目 本期 上期 调整前上期末未分配利润 1,051,971,817.08 1,169,976,205.41 调整后期初未分配利润 1,051,971,817.08 1,169,976,205.41 加：本期归属于母公司所有者的净利 -293,749,397.56 -94,145,629.80 润 应付普通股股利 23,858,758.53 期末未分配利润 758,222,419.52 1,051,971,817.08 调整期初未分配利润明细： 不适用 36、营业收入和营业成本 单位：元 本期发生额 上期发生额 项目 收入 成本 收入 成本 主营业务 493,184,278.15 188,625,895.07 654,034,787.18 221,854,083.76 其他业务 18,160,515.30 8,521,542.23 122,999,665.90 76,793,219.05 合计 511,344,793.45 197,147,437.30 777,034,453.08 298,647,302.81 公司报告期内经审计利润总额、净利润、扣除非经常性损益后的净利润三者孰低为负值 49",candidate_requires_manual_selection
300229.SZ,拓尔思,revenue,171,营业收入,"2025|511,344,793|45|777,034,453|08|18,160,515|30|122,999,665|90|3.55|15.83|1|98,340,762|76|18,160,515|30|18,160,515|30|122,999,665|90|24,658,903|14|2|3|4","拓尔思信息技术股份有限公司2025年年度报告全文 是 □否 单位：元 项目 本年度 具体扣除情况 上年度 具体扣除情况 营业收入金额 511,344,793.45 - 777,034,453.08 - 营业收入扣除项目合计金额 18,160,515.30 - 122,999,665.90 - 营业收入扣除项目合计金额占营业收 3.55% - 15.83% - 入的比重 一、与主营业务无关的业务收入 1．正常经营之外的其他业务收入。如 出租固定资产、无形资产、包装物， 其中：处置投资性房地 其中：对外租赁收 销售材料，用材料进行非货币性资产 产收入 98,340,762.76 18,160,515.30 入 18,160,515.30 122,999,665.90 交换，经营受托管理业务等实现的收 元，对外租赁收入 元。 入，以及虽计入主营业务收入，但属 24,658,903.14元。 于上市公司正常经营之外的收入。 2.不具备资质的类金融业务收入，如拆 出资金利息收入；本会计年度以及上 一会计年度新增的类金融业务所产生 无拆出资金利息收 无拆出资金利息收入及 的收入，如担保、商业保理、小额贷 入及类金融业务所 类金融业务所产生的收 款、融资租赁、典当等业务形成的收 产生的收入 入 入，为销售主营产品而开展的融资租 赁业务除外。 3.本会计年度以及上一会计年度新增贸 无新增贸易业务所 无新增贸易业务所产生 易业务所产生的收入。 产生的收入 的收入 无与上市公司现有 无与上市公司现有正常 4.与上市公司现有正常经营业务无关的 正常经营业务无关 经营业务无关的关联交 关联交易产生的收入。 的关联交易产生的 易产生的收入 收入 无同一控制下企业 无同一控制下企业合并 5.同一控制下企业合并的子公司期初至 合并的子公司期初 的子公司期初至合并日 合并日的收入。 至合并日的收入 的收入 无未形成或难以形 无未形成或难以形成稳 6.未形成或难以形成稳定业务模式的业 成稳定业务模式的 定业务模式的业务所产 务所产生的收入。 业务所产生的收入 生的收入 与主营业务无关的业务收入小计 18,160,515.30 - 122,999,665.90 - 二、不具备商业实质的收入 1.未显著改变企业未来现金流量的风 险、时间分布或金额的交易或事项产 无此类业务收入 无此类业务收入 生的收入",candidate_requires_manual_selection
300229.SZ,拓尔思,revenue,172,营业收入,"2025|6|0.00|0.00|493,184,278|15|654,034,787|18|1|103,194,178|53|40,831,597|21|262,587,669|46|96,427,003|10|93,702,365|67|28,155,920|80|51,860,579|79|31,732,916|19","拓尔思信息技术股份有限公司2025年年度报告全文 无其他不具有商业 无其他不具有商业合理 6.其他不具有商业合理性的交易或事项 合理性的交易或事 性的交易或事项产生的 产生的收入。 项产生的收入 收入 不具备商业实质的收入小计 0.00 - 0.00 - 营业收入扣除后金额 493,184,278.15 - 654,034,787.18 - 营业收入、营业成本的分解信息： 单位：元 分部1 合计 合同分类 营业收入 营业成本 营业收入 营业成本 业务类型 其中： 大数据软件产品及服务 103,194,178.53 40,831,597.21 人工智能软件产品及服务 262,587,669.46 96,427,003.10 安全产品 93,702,365.67 28,155,920.80 系统集成及其他 51,860,579.79 31,732,916.19 按经营地区分类 其中： 北方 239,538,229.10 98,011,594.49 华东 105,642,617.19 32,406,898.07 华南/华中 75,019,773.95 37,053,330.32 西部 91,144,173.21 29,675,614.42 市场或客户类型 其中： 政府行业 145,511,451.69 62,587,765.39 公共安全 205,008,595.66 59,714,570.52 互联网和传媒 56,349,537.09 22,105,992.48 金融、制造、能源等企业客户 104,475,209.01 52,739,108.91 合同类型 其中： 按商品转让的时间分类 其中： 在某一时点确认 360,992,511.12 133,739,062.35 在某一时段内确认 150,352,282.33 63,408,374.95 按合同期限分类 其中： 51",candidate_requires_manual_selection
300229.SZ,拓尔思,total_assets,186,资产合计,"2025|21,064,019|16|848,370|60|21,912,389|76|14,951,309|69|14,951,309|69|7,827,927|11|98,219|89|7,926,147|00|6,621,110|61|6,621,110|61|16,453,205|61|919,752|74","拓尔思信息技术股份有限公司2025年年度报告全文 期末余额 子公司名称 流动资产 非流动资产 资产合计 流动负债 非流动负债 负债合计 北京金信网银 金融信息服务 21,064,019.16 848,370.60 21,912,389.76 14,951,309.69 14,951,309.69 有限公司 南京拓尔思智 能系统有限公 7,827,927.11 98,219.89 7,926,147.00 6,621,110.61 6,621,110.61 司 期初余额 子公司名称 流动资产 非流动资产 资产合计 流动负债 非流动负债 负债合计 北京金信网银 金融信息服务 16,453,205.61 919,752.74 17,372,958.35 10,643,354.44 10,643,354.44 有限公司 南京拓尔思智 能系统有限公 11,388,206.73 101,872.62 11,490,079.35 8,946,323.34 8,946,323.34 司 单位：元 本期发生额 子公司名称 营业收入 净利润 综合收益总额 经营活动现金流量 北京金信网银金融信息服务有限公司 21,860,209.26 231,476.16 231,476.16 -413,416.28 南京拓尔思智能系统有限公司 4,232,471.95 -2,588,719.62 -2,588,719.62 -2,432,996.45 上期发生额 子公司名称 营业收入 净利润 综合收益总额 经营活动现金流量 北京金信网银金融信息服务有限公司 13,231,437.34 -8,615,811.03 -8,615,811.03 -8,360,406.07 南京拓尔思智能系统有限公司 6,457,081.76 -1,404,950.35 -1,404,950.35 -2,317,930.76 2、在合营企业或联营企业中的权益 （1） 重要的合营企业或联营企业 主要 持股比例 对合营企业或联营 合营企业或联营 注册 经营 业务性质 企业投资的会计处 企业名称 地 间 地 直接 理方法 接 深圳花儿绽放网 络科技股份有限 深圳 深圳 移动互联网开发 19.79% 权益法 公司 北京蓝鲸众合投 北京 北京 投资管理、信息咨询 16.67% 权益法 资管理有限公司 耐特康赛网络技 互联网搜索引擎优化",candidate_requires_manual_selection
300229.SZ,拓尔思,revenue,186,营业收入,"2025|21,064,019|16|848,370|60|21,912,389|76|14,951,309|69|14,951,309|69|7,827,927|11|98,219|89|7,926,147|00|6,621,110|61|6,621,110|61|16,453,205|61|919,752|74","拓尔思信息技术股份有限公司2025年年度报告全文 期末余额 子公司名称 流动资产 非流动资产 资产合计 流动负债 非流动负债 负债合计 北京金信网银 金融信息服务 21,064,019.16 848,370.60 21,912,389.76 14,951,309.69 14,951,309.69 有限公司 南京拓尔思智 能系统有限公 7,827,927.11 98,219.89 7,926,147.00 6,621,110.61 6,621,110.61 司 期初余额 子公司名称 流动资产 非流动资产 资产合计 流动负债 非流动负债 负债合计 北京金信网银 金融信息服务 16,453,205.61 919,752.74 17,372,958.35 10,643,354.44 10,643,354.44 有限公司 南京拓尔思智 能系统有限公 11,388,206.73 101,872.62 11,490,079.35 8,946,323.34 8,946,323.34 司 单位：元 本期发生额 子公司名称 营业收入 净利润 综合收益总额 经营活动现金流量 北京金信网银金融信息服务有限公司 21,860,209.26 231,476.16 231,476.16 -413,416.28 南京拓尔思智能系统有限公司 4,232,471.95 -2,588,719.62 -2,588,719.62 -2,432,996.45 上期发生额 子公司名称 营业收入 净利润 综合收益总额 经营活动现金流量 北京金信网银金融信息服务有限公司 13,231,437.34 -8,615,811.03 -8,615,811.03 -8,360,406.07 南京拓尔思智能系统有限公司 6,457,081.76 -1,404,950.35 -1,404,950.35 -2,317,930.76 2、在合营企业或联营企业中的权益 （1） 重要的合营企业或联营企业 主要 持股比例 对合营企业或联营 合营企业或联营 注册 经营 业务性质 企业投资的会计处 企业名称 地 间 地 直接 理方法 接 深圳花儿绽放网 络科技股份有限 深圳 深圳 移动互联网开发 19.79% 权益法 公司 北京蓝鲸众合投 北京 北京 投资管理、信息咨询 16.67% 权益法 资管理有限公司 耐特康赛网络技 互联网搜索引擎优化",candidate_requires_manual_selection
300229.SZ,拓尔思,total_assets,187,资产合计,"2025|5|1|6|16.67|1|2|34,874,841|20|14,496,892|09|58,063,175|28|35,485,624|55|14,221,929|68|48,594,628|66|9,603,793|24|51,692|10|8,805,737|37","拓尔思信息技术股份有限公司2025年年度报告全文 ①深圳花儿绽放网络科技股份有限公司董事会由 5名董事组成，其中本公司有权推荐 1名董事，对其具有重大影响。 ②北京蓝鲸众合投资管理有限公司由 6 位股东组成，每位股东均持股 16.67%，其中本公司有 1 席位，对其具有重 大影响。 （2） 重要联营企业的主要财务信息 单位：元 期末余额/本期发生额 期初余额/上期发生额 深圳花儿绽放 北京蓝鲸众合 耐特康赛网络 深圳花儿绽放 北京蓝鲸众合 耐特康赛网络 网络科技股份 投资管理有限 技术（北京） 网络科技股份 投资管理有限 技术（北京） 有限公司 公司 有限公司 有限公司 公司 有限公司 流动资产 34,874,841.20 14,496,892.09 58,063,175.28 35,485,624.55 14,221,929.68 48,594,628.66 非流动资产 9,603,793.24 51,692.10 8,805,737.37 10,859,577.30 51,692.10 11,566,354.58 资产合计 44,478,634.44 14,548,584.19 66,868,912.65 46,345,201.85 14,273,621.78 60,160,983.24 流动负债 2,672,348.76 523,185.40 50,428,937.72 5,422,083.07 509,437.28 43,038,774.15 非流动负债 201,666.67 3,031,419.35 329,927.74 3,555,891.38 负债合计 2,874,015.43 523,185.40 53,460,357.07 5,752,010.81 509,437.28 46,594,665.53 少数股东权益 -507,847.44 -396,535.47 归属于母公司 41,604,619.01 14,025,398.79 13,916,403.02 40,593,191.04 13,764,184.50 13,962,853.18 股东权益 按持股比例计 算的净资产份 8,234,386.19 2,337,613.22 6,262,381.36 8,034,204.37 2,294,076.63 6,283,283.93 额 调整事项 12,",candidate_requires_manual_selection
300229.SZ,拓尔思,revenue,187,营业收入,"2025|5|1|6|16.67|1|2|34,874,841|20|14,496,892|09|58,063,175|28|35,485,624|55|14,221,929|68|48,594,628|66|9,603,793|24|51,692|10|8,805,737|37","拓尔思信息技术股份有限公司2025年年度报告全文 ①深圳花儿绽放网络科技股份有限公司董事会由 5名董事组成，其中本公司有权推荐 1名董事，对其具有重大影响。 ②北京蓝鲸众合投资管理有限公司由 6 位股东组成，每位股东均持股 16.67%，其中本公司有 1 席位，对其具有重 大影响。 （2） 重要联营企业的主要财务信息 单位：元 期末余额/本期发生额 期初余额/上期发生额 深圳花儿绽放 北京蓝鲸众合 耐特康赛网络 深圳花儿绽放 北京蓝鲸众合 耐特康赛网络 网络科技股份 投资管理有限 技术（北京） 网络科技股份 投资管理有限 技术（北京） 有限公司 公司 有限公司 有限公司 公司 有限公司 流动资产 34,874,841.20 14,496,892.09 58,063,175.28 35,485,624.55 14,221,929.68 48,594,628.66 非流动资产 9,603,793.24 51,692.10 8,805,737.37 10,859,577.30 51,692.10 11,566,354.58 资产合计 44,478,634.44 14,548,584.19 66,868,912.65 46,345,201.85 14,273,621.78 60,160,983.24 流动负债 2,672,348.76 523,185.40 50,428,937.72 5,422,083.07 509,437.28 43,038,774.15 非流动负债 201,666.67 3,031,419.35 329,927.74 3,555,891.38 负债合计 2,874,015.43 523,185.40 53,460,357.07 5,752,010.81 509,437.28 46,594,665.53 少数股东权益 -507,847.44 -396,535.47 归属于母公司 41,604,619.01 14,025,398.79 13,916,403.02 40,593,191.04 13,764,184.50 13,962,853.18 股东权益 按持股比例计 算的净资产份 8,234,386.19 2,337,613.22 6,262,381.36 8,034,204.37 2,294,076.63 6,283,283.93 额 调整事项 12,",candidate_requires_manual_selection
300229.SZ,拓尔思,total_assets,191,资产总额,"2025|203,321,102|67|203,321,102|67|341,108,043|54|756,285,774|51|1,097,393,818|05|2|3|1|2|201|1|50,000,000|23.30|23.30|2|1|3|3|70","拓尔思信息技术股份有限公司2025年年度报告全文 （三）其他权益工具 203,321,102.67 203,321,102.67 投资 持续以公允价值计量 341,108,043.54 756,285,774.51 1,097,393,818.05 的资产总额 二、非持续的公允价 -- -- -- -- 值计量 2、持续和非持续第一层次公允价值计量项目市价的确定依据 交易性金融资产项下其他系理财产品， 划分在第一层次的理财产品公允价值是根据银行或者证券在资产负债表日当 天闭市的净值确认的，是在活跃市场上未经调整的报价，因此其属于第一层次的公允价值。 3、持续和非持续第二层次公允价值计量项目，采用的估值技术和重要参数的定性及定量信息 交易性金融资产项下其他系理财产品，划分在第二层次的理财产品公允价值是根据预计收益率测算得出其公允价值， 未能从活跃市场上直接取得报价，但可以间接确认其公允价值，因此其属于第二层次的公允价值。 其他权益工具系本公司管理该金融资产的业务模式既以收取合同现金流量为目标又以出售该金融资产为目标，并分 类为以公允价值计量且其变动计入其他综合收益的股权投资，其信用风险调整因素不是可以直接从市场上观察到的输入 值，公司以市场法（包括依据最新融资估值等具体方法）为基础确认其公允价值。 其他非流动金融资产主要系本公司管理该金融资产的业务模式为财务性投资，并分类为以公允价值计量且其变动计 入当期损益的金融资产，其信用风险调整因素不是可以直接从市场上观察到的输入值，其价值变化可及时反应到被投资 单位的资产情况中，因此本公司以被投资单位估值基准日的资产负债表为基础确认其公允价值。 十四、关联方及关联交易 1、本企业的母公司情况 母公司对本企 母公司对本企业 母公司名称 注册地 业务性质 注册资本 业的持股比例 的表决权比例 信科互动科 西藏自治区拉萨市达孜区工业 技术开发、投资咨 技发展有限 园区企业服务中心 2 楼 201-1 50,000,000元 23.30% 23.30% 询、企业管理咨询 公司 室 本企业最终控制方是李渝勤。 2、本企业的子公司情况 本企业子公司的情况详见附注十、1、在子公司中的权益。 3、本企业合营和联营企业情况 本企业重要的合营或联营企业详见附注十、3、在合营安排或联营企业中的权益。 70",candidate_requires_manual_selection
300229.SZ,拓尔思,revenue,193,营业收入,"2025|2|145,511,451|69|205,008,595|66|56,349,537|09|104,475,209|01|511,344,793|45|62,587,765|39|59,714,570|52|22,105,992|48|52,739,108|91|197,147,437|30|1|1|1","拓尔思信息技术股份有限公司2025年年度报告全文 ①该组成部分能够在日常活动中产生收入、发生费用； ②管理层能够定期评价该组成部分的经营成果，以决定向其配置资源、评价其业绩； ③能够通过分析取得该组成部分的财务状况、经营成果和现金流量等有关会计信息。 本公司以行业、产品、地区、销售模式和商品转让的时间分部为基础确定报告分部，营业收入、营业成本按行业、 产品、地区、销售模式和商品转让的时间进行划分。 （2） 报告分部的财务信息 单位：元 金融、制造、能源等企业 项目 政府行业 公共安全 互联网和传媒 分部间抵销 合计 客户 营业收入 145,511,451.69 205,008,595.66 56,349,537.09 104,475,209.01 511,344,793.45 营业成本 62,587,765.39 59,714,570.52 22,105,992.48 52,739,108.91 197,147,437.30 十八、母公司财务报表主要项目注释 1、应收账款 （1） 按账龄披露 单位：元 账龄 期末账面余额 期初账面余额 1年以内（含1年） 51,880,565.18 92,630,404.12 1至2年 23,915,220.62 9,544,654.00 2至3年 1,808,787.00 8,815,850.10 3年以上 11,747,628.96 13,237,622.65 3至4年 3,861,397.10 2,370,400.79 4至5年 1,948,400.00 764,000.00 5年以上 5,937,831.86 10,103,221.86 合计 89,352,201.76 124,228,530.87 （2） 按坏账计提方法分类披露 单位：元 期末余额 类别 账面余额 坏账准备 账面价值 金额 比例 金额 计提比例 其中： 按组合计提坏账准备的应收账款 89,352,201.76 100.00% 12,235,060.95 13.69% 77,117,140.81 其中： 72",candidate_requires_manual_selection
300229.SZ,拓尔思,revenue,201,营业收入,"2025|4|294,026,193|27|129,481,357|24|452,508,186|57|214,126,956|01|3,974,659|33|3,978,535|32|105,181,190|87|69,771,087|28|298,000,852|60|133,459,892|56|557,689,377|44|283,898,043","拓尔思信息技术股份有限公司2025年年度报告全文 4、营业收入和营业成本 单位：元 本期发生额 上期发生额 项目 收入 成本 收入 成本 主营业务 294,026,193.27 129,481,357.24 452,508,186.57 214,126,956.01 其他业务 3,974,659.33 3,978,535.32 105,181,190.87 69,771,087.28 合计 298,000,852.60 133,459,892.56 557,689,377.44 283,898,043.29 营业收入、营业成本的分解信息： 单位：元 分部1 合计 合同分类 营业收入 营业成本 营业收入 营业成本 业务类型 其中： 大数据软件产品及服务 59,300,533.78 26,601,922.57 人工智能软件产品及服务 228,665,813.32 97,523,288.24 系统集成及其他 10,034,505.50 9,334,681.75 按经营地区分类 其中： 北方 173,617,867.81 78,321,917.61 华东 54,370,761.51 11,285,197.65 华南/华中 47,883,949.59 29,561,959.73 西部 22,128,273.69 14,290,817.57 市场或客户类型 其中： 政府行业 106,948,706.86 56,940,527.24 公共安全 57,230,193.47 13,661,436.59 互联网和传媒 53,993,719.50 22,451,657.68 金融、制造、能源等企业客户 79,828,232.77 40,406,271.05 合同类型 其中： 按商品转让的时间分类 其中： 在某一时点确认 189,071,297.75 79,812,557.43 在某一时段内确认 108,929,554.85 53,647,335.13 80",candidate_requires_manual_selection
