company_code,source_id,section,page_start,page_end,text,extraction_note
600570.SH,AR_600570_SH_2025,business_overview,14,25,"恒生电子股份有限公司2025年年度报告 (一) 主营业务分析 1、 利润表及现金流量表相关科目变动分析表 单位：元 币种：人民币 科目 本期数 上年同期数 变动比例（%） 营业收入 5,782,928,939.92 6,581,075,306.06 -12.13 营业成本 1,673,330,301.22 1,841,317,277.99 -9.12 销售费用 425,180,123.98 543,156,143.68 -21.72 管理费用 732,807,089.49 904,556,515.01 -18.99 财务费用 6,847,085.17 16,629,421.71 -58.83 研发费用 2,180,002,239.53 2,458,468,971.10 -11.33 经营活动产生的现金流量净额 1,066,754,032.01 867,929,234.22 22.91 投资活动产生的现金流量净额 -1,904,613,068.73 -594,889,692.33 不适用 筹资活动产生的现金流量净额 -89,824,974.16 -407,569,443.78 不适用 营业收入变动原因说明：主要系资管科技服务、风险与平台科技服务、企金、保险核心与金融基 础设施科技服务收入下降较大所致。 营业成本变动原因说明：主要系本期人员薪酬费用下降所致。 销售费用变动原因说明：主要系本期人员薪酬费用下降所致。 管理费用变动原因说明：主要系本期人员薪酬费用下降所致。 财务费用变动原因说明：主要系公司本期利息支出较上年同期减少所致。 研发费用变动原因说明：主要系本期人员薪酬费用下降所致。 经营活动产生的现金流量净额变动原因说明：主要系公司本期支付给职工以及为职工支付的现金 较上年同期下降所致。 投资活动产生的现金流量净额变动原因说明：主要系公司本期投资支付的现金增加所致。 筹资活动产生的现金流量净额变动原因说明：主要系公司本期吸收投资所收到的现金增加、收到 员工股权激励缴款增加、支付股份回购减少所致。 本期公司业务类型、利润构成或利润来源发生重大变动的详细说明 □适用 √不适用 2、 收入和成本分析 √适用 □不适用 公司主营业务收入和成本详细情况如下： (1).主营业务分行业、分产品、分地区、分销售模式情况 单位：元 币种：人民币 主营业务分行业情况 营业收入 营业成本 毛利率比 毛利率 分行业 营业收入 营业成本 比上年增 比上年增 上年增减 （%） 减（%） 减（%） （%） 减少2.87 财富科技服务 1,319,797,009.61 353,816,841.61 73.19 -7.72 3.35 个百分点 增加1.20 资管科技服务 1,257,308,549.55 271,241,696.64 78.43 -19.82 -24.04 个百分点 运营与机构科 减少0.75 1,265,878,693.12 278,626,778.28 77.99 -1.82 1.65 技服务 个百分点 风险与平台科 减少9.19 336,293,127.80 141,215,326.48 58.01 -32.33 -13.37 技服务 个百分点 14/238
恒生电子股份有限公司2025年年度报告 增加4.13 数据服务业务 352,134,997.79 132,194,220.80 62.46 -0.47 -10.32 个百分点 减少1.04 创新业务 490,401,050.23 110,066,383.77 77.56 -4.85 -0.22 个百分点 企金、保险核 减少4.86 心与金融基础 540,096,737.13 321,063,826.71 40.55 -21.75 -14.79 个百分点 设施科技服务 减少0.66 其他 217,657,215.10 64,508,444.59 70.36 -6.66 -4.54 个百分点 减少0.99 合计 5,779,567,380.33 1,672,733,518.87 71.06 -12.13 -9.02 个百分点 主营业务分产品情况 营业收入 营业成本 毛利率比 毛利率 分产品 营业收入 营业成本 比上年增 比上年增 上年增减 （%） 减（%） 减（%） （%） 减少0.91 软件业收入 5,749,844,315.19 1,661,266,339.53 71.11 -12.18 -9.32 个百分点 减少16.22 物业出租收入 29,723,065.14 11,467,179.34 61.42 -0.70 71.33 个百分点 减少0.99 合计 5,779,567,380.33 1,672,733,518.87 71.06 -12.13 -9.02 个百分点 主营业务分地区情况 营业收入 营业成本 毛利率比 毛利率 分地区 营业收入 营业成本 比上年增 比上年增 上年增减 （%） 减（%） 减（%） （%） 减少0.63 境内 5,566,858,570.59 1,610,399,235.52 71.07 -12.13 -10.18 个百分点 减少10.45 境外 212,708,809.74 62,334,283.35 70.70 -12.13 36.58 个百分点 减少0.99 合计 5,779,567,380.33 1,672,733,518.87 71.06 -12.13 -9.02 个百分点 主营业务分销售模式情况 营业收入 营业成本 毛利率比 毛利率 销售模式 营业收入 营业成本 比上年增 比上年增 上年增减 （%） 减（%） 减（%） （%） 减少0.99 直销 5,779,567,380.33 1,672,733,518.87 71.06 -12.13 -9.02 个百分点 减少0.99 合计 5,779,567,380.33 1,672,733,518.87 71.06 -12.13 -9.02 个百分点 (2).产销量情况分析表 □适用 √不适用 (3).重大采购合同、重大销售合同的履行情况 □适用 √不适用 15/238
恒生电子股份有限公司2025年年度报告 (4).成本分析表 单位：元 币种：人民币 分行业情况 上年同 本期金额 本期占 成本构成 期占总 较上年同 情况 分行业 本期金额 总成本 上年同期金额 项目 成本比 期变动比 说明 比例(%) 例(%) 例(%) 财富科技服务 营业成本 353,816,841.61 21.15 342,335,045.87 18.62 3.35 资管科技服务 营业成本 271,241,696.64 16.22 357,071,208.76 19.42 -24.04 运营与机构科 营业成本 278,626,778.28 16.66 274,095,605.91 14.91 1.65 技服务 风险与平台科 营业成本 141,215,326.48 8.44 163,004,242.25 8.87 -13.37 技服务 数据服务业务 营业成本 132,194,220.80 7.90 147,412,903.00 8.02 -10.32 创新业务 营业成本 110,066,383.77 6.58 110,304,174.66 6.00 -0.22 企金、保险核 心与金融基础 营业成本 321,063,826.71 19.19 376,802,627.21 20.48 -14.79 设施科技服务 其他 营业成本 64,508,444.59 3.86 67,576,861.49 3.68 -4.54 合计 / 1,672,733,518.87 100.00 1,838,602,669.15 100.00 -9.02 分产品情况 上年同 本期金额 本期占 成本构成 期占总 较上年同 情况 分产品 本期金额 总成本 上年同期金额 项目 成本比 期变动比 说明 比例(%) 例(%) 例(%) 软件业收入 营业成本 1,661,266,339.53 99.31 1,831,909,816.58 99.64 -9.32 物业出租收入 营业成本 11,467,179.34 0.69 6,692,852.57 0.36 71.33 合计 / 1,672,733,518.87 100.00 1,838,602,669.15 100.00 -9.02 (5).报告期主要子公司股权变动导致合并范围变化 □适用 √不适用 (6).公司报告期内业务、产品或服务发生重大变化或调整有关情况 □适用 √不适用 (7).主要销售客户及主要供应商情况 属于同一控制人控制的客户或供应商视为同一客户或供应商合并列示，受同一国有资产管理机构 实际控制的除外。 A.公司主要销售客户及主要供应商情况 √适用 □不适用 前五名客户销售额28,762.72万元，占年度销售总额4.97%；其中前五名客户销售额中关联方销售 额0万元，占年度销售总额0% 。 前五名供应商采购额31,915.03万元，占年度采购总额28.28%；其中前五名供应商采购额中关联方 采购额18,622.47万元，占年度采购总额16.5%。 16/238
恒生电子股份有限公司2025年年度报告 B.报告期内向单个客户的销售比例超过总额的50%、前5名客户中存在新增客户的或严重依赖于 少数客户的情形 □适用 √不适用 报告期内向单个供应商的采购比例超过总额的50%、前5名供应商中存在新增供应商的或严重依 赖于少数供应商的情形 □适用 √不适用 C. 报告期内公司股票被实施退市风险警示或其他风险警示 前五名销售客户 □适用 √不适用 前五名供应商 □适用 √不适用 D. 报告期内公司存在贸易业务收入 □适用 √不适用 贸易业务占营业收入比例超过10%前五名销售客户 □适用 √不适用 贸易业务收入占营业收入比例超过10%前五名供应商 □适用 √不适用 3、 费用 √适用 □不适用 单位：元 币种：人民币 费用项目 本期数 上年同期数 变动比例（%） 变动原因说明 主要系本期人员薪酬 销售费用 425,180,123.98 543,156,143.68 -21.72 费用下降所致 主要系本期人员薪酬 管理费用 732,807,089.49 904,556,515.01 -18.99 费用下降所致 主要系本期人员薪酬 研发费用 2,180,002,239.53 2,458,468,971.10 -11.33 费用下降所致 主要系公司本期利息 财务费用 6,847,085.17 16,629,421.71 -58.83 支出较上年同期减少 所致 4、 研发投入 (1).研发投入情况表 √适用 □不适用 单位：元 币种：人民币 本期费用化研发投入 2,180,002,239.53 本期资本化研发投入 研发投入合计 2,180,002,239.53 研发投入总额占营业收入比例（%） 37.70 研发投入资本化的比重（%） 17/238
恒生电子股份有限公司2025年年度报告 (2).研发人员情况表 √适用 □不适用 公司研发人员的数量 5,463 研发人员数量占公司总人数的比例（%） 53.2% 研发人员学历结构 学历结构类别 学历结构人数 博士研究生 5 硕士研究生 865 本科 4,301 专科 290 高中及以下 2 研发人员年龄结构 年龄结构类别 年龄结构人数 30岁以下（不含30岁） 1,475 30-40岁（含30岁，不含40岁） 3,410 40-50岁（含40岁，不含50岁） 555 50-60岁（含50岁，不含60岁） 22 60岁及以上 1 (3).情况说明 □适用 √不适用 (4).研发人员构成发生重大变化的原因及对公司未来发展的影响 □适用 √不适用 5、 现金流 √适用 □不适用 单位：元 币种：人民币 现金流量表项目 本期数 上年同期数 变动比例（%） 变动原因说明 经营活动现金流入 6,851,398,925.79 7,311,614,319.39 -6.29 小计 经营活动现金流出 5,784,644,893.78 6,443,685,085.17 -10.23 小计 主要系公司本期支付 经营活动产生的现 给职工以及为职工支 1,066,754,032.01 867,929,234.22 22.91 金流量净额 付的现金较上年同期 下降所致 主要系公司本期收回 投资活动现金流入 6,061,693,174.28 5,309,135,855.37 14.17 投资所收到的现金较 小计 上年同期增加所致 主要系公司本期投资 投资活动现金流出 7,966,306,243.01 5,904,025,547.70 34.93 所支付的现金较上年 小计 同期增加所致 投资活动产生的现 -1,904,613,068.73 -594,889,692.33 不适用 金流量净额 筹资活动现金流入 主要系公司本期取得 650,161,476.09 945,612,765.01 -31.24 小计 银行借款较上年同期 18/238
恒生电子股份有限公司2025年年度报告 减少所致 主要系公司本期偿还 筹资活动现金流出 739,986,450.25 1,353,182,208.79 -45.32 银行借款较上年同期 小计 减少所致 筹资活动产生的现 -89,824,974.16 -407,569,443.78 不适用 金流量净额 现金及现金等价物 -933,182,720.11 -144,003,310.37 不适用 净增加额 (二) 非主营业务导致利润重大变化的说明 √适用 □不适用 单位：元 币种：人民币 项目名称 本期数 上年同期数 变动比例（%） 情况说明 主要系公司持有的以公允价值计 公允价值变动收益 26,440,073.59 162,205,158.65 -83.70 量的金融资产公允价值收益减少 主要系公司持有联营企业利润增 投资收益 526,216,681.67 195,389,961.11 169.32 加及处置联营企业股权投资收益 增加所致 (三) 资产、负债情况分析 √适用 □不适用 1、 资产及负债状况 单位：元 币种：人民币 本期期 上期期 本期期末 末数占 末数占 金额较上 项目名称 本期期末数 总资产 上期期末数 总资产 期期末变 情况说明 的比例 的比例 动比例 （%） （%） （%） 主要系购买交易 货币资金 1,363,722,500.39 8.57 2,277,324,647.14 15.46 -40.12 性金融资产增加 所致 主要系理财产品 交易性金融资产 3,030,376,511.45 19.05 1,676,963,700.52 11.39 80.71 增加所致 应收账款 806,543,937.12 5.07 951,427,654.84 6.46 -15.23 无重大变化 存货 677,166,726.77 4.26 633,199,357.60 4.30 6.94 无重大变化 主要系一年内到 一年内到期的非 395,026,203.79 2.48 113,242,210.19 0.77 248.83 期的定期存单增 流动资产 加所致 长期股权投资 2,632,061,132.24 16.55 2,490,995,735.73 16.91 5.66 无重大变化 其他非流动金融 2,046,879,068.52 12.87 1,730,048,962.26 11.75 18.31 无重大变化 资产 主要系恒生（钱 投资性房地产 305,695,038.28 1.92 159,292,142.54 1.08 91.91 塘）科技园本期完 工转入增加所致 固定资产 1,426,010,945.70 8.96 1,481,401,154.24 10.06 -3.74 无重大变化 在建工程 624,294,603.61 3.92 607,203,001.12 4.12 2.81 无重大变化 无形资产 734,833,135.81 4.62 822,106,558.81 5.58 -10.62 无重大变化 19/238
恒生电子股份有限公司2025年年度报告 商誉 620,242,870.87 3.90 642,953,563.39 4.37 -3.53 无重大变化 递延所得税资产 278,862,246.06 1.75 260,259,311.70 1.77 7.15 无重大变化 其他非流动资产 702,644,838.26 4.42 649,470,070.10 4.41 8.19 无重大变化 主要系公司金融 其他债权投资 46,600,537.58 0.29 24,920,335.72 0.17 87.00 债投资增加所致 一年内到期的非 18,713,088.32 0.12 26,598,085.37 0.18 -29.64 无重大变化 流动负债 主要系本期票据 应付票据 108,229,467.29 0.68 72,023,747.66 0.49 50.27 支付增加所致 短期借款 206,183,855.44 1.30 258,057,992.79 1.75 -20.10 无重大变化 主要系本期支付 交易性金融负债 10,000,000.00 0.07 -100.00 业务合并或有对 价所致 应付账款 440,658,630.77 2.77 545,672,244.44 3.70 -19.24 无重大变化 合同负债 2,664,703,377.17 16.75 2,527,002,319.92 17.16 5.45 无重大变化 应付职工薪酬 675,985,955.85 4.25 678,913,516.80 4.61 -0.43 无重大变化 应交税费 230,500,451.35 1.45 258,625,044.06 1.76 -10.87 无重大变化 主要系本期暂收 其他应付款 163,908,139.56 1.03 274,810,779.76 1.87 -40.36 款项支付所致 其他流动负债 285,880,811.68 1.80 338,788,538.37 2.30 -15.62 无重大变化 长期借款 209,654,906.79 1.32 174,408,976.28 1.18 20.21 无重大变化 2、 境外资产情况 √适用 □不适用 (1). 资产规模 其中：境外资产1,117,982,141.39（单位：元 币种：人民币），占总资产的比例为7.03%。 (2). 境外资产占比较高的相关说明 √适用 □不适用 单位：元 币种：人民币 本报告期 本报告期 境外资产名称 形成原因 运营模式 营业收入 净利润 日本恒生软件株式会社 公司设立 自主运营 62,403,708.50 17,862,685.13 恒云控股有限公司 公司设立 自主运营 150,019,622.98 13,462,708.75 恒生洲际控股（香港） 公司设立 自主运营 -2,888,890.92 有限公司 恒迈神州（香港）科技 公司设立 自主运营 -21,780.19 有限公司 金纳精诚（国际）科技 非同一控制下 自主运营 350,370.20 -753,456.13 有限公司 企业合并 3、 截至报告期末主要资产受限情况 √适用 □不适用 单位：元 币种：人民币 项目 期末账面余额 期末账面价值 受限原因 保函保证金、其他受限 货币资金 23,378,392.62 23,378,392.62 资金 20/238
恒生电子股份有限公司2025年年度报告 拟持有到期的定期存 其他非流动资产 702,644,838.26 702,644,838.26 单及利息 一年内到期的非流动 拟持有到期的定期存 395,026,203.79 395,026,203.79 资产 单及利息 开发产品 139,657,619.24 139,657,619.24 银行借款抵押 固定资产 303,347,150.72 270,799,065.76 银行借款抵押 投资性房地产 148,521,544.28 147,541,714.64 银行借款抵押 合 计 1,712,575,748.91 1,679,047,834.31 4、 其他说明 □适用 √不适用 (四) 行业经营性信息分析 √适用 □不适用 详见第三节“管理层讨论与分析”之“经营情况讨论与分析”章节。 21/238
恒生电子股份有限公司2025年年度报告 (五) 投资状况分析 对外股权投资总体分析 √适用 □不适用 报告期内，综合外部宏观环境的变化，公司保持了审慎的投资策略，重点关注已并购项目的后续管理和整合，促进业务协同。同时公司适时减持了 部分已投资项目的股权，投资业务实现了正的净现金流。 1、 重大的股权投资 □适用 √不适用 2、 重大的非股权投资 □适用 √不适用 3、 以公允价值计量的金融资产 √适用 □不适用 单位：万元 币种：人民币 计入权益的累 本期公允价值 本期计提的减 本期出售/赎回 资产类别 期初数 计公允价值变 本期购买金额 其他变动 期末数 变动损益 值 金额 动 股票 22,373.62 -1,644.93 2,290.95 252.46 21,105.12 信托产品 52,651.39 3,591.76 12,610.00 30,100.00 37,322.30 债券 2,492.03 62.39 2,041.47 4,660.05 其他 265,676.26 894.12 650,138.31 467,348.41 449,298.14 合计 343,193.30 2,840.96 62.39 667,080.73 497,700.88 512,385.61 证券投资情况 √适用 □不适用 单位：万元 币种：人民币 最初投资成 资金 期初账面价 本期公允 计入权益 本期购买 本期出售金 本期投资 期末账面 证券品种 证券代码 证券简称 会计核算科目 本 来源 值 价值变动 的累计公 金额 额 损益 价值 22/238
恒生电子股份有限公司2025年年度报告 损益 允价值变 动 其他非流动金融 股票 600900 600900长江电力 19,910.56 20,478.41 -1,664.24 2,290.95 700.42 21,105.12 资产 其他非流动金融 股票 其他 252.46 1,895.21 19.31 252.46 423.31 资产 004553中信建投凤 基金 004553 1.26 5,000.00 5,001.26 交易性金融资产 凰货币B 159307博时中证红 其他非流动金融 基金 159307 11,222.25 11,881.41 23.74 2,989.46 648.81 14,894.61 利低波100ETF 资产 515890博时中证红 其他非流动金融 基金 515890 11,312.78 12,687.82 -68.73 499.41 598.10 13,118.50 利ETF 资产 博时美元货币基金 基金 9,068.67 9,310.21 641.14 13,480.59 6,306.70 17,110.28 交易性金融资产 ClassI JPMLFUSDSMM 基金 4,456.20 4,456.20 105.28 6,927.09 8,721.96 235.21 2,765.14 交易性金融资产 V940052 基金 其他 49,971.15 48,512.94 2,154.45 9,767.09 24,391.14 164.33 36,402.42 交易性金融资产 其他非流动金融 基金 其他 3,146.89 3,341.29 272.84 19,708.29 1,064.69 157.50 22,227.12 资产 杭工信.丰利恒享1 其他非流动金融 信托产品 10,000.00 10,659.00 944.00 2,000.00 400.00 13,603.00 号信托 资产 交银国信.丰产惠利 信托产品 2010号集合资金信 106.00 10,000.00 10,106.00 交易性金融资产 托计划 上海信托.沐晖3号 信托产品 10,000.00 10,484.85 10,000.00 26.55 交易性金融资产 集合资金信托计划 深国投.景林丰收证 其他非流动金融 信托产品 券投资集合资金信 1,410.64 7,139.50 1,581.02 8,720.52 资产 托计划 中诚信托-元成6号 信托产品 20,000.00 20,782.00 164.00 20,000.00 54.00 交易性金融资产 集合资金信托计划 23/238
恒生电子股份有限公司2025年年度报告 其他非流动金融 信托产品 其他 3,131.09 3,586.04 796.74 610.00 100.00 -100.00 4,892.78 资产 债券 其他 2,552.68 2,492.03 62.39 2,041.47 131.61 4,660.05 其他债权投资 80008招银理财招 其他 80008 20,000.00 20,000.00 15.93 交易性金融资产 赢日日鑫 8108C招银理财日 其他 8108C 27.98 10,000.00 10,000.00 7.96 交易性金融资产 日金108号C 8120C招银理财日 其他 8120C 39.83 18,000.00 18,000.00 14.08 交易性金融资产 日金120号C 8230K招赢日日金 其他 8230K 3.25 10,000.00 10,003.25 交易性金融资产 130号 8235C招银理财日 其他 8235C 20,000.00 20,000.00 交易性金融资产 日金135号C 8237C招银理财日 其他 8237C 5.51 5,000.00 5,000.00 4.29 交易性金融资产 日金137号C 8238C招行理财日 其他 8238C 7,000.00 7,000.00 7.07 交易性金融资产 日金138号C 8240C招银理财日 其他 8240C 12.73 50,000.00 50,012.73 交易性金融资产 日金140号C 8240K招赢日日金 其他 8240K 0.87 10,000.00 10,000.87 交易性金融资产 140号 8295V招银理财招 其他 8295V 74.03 10,000.00 10,000.00 6.09 交易性金融资产 赢日日欣5号 8863C招银理财日 其他 8863C 10,000.00 10,000.00 10.07 交易性金融资产 日金63号C 8864Q代销招银理 财招赢日日金64号 其他 8864Q 8,000.00 8,000.00 32.11 交易性金融资产 现金管理类理财计 划 8879C招银理财日 15.65 5,200.00 4,000.00 9.79 1,215.65 其他 8879C 交易性金融资产 日金79号C 24/238
恒生电子股份有限公司2025年年度报告 8892C招银理财日 其他 8892C 33.08 10,000.00 10,000.00 8.53 交易性金融资产 日金92号C 8894C招银理财日 其他 8894C 42.80 21,000.00 16,500.00 8.26 4,530.04 交易性金融资产 日金94号C 8897C招银理财日 其他 8897C 2.91 5,000.00 5,000.00 2.26 交易性金融资产 日金97号C 8899C招银理财日 其他 8899C 33.90 25,000.00 25,000.00 15.81 交易性金融资产 日金99号C 8944C招银理财日 其他 8944C 40.66 5,000.00 2,000.00 9.37 3,040.66 交易性金融资产 日金4号C 8953C招银理财日 其他 8953C 7,000.00 7,000.00 7,000.00 21.63 交易性金融资产 日金13号C 8962Q招银理财招 其他 8962Q 5,000.00 5,000.00 15.74 交易性金融资产 赢日日金22号 8964C招银理财日 其他 8964C 2,000.00 2,000.00 23.67 49,000.00 49,500.00 69.86 1,523.67 交易性金融资产 日金24号C 8965C招银理财日 其他 8965C 7,900.00 7,900.00 157.70 1,000.00 2,100.00 0.44 6,917.40 交易性金融资产 日金25号C 8974C招行理财日 其他 8974C 20,000.00 20,000.00 19.11 交易性金融资产 日金34号C 8996C招银理财日 其他 8996C 10,000.00 10,000.00 8.01 交易性金融资产 日金56号C 8997K招银理财招 其他 8997K 赢日日金57号现金 28.61 7,000.00 7,028.61 交易性金融资产 管理类理财计划 其他 9K92005A 稳添利日盈6号A 38,000.00 38,000.00 172.76 交易性金融资产 稳添利日盈快享6 其他 9K92406D 1.00 5,000.00 5,001.00 交易性金融资产 号D AM244147 日盈象天天利197 其他 15.12 10,000.00 10,015.12 交易性金融资产 C 号 其他 EEH25047 浙商银行结构性存 7,000.00 7,000.00 交易性金融资产 25/238",windowed_extraction_review_required
600570.SH,AR_600570_SH_2025,core_competitiveness,13,24,"恒生电子股份有限公司2025年年度报告 （4）组织和管理体系升级 2025年，公司聚焦“向管理要效率、向组织要战斗力”，优化关键岗位职责，强化干部履岗 评估与轮岗汰换，并加快人才结构调整与分布式人才布局。重点深化项目管理体系建设，开展专 项优化，试点项目“四算”（概算、预算、核算、决算），保障项目利润；完善项目激励机制， 提升项目成员战斗力。同步推进基层流程建设与知识沉淀，夯实恒生自身数智化基础。在激发组 织活动方面，升级核心价值观，推行“高目标、高战力、高绩效”的干部标准，强化获取分享机 制，加快激励反馈与问责闭环。 2025年，公司在组织能力建设、干部发展、价值分配与文化引领上系统性推进，为高质量可 持续发展夯实根基。 （5）践行可持续发展，积极履行社会责任 2025年度，公司构建并实施了“回购+分红+激励”的多元化股东回报体系，全方位践行价值 创造理念。在股份回购方面，公司全年圆满完成两轮注销式回购：首轮于2025年3月收官（2024 年11月启动），采用“自有资金结合银行专项贷款”的组合模式；第二轮于2025年10月实施完 毕，全额使用自有资金。在现金分红方面，公司顺利实施2024年度权益分派，以回馈投资者。在 激励机制方面，公司推出2025年股票期权激励计划。 公司可持续发展建设取得良好成果，中证评级稳居AA，MSCI（明晟）评级由“A”上调至“AA”。 另外，公司推出“恒星碳索者”低碳公益品牌，组织公益志愿者参与清山行动，并在关爱孤独症 儿童、帮助残疾人就业、投资者教育等领域持续贡献力量。 四、报告期内核心竞争力分析 √适用 □不适用 客户满意度。以客户为中心，深耕行业需求 经过 30 年金融科技领域的深耕厚植，全面覆盖证券、基金、银行、保险、信托等多元化客 户 群体，形成了深厚的行业积淀和广泛的客户基础。同时恒生已与众多客户结成战略合作伙伴， 积 累了敏锐洞察行业趋势和深刻理解客户需求的能力，形成开放合作互利共赢的伙伴关系。公司持 续优化客户服务体系，面向客户同时提供产品化和个性化服务，并依托专业的服务团 队和完善的 支持体系，通过专家1对1的服务和统一知识服务平台，沉淀经验，结合大模型技 术应用，提升 主动服务能力，确保客户在使用公司产品和服务时获得最佳体验。 产品竞争力。以技术为驱动，打造卓越产品 公司的核心产品在业内处于领先地位，公司在证券经纪业务领域的核心交易系统、买方投资 管理系统和 TA 系统等均有较高的市场竞争力和市场份额，使得公司具备一定的规模效应，并拥 有更良好的边际收益。除了在各个领域打造新一代核心产品外，公司也在持续推进产品数智化升 级，布局未来发展。公司持续推进产品能力升级，围绕""客户成功、质量可靠、好用易用、生态开 放、技术领先、成本优势""六大维度全面提升产品竞争力，尤其在产品研发方面，利用AI+Code 不断提效。 组织充满活力。以人才为核心，激发创新动力 公司坚持“以人为本”，通过完善的人才培养体系、激励机制和企业文化，打造了一支高素 质、专业化的团队。公司不断调整优化组织架构，确保组织能够灵活响应市场变化和客户需求，积 极打造具有自我进化能力的流程型组织，大幅提升研发和服务效能。公司不断引入高端人才， 加 强关键岗位人员布局，持续落地了长期股权激励计划，进一步增强了核心骨干人才的吸引力和凝 聚力。 五、报告期内主要经营情况 详见第三节“管理层讨论与分析”之“经营情况讨论与分析”章节。 13/238
恒生电子股份有限公司2025年年度报告 (一) 主营业务分析 1、 利润表及现金流量表相关科目变动分析表 单位：元 币种：人民币 科目 本期数 上年同期数 变动比例（%） 营业收入 5,782,928,939.92 6,581,075,306.06 -12.13 营业成本 1,673,330,301.22 1,841,317,277.99 -9.12 销售费用 425,180,123.98 543,156,143.68 -21.72 管理费用 732,807,089.49 904,556,515.01 -18.99 财务费用 6,847,085.17 16,629,421.71 -58.83 研发费用 2,180,002,239.53 2,458,468,971.10 -11.33 经营活动产生的现金流量净额 1,066,754,032.01 867,929,234.22 22.91 投资活动产生的现金流量净额 -1,904,613,068.73 -594,889,692.33 不适用 筹资活动产生的现金流量净额 -89,824,974.16 -407,569,443.78 不适用 营业收入变动原因说明：主要系资管科技服务、风险与平台科技服务、企金、保险核心与金融基 础设施科技服务收入下降较大所致。 营业成本变动原因说明：主要系本期人员薪酬费用下降所致。 销售费用变动原因说明：主要系本期人员薪酬费用下降所致。 管理费用变动原因说明：主要系本期人员薪酬费用下降所致。 财务费用变动原因说明：主要系公司本期利息支出较上年同期减少所致。 研发费用变动原因说明：主要系本期人员薪酬费用下降所致。 经营活动产生的现金流量净额变动原因说明：主要系公司本期支付给职工以及为职工支付的现金 较上年同期下降所致。 投资活动产生的现金流量净额变动原因说明：主要系公司本期投资支付的现金增加所致。 筹资活动产生的现金流量净额变动原因说明：主要系公司本期吸收投资所收到的现金增加、收到 员工股权激励缴款增加、支付股份回购减少所致。 本期公司业务类型、利润构成或利润来源发生重大变动的详细说明 □适用 √不适用 2、 收入和成本分析 √适用 □不适用 公司主营业务收入和成本详细情况如下： (1).主营业务分行业、分产品、分地区、分销售模式情况 单位：元 币种：人民币 主营业务分行业情况 营业收入 营业成本 毛利率比 毛利率 分行业 营业收入 营业成本 比上年增 比上年增 上年增减 （%） 减（%） 减（%） （%） 减少2.87 财富科技服务 1,319,797,009.61 353,816,841.61 73.19 -7.72 3.35 个百分点 增加1.20 资管科技服务 1,257,308,549.55 271,241,696.64 78.43 -19.82 -24.04 个百分点 运营与机构科 减少0.75 1,265,878,693.12 278,626,778.28 77.99 -1.82 1.65 技服务 个百分点 风险与平台科 减少9.19 336,293,127.80 141,215,326.48 58.01 -32.33 -13.37 技服务 个百分点 14/238
恒生电子股份有限公司2025年年度报告 增加4.13 数据服务业务 352,134,997.79 132,194,220.80 62.46 -0.47 -10.32 个百分点 减少1.04 创新业务 490,401,050.23 110,066,383.77 77.56 -4.85 -0.22 个百分点 企金、保险核 减少4.86 心与金融基础 540,096,737.13 321,063,826.71 40.55 -21.75 -14.79 个百分点 设施科技服务 减少0.66 其他 217,657,215.10 64,508,444.59 70.36 -6.66 -4.54 个百分点 减少0.99 合计 5,779,567,380.33 1,672,733,518.87 71.06 -12.13 -9.02 个百分点 主营业务分产品情况 营业收入 营业成本 毛利率比 毛利率 分产品 营业收入 营业成本 比上年增 比上年增 上年增减 （%） 减（%） 减（%） （%） 减少0.91 软件业收入 5,749,844,315.19 1,661,266,339.53 71.11 -12.18 -9.32 个百分点 减少16.22 物业出租收入 29,723,065.14 11,467,179.34 61.42 -0.70 71.33 个百分点 减少0.99 合计 5,779,567,380.33 1,672,733,518.87 71.06 -12.13 -9.02 个百分点 主营业务分地区情况 营业收入 营业成本 毛利率比 毛利率 分地区 营业收入 营业成本 比上年增 比上年增 上年增减 （%） 减（%） 减（%） （%） 减少0.63 境内 5,566,858,570.59 1,610,399,235.52 71.07 -12.13 -10.18 个百分点 减少10.45 境外 212,708,809.74 62,334,283.35 70.70 -12.13 36.58 个百分点 减少0.99 合计 5,779,567,380.33 1,672,733,518.87 71.06 -12.13 -9.02 个百分点 主营业务分销售模式情况 营业收入 营业成本 毛利率比 毛利率 销售模式 营业收入 营业成本 比上年增 比上年增 上年增减 （%） 减（%） 减（%） （%） 减少0.99 直销 5,779,567,380.33 1,672,733,518.87 71.06 -12.13 -9.02 个百分点 减少0.99 合计 5,779,567,380.33 1,672,733,518.87 71.06 -12.13 -9.02 个百分点 (2).产销量情况分析表 □适用 √不适用 (3).重大采购合同、重大销售合同的履行情况 □适用 √不适用 15/238
恒生电子股份有限公司2025年年度报告 (4).成本分析表 单位：元 币种：人民币 分行业情况 上年同 本期金额 本期占 成本构成 期占总 较上年同 情况 分行业 本期金额 总成本 上年同期金额 项目 成本比 期变动比 说明 比例(%) 例(%) 例(%) 财富科技服务 营业成本 353,816,841.61 21.15 342,335,045.87 18.62 3.35 资管科技服务 营业成本 271,241,696.64 16.22 357,071,208.76 19.42 -24.04 运营与机构科 营业成本 278,626,778.28 16.66 274,095,605.91 14.91 1.65 技服务 风险与平台科 营业成本 141,215,326.48 8.44 163,004,242.25 8.87 -13.37 技服务 数据服务业务 营业成本 132,194,220.80 7.90 147,412,903.00 8.02 -10.32 创新业务 营业成本 110,066,383.77 6.58 110,304,174.66 6.00 -0.22 企金、保险核 心与金融基础 营业成本 321,063,826.71 19.19 376,802,627.21 20.48 -14.79 设施科技服务 其他 营业成本 64,508,444.59 3.86 67,576,861.49 3.68 -4.54 合计 / 1,672,733,518.87 100.00 1,838,602,669.15 100.00 -9.02 分产品情况 上年同 本期金额 本期占 成本构成 期占总 较上年同 情况 分产品 本期金额 总成本 上年同期金额 项目 成本比 期变动比 说明 比例(%) 例(%) 例(%) 软件业收入 营业成本 1,661,266,339.53 99.31 1,831,909,816.58 99.64 -9.32 物业出租收入 营业成本 11,467,179.34 0.69 6,692,852.57 0.36 71.33 合计 / 1,672,733,518.87 100.00 1,838,602,669.15 100.00 -9.02 (5).报告期主要子公司股权变动导致合并范围变化 □适用 √不适用 (6).公司报告期内业务、产品或服务发生重大变化或调整有关情况 □适用 √不适用 (7).主要销售客户及主要供应商情况 属于同一控制人控制的客户或供应商视为同一客户或供应商合并列示，受同一国有资产管理机构 实际控制的除外。 A.公司主要销售客户及主要供应商情况 √适用 □不适用 前五名客户销售额28,762.72万元，占年度销售总额4.97%；其中前五名客户销售额中关联方销售 额0万元，占年度销售总额0% 。 前五名供应商采购额31,915.03万元，占年度采购总额28.28%；其中前五名供应商采购额中关联方 采购额18,622.47万元，占年度采购总额16.5%。 16/238
恒生电子股份有限公司2025年年度报告 B.报告期内向单个客户的销售比例超过总额的50%、前5名客户中存在新增客户的或严重依赖于 少数客户的情形 □适用 √不适用 报告期内向单个供应商的采购比例超过总额的50%、前5名供应商中存在新增供应商的或严重依 赖于少数供应商的情形 □适用 √不适用 C. 报告期内公司股票被实施退市风险警示或其他风险警示 前五名销售客户 □适用 √不适用 前五名供应商 □适用 √不适用 D. 报告期内公司存在贸易业务收入 □适用 √不适用 贸易业务占营业收入比例超过10%前五名销售客户 □适用 √不适用 贸易业务收入占营业收入比例超过10%前五名供应商 □适用 √不适用 3、 费用 √适用 □不适用 单位：元 币种：人民币 费用项目 本期数 上年同期数 变动比例（%） 变动原因说明 主要系本期人员薪酬 销售费用 425,180,123.98 543,156,143.68 -21.72 费用下降所致 主要系本期人员薪酬 管理费用 732,807,089.49 904,556,515.01 -18.99 费用下降所致 主要系本期人员薪酬 研发费用 2,180,002,239.53 2,458,468,971.10 -11.33 费用下降所致 主要系公司本期利息 财务费用 6,847,085.17 16,629,421.71 -58.83 支出较上年同期减少 所致 4、 研发投入 (1).研发投入情况表 √适用 □不适用 单位：元 币种：人民币 本期费用化研发投入 2,180,002,239.53 本期资本化研发投入 研发投入合计 2,180,002,239.53 研发投入总额占营业收入比例（%） 37.70 研发投入资本化的比重（%） 17/238
恒生电子股份有限公司2025年年度报告 (2).研发人员情况表 √适用 □不适用 公司研发人员的数量 5,463 研发人员数量占公司总人数的比例（%） 53.2% 研发人员学历结构 学历结构类别 学历结构人数 博士研究生 5 硕士研究生 865 本科 4,301 专科 290 高中及以下 2 研发人员年龄结构 年龄结构类别 年龄结构人数 30岁以下（不含30岁） 1,475 30-40岁（含30岁，不含40岁） 3,410 40-50岁（含40岁，不含50岁） 555 50-60岁（含50岁，不含60岁） 22 60岁及以上 1 (3).情况说明 □适用 √不适用 (4).研发人员构成发生重大变化的原因及对公司未来发展的影响 □适用 √不适用 5、 现金流 √适用 □不适用 单位：元 币种：人民币 现金流量表项目 本期数 上年同期数 变动比例（%） 变动原因说明 经营活动现金流入 6,851,398,925.79 7,311,614,319.39 -6.29 小计 经营活动现金流出 5,784,644,893.78 6,443,685,085.17 -10.23 小计 主要系公司本期支付 经营活动产生的现 给职工以及为职工支 1,066,754,032.01 867,929,234.22 22.91 金流量净额 付的现金较上年同期 下降所致 主要系公司本期收回 投资活动现金流入 6,061,693,174.28 5,309,135,855.37 14.17 投资所收到的现金较 小计 上年同期增加所致 主要系公司本期投资 投资活动现金流出 7,966,306,243.01 5,904,025,547.70 34.93 所支付的现金较上年 小计 同期增加所致 投资活动产生的现 -1,904,613,068.73 -594,889,692.33 不适用 金流量净额 筹资活动现金流入 主要系公司本期取得 650,161,476.09 945,612,765.01 -31.24 小计 银行借款较上年同期 18/238
恒生电子股份有限公司2025年年度报告 减少所致 主要系公司本期偿还 筹资活动现金流出 739,986,450.25 1,353,182,208.79 -45.32 银行借款较上年同期 小计 减少所致 筹资活动产生的现 -89,824,974.16 -407,569,443.78 不适用 金流量净额 现金及现金等价物 -933,182,720.11 -144,003,310.37 不适用 净增加额 (二) 非主营业务导致利润重大变化的说明 √适用 □不适用 单位：元 币种：人民币 项目名称 本期数 上年同期数 变动比例（%） 情况说明 主要系公司持有的以公允价值计 公允价值变动收益 26,440,073.59 162,205,158.65 -83.70 量的金融资产公允价值收益减少 主要系公司持有联营企业利润增 投资收益 526,216,681.67 195,389,961.11 169.32 加及处置联营企业股权投资收益 增加所致 (三) 资产、负债情况分析 √适用 □不适用 1、 资产及负债状况 单位：元 币种：人民币 本期期 上期期 本期期末 末数占 末数占 金额较上 项目名称 本期期末数 总资产 上期期末数 总资产 期期末变 情况说明 的比例 的比例 动比例 （%） （%） （%） 主要系购买交易 货币资金 1,363,722,500.39 8.57 2,277,324,647.14 15.46 -40.12 性金融资产增加 所致 主要系理财产品 交易性金融资产 3,030,376,511.45 19.05 1,676,963,700.52 11.39 80.71 增加所致 应收账款 806,543,937.12 5.07 951,427,654.84 6.46 -15.23 无重大变化 存货 677,166,726.77 4.26 633,199,357.60 4.30 6.94 无重大变化 主要系一年内到 一年内到期的非 395,026,203.79 2.48 113,242,210.19 0.77 248.83 期的定期存单增 流动资产 加所致 长期股权投资 2,632,061,132.24 16.55 2,490,995,735.73 16.91 5.66 无重大变化 其他非流动金融 2,046,879,068.52 12.87 1,730,048,962.26 11.75 18.31 无重大变化 资产 主要系恒生（钱 投资性房地产 305,695,038.28 1.92 159,292,142.54 1.08 91.91 塘）科技园本期完 工转入增加所致 固定资产 1,426,010,945.70 8.96 1,481,401,154.24 10.06 -3.74 无重大变化 在建工程 624,294,603.61 3.92 607,203,001.12 4.12 2.81 无重大变化 无形资产 734,833,135.81 4.62 822,106,558.81 5.58 -10.62 无重大变化 19/238
恒生电子股份有限公司2025年年度报告 商誉 620,242,870.87 3.90 642,953,563.39 4.37 -3.53 无重大变化 递延所得税资产 278,862,246.06 1.75 260,259,311.70 1.77 7.15 无重大变化 其他非流动资产 702,644,838.26 4.42 649,470,070.10 4.41 8.19 无重大变化 主要系公司金融 其他债权投资 46,600,537.58 0.29 24,920,335.72 0.17 87.00 债投资增加所致 一年内到期的非 18,713,088.32 0.12 26,598,085.37 0.18 -29.64 无重大变化 流动负债 主要系本期票据 应付票据 108,229,467.29 0.68 72,023,747.66 0.49 50.27 支付增加所致 短期借款 206,183,855.44 1.30 258,057,992.79 1.75 -20.10 无重大变化 主要系本期支付 交易性金融负债 10,000,000.00 0.07 -100.00 业务合并或有对 价所致 应付账款 440,658,630.77 2.77 545,672,244.44 3.70 -19.24 无重大变化 合同负债 2,664,703,377.17 16.75 2,527,002,319.92 17.16 5.45 无重大变化 应付职工薪酬 675,985,955.85 4.25 678,913,516.80 4.61 -0.43 无重大变化 应交税费 230,500,451.35 1.45 258,625,044.06 1.76 -10.87 无重大变化 主要系本期暂收 其他应付款 163,908,139.56 1.03 274,810,779.76 1.87 -40.36 款项支付所致 其他流动负债 285,880,811.68 1.80 338,788,538.37 2.30 -15.62 无重大变化 长期借款 209,654,906.79 1.32 174,408,976.28 1.18 20.21 无重大变化 2、 境外资产情况 √适用 □不适用 (1). 资产规模 其中：境外资产1,117,982,141.39（单位：元 币种：人民币），占总资产的比例为7.03%。 (2). 境外资产占比较高的相关说明 √适用 □不适用 单位：元 币种：人民币 本报告期 本报告期 境外资产名称 形成原因 运营模式 营业收入 净利润 日本恒生软件株式会社 公司设立 自主运营 62,403,708.50 17,862,685.13 恒云控股有限公司 公司设立 自主运营 150,019,622.98 13,462,708.75 恒生洲际控股（香港） 公司设立 自主运营 -2,888,890.92 有限公司 恒迈神州（香港）科技 公司设立 自主运营 -21,780.19 有限公司 金纳精诚（国际）科技 非同一控制下 自主运营 350,370.20 -753,456.13 有限公司 企业合并 3、 截至报告期末主要资产受限情况 √适用 □不适用 单位：元 币种：人民币 项目 期末账面余额 期末账面价值 受限原因 保函保证金、其他受限 货币资金 23,378,392.62 23,378,392.62 资金 20/238
恒生电子股份有限公司2025年年度报告 拟持有到期的定期存 其他非流动资产 702,644,838.26 702,644,838.26 单及利息 一年内到期的非流动 拟持有到期的定期存 395,026,203.79 395,026,203.79 资产 单及利息 开发产品 139,657,619.24 139,657,619.24 银行借款抵押 固定资产 303,347,150.72 270,799,065.76 银行借款抵押 投资性房地产 148,521,544.28 147,541,714.64 银行借款抵押 合 计 1,712,575,748.91 1,679,047,834.31 4、 其他说明 □适用 √不适用 (四) 行业经营性信息分析 √适用 □不适用 详见第三节“管理层讨论与分析”之“经营情况讨论与分析”章节。 21/238
恒生电子股份有限公司2025年年度报告 (五) 投资状况分析 对外股权投资总体分析 √适用 □不适用 报告期内，综合外部宏观环境的变化，公司保持了审慎的投资策略，重点关注已并购项目的后续管理和整合，促进业务协同。同时公司适时减持了 部分已投资项目的股权，投资业务实现了正的净现金流。 1、 重大的股权投资 □适用 √不适用 2、 重大的非股权投资 □适用 √不适用 3、 以公允价值计量的金融资产 √适用 □不适用 单位：万元 币种：人民币 计入权益的累 本期公允价值 本期计提的减 本期出售/赎回 资产类别 期初数 计公允价值变 本期购买金额 其他变动 期末数 变动损益 值 金额 动 股票 22,373.62 -1,644.93 2,290.95 252.46 21,105.12 信托产品 52,651.39 3,591.76 12,610.00 30,100.00 37,322.30 债券 2,492.03 62.39 2,041.47 4,660.05 其他 265,676.26 894.12 650,138.31 467,348.41 449,298.14 合计 343,193.30 2,840.96 62.39 667,080.73 497,700.88 512,385.61 证券投资情况 √适用 □不适用 单位：万元 币种：人民币 最初投资成 资金 期初账面价 本期公允 计入权益 本期购买 本期出售金 本期投资 期末账面 证券品种 证券代码 证券简称 会计核算科目 本 来源 值 价值变动 的累计公 金额 额 损益 价值 22/238
恒生电子股份有限公司2025年年度报告 损益 允价值变 动 其他非流动金融 股票 600900 600900长江电力 19,910.56 20,478.41 -1,664.24 2,290.95 700.42 21,105.12 资产 其他非流动金融 股票 其他 252.46 1,895.21 19.31 252.46 423.31 资产 004553中信建投凤 基金 004553 1.26 5,000.00 5,001.26 交易性金融资产 凰货币B 159307博时中证红 其他非流动金融 基金 159307 11,222.25 11,881.41 23.74 2,989.46 648.81 14,894.61 利低波100ETF 资产 515890博时中证红 其他非流动金融 基金 515890 11,312.78 12,687.82 -68.73 499.41 598.10 13,118.50 利ETF 资产 博时美元货币基金 基金 9,068.67 9,310.21 641.14 13,480.59 6,306.70 17,110.28 交易性金融资产 ClassI JPMLFUSDSMM 基金 4,456.20 4,456.20 105.28 6,927.09 8,721.96 235.21 2,765.14 交易性金融资产 V940052 基金 其他 49,971.15 48,512.94 2,154.45 9,767.09 24,391.14 164.33 36,402.42 交易性金融资产 其他非流动金融 基金 其他 3,146.89 3,341.29 272.84 19,708.29 1,064.69 157.50 22,227.12 资产 杭工信.丰利恒享1 其他非流动金融 信托产品 10,000.00 10,659.00 944.00 2,000.00 400.00 13,603.00 号信托 资产 交银国信.丰产惠利 信托产品 2010号集合资金信 106.00 10,000.00 10,106.00 交易性金融资产 托计划 上海信托.沐晖3号 信托产品 10,000.00 10,484.85 10,000.00 26.55 交易性金融资产 集合资金信托计划 深国投.景林丰收证 其他非流动金融 信托产品 券投资集合资金信 1,410.64 7,139.50 1,581.02 8,720.52 资产 托计划 中诚信托-元成6号 信托产品 20,000.00 20,782.00 164.00 20,000.00 54.00 交易性金融资产 集合资金信托计划 23/238
恒生电子股份有限公司2025年年度报告 其他非流动金融 信托产品 其他 3,131.09 3,586.04 796.74 610.00 100.00 -100.00 4,892.78 资产 债券 其他 2,552.68 2,492.03 62.39 2,041.47 131.61 4,660.05 其他债权投资 80008招银理财招 其他 80008 20,000.00 20,000.00 15.93 交易性金融资产 赢日日鑫 8108C招银理财日 其他 8108C 27.98 10,000.00 10,000.00 7.96 交易性金融资产 日金108号C 8120C招银理财日 其他 8120C 39.83 18,000.00 18,000.00 14.08 交易性金融资产 日金120号C 8230K招赢日日金 其他 8230K 3.25 10,000.00 10,003.25 交易性金融资产 130号 8235C招银理财日 其他 8235C 20,000.00 20,000.00 交易性金融资产 日金135号C 8237C招银理财日 其他 8237C 5.51 5,000.00 5,000.00 4.29 交易性金融资产 日金137号C 8238C招行理财日 其他 8238C 7,000.00 7,000.00 7.07 交易性金融资产 日金138号C 8240C招银理财日 其他 8240C 12.73 50,000.00 50,012.73 交易性金融资产 日金140号C 8240K招赢日日金 其他 8240K 0.87 10,000.00 10,000.87 交易性金融资产 140号 8295V招银理财招 其他 8295V 74.03 10,000.00 10,000.00 6.09 交易性金融资产 赢日日欣5号 8863C招银理财日 其他 8863C 10,000.00 10,000.00 10.07 交易性金融资产 日金63号C 8864Q代销招银理 财招赢日日金64号 其他 8864Q 8,000.00 8,000.00 32.11 交易性金融资产 现金管理类理财计 划 8879C招银理财日 15.65 5,200.00 4,000.00 9.79 1,215.65 其他 8879C 交易性金融资产 日金79号C 24/238",windowed_extraction_review_required
600570.SH,AR_600570_SH_2025,r_and_d,12,23,"恒生电子股份有限公司2025年年度报告 金融系统是高度敏感、拒绝“机器幻觉”、对数据的精确度与及时性要求极高的行业。尽管 AI在应用层快速扩张，金融行业作为一个强监管行业，AI的应用会比其他领域更为审慎。 三、经营情况讨论与分析 1.报告期内总体经营情况 报告期内，公司实现营业收入约57.83亿元，同比下降12.13%。实现归属于上市公司股东的 净利润约12.31亿元，同比增长18.01%。实现归属于上市公司股东的扣除非经常性损益的净利润 约10.13 亿元，同比增长21.46%。实现经营活动产生的现金流量净额约10.67 亿元，同比增长 22.91%。 2025年的经营中，相对收入的增长，公司更加关注收入质量的提升。报告期内，公司主动优 化业务结构，将资源进一步聚焦到核心产品线，对非核心、非战略且亏损的产品线进行战略性收 缩，这一举措为公司未来增长积聚动能。2025年，公司一方面持续加强回款管理，另一方面加大 了降本增效的管理力度，向管理要效益，积极推进人员队伍的结构优化，公司经营活动产生的现 金流量净额实现了增长。 公司主营业务毛利率为71.06%，继续保持市场领先和产品竞争力优势。2026年，公司将继续 关注收入质量、精进项目管理，提升新一代核心自主创新产品的交付效率，并建立收入和成本相 匹配的经营策略；同时加强AI内部提效和AI产品研发，为转型升级提供有力支撑。 2.报告期内重要经营举措 2025年以来，面对复杂多变的外部环境，公司更加关注收入质量，保障经营性现金流的增长。 公司进一步聚焦核心产品与主赛道，通过动态优化预算管控，实现了经营质量的稳步提升。 具体举措有： （1）提升客户满意度 公司坚持深耕行业，聚焦于战略客户经营，通过签订战略合作协议，与战略客户构建深度互 信的合作关系。公司积极落实以客户为中心的“三个代表”（交付代表、解决方案代表、客户代 表）机制，精准定位客户需求，从需求洞察、方案定制到价值交付，公司全流程响应客户在业务 拓展、技术迭代及生态协同等维度的差异化诉求，对端到端的客户经营和持续商业成功负责。 （2）提升产品竞争力 公司推进产品工程分离策略，集中优势资源打造平台化产品。在产品经营上，加强产品规划， 保障标准产品的研发资源；加强接口标准能力的建设；不断夯实现有核心产品竞争力，同时积极 布局未来。在资管领域，推进O45产品在行业的自主可控交付效率提升，IBOR结合AI能力帮助 资管机构优化投资，提升抗风险能力和投管智能化；在经纪领域，通过敏、稳双态的UF3.0经纪 业务核心系统，提供经纪业务全面业务能力的支持和全业务境内外一体化交易的能力；在财富领 域，财富账户结合财富运营和资产配置驱动财富管理平台升级；在运营领域，完善基于ABOR的实 时、全自动一体化运营平台，助力运营部门自动化运营和运营+AI；在机构领域，推出高性能、组 件式机构综合服务一体化平台，为客户提供一站式差异化的机构服务；在风险领域，推出基于“风 险实时决策+AI赋能”为核心的风控平台，提升风控效能；在数据投研领域，深耕“专业实时数 据+AI大模型”投研一体化平台，打开投研新范式。对个性化较多的产品通过专业的工程团队来 承接，提升交付的效率和客户满意度。 （3）保持高强度研发投入 公司2025年的研发费用投入总计21.80亿元人民币，占营业收入的37.70%。2025年公司产 品技术人员为6953人，占公司总人数比为67.66%。公司无论是产品技术人员数量还是研发费用 投入均在业内处于领先水平。 在数智化提升方面，公司积极拥抱AI。基于自主研发的AI能力工具，已在多家客户落地， 可以覆盖金融投研、投顾、投资、合规、运营、投行、客服等核心业务场景，并不断推动与国产 算力的适配优化，集成业界领先的大模型，实现多模型部署。同时软件公司本身就是AI最大的应 用场景之一，公司致力于在生产和管理中利用AI提升效率。 12/238
恒生电子股份有限公司2025年年度报告 （4）组织和管理体系升级 2025年，公司聚焦“向管理要效率、向组织要战斗力”，优化关键岗位职责，强化干部履岗 评估与轮岗汰换，并加快人才结构调整与分布式人才布局。重点深化项目管理体系建设，开展专 项优化，试点项目“四算”（概算、预算、核算、决算），保障项目利润；完善项目激励机制， 提升项目成员战斗力。同步推进基层流程建设与知识沉淀，夯实恒生自身数智化基础。在激发组 织活动方面，升级核心价值观，推行“高目标、高战力、高绩效”的干部标准，强化获取分享机 制，加快激励反馈与问责闭环。 2025年，公司在组织能力建设、干部发展、价值分配与文化引领上系统性推进，为高质量可 持续发展夯实根基。 （5）践行可持续发展，积极履行社会责任 2025年度，公司构建并实施了“回购+分红+激励”的多元化股东回报体系，全方位践行价值 创造理念。在股份回购方面，公司全年圆满完成两轮注销式回购：首轮于2025年3月收官（2024 年11月启动），采用“自有资金结合银行专项贷款”的组合模式；第二轮于2025年10月实施完 毕，全额使用自有资金。在现金分红方面，公司顺利实施2024年度权益分派，以回馈投资者。在 激励机制方面，公司推出2025年股票期权激励计划。 公司可持续发展建设取得良好成果，中证评级稳居AA，MSCI（明晟）评级由“A”上调至“AA”。 另外，公司推出“恒星碳索者”低碳公益品牌，组织公益志愿者参与清山行动，并在关爱孤独症 儿童、帮助残疾人就业、投资者教育等领域持续贡献力量。 四、报告期内核心竞争力分析 √适用 □不适用 客户满意度。以客户为中心，深耕行业需求 经过 30 年金融科技领域的深耕厚植，全面覆盖证券、基金、银行、保险、信托等多元化客 户 群体，形成了深厚的行业积淀和广泛的客户基础。同时恒生已与众多客户结成战略合作伙伴， 积 累了敏锐洞察行业趋势和深刻理解客户需求的能力，形成开放合作互利共赢的伙伴关系。公司持 续优化客户服务体系，面向客户同时提供产品化和个性化服务，并依托专业的服务团 队和完善的 支持体系，通过专家1对1的服务和统一知识服务平台，沉淀经验，结合大模型技 术应用，提升 主动服务能力，确保客户在使用公司产品和服务时获得最佳体验。 产品竞争力。以技术为驱动，打造卓越产品 公司的核心产品在业内处于领先地位，公司在证券经纪业务领域的核心交易系统、买方投资 管理系统和 TA 系统等均有较高的市场竞争力和市场份额，使得公司具备一定的规模效应，并拥 有更良好的边际收益。除了在各个领域打造新一代核心产品外，公司也在持续推进产品数智化升 级，布局未来发展。公司持续推进产品能力升级，围绕""客户成功、质量可靠、好用易用、生态开 放、技术领先、成本优势""六大维度全面提升产品竞争力，尤其在产品研发方面，利用AI+Code 不断提效。 组织充满活力。以人才为核心，激发创新动力 公司坚持“以人为本”，通过完善的人才培养体系、激励机制和企业文化，打造了一支高素 质、专业化的团队。公司不断调整优化组织架构，确保组织能够灵活响应市场变化和客户需求，积 极打造具有自我进化能力的流程型组织，大幅提升研发和服务效能。公司不断引入高端人才， 加 强关键岗位人员布局，持续落地了长期股权激励计划，进一步增强了核心骨干人才的吸引力和凝 聚力。 五、报告期内主要经营情况 详见第三节“管理层讨论与分析”之“经营情况讨论与分析”章节。 13/238
恒生电子股份有限公司2025年年度报告 (一) 主营业务分析 1、 利润表及现金流量表相关科目变动分析表 单位：元 币种：人民币 科目 本期数 上年同期数 变动比例（%） 营业收入 5,782,928,939.92 6,581,075,306.06 -12.13 营业成本 1,673,330,301.22 1,841,317,277.99 -9.12 销售费用 425,180,123.98 543,156,143.68 -21.72 管理费用 732,807,089.49 904,556,515.01 -18.99 财务费用 6,847,085.17 16,629,421.71 -58.83 研发费用 2,180,002,239.53 2,458,468,971.10 -11.33 经营活动产生的现金流量净额 1,066,754,032.01 867,929,234.22 22.91 投资活动产生的现金流量净额 -1,904,613,068.73 -594,889,692.33 不适用 筹资活动产生的现金流量净额 -89,824,974.16 -407,569,443.78 不适用 营业收入变动原因说明：主要系资管科技服务、风险与平台科技服务、企金、保险核心与金融基 础设施科技服务收入下降较大所致。 营业成本变动原因说明：主要系本期人员薪酬费用下降所致。 销售费用变动原因说明：主要系本期人员薪酬费用下降所致。 管理费用变动原因说明：主要系本期人员薪酬费用下降所致。 财务费用变动原因说明：主要系公司本期利息支出较上年同期减少所致。 研发费用变动原因说明：主要系本期人员薪酬费用下降所致。 经营活动产生的现金流量净额变动原因说明：主要系公司本期支付给职工以及为职工支付的现金 较上年同期下降所致。 投资活动产生的现金流量净额变动原因说明：主要系公司本期投资支付的现金增加所致。 筹资活动产生的现金流量净额变动原因说明：主要系公司本期吸收投资所收到的现金增加、收到 员工股权激励缴款增加、支付股份回购减少所致。 本期公司业务类型、利润构成或利润来源发生重大变动的详细说明 □适用 √不适用 2、 收入和成本分析 √适用 □不适用 公司主营业务收入和成本详细情况如下： (1).主营业务分行业、分产品、分地区、分销售模式情况 单位：元 币种：人民币 主营业务分行业情况 营业收入 营业成本 毛利率比 毛利率 分行业 营业收入 营业成本 比上年增 比上年增 上年增减 （%） 减（%） 减（%） （%） 减少2.87 财富科技服务 1,319,797,009.61 353,816,841.61 73.19 -7.72 3.35 个百分点 增加1.20 资管科技服务 1,257,308,549.55 271,241,696.64 78.43 -19.82 -24.04 个百分点 运营与机构科 减少0.75 1,265,878,693.12 278,626,778.28 77.99 -1.82 1.65 技服务 个百分点 风险与平台科 减少9.19 336,293,127.80 141,215,326.48 58.01 -32.33 -13.37 技服务 个百分点 14/238
恒生电子股份有限公司2025年年度报告 增加4.13 数据服务业务 352,134,997.79 132,194,220.80 62.46 -0.47 -10.32 个百分点 减少1.04 创新业务 490,401,050.23 110,066,383.77 77.56 -4.85 -0.22 个百分点 企金、保险核 减少4.86 心与金融基础 540,096,737.13 321,063,826.71 40.55 -21.75 -14.79 个百分点 设施科技服务 减少0.66 其他 217,657,215.10 64,508,444.59 70.36 -6.66 -4.54 个百分点 减少0.99 合计 5,779,567,380.33 1,672,733,518.87 71.06 -12.13 -9.02 个百分点 主营业务分产品情况 营业收入 营业成本 毛利率比 毛利率 分产品 营业收入 营业成本 比上年增 比上年增 上年增减 （%） 减（%） 减（%） （%） 减少0.91 软件业收入 5,749,844,315.19 1,661,266,339.53 71.11 -12.18 -9.32 个百分点 减少16.22 物业出租收入 29,723,065.14 11,467,179.34 61.42 -0.70 71.33 个百分点 减少0.99 合计 5,779,567,380.33 1,672,733,518.87 71.06 -12.13 -9.02 个百分点 主营业务分地区情况 营业收入 营业成本 毛利率比 毛利率 分地区 营业收入 营业成本 比上年增 比上年增 上年增减 （%） 减（%） 减（%） （%） 减少0.63 境内 5,566,858,570.59 1,610,399,235.52 71.07 -12.13 -10.18 个百分点 减少10.45 境外 212,708,809.74 62,334,283.35 70.70 -12.13 36.58 个百分点 减少0.99 合计 5,779,567,380.33 1,672,733,518.87 71.06 -12.13 -9.02 个百分点 主营业务分销售模式情况 营业收入 营业成本 毛利率比 毛利率 销售模式 营业收入 营业成本 比上年增 比上年增 上年增减 （%） 减（%） 减（%） （%） 减少0.99 直销 5,779,567,380.33 1,672,733,518.87 71.06 -12.13 -9.02 个百分点 减少0.99 合计 5,779,567,380.33 1,672,733,518.87 71.06 -12.13 -9.02 个百分点 (2).产销量情况分析表 □适用 √不适用 (3).重大采购合同、重大销售合同的履行情况 □适用 √不适用 15/238
恒生电子股份有限公司2025年年度报告 (4).成本分析表 单位：元 币种：人民币 分行业情况 上年同 本期金额 本期占 成本构成 期占总 较上年同 情况 分行业 本期金额 总成本 上年同期金额 项目 成本比 期变动比 说明 比例(%) 例(%) 例(%) 财富科技服务 营业成本 353,816,841.61 21.15 342,335,045.87 18.62 3.35 资管科技服务 营业成本 271,241,696.64 16.22 357,071,208.76 19.42 -24.04 运营与机构科 营业成本 278,626,778.28 16.66 274,095,605.91 14.91 1.65 技服务 风险与平台科 营业成本 141,215,326.48 8.44 163,004,242.25 8.87 -13.37 技服务 数据服务业务 营业成本 132,194,220.80 7.90 147,412,903.00 8.02 -10.32 创新业务 营业成本 110,066,383.77 6.58 110,304,174.66 6.00 -0.22 企金、保险核 心与金融基础 营业成本 321,063,826.71 19.19 376,802,627.21 20.48 -14.79 设施科技服务 其他 营业成本 64,508,444.59 3.86 67,576,861.49 3.68 -4.54 合计 / 1,672,733,518.87 100.00 1,838,602,669.15 100.00 -9.02 分产品情况 上年同 本期金额 本期占 成本构成 期占总 较上年同 情况 分产品 本期金额 总成本 上年同期金额 项目 成本比 期变动比 说明 比例(%) 例(%) 例(%) 软件业收入 营业成本 1,661,266,339.53 99.31 1,831,909,816.58 99.64 -9.32 物业出租收入 营业成本 11,467,179.34 0.69 6,692,852.57 0.36 71.33 合计 / 1,672,733,518.87 100.00 1,838,602,669.15 100.00 -9.02 (5).报告期主要子公司股权变动导致合并范围变化 □适用 √不适用 (6).公司报告期内业务、产品或服务发生重大变化或调整有关情况 □适用 √不适用 (7).主要销售客户及主要供应商情况 属于同一控制人控制的客户或供应商视为同一客户或供应商合并列示，受同一国有资产管理机构 实际控制的除外。 A.公司主要销售客户及主要供应商情况 √适用 □不适用 前五名客户销售额28,762.72万元，占年度销售总额4.97%；其中前五名客户销售额中关联方销售 额0万元，占年度销售总额0% 。 前五名供应商采购额31,915.03万元，占年度采购总额28.28%；其中前五名供应商采购额中关联方 采购额18,622.47万元，占年度采购总额16.5%。 16/238
恒生电子股份有限公司2025年年度报告 B.报告期内向单个客户的销售比例超过总额的50%、前5名客户中存在新增客户的或严重依赖于 少数客户的情形 □适用 √不适用 报告期内向单个供应商的采购比例超过总额的50%、前5名供应商中存在新增供应商的或严重依 赖于少数供应商的情形 □适用 √不适用 C. 报告期内公司股票被实施退市风险警示或其他风险警示 前五名销售客户 □适用 √不适用 前五名供应商 □适用 √不适用 D. 报告期内公司存在贸易业务收入 □适用 √不适用 贸易业务占营业收入比例超过10%前五名销售客户 □适用 √不适用 贸易业务收入占营业收入比例超过10%前五名供应商 □适用 √不适用 3、 费用 √适用 □不适用 单位：元 币种：人民币 费用项目 本期数 上年同期数 变动比例（%） 变动原因说明 主要系本期人员薪酬 销售费用 425,180,123.98 543,156,143.68 -21.72 费用下降所致 主要系本期人员薪酬 管理费用 732,807,089.49 904,556,515.01 -18.99 费用下降所致 主要系本期人员薪酬 研发费用 2,180,002,239.53 2,458,468,971.10 -11.33 费用下降所致 主要系公司本期利息 财务费用 6,847,085.17 16,629,421.71 -58.83 支出较上年同期减少 所致 4、 研发投入 (1).研发投入情况表 √适用 □不适用 单位：元 币种：人民币 本期费用化研发投入 2,180,002,239.53 本期资本化研发投入 研发投入合计 2,180,002,239.53 研发投入总额占营业收入比例（%） 37.70 研发投入资本化的比重（%） 17/238
恒生电子股份有限公司2025年年度报告 (2).研发人员情况表 √适用 □不适用 公司研发人员的数量 5,463 研发人员数量占公司总人数的比例（%） 53.2% 研发人员学历结构 学历结构类别 学历结构人数 博士研究生 5 硕士研究生 865 本科 4,301 专科 290 高中及以下 2 研发人员年龄结构 年龄结构类别 年龄结构人数 30岁以下（不含30岁） 1,475 30-40岁（含30岁，不含40岁） 3,410 40-50岁（含40岁，不含50岁） 555 50-60岁（含50岁，不含60岁） 22 60岁及以上 1 (3).情况说明 □适用 √不适用 (4).研发人员构成发生重大变化的原因及对公司未来发展的影响 □适用 √不适用 5、 现金流 √适用 □不适用 单位：元 币种：人民币 现金流量表项目 本期数 上年同期数 变动比例（%） 变动原因说明 经营活动现金流入 6,851,398,925.79 7,311,614,319.39 -6.29 小计 经营活动现金流出 5,784,644,893.78 6,443,685,085.17 -10.23 小计 主要系公司本期支付 经营活动产生的现 给职工以及为职工支 1,066,754,032.01 867,929,234.22 22.91 金流量净额 付的现金较上年同期 下降所致 主要系公司本期收回 投资活动现金流入 6,061,693,174.28 5,309,135,855.37 14.17 投资所收到的现金较 小计 上年同期增加所致 主要系公司本期投资 投资活动现金流出 7,966,306,243.01 5,904,025,547.70 34.93 所支付的现金较上年 小计 同期增加所致 投资活动产生的现 -1,904,613,068.73 -594,889,692.33 不适用 金流量净额 筹资活动现金流入 主要系公司本期取得 650,161,476.09 945,612,765.01 -31.24 小计 银行借款较上年同期 18/238
恒生电子股份有限公司2025年年度报告 减少所致 主要系公司本期偿还 筹资活动现金流出 739,986,450.25 1,353,182,208.79 -45.32 银行借款较上年同期 小计 减少所致 筹资活动产生的现 -89,824,974.16 -407,569,443.78 不适用 金流量净额 现金及现金等价物 -933,182,720.11 -144,003,310.37 不适用 净增加额 (二) 非主营业务导致利润重大变化的说明 √适用 □不适用 单位：元 币种：人民币 项目名称 本期数 上年同期数 变动比例（%） 情况说明 主要系公司持有的以公允价值计 公允价值变动收益 26,440,073.59 162,205,158.65 -83.70 量的金融资产公允价值收益减少 主要系公司持有联营企业利润增 投资收益 526,216,681.67 195,389,961.11 169.32 加及处置联营企业股权投资收益 增加所致 (三) 资产、负债情况分析 √适用 □不适用 1、 资产及负债状况 单位：元 币种：人民币 本期期 上期期 本期期末 末数占 末数占 金额较上 项目名称 本期期末数 总资产 上期期末数 总资产 期期末变 情况说明 的比例 的比例 动比例 （%） （%） （%） 主要系购买交易 货币资金 1,363,722,500.39 8.57 2,277,324,647.14 15.46 -40.12 性金融资产增加 所致 主要系理财产品 交易性金融资产 3,030,376,511.45 19.05 1,676,963,700.52 11.39 80.71 增加所致 应收账款 806,543,937.12 5.07 951,427,654.84 6.46 -15.23 无重大变化 存货 677,166,726.77 4.26 633,199,357.60 4.30 6.94 无重大变化 主要系一年内到 一年内到期的非 395,026,203.79 2.48 113,242,210.19 0.77 248.83 期的定期存单增 流动资产 加所致 长期股权投资 2,632,061,132.24 16.55 2,490,995,735.73 16.91 5.66 无重大变化 其他非流动金融 2,046,879,068.52 12.87 1,730,048,962.26 11.75 18.31 无重大变化 资产 主要系恒生（钱 投资性房地产 305,695,038.28 1.92 159,292,142.54 1.08 91.91 塘）科技园本期完 工转入增加所致 固定资产 1,426,010,945.70 8.96 1,481,401,154.24 10.06 -3.74 无重大变化 在建工程 624,294,603.61 3.92 607,203,001.12 4.12 2.81 无重大变化 无形资产 734,833,135.81 4.62 822,106,558.81 5.58 -10.62 无重大变化 19/238
恒生电子股份有限公司2025年年度报告 商誉 620,242,870.87 3.90 642,953,563.39 4.37 -3.53 无重大变化 递延所得税资产 278,862,246.06 1.75 260,259,311.70 1.77 7.15 无重大变化 其他非流动资产 702,644,838.26 4.42 649,470,070.10 4.41 8.19 无重大变化 主要系公司金融 其他债权投资 46,600,537.58 0.29 24,920,335.72 0.17 87.00 债投资增加所致 一年内到期的非 18,713,088.32 0.12 26,598,085.37 0.18 -29.64 无重大变化 流动负债 主要系本期票据 应付票据 108,229,467.29 0.68 72,023,747.66 0.49 50.27 支付增加所致 短期借款 206,183,855.44 1.30 258,057,992.79 1.75 -20.10 无重大变化 主要系本期支付 交易性金融负债 10,000,000.00 0.07 -100.00 业务合并或有对 价所致 应付账款 440,658,630.77 2.77 545,672,244.44 3.70 -19.24 无重大变化 合同负债 2,664,703,377.17 16.75 2,527,002,319.92 17.16 5.45 无重大变化 应付职工薪酬 675,985,955.85 4.25 678,913,516.80 4.61 -0.43 无重大变化 应交税费 230,500,451.35 1.45 258,625,044.06 1.76 -10.87 无重大变化 主要系本期暂收 其他应付款 163,908,139.56 1.03 274,810,779.76 1.87 -40.36 款项支付所致 其他流动负债 285,880,811.68 1.80 338,788,538.37 2.30 -15.62 无重大变化 长期借款 209,654,906.79 1.32 174,408,976.28 1.18 20.21 无重大变化 2、 境外资产情况 √适用 □不适用 (1). 资产规模 其中：境外资产1,117,982,141.39（单位：元 币种：人民币），占总资产的比例为7.03%。 (2). 境外资产占比较高的相关说明 √适用 □不适用 单位：元 币种：人民币 本报告期 本报告期 境外资产名称 形成原因 运营模式 营业收入 净利润 日本恒生软件株式会社 公司设立 自主运营 62,403,708.50 17,862,685.13 恒云控股有限公司 公司设立 自主运营 150,019,622.98 13,462,708.75 恒生洲际控股（香港） 公司设立 自主运营 -2,888,890.92 有限公司 恒迈神州（香港）科技 公司设立 自主运营 -21,780.19 有限公司 金纳精诚（国际）科技 非同一控制下 自主运营 350,370.20 -753,456.13 有限公司 企业合并 3、 截至报告期末主要资产受限情况 √适用 □不适用 单位：元 币种：人民币 项目 期末账面余额 期末账面价值 受限原因 保函保证金、其他受限 货币资金 23,378,392.62 23,378,392.62 资金 20/238
恒生电子股份有限公司2025年年度报告 拟持有到期的定期存 其他非流动资产 702,644,838.26 702,644,838.26 单及利息 一年内到期的非流动 拟持有到期的定期存 395,026,203.79 395,026,203.79 资产 单及利息 开发产品 139,657,619.24 139,657,619.24 银行借款抵押 固定资产 303,347,150.72 270,799,065.76 银行借款抵押 投资性房地产 148,521,544.28 147,541,714.64 银行借款抵押 合 计 1,712,575,748.91 1,679,047,834.31 4、 其他说明 □适用 √不适用 (四) 行业经营性信息分析 √适用 □不适用 详见第三节“管理层讨论与分析”之“经营情况讨论与分析”章节。 21/238
恒生电子股份有限公司2025年年度报告 (五) 投资状况分析 对外股权投资总体分析 √适用 □不适用 报告期内，综合外部宏观环境的变化，公司保持了审慎的投资策略，重点关注已并购项目的后续管理和整合，促进业务协同。同时公司适时减持了 部分已投资项目的股权，投资业务实现了正的净现金流。 1、 重大的股权投资 □适用 √不适用 2、 重大的非股权投资 □适用 √不适用 3、 以公允价值计量的金融资产 √适用 □不适用 单位：万元 币种：人民币 计入权益的累 本期公允价值 本期计提的减 本期出售/赎回 资产类别 期初数 计公允价值变 本期购买金额 其他变动 期末数 变动损益 值 金额 动 股票 22,373.62 -1,644.93 2,290.95 252.46 21,105.12 信托产品 52,651.39 3,591.76 12,610.00 30,100.00 37,322.30 债券 2,492.03 62.39 2,041.47 4,660.05 其他 265,676.26 894.12 650,138.31 467,348.41 449,298.14 合计 343,193.30 2,840.96 62.39 667,080.73 497,700.88 512,385.61 证券投资情况 √适用 □不适用 单位：万元 币种：人民币 最初投资成 资金 期初账面价 本期公允 计入权益 本期购买 本期出售金 本期投资 期末账面 证券品种 证券代码 证券简称 会计核算科目 本 来源 值 价值变动 的累计公 金额 额 损益 价值 22/238
恒生电子股份有限公司2025年年度报告 损益 允价值变 动 其他非流动金融 股票 600900 600900长江电力 19,910.56 20,478.41 -1,664.24 2,290.95 700.42 21,105.12 资产 其他非流动金融 股票 其他 252.46 1,895.21 19.31 252.46 423.31 资产 004553中信建投凤 基金 004553 1.26 5,000.00 5,001.26 交易性金融资产 凰货币B 159307博时中证红 其他非流动金融 基金 159307 11,222.25 11,881.41 23.74 2,989.46 648.81 14,894.61 利低波100ETF 资产 515890博时中证红 其他非流动金融 基金 515890 11,312.78 12,687.82 -68.73 499.41 598.10 13,118.50 利ETF 资产 博时美元货币基金 基金 9,068.67 9,310.21 641.14 13,480.59 6,306.70 17,110.28 交易性金融资产 ClassI JPMLFUSDSMM 基金 4,456.20 4,456.20 105.28 6,927.09 8,721.96 235.21 2,765.14 交易性金融资产 V940052 基金 其他 49,971.15 48,512.94 2,154.45 9,767.09 24,391.14 164.33 36,402.42 交易性金融资产 其他非流动金融 基金 其他 3,146.89 3,341.29 272.84 19,708.29 1,064.69 157.50 22,227.12 资产 杭工信.丰利恒享1 其他非流动金融 信托产品 10,000.00 10,659.00 944.00 2,000.00 400.00 13,603.00 号信托 资产 交银国信.丰产惠利 信托产品 2010号集合资金信 106.00 10,000.00 10,106.00 交易性金融资产 托计划 上海信托.沐晖3号 信托产品 10,000.00 10,484.85 10,000.00 26.55 交易性金融资产 集合资金信托计划 深国投.景林丰收证 其他非流动金融 信托产品 券投资集合资金信 1,410.64 7,139.50 1,581.02 8,720.52 资产 托计划 中诚信托-元成6号 信托产品 20,000.00 20,782.00 164.00 20,000.00 54.00 交易性金融资产 集合资金信托计划 23/238",windowed_extraction_review_required
600570.SH,AR_600570_SH_2025,management_discussion,4,15,"恒生电子股份有限公司2025年年度报告 目录 第一节 释义......................................................................................................................................5 第二节 公司简介和主要财务指标..................................................................................................5 第三节 管理层讨论与分析..............................................................................................................9 第四节 公司治理、环境和社会....................................................................................................30 第五节 重要事项............................................................................................................................54 第六节 股份变动及股东情况........................................................................................................76 第七节 债券相关情况....................................................................................................................83 第八节 财务报告............................................................................................................................83 一、载有公司负责人、主管会计工作负责人、会计机构负责人（会计主 管人员）签名并盖章的会计报表 备查文件目录 二、载有会计师事务所盖章、注册会计师签名并盖章的审计报告原件 三、报告期内在中国证监会指定报纸上公开披露过的所有公司文件的正 文及公告的原稿 4/238
恒生电子股份有限公司2025年年度报告 第一节 释义 一、 释义 在本报告书中，除非文义另有所指，下列词语具有如下含义： 常用词语释义 IBOR 指 InvestmentBookofRecord，投资交易簿。 O45 指 产品简称，指面向基金公司、保险公司、券商公司、 银行资管等主动型资产管理机构为机构投资者提供的 新一代投资交易资产管理系统。 UF3.0 指 产品简称，指证券公司新一代核心系统。 ABOR 指 AccountingBookofRecord，会计簿记。 TA 指 产品简称，指登记过户业务系统。 PB2.0 指 产品简称，含：投资服务管理系统软件、投顾服务平 台软件、境外机构投资服务系统软件、机构协议交易 服务平台软件、场外衍生品业务管理系统软件。 LDP 指 LDP是恒生新一代低延时、分布式、高可用的技术平 台。 FPGA 指 Field-ProgrammableGateArray，现场可编程门阵列。 CRM 指 CustomerRelationshipManagement，客户关系管理 Risk5 指 产品简称，面向金融机构的恒生新一代投资绩效评估 与风险管理系统。 Summit 指 产品简称，面向大中型银行及金融机构的资金与资本 市场核心交易管理系统。 第二节 公司简介和主要财务指标 一、 公司信息 公司的中文名称 恒生电子股份有限公司 公司的中文简称 恒生电子 公司的外文名称 HundsunTechnologiesInc. 公司的外文名称缩写 Hundsun 公司的法定代表人 彭政纲 二、 联系人和联系方式 董事会秘书 证券事务代表 姓名 肖敏 崔俊丽 杭州市滨江区滨兴路1888号数智恒生 杭州市滨江区滨兴路1888号数 联系地址 中心 智恒生中心 电话 0571-28829702 0571-28829702 传真 0571-28829703 0571-28829703 电子信箱 investor@hundsun.com investor@hundsun.com 三、 基本情况简介 公司注册地址 杭州市滨江区滨兴路1888号43层 2023年9月12日经公司2023年第一次临时股东大会审议 公司注册地址的历史变更情况 通过，注册地址由“杭州市滨江区江南大道3588号恒生大 5/238
恒生电子股份有限公司2025年年度报告 厦11层”变更为“杭州市滨江区江南大道3588号2幢11层” ；2024年5月15日经公司2024年第一次临时股东大会审议 通过，注册地址由“杭州市滨江区江南大道3588号2幢11 层”变更为“杭州市滨江区滨兴路1888号43层”。 公司办公地址 杭州市滨江区滨兴路1888号数智恒生中心 公司办公地址的邮政编码 310052 公司网址 www.hundsun.com 电子信箱 investor@hundsun.com 四、 信息披露及备置地点 公司披露年度报告的媒体名称及网址 中国证券报、上海证券报、证券时报 公司披露年度报告的证券交易所网址 www.sse.com.cn 公司年度报告备置地点 杭州市滨江区滨兴路1888号数智恒生中心 五、 公司股票简况 公司股票简况 股票种类 股票上市交易所 股票简称 股票代码 变更前股票简称 A股 上海证券交易所 恒生电子 600570 六、 其他相关资料 名称 天健会计师事务所（特殊普通合伙） 公司聘请的会计师事务所（境 办公地址 浙江省杭州市西湖区灵隐街道西溪路128号 内） 签字会计师姓名 周晨、周扬 七、 近三年主要会计数据和财务指标 (一) 主要会计数据 单位：元 币种：人民币 本期比上年同期 主要会计数据 2025年 2024年 2023年 增减(%) 营业收入 5,782,928,939.92 6,581,075,306.06 -12.13 7,281,202,979.92 利润总额 1,303,308,172.26 1,062,649,068.71 22.65 1,452,602,692.45 归属于上市公司股东 1,231,182,835.03 1,043,264,189.37 18.01 1,424,319,349.61 的净利润 归属于上市公司股东 的扣除非经常性损益 1,013,375,226.58 834,330,463.25 21.46 1,448,236,551.96 的净利润 经营活动产生的现金 1,066,754,032.01 867,929,234.22 22.91 1,261,324,141.04 流量净额 本期末比上年同 2025年末 2024年末 2023年末 期末增减（%） 归属于上市公司股东 9,848,043,226.53 8,666,315,264.04 13.64 8,028,899,065.67 的净资产 总资产 15,907,117,992.47 14,728,811,676.92 8.00 14,353,729,857.51 6/238
恒生电子股份有限公司2025年年度报告 (二) 主要财务指标 本期比上年同 主要财务指标 2025年 2024年 2023年 期增减(%) 基本每股收益（元／股） 0.65 0.55 18.18 0.75 稀释每股收益（元／股） 0.65 0.55 18.18 0.75 扣除非经常性损益后的基本每股 0.54 0.44 22.73 0.76 收益（元／股） 增加0.85个百 加权平均净资产收益率（%） 13.33 12.48 19.27 分点 扣除非经常性损益后的加权平均 增加0.99个百 10.97 9.98 19.59 净资产收益率（%） 分点 报告期末公司前三年主要会计数据和财务指标的说明 □适用 √不适用 八、 境内外会计准则下会计数据差异 (一) 同时按照国际会计准则与按中国会计准则披露的财务报告中净利润和归属于上市公司股东 的净资产差异情况 □适用 √不适用 (二) 同时按照境外会计准则与按中国会计准则披露的财务报告中净利润和归属于上市公司股东 的净资产差异情况 □适用 √不适用 (三) 境内外会计准则差异的说明： □适用 √不适用 九、 2025年分季度主要财务数据 单位：元 币种：人民币 第一季度 第二季度 第三季度 第四季度 （1-3月份） （4-6月份） （7-9月份） （10-12月份） 营业收入 1,025,881,877.64 1,400,537,937.95 1,063,480,320.25 2,293,028,804.08 归属于上市公司股 31,334,213.72 229,178,934.78 194,636,973.19 776,032,713.34 东的净利润 归属于上市公司股 东的扣除非经常性 9,994,720.70 182,387,773.45 98,727,344.67 722,265,387.76 损益后的净利润 经营活动产生的现 -1,057,367,227.62 156,298,542.28 231,300,854.70 1,736,521,862.65 金流量净额 季度数据与已披露定期报告数据差异说明 □适用 √不适用 7/238
恒生电子股份有限公司2025年年度报告 十、 非经常性损益项目和金额 √适用 □不适用 单位：元 币种：人民币 非经常性损益项目 2025年金额 附注（如适用） 2024年金额 2023年金额 主要系公司处置部 非流动性资产处置损益，包括已计 197,997,745.46 分联营企业股权产 31,955,281.02 71,815,447.49 提资产减值准备的冲销部分 生的投资收益 计入当期损益的政府补助，但与公 司正常经营业务密切相关、符合国 家政策规定、按照确定的标准享 13,400,816.57 19,985,655.71 39,350,636.79 有、对公司损益产生持续影响的政 府补助除外 除同公司正常经营业务相关的有 主要系公司持有金 效套期保值业务外，非金融企业持 融资产产生的公允 有金融资产和金融负债产生的公 49,859,424.39 价值变动损益，以 202,364,470.24 -128,150,653.17 允价值变动损益以及处置金融资 及处置金融资产取 产和金融负债产生的损益 得的投资收益 单独进行减值测试的应收款项减 3,899,685.47 500,000.00 104,904.11 值准备转回 对于现金结算的股份支付，在可行 权日之后，应付职工薪酬的公允价 -1,969,478.46 -7,594,403.71 5,169,011.10 值变动产生的损益 除上述各项之外的其他营业外收 -2,876,624.67 401,284.41 907,036.98 入和支出 减：所得税影响额 27,208,674.62 24,097,485.44 -7,241,911.27 少数股东权益影响额（税后） 15,295,285.69 14,581,076.11 20,355,496.92 合计 217,807,608.45 208,933,726.12 -23,917,202.35 对公司将《公开发行证券的公司信息披露解释性公告第1号 非经常性损益》未列举的项目认定 —— 为非经常性损益项目且金额重大的，以及将《公开发行证券的公司信息披露解释性公告第1号 —— 非经常性损益》中列举的非经常性损益项目界定为经常性损益的项目，应说明原因。 □适用 √不适用 十一、 存在股权激励、员工持股计划的公司可选择披露扣除股份支付影响后的净利润 □适用 √不适用 十二、 采用公允价值计量的项目 √适用 □不适用 单位：元 币种：人民币 对当期利润的 项目名称 期初余额 期末余额 当期变动 影响金额 交易性金融资产 1,676,963,700.52 3,030,376,511.45 1,353,412,810.93 92,019,842.25 其他债权投资 24,920,335.72 46,600,537.58 21,680,201.86 1,316,124.96 其他非流动金融资产 1,730,048,962.26 2,046,879,068.52 316,830,106.26 -12,340,833.04 交易性金融负债 10,000,000.00 -10,000,000.00 合计 3,441,932,998.50 5,123,856,117.55 1,681,923,119.05 80,995,134.17 8/238
恒生电子股份有限公司2025年年度报告 十三、 其他 □适用 √不适用 第三节 管理层讨论与分析 一、报告期内公司从事的业务情况 公司是国内领先的金融科技产品与服务提供商，聚焦金融行业，侧重资本市场业务，主要面 向证券、基金、银行、期货、保险资管、信托、私募、企业金融、保险、金融基础等客户提供一 站式金融科技解决方案。 根据产品或服务的类型，公司将经营活动划分为如下几类业务板块：财富科技服务、资管科 技服务、运营与机构科技服务、风险与平台科技服务、数据服务业务、创新业务、企金&保险核心 与金融基础设施科技服务以及其他业务共8大板块。 报告期内主要业务进展： 1.财富科技服务板块主要为银行、证券、基金、信托、保险的财富管理业务提供科技服务， 包括财富管理业务线、经纪业务线以及子公司商智、鲸腾相关产品。财富管理业务线主要有综合 理财系统、投顾交易、资产配置、营销服务、客户服务、家族信托等产品，经纪业务产品线主要 为经纪核心业务运营平台UF系列产品和投资赢家产品。 业务进展方面：经纪业务方面，新一代核心业务系统UF3.0市场拓展成效显著，2025年签约 客户已达20余家。报告期内，财通证券UF3.0账户运营系统全面上线，国金证券两融自主可控内 存交易系统实现全客户切换，方正证券自主可控证券内存交易系统上线百万客户，山西证券UF3.0 账户运营全面上线。新一代架构在自主可控适配、高并发交易、账户运营等关键场景均通过规模 化验证，系统稳定性、可靠性与可扩展性进一步夯实。公司将以UF3.0为核心底座，深化自主可 控与分布式技术落地，持续打磨高可用、低时延、易扩展的新一代交易体系，助力券商客户实现 核心系统自主可控与数字化转型，为经纪业务高质量发展提供坚实技术支撑。 财富管理业务方面:综合理财平台在养老财富管理（个人养老金、商业养老金等）、财富账户、 财富管理服务信托、积存金等解决方案方面持续发力，借助头部银行项目，进一步完善产品功能 并提升竞争力。综合理财平台V6.0全年完成40家新客户签约，夯实了市场领先地位。理财销售 平台完成大模型智能柜台的首家落地，全行业自主可控加速推进，全年完成26家自主可控新客户 签约和18家客户上线。资产配置平台深度融合AI大模型场景，推动财富管理向AI智能驱动跨越， 提供投研支持、智能配置、投后陪伴的全旅程财富规划服务，构建买方投顾整体解决方案，2025 年资产配置平台完成20家新客户签约。客服大模型实现客户服务全生命周期服务链路赋能，形成 “接入-服务-受理-检查-分析-改进”的完整解决方案，完成11家新客户签约。 2.资管科技服务板块主要为证券、基金、保险、银行、信托等机构的投资管理、投资交易业 务提供科技服务，主要产品为投资交易系统O45/O32、银行资金管理系统Summit、投资管理系统 FusionChina等。 业务进展方面：投资交易领域，公司新一代投资交易系统O45在全行业持续保持较高中标率， 已成功在保险资管、证券、基金等行业实现多家客户自主创新版本上线落地。同时，O45智能交 易终端、境外交易系统、合规中心、极速交易等创新子系统均完成战略客户签约及项目交付。投 资管理领域，FusionChina投资管理平台在银行理财客户成功上线，产品成熟度持续提升；债券 柜台业务实现新增合作银行上线落地。Risk5产品新增签约客户24家，业务场景拓展至保险资产 配置、托管业绩分析等领域。非标3.0产品市场拓展成效显著，完成13家保险及信托客户签约。 场外投资管理平台服务的2家合作客户荣获“金发奖”，产品市场影响力进一步增强。银行资金 管理领域，Summit业绩表现稳中有升，其中香港地区业务收入稳步增长。产品研发以“全栈适配、 架构重构、核心替代”为核心开展自主化产品工程，取得系列实质性突破，并顺利完成自主化适 配首家标杆客户项目交付竣工，实现系统单轨稳定运行，助力银行客户实现数字化平稳转型。 9/238
恒生电子股份有限公司2025年年度报告 3.运营与机构科技服务板块主要包括运营管理科技服务、机构服务科技服务。其中运营管理 科技服务主要为证券、基金、银行、信托、保险资管等行业机构的运营部门提供科技服务，主要 产品为登记过户系统、估值核算与资金清算系统、资管运营管理平台等；机构服务科技服务主要 为证券、期货等行业机构提供科技服务，主要产品为PB系统、高性能交易系列产品。 业务进展方面：运营管理业务方面，新一代TA、估值、运营管理等产品总计新签客户270多 家。机构服务业务方面，PB2.0、LDP极速交易与极速风控、FPGA期货行情、算法服务、i私募等 多产品均有多家新签客户。其中PB2.0自主可控在多家头部券商完成竣工，产品竞争力进一步提 升；程序化交易新规下，LDP极速风控系统在多家券商上线，实现了合规性展业；量化算法服务 客群进一步延伸至高净值用户，OPLUS产品中标多家保险私募子公司。 4.风险与平台科技服务板块主要由风险管理科技服务以及平台技术科技服务组成。风险管理 科技服务主要为各类金融机构的风险管理、合规管理提供科技服务，主要产品为各类风险管理监 控、合规管理、反洗钱等系统。平台技术科技服务主要为各类金融机构的IT部门提供数智化底座 的升级改造服务。 业务进展方面：2025年反洗钱5.0完成多家客户自主可控上线；合规5.0的风险监控、合规 管理、员工合规监测三大核心模块，已助力多家标杆客户项目竣工，近半存量客户启动自主可控 升级；全面风险产品拿下行业前10券商中的3家净资本并表签约，完成国金证券、国海证券等多 家竞品替换。 平台科技方面，高性能平台支持了内存网格、业务重演等特性，在性能、可靠性和可维护性 方面进一步提升；敏捷业务交付平台已全面支撑财富CRM/信托CRM/综合理财等客户项目交付，并 开始在资配、数据合规、经纪账户运营领域落地试点项目；数据处理平台沉淀大量金融业务算子， 支撑绩效风控、业绩归因、合规反洗钱的业务开发和计算性能的大幅提升。 5.数据服务业务板块主要由公司控股子公司恒生聚源为各类金融机构的数据智能化应用提供 各类基础数据产品、智能投研产品。基础数据产品涵盖金融数据(含权益数据、固收数据、大理财 数据等）、投研数据、产业数据、行情数据、大模型数据服务、应用数据、数据运营服务。智能 投研产品主要包括WarrenQ智能投研平台、洞见一体化投研解决方案、智眸风险预警系统及小梵 智能财富组件服务。 业务进展方面：一方面，聚源持续推进场景化智能应用升级，积极布局支撑各类AI消费场景。 另一方面，始终持续提升基础数据质量，塑造数据产品竞争力，推进战略客户深度精细运营，达 成市占率稳步提升。过去，数据库的设计初衷是服务于人类，未来数据的“主要消费者”可能主 要是AI，因此我们要构建AI友好型的数据库、AI友好的数据MCP订阅服务，提升AI直接进行数 据消费的效率与性价比。 6.创新业务板块主要由恒生控股子公司云毅、恒云、云纪、金纳等为境内外基金、证券、信 托、期货、保险资管、私募等各类金融机构提供一站式云服务解决方案，包括云纪证券投资管理 系统Oplus、私募综合业务管理系统CBS、数据中心、恒云证券交易和结算系统AlphaBroker、金 纳算法产品等。 业务进展方面：云毅网络25年聚焦“一流产品，客户成功”，重点围绕行业云、机构理财、 余额理财等业务领域展开，继续完善运营、运维、财富终端服务等平台，深入客户成功体系，提 升整体服务和运营能力，同时加强新业务培育，年度经营节奏整体平稳，服务收入保持稳定。2025 年恒云核心产品助力香港客户完成核心交易结算系统升级，打造了中资券商核心交易系统升级又 一标杆案例。香港资本市场活跃，创新较多，2025年恒云新增订单量同比有所增长，受项目周期 影响，但相应的收入增长会在2026年体现。 7.企金、保险核心与金融基础设施科技服务板块主要为银行的企业金融业务、保险公司的核 心业务及各类金融基础设施提供科技服务，主要产品为现金管理平台、票据业务系统、财险核心 系统、寿险核心系统、各类金融基础设施系统等。 10/238
恒生电子股份有限公司2025年年度报告 业务进展方面：恒生启金继续聚焦交易银行和支付结算两大核心解决方案，财资和票据两大 重点产品以及新重点方向产品新一代智能终端均取得积极进展。企业财资产品全年新增10家银行 客户，票据产品方面，全年新增2家银行客户。新一代智能终端方面实现南京银行项目突破。 报告期内公司新增重要非主营业务的说明 □适用 √不适用 二、报告期内公司所处行业情况 1.金融机构客户发展情况 截至2025年末，我国金融各细分领域资产规模与经营效益持续增长。证券业机构总资产：达 到16.55万亿元，同比增长9.6%。公募基金规模：合计37.71万亿元，较2024年末同比增长约 14.9%。银行业机构总资产：达到473.47万亿元，同比增长6.5%。 2025年，中国资本市场在“防风险、强监管、促高质量发展”的指引下，实现了规模与活力 的双重飞跃。随着金融供给侧改革深入，资本市场着力化解机构“多而不强”、经营效率偏低、 业务同质化等结构性问题，证券公司并购重组活跃，公募基金进一步规范费用标准，形成了头部 做强、中小特色发展的优质格局。2025年资本市场表现亮眼，A股总市值突破100万亿元，上证 指数站上4000点。展望未来，在坚持稳健经营的基础上，中国金融机构将通过深化业务创新、加 速科技融合、强化监管引导，持续推动行业向更高质量、更可持续的发展阶段迈进。 2.金融机构科技投入情况 2025年，随着金融机构业绩回暖，金融科技投入在保持稳步增长的同时，呈现出明显的结构 性调整特征。行业资源正向自主可控、AI大模型等前沿应用倾斜，自主可控基础设施与AI+应用 成为市场热点。在这一进程中，传统金融软件投入进入了“存量升级”阶段，支出更加聚焦于业 务的数字化转型、金融产品、业务模式创新，以及服务体验升级等领域。 受行业并购重组与费率改革影响，金融科技市场虽在机构客户分布上趋于集中，但也促使投 入态度从“大而全”转向“精而美”，更加强调投入产出比与自主可控能力的构建。整体而言， 金融科技已进入以价值创造为核心的精益化发展期，AI化变革与战略竞争力培育正为行业打开更 高质量的增长空间。 3.行业竞争格局情况 随着我国金融市场由规模驱动的高速增长阶段全面转向提质增效的高质量发展阶段，金融科 技行业正迎来深刻的结构性变革。在此背景下，金融机构的数字化需求已超越基础的权益产品交 易支撑，呈现出高度的业务复杂化、差异化特征，这要求金融科技供应商必须具备深厚的行业洞 察力、敏捷的研发响应能力以及跨周期的稳健经营水平。 因此To B软件行业是hard模式：一方面要把产品做好，产品标准化程度还要高，还需要有 一定的市场占有率，光这些还不够，获得客户的信任还要让客户觉得企业能活的足够长，这样客 户才愿意把订单交给你。在金融行业，客户高度专业且理性，是harder的模式，只有具备真正产 品竞争力的公司，并且能活得长的公司才能被客户选择。 2024年底以来虽然资本市场有所回暖，但To B软件行业的公司上市目前仍旧困难，那些还 未跨过盈亏门槛的公司将面临更大的经营压力，有些公司可能无法独立发展，将来可能被并购、 或退出市场。因此我们判断行业恶性的价格竞争可能会趋缓，未来的竞争可能会更加良性。 4.技术发展情况 近年来，金融行业自主可控实践已进入深水区，从金融行业整体的自主可控应用实践进展来 看，在外围应用、一般应用以及核心应用三个层级的自主可控实践均加速推进。 当前，以大模型为核心的AI技术进入高频迭代期，显著拓宽了数智化转型的能力边界。基于 大模型的金融应用，通过精准的语义理解与高效的逻辑推演，正在深刻影响金融软件行业的交互 模式与业务逻辑。随着模型推理成本的优化及工程化门槛的降低，智能体（AI Agent）的发展， AI可能会改变整个金融软件行业的商业和产品表现形势。 11/238
恒生电子股份有限公司2025年年度报告 金融系统是高度敏感、拒绝“机器幻觉”、对数据的精确度与及时性要求极高的行业。尽管 AI在应用层快速扩张，金融行业作为一个强监管行业，AI的应用会比其他领域更为审慎。 三、经营情况讨论与分析 1.报告期内总体经营情况 报告期内，公司实现营业收入约57.83亿元，同比下降12.13%。实现归属于上市公司股东的 净利润约12.31亿元，同比增长18.01%。实现归属于上市公司股东的扣除非经常性损益的净利润 约10.13 亿元，同比增长21.46%。实现经营活动产生的现金流量净额约10.67 亿元，同比增长 22.91%。 2025年的经营中，相对收入的增长，公司更加关注收入质量的提升。报告期内，公司主动优 化业务结构，将资源进一步聚焦到核心产品线，对非核心、非战略且亏损的产品线进行战略性收 缩，这一举措为公司未来增长积聚动能。2025年，公司一方面持续加强回款管理，另一方面加大 了降本增效的管理力度，向管理要效益，积极推进人员队伍的结构优化，公司经营活动产生的现 金流量净额实现了增长。 公司主营业务毛利率为71.06%，继续保持市场领先和产品竞争力优势。2026年，公司将继续 关注收入质量、精进项目管理，提升新一代核心自主创新产品的交付效率，并建立收入和成本相 匹配的经营策略；同时加强AI内部提效和AI产品研发，为转型升级提供有力支撑。 2.报告期内重要经营举措 2025年以来，面对复杂多变的外部环境，公司更加关注收入质量，保障经营性现金流的增长。 公司进一步聚焦核心产品与主赛道，通过动态优化预算管控，实现了经营质量的稳步提升。 具体举措有： （1）提升客户满意度 公司坚持深耕行业，聚焦于战略客户经营，通过签订战略合作协议，与战略客户构建深度互 信的合作关系。公司积极落实以客户为中心的“三个代表”（交付代表、解决方案代表、客户代 表）机制，精准定位客户需求，从需求洞察、方案定制到价值交付，公司全流程响应客户在业务 拓展、技术迭代及生态协同等维度的差异化诉求，对端到端的客户经营和持续商业成功负责。 （2）提升产品竞争力 公司推进产品工程分离策略，集中优势资源打造平台化产品。在产品经营上，加强产品规划， 保障标准产品的研发资源；加强接口标准能力的建设；不断夯实现有核心产品竞争力，同时积极 布局未来。在资管领域，推进O45产品在行业的自主可控交付效率提升，IBOR结合AI能力帮助 资管机构优化投资，提升抗风险能力和投管智能化；在经纪领域，通过敏、稳双态的UF3.0经纪 业务核心系统，提供经纪业务全面业务能力的支持和全业务境内外一体化交易的能力；在财富领 域，财富账户结合财富运营和资产配置驱动财富管理平台升级；在运营领域，完善基于ABOR的实 时、全自动一体化运营平台，助力运营部门自动化运营和运营+AI；在机构领域，推出高性能、组 件式机构综合服务一体化平台，为客户提供一站式差异化的机构服务；在风险领域，推出基于“风 险实时决策+AI赋能”为核心的风控平台，提升风控效能；在数据投研领域，深耕“专业实时数 据+AI大模型”投研一体化平台，打开投研新范式。对个性化较多的产品通过专业的工程团队来 承接，提升交付的效率和客户满意度。 （3）保持高强度研发投入 公司2025年的研发费用投入总计21.80亿元人民币，占营业收入的37.70%。2025年公司产 品技术人员为6953人，占公司总人数比为67.66%。公司无论是产品技术人员数量还是研发费用 投入均在业内处于领先水平。 在数智化提升方面，公司积极拥抱AI。基于自主研发的AI能力工具，已在多家客户落地， 可以覆盖金融投研、投顾、投资、合规、运营、投行、客服等核心业务场景，并不断推动与国产 算力的适配优化，集成业界领先的大模型，实现多模型部署。同时软件公司本身就是AI最大的应 用场景之一，公司致力于在生产和管理中利用AI提升效率。 12/238
恒生电子股份有限公司2025年年度报告 （4）组织和管理体系升级 2025年，公司聚焦“向管理要效率、向组织要战斗力”，优化关键岗位职责，强化干部履岗 评估与轮岗汰换，并加快人才结构调整与分布式人才布局。重点深化项目管理体系建设，开展专 项优化，试点项目“四算”（概算、预算、核算、决算），保障项目利润；完善项目激励机制， 提升项目成员战斗力。同步推进基层流程建设与知识沉淀，夯实恒生自身数智化基础。在激发组 织活动方面，升级核心价值观，推行“高目标、高战力、高绩效”的干部标准，强化获取分享机 制，加快激励反馈与问责闭环。 2025年，公司在组织能力建设、干部发展、价值分配与文化引领上系统性推进，为高质量可 持续发展夯实根基。 （5）践行可持续发展，积极履行社会责任 2025年度，公司构建并实施了“回购+分红+激励”的多元化股东回报体系，全方位践行价值 创造理念。在股份回购方面，公司全年圆满完成两轮注销式回购：首轮于2025年3月收官（2024 年11月启动），采用“自有资金结合银行专项贷款”的组合模式；第二轮于2025年10月实施完 毕，全额使用自有资金。在现金分红方面，公司顺利实施2024年度权益分派，以回馈投资者。在 激励机制方面，公司推出2025年股票期权激励计划。 公司可持续发展建设取得良好成果，中证评级稳居AA，MSCI（明晟）评级由“A”上调至“AA”。 另外，公司推出“恒星碳索者”低碳公益品牌，组织公益志愿者参与清山行动，并在关爱孤独症 儿童、帮助残疾人就业、投资者教育等领域持续贡献力量。 四、报告期内核心竞争力分析 √适用 □不适用 客户满意度。以客户为中心，深耕行业需求 经过 30 年金融科技领域的深耕厚植，全面覆盖证券、基金、银行、保险、信托等多元化客 户 群体，形成了深厚的行业积淀和广泛的客户基础。同时恒生已与众多客户结成战略合作伙伴， 积 累了敏锐洞察行业趋势和深刻理解客户需求的能力，形成开放合作互利共赢的伙伴关系。公司持 续优化客户服务体系，面向客户同时提供产品化和个性化服务，并依托专业的服务团 队和完善的 支持体系，通过专家1对1的服务和统一知识服务平台，沉淀经验，结合大模型技 术应用，提升 主动服务能力，确保客户在使用公司产品和服务时获得最佳体验。 产品竞争力。以技术为驱动，打造卓越产品 公司的核心产品在业内处于领先地位，公司在证券经纪业务领域的核心交易系统、买方投资 管理系统和 TA 系统等均有较高的市场竞争力和市场份额，使得公司具备一定的规模效应，并拥 有更良好的边际收益。除了在各个领域打造新一代核心产品外，公司也在持续推进产品数智化升 级，布局未来发展。公司持续推进产品能力升级，围绕""客户成功、质量可靠、好用易用、生态开 放、技术领先、成本优势""六大维度全面提升产品竞争力，尤其在产品研发方面，利用AI+Code 不断提效。 组织充满活力。以人才为核心，激发创新动力 公司坚持“以人为本”，通过完善的人才培养体系、激励机制和企业文化，打造了一支高素 质、专业化的团队。公司不断调整优化组织架构，确保组织能够灵活响应市场变化和客户需求，积 极打造具有自我进化能力的流程型组织，大幅提升研发和服务效能。公司不断引入高端人才， 加 强关键岗位人员布局，持续落地了长期股权激励计划，进一步增强了核心骨干人才的吸引力和凝 聚力。 五、报告期内主要经营情况 详见第三节“管理层讨论与分析”之“经营情况讨论与分析”章节。 13/238
恒生电子股份有限公司2025年年度报告 (一) 主营业务分析 1、 利润表及现金流量表相关科目变动分析表 单位：元 币种：人民币 科目 本期数 上年同期数 变动比例（%） 营业收入 5,782,928,939.92 6,581,075,306.06 -12.13 营业成本 1,673,330,301.22 1,841,317,277.99 -9.12 销售费用 425,180,123.98 543,156,143.68 -21.72 管理费用 732,807,089.49 904,556,515.01 -18.99 财务费用 6,847,085.17 16,629,421.71 -58.83 研发费用 2,180,002,239.53 2,458,468,971.10 -11.33 经营活动产生的现金流量净额 1,066,754,032.01 867,929,234.22 22.91 投资活动产生的现金流量净额 -1,904,613,068.73 -594,889,692.33 不适用 筹资活动产生的现金流量净额 -89,824,974.16 -407,569,443.78 不适用 营业收入变动原因说明：主要系资管科技服务、风险与平台科技服务、企金、保险核心与金融基 础设施科技服务收入下降较大所致。 营业成本变动原因说明：主要系本期人员薪酬费用下降所致。 销售费用变动原因说明：主要系本期人员薪酬费用下降所致。 管理费用变动原因说明：主要系本期人员薪酬费用下降所致。 财务费用变动原因说明：主要系公司本期利息支出较上年同期减少所致。 研发费用变动原因说明：主要系本期人员薪酬费用下降所致。 经营活动产生的现金流量净额变动原因说明：主要系公司本期支付给职工以及为职工支付的现金 较上年同期下降所致。 投资活动产生的现金流量净额变动原因说明：主要系公司本期投资支付的现金增加所致。 筹资活动产生的现金流量净额变动原因说明：主要系公司本期吸收投资所收到的现金增加、收到 员工股权激励缴款增加、支付股份回购减少所致。 本期公司业务类型、利润构成或利润来源发生重大变动的详细说明 □适用 √不适用 2、 收入和成本分析 √适用 □不适用 公司主营业务收入和成本详细情况如下： (1).主营业务分行业、分产品、分地区、分销售模式情况 单位：元 币种：人民币 主营业务分行业情况 营业收入 营业成本 毛利率比 毛利率 分行业 营业收入 营业成本 比上年增 比上年增 上年增减 （%） 减（%） 减（%） （%） 减少2.87 财富科技服务 1,319,797,009.61 353,816,841.61 73.19 -7.72 3.35 个百分点 增加1.20 资管科技服务 1,257,308,549.55 271,241,696.64 78.43 -19.82 -24.04 个百分点 运营与机构科 减少0.75 1,265,878,693.12 278,626,778.28 77.99 -1.82 1.65 技服务 个百分点 风险与平台科 减少9.19 336,293,127.80 141,215,326.48 58.01 -32.33 -13.37 技服务 个百分点 14/238
恒生电子股份有限公司2025年年度报告 增加4.13 数据服务业务 352,134,997.79 132,194,220.80 62.46 -0.47 -10.32 个百分点 减少1.04 创新业务 490,401,050.23 110,066,383.77 77.56 -4.85 -0.22 个百分点 企金、保险核 减少4.86 心与金融基础 540,096,737.13 321,063,826.71 40.55 -21.75 -14.79 个百分点 设施科技服务 减少0.66 其他 217,657,215.10 64,508,444.59 70.36 -6.66 -4.54 个百分点 减少0.99 合计 5,779,567,380.33 1,672,733,518.87 71.06 -12.13 -9.02 个百分点 主营业务分产品情况 营业收入 营业成本 毛利率比 毛利率 分产品 营业收入 营业成本 比上年增 比上年增 上年增减 （%） 减（%） 减（%） （%） 减少0.91 软件业收入 5,749,844,315.19 1,661,266,339.53 71.11 -12.18 -9.32 个百分点 减少16.22 物业出租收入 29,723,065.14 11,467,179.34 61.42 -0.70 71.33 个百分点 减少0.99 合计 5,779,567,380.33 1,672,733,518.87 71.06 -12.13 -9.02 个百分点 主营业务分地区情况 营业收入 营业成本 毛利率比 毛利率 分地区 营业收入 营业成本 比上年增 比上年增 上年增减 （%） 减（%） 减（%） （%） 减少0.63 境内 5,566,858,570.59 1,610,399,235.52 71.07 -12.13 -10.18 个百分点 减少10.45 境外 212,708,809.74 62,334,283.35 70.70 -12.13 36.58 个百分点 减少0.99 合计 5,779,567,380.33 1,672,733,518.87 71.06 -12.13 -9.02 个百分点 主营业务分销售模式情况 营业收入 营业成本 毛利率比 毛利率 销售模式 营业收入 营业成本 比上年增 比上年增 上年增减 （%） 减（%） 减（%） （%） 减少0.99 直销 5,779,567,380.33 1,672,733,518.87 71.06 -12.13 -9.02 个百分点 减少0.99 合计 5,779,567,380.33 1,672,733,518.87 71.06 -12.13 -9.02 个百分点 (2).产销量情况分析表 □适用 √不适用 (3).重大采购合同、重大销售合同的履行情况 □适用 √不适用 15/238",windowed_extraction_review_required
300663.SZ,AR_300663_SZ_2025,business_overview,34,45,"北京科蓝软件系统股份有限公司2025年年度报告全文 公司拥有ISO9001、CMMI5、ISO20000、ISO27001、ISO22301、ISO45001、ISO14001等多项国际权威认证，在软件 研发、项目管理、交付服务、信息安全及质量管理等方面建立了全流程严格控制体系。在行业标准建设领域，公司深度 参与国家层面技术规范制定，参与起草中国信息通信研究院《数据库应用迁移解决方案能力分级要求》《数据库发展白 皮书》、中国金融电子化公司《金融信息技术创新应用 事务型数据库检测规范》等专项标准，并作为核心成员参与全国 信息安全标准化技术委员会《信息安全技术 软件供应链安全要求》国家标准编制工作，行业影响力与话语权持续提升。 四、主营业务分析 1、概述 报告期内，公司已完成在数字银行和智能软硬件领域布局，创新推出中国原创自主品牌的交易型数据库、鸿蒙智能 高柜机器人“小蓝”，未来将基于AI的数字化转型和国产化替代，为中国自主可控的数字银行服务体系注入科技力量。 上述创新产品均为国家重点支持、有刚性要求的，将成为公司未来三、五年新的盈利点。 本报告期业绩亏损的主要原因是：（1）公司处于AI战略转型阶段，公司持续增加在AI智能及信创等领域的研发投 入，因此研发项目的开发支出较上年同期增加；（2）公司主动压缩了IT人员外包类项目的规模，大幅减少科技属性弱 的人力资源项目，致使IT人员外包类业务收入减少；（3）基于谨慎性原则，公司计提了被投资企业的商誉减值准备； 2、收入与成本 （1） 营业收入构成 营业收入整体情况 单位：元 2025年 2024年 同比增减 金额 占营业收入比重 金额 占营业收入比重 营业收入合计 590,844,813.06 100% 842,565,148.09 100% -29.88% 分行业 软件和信息产业 590,844,813.06 100.00% 842,565,148.09 100.00% -29.88% 分产品 电子渠道及中台 332,612,293.94 56.30% 387,935,546.81 46.03% -14.26% 互联网银行（含 195,420,923.67 33.07% 318,116,507.75 37.75% -38.57% 互联网核心） 非银金融机构 40,369,006.61 6.83% 101,088,434.80 12.00% -60.07% 网银安全产品 4,377,787.90 0.74% 6,656,520.74 0.79% -34.23% 合作运营类 7,309,015.82 1.24% 12,345,358.32 1.47% -40.80% 数据库（韩国） 10,735,533.59 1.82% 11,603,982.25 1.38% -7.48% 国产数据库（中 20,251.53 0.00% 4,691,586.47 0.56% -99.57% 国） 其他 0.00 0.00% 127,210.95 0.02% -100.00% 分地区 境内 580,109,279.47 98.18% 830,961,165.84 98.62% -30.19% 境外 10,735,533.59 1.82% 11,603,982.25 1.38% -7.48% 分销售模式 直销 590,844,813.06 100.00% 842,565,148.09 100.00% -29.88% 34
北京科蓝软件系统股份有限公司2025年年度报告全文 公司需遵守《深圳证券交易所上市公司自律监管指引第3号——行业信息披露》中的“软件与信息技术服务业”的披露 要求 单位：元 2025年度 2024年度 第一季度 第二季度 第三季度 第四季度 第一季度 第二季度 第三季度 第四季度 175,605,1 136,623,1 106,532,6 172,083,9 248,822,3 255,006,8 223,192,9 115,543,0 营业收入 23.80 60.60 20.52 08.14 47.21 17.37 37.38 46.13 归属于上 - - - - - - - 市公司股 2,167,440 5,756,773 459,204.7 4,336,500 384,407,8 5,558,262 3,416,808 527,777,9 东的净利 .83 .28 7 .50 92.59 .01 .20 55.88 润 说明经营季节性（或周期性）发生的原因及波动风险 （2） 占公司营业收入或营业利润10%以上的行业、产品、地区、销售模式的情况 适用 □不适用 公司需遵守《深圳证券交易所上市公司自律监管指引第3号——行业信息披露》中的“软件与信息技术服务业”的披露 要求 单位：元 营业收入比上 营业成本比上 毛利率比上年 营业收入 营业成本 毛利率 年同期增减 年同期增减 同期增减 分客户所处行业 软件和信息 590,844,813.06 532,838,551.41 9.82% -29.88% -30.26% 0.50% 产业 分产品 电子渠道及 332,612,293.94 328,176,299.30 1.33% -14.26% -6.90% -7.80% 中台 互联网银行 （含互联网 195,420,923.67 160,062,564.24 18.09% -38.57% -43.57% 7.25% 核心） 分地区 境内 580,109,279.47 532,709,739.57 8.17% -30.19% -30.24% 0.07% 分销售模式 直销 590,844,813.06 532,838,551.41 9.82% -29.88% -30.26% 0.50% 公司主营业务数据统计口径在报告期发生调整的情况下，公司最近1年按报告期末口径调整后的主营业务数据 □适用 不适用 （3） 公司实物销售收入是否大于劳务收入 □是 否 （4） 公司已签订的重大销售合同、重大采购合同截至本报告期的履行情况 □适用 不适用 （5） 营业成本构成 行业和产品分类 35
北京科蓝软件系统股份有限公司2025年年度报告全文 行业和产品分类 单位：元 2025年 2024年 行业分类 项目 占营业成本比 占营业成本 同比增减 金额 金额 重 比重 软件和信息产 直接人工 471,540,396.89 88.50% 718,885,936.93 94.09% -34.41% 业 软件和信息产 直接材料 28,237,839.30 5.30% 7,321,007.63 0.96% 285.71% 业 软件和信息产 项目直接费 17,431,434.18 3.27% 19,961,801.26 2.61% -12.68% 业 软件和信息产 外包服务费 15,628,881.04 2.93% 17,894,596.13 2.34% -12.66% 业 合计 532,838,551.41 100.00% 764,063,341.95 100.00% -30.26% 单位：元 2025年 2024年 产品分类 项目 占营业成本比 占营业成本 同比增减 金额 金额 重 比重 电子渠道及中 直接人工 311,743,506.45 58.51% 340,071,809.09 44.51% -8.33% 台 电子渠道及中 直接材料 752,212.38 0.14% 1,280,707.96 0.17% -41.27% 台 电子渠道及中 项目直接费 9,592,921.64 1.80% 5,790,428.62 0.76% 65.67% 台 电子渠道及中 外包服务费 6,087,658.83 1.14% 5,356,733.20 0.70% 13.64% 台 小计 328,176,299.30 61.59% 352,499,678.87 46.14% -6.90% 互联网银行 （含互联网核 直接人工 126,572,610.81 23.75% 263,623,279.59 34.50% -51.99% 心） 互联网银行 （含互联网核 直接材料 21,877,961.18 4.11% 3,418,620.34 0.45% 539.96% 心） 互联网银行 （含互联网核 项目直接费 4,527,253.38 0.85% 8,026,411.88 1.05% -43.60% 心） 互联网银行 （含互联网核 外包服务费 7,084,738.87 1.33% 8,555,181.28 1.12% -17.19% 心） 小计 160,062,564.24 30.04% 283,623,493.09 37.12% -43.57% 非银金融机构 直接人工 29,561,901.01 5.55% 90,837,308.55 11.89% -67.46% 非银金融机构 直接材料 2,222,128.88 0.42% 560,366.46 0.07% 296.55% 非银金融机构 项目直接费 2,405,869.06 0.45% 4,333,251.54 0.57% -44.48% 非银金融机构 外包服务费 2,218,684.68 0.42% 3,045,666.45 0.40% -27.15% 小计 36,408,583.63 6.84% 98,776,593.00 12.93% -63.14% 网银安全产品 直接人工 1,954,899.38 0.37% 2,285,602.51 0.30% -14.47% 网银安全产品 直接材料 3,699.11 0.00% 44,247.79 0.01% -91.64% 网银安全产品 项目直接费 104,839.22 0.02% 90,692.85 0.01% 15.60% 网银安全产品 外包服务费 159,548.88 0.03% 214,132.08 0.03% -25.49% 小计 2,222,986.59 0.42% 2,634,675.23 0.35% -15.63% 合作运营类 直接人工 939,535.00 0.18% 12,697,869.55 1.66% -92.60% 合作运营类 直接材料 3,381,837.75 0.63% 2,009,632.22 0.26% 68.28% 合作运营类 项目直接费 575,683.05 0.11% 529,431.53 0.07% 8.74% 合作运营类 外包服务费 77,943.56 0.01% 7,079.65 0.00% 1,000.95% 36
北京科蓝软件系统股份有限公司2025年年度报告全文 小计 4,974,999.36 0.93% 15,244,012.95 1.99% -67.36% 数据库类 直接人工 128,811.84 0.02% 2,621,136.15 0.34% -95.09% 数据库类 直接材料 0.00 0.00% 0.00 0.00% 数据库类 项目直接费 0.00 0.00% 155,967.18 0.02% -100.00% 数据库类 外包服务费 0.00 0.00% 2,614.79 0.00% -100.00% 小计 128,811.84 0.02% 2,779,718.12 0.36% -95.37% 其他 直接人工 639,132.40 0.12% 6,748,931.49 0.88% -90.53% 其他 直接材料 0.00 0.00% 7,432.86 0.00% -100.00% 其他 项目直接费 224,867.83 0.04% 1,035,617.66 0.14% -78.29% 其他 外包服务费 306.22 0.00% 713,188.68 0.09% -99.96% 小计 864,306.45 0.16% 8,505,170.69 1.11% -89.84% 合计 532,838,551.41 100.00% 764,063,341.95 100.00% -30.26% 说明 无。 公司需遵守《深圳证券交易所上市公司自律监管指引第3号——行业信息披露》中的“软件与信息技术服务业”的披露 要求 主营业务成本构成 单位：元 本报告期 上年同期 成本构成 同比增减 金额 占营业成本比重 金额 占营业成本比重 直接人工 471,540,396.89 88.50% 718,885,936.93 94.09% -34.41% 直接材料 28,237,839.30 5.30% 7,321,007.63 0.96% 285.71% 项目直接费 17,431,434.18 3.27% 19,961,801.26 2.61% -12.68% 外包服务费 15,628,881.04 2.93% 17,894,596.13 2.34% -12.66% 合计 532,838,551.41 100.00% 764,063,341.95 100.00% -30.26% （6） 报告期内合并范围是否发生变动 是 □否 2025年7月14日设立二级子公司新设武汉市科蓝智算科技有限公司纳入合并范围。 （7） 公司报告期内业务、产品或服务发生重大变化或调整有关情况 □适用 不适用 （8） 主要销售客户和主要供应商情况 公司主要销售客户情况 前五名客户合计销售金额（元） 148,049,735.91 前五名客户合计销售金额占年度销售总额比例 25.06% 前五名客户销售额中关联方销售额占年度销售总额比例 0.00% 公司前5大客户资料 序号 客户名称 销售额（元） 占年度销售总额比例 1 第一名 48,378,407.87 8.19% 2 第二名 33,796,544.53 5.72% 37
北京科蓝软件系统股份有限公司2025年年度报告全文 3 第三名 25,231,590.17 4.27% 4 第四名 23,723,484.72 4.02% 5 第五名 16,919,708.62 2.86% 合计 -- 148,049,735.91 25.06% 主要客户其他情况说明 □适用 不适用 公司主要供应商情况 前五名供应商合计采购金额（元） 59,619,650.74 前五名供应商合计采购金额占年度采购总额比例 82.57% 前五名供应商采购额中关联方采购额占年度采购总额比例 0.00% 公司前5名供应商资料 序号 供应商名称 采购额（元） 占年度采购总额比例 1 第一名 28,844,952.17 39.95% 2 第二名 23,970,827.92 33.20% 3 第三名 2,475,203.65 3.43% 4 第四名 2,232,560.82 3.09% 5 第五名 2,096,106.18 2.90% 合计 -- 59,619,650.74 82.57% 主要供应商其他情况说明 □适用 不适用 报告期内公司贸易业务收入占营业收入比例超过10% □适用 不适用 3、费用 单位：元 2025年 2024年 同比增减 重大变动说明 主要系本期优化了人 销售费用 30,545,182.03 64,148,224.71 -52.38% 员和薪资结构，人力 成本有所下降。 管理费用 134,087,568.93 156,574,915.06 -14.36% 主要系本期偿付利息 财务费用 35,274,117.72 54,273,323.52 -35.01% 减少和可转换债券转 股所致。 研发费用 132,266,573.68 146,684,886.72 -9.83% 4、研发投入 适用 □不适用 预计对公司未来发展 主要研发项目名称 项目目的 项目进展 拟达到的目标 的影响 本项目建设数字银行 本项目建设数字银行 本项目建设数字银行 服务平台，以银行为 服务平台，以银行为 服务平台，以银行为 数字银行服务平台建 核心客户，并拓展至 进行中 核心客户，并拓展至 核心客户，并拓展至 设项目 信托、保险、消费金 信托、保险、消费金 信托、保险、消费金 融、证券期货等非银 融、证券期货等非银 融、证券期货等非银 38
北京科蓝软件系统股份有限公司2025年年度报告全文 机构。平台以业务中 机构。平台以业务中 机构。平台以业务中 台与分布式金融核心 台与分布式金融核心 台与分布式金融核心 为双引擎，加速金融 为双引擎，加速金融 为双引擎，加速金融 机构数字化转型，助 机构数字化转型，助 机构数字化转型，助 力降本增效。 力降本增效。 力降本增效。 业务中台具备快速落 业务中台具备快速落 业务中台具备快速落 地能力与资源复用优 地能力与资源复用优 地能力与资源复用优 势，可降低建设成本 势，可降低建设成本 势，可降低建设成本 与周期，保障业务在 与周期，保障业务在 与周期，保障业务在 新老架构间平滑过 新老架构间平滑过 新老架构间平滑过 渡，控制实施风险。 渡，控制实施风险。 渡，控制实施风险。 分布式金融核心基于 分布式金融核心基于 分布式金融核心基于 微服务架构，满足高 微服务架构，满足高 微服务架构，满足高 并发、高可用、高性 并发、高可用、高性 并发、高可用、高性 能、弹性扩容及国产 能、弹性扩容及国产 能、弹性扩容及国产 化等核心业务需求， 化等核心业务需求， 化等核心业务需求， 支撑业务稳定运行。 支撑业务稳定运行。 支撑业务稳定运行。 平台积极融入前沿技 平台积极融入前沿技 平台积极融入前沿技 术，已规划支持移动 术，已规划支持移动 术，已规划支持移动 端鸿蒙系统，并深化 端鸿蒙系统，并深化 端鸿蒙系统，并深化 金融大模型应用，提 金融大模型应用，提 金融大模型应用，提 升服务智能化水平。 升服务智能化水平。 升服务智能化水平。 同时，平台与公司自 同时，平台与公司自 同时，平台与公司自 研SUNDB数据库及其 研SUNDB数据库及其 研SUNDB数据库及其 他信创国产化产品深 他信创国产化产品深 他信创国产化产品深 度适配，强化数据安 度适配，强化数据安 度适配，强化数据安 全与自主可控能力。 全与自主可控能力。 全与自主可控能力。 面向企业端数字化需 面向企业端数字化需 面向企业端数字化需 求，平台持续完善企 求，平台持续完善企 求，平台持续完善企 业服务场景，提升服 业服务场景，提升服 业服务场景，提升服 务自动化与智能化水 务自动化与智能化水 务自动化与智能化水 平。通过推动业务数 平。通过推动业务数 平。通过推动业务数 字化、智能化，以及 字化、智能化，以及 字化、智能化，以及 数据业务化、可视 数据业务化、可视 数据业务化、可视 化，为金融机构的客 化，为金融机构的客 化，为金融机构的客 户、业务人员及管理 户、业务人员及管理 户、业务人员及管理 层提供更智能、便 层提供更智能、便 层提供更智能、便 捷、高效的业务工 捷、高效的业务工 捷、高效的业务工 具，助力金融机构实 具，助力金融机构实 具，助力金融机构实 现高质量发展。 现高质量发展。 现高质量发展。 在金融行业使用国产 应用编程语言关键技 编程语言及基于国产 术及配套工具研发项 编程语言的底层开发 目，是基于对仓颉应 框架，将有效保障金 用生态分析与梳理， 融科技的信息技术自 结合数字金融等领域 主可控发展，减少对 产业化需求，开展金 国外的依赖；国产编 基于仓颉编程语言开 融交易回溯系统仓颉 程语言在金融行业具 应用编程语言关键技 展金融场景产品基础 版的应用场景解决方 有保障金融稳定、保 术及配套工具研发项 已完成 功能研发，并推广金 案研究，提出基于信 障金融科技可持续发 目 融行业产品商业文化 创的高性能的仓颉应 展、推动国产化数字 落地。 用架构设计。涉及仓 经济的发展的重大意 颉在金融生态的日 义；国产编程语言应 志、批量调度、数据 具备良好的易用性和 库访问、交易报文转 通用性，降低金融机 换、安全、鉴权等关 构的切换成本及门 键组件。 槛，以方便金融科技 的研发人员快速切换 39
北京科蓝软件系统股份有限公司2025年年度报告全文 及业务开发。仓颉编 程语言作为目前唯一 待商业化国产编程语 言，对国家数字经 济，特别是保障数字 金融安全和业务连续 性上起到重大关键影 响；预计未来在信创 环境方向、国产化编 程语言领域会有较大 的市场。 1.丰富公司信创产品 响应国家信创战略， 1.实现机器人核心计 线，提升在金融机具 实现小蓝机器人软硬 算单元（芯片、OS） 领域的市场竞争力。 件的全栈国产化。 100%国产化替代。 2.沉淀“端云一体” 基于OpenHarmony操 2.构建“五层三横” 小蓝机器人驱动软件 技术底座，可复用于 作系统与国产旗舰芯 端云一体可信安全架 及全渠道统一平台软 进行中 更多可信物联金融场 片（瑞芯微 构，满足等保三级要 件研发项目 景。 RK3588），构建安全 求。 3.深化与华为鸿蒙生 可控的智能服务终 3.打造金融级鸿蒙智 态合作，巩固公司在 端，解决关键技术 能终端标杆，推动银 国产化软件领域的领 “卡脖子”问题。 行网点智能化转型。 先地位。 本项目主要为提升 SUNDB Cluster数据 库产品成熟度、兼容 项目完善了SUNDB 交付符合标准的 性与运维便捷性，增 Cluster数据库功能 JDBC、ODBC、DBlink 强市场竞争力，特启 体系，补齐核心短 三大组件，确保接口 动本项目，核心是完 板，强化产品差异化 兼容稳定、数据同步 善数据库核心功能与 竞争优势；助力现有 零差错低延迟，同时 构建运维管控平台； 项目顺利交付，提升 交付功能完善、操作 功能上重点优化 客户满意度，拓展多 便捷的图形化运维管 JDBC、ODBC接口适配 行业市场空间、提升 控工具，实现数据库 SUNDB Cluster数据 性，完善集群内、跨 市场份额；图形化运 已完成 全流程可视化自动化 库研发项目 集群、异构集群间 维平台降低运维成本 运维；通过索引优化 DBlink数据同步功能 与门槛，提升服务质 提升数据库核心操作 及数据库索引，提升 量和客户粘性；同时 性能，所有研发成果 数据交互与查询性 积累核心技术、培养 通过完整测试，形成 能；运维管控平台打 专业团队，夯实研发 标准化文档，确保可 造图形化工具，实现 基础，推动公司在数 落地、可复用，满足 数据库安装、部署、 据库领域长远深耕， 客户需求并为产品迭 启停、扩缩容、监 助力数字经济高质量 代奠定基础。 控、告警、备份恢复 发展。 等全流程运维操作， 降低运维复杂度。 为紧跟2025年AI大 1.核心业务功能深度 本项目研发效应覆盖 模型、智能体、多模 优化升级：针对渠道 产品、技术、管理、 态融合及国产化算力 核心业务场景开展全 战略、行业全维度， 赋能的技术热潮，响 链路逻辑重构与体验 既彻底破解银行渠道 应国家数字金融高质 优化，重点提升转账 系统核心痛点、满足 量发展、金融信创与 支付、交易明细查 政策合规要求，又深 渠道创新产品研发项 “人工智能 +” 政策 询、信贷业务办理、 度落地公司 3A 战 已完成 目 导向，立足科蓝软件 资产负债管理等核心 略、提升研发与管理 近三十年深耕金融科 功能的流程效率与操 效能，既为客户创造 技、主营数字银行全 作便捷性；完成首页 核心价值，也为公司 渠道解决方案且市场 可视化布局重构与模 巩固行业地位、实现 占有率持续领跑的深 块化灵活配置升级， 长期发展奠定坚实基 厚底蕴，紧扣银行业 实现核心服务入口极 础，具备显著的经济 渠道数字化、智能 简直达、客户需求一 效益与行业示范效 40
北京科蓝软件系统股份有限公司2025年年度报告全文 化、一体化转型及客 键触达，全面提升用 应。 户体验升级的核心趋 户操作效率与服务获 势，落实公司 AI 数 得感。 据库、AI 机器人、AI 2.全栈架构革新与性 算力中心 “3A 战 能极致跃：升采用新 略” 布局，特立项开 一代MADP客户端架 展 2025 渠道创新产 构、VX4.0 前端架 品研发项目。本项目 构、PEFast 服务端架 以 AI 原生技术为核 构三位一体技术栈， 心驱动，深度融合自 实现系统高并发、低 主 SUNDB 数据库、金 时延、高可用能力全 融专属大模型、鸿蒙 面突破，大幅提升响 生态及多模态智能交 应速度、承载能力与 互能力，聚焦渠道端 运行稳定性，支撑海 产品创新与客户服务 量用户并发访问与复 体验升级，研发全渠 杂业务高效处理，打 道融合服务平台、智 造金融级极致性能体 能数币终端、AI 智能 验。 客服、线下网点智能 3.信创国产化全栈兼 化套件等创新产品， 容与自主可控：全面 破解金融机构线上线 强化信创适配能力， 下渠道割裂、服务协 实现鸿蒙系统原生深 同不足、智能化水平 度适配，并完成国产 偏低、信创适配薄 CPU、操作系统、数据 弱、客户体验碎片化 库、中间件等全栈国 等痛点，实现渠道服 产化软硬件生态兼 务全域贯通、智能交 容，满足金融行业安 互自然流畅、业务办 全合规与自主可控刚 理高效便捷、风控合 性要求，为银行客户 规精准可控，全面提 提供安全、稳定、可 升金融机构客户服务 信的信创渠道解决方 质效与运营效率，夯 案。 实公司在金融渠道领 4.AI 原生赋能与智慧 域的创新引领地位， 服务能力突破：紧扣 完善 AI 全栈产品矩 公司 “3A 战略” 阵，巩固头部银行客 （AI 数据库、AI 机 户粘性与市场优势， 器人、AI 算力中心） 拓展跨境支付、普惠 落地，深度融合金融 金融等增量场景，以 大模型与智能体技 渠道技术创新赋能金 术，打造智能交互助 融数字化转型，助力 手、行业专属知识 实体经济高质量发 库、业务执行智能体 展。 等核心能力，实现智 能问答、业务引导、 风险提示、流程自动 化等智慧服务，丰富 渠道服务场景与交互 灵活度，推动渠道从 “功能型” 向 “智 慧型” 升级。 5.研发效能提升与质 量体系强化通过架构 标准化、组件模块 化、配置可视化设 计，大幅降低业务定 制与功能扩展的开发 复杂度；建立全流程 质量管控与自动化校 41
北京科蓝软件系统股份有限公司2025年年度报告全文 验机制，提升代码规 范性、功能稳定性与 交付质量，实现快速 迭代、高效交付、低 成本维护的研发目 标。 6.全渠道一体化贯通 与客群精准适配打通 个人网银、个人手机 银行、微信银行、小 程序及企业网银、企 业手机银行、银企直 连等全渠道服务入 口，实现数据互通、 流程互通、体验互 通；针对个人客户与 企业客户差异化需求 开展专属功能优化， 构建全域一致、场景 适配、服务协同的全 渠道金融服务体系， 支撑客户全生命周期 精细化运营。 数字销售服务平台通 过组件化架构、服务 化接口和智能化决策 的创新实践，构建起 兼顾监管合规与场景 适配的双重能力。不 仅为银行提供符合监 实现从数字销售渠道 管要求的全流程数字 向一体化、生态化、 提升服务效率，强化 化解决方案，更通过 数字化的营销服务模 渠道数字化能力，构 智能识别、动态适配 数字销售服务平台研 式的转变，为银行提 已完成 建智能辅助服务，以 等技术，实现不同业 发项目 升服务效率和客户满 组件化、服务化、智 务场景的精准服务与 意度提供智能化支 能化为目标。 客群需求的差异化响 撑。 应。AI技术的深度应 用使公司形成独特技 术壁垒，推动产品矩 阵向其他金融业务场 景延伸，加速深化与 头部银行战略合作， 实现业务规模与市场 价值的同步跃升。 通过分析现有技术栈 与AI战略的适配性差 AI战略转型能够提升 距，选定今后战略级 公司现有产品的附加 构建AI技术能力向商 能力建设方向。明确 值和定价能力，还将 AI转型前瞻性研发项 业价值的转化通道， 未来3年关键技术突 已完成 创造基于AI服务的新 目 实现技术能力与业务 破点，确定技术自主 型收入来源。同时带 需求的动态匹配。 可控的实施方案与资 来效率提升，包括开 源投入阈值。确立今 发和运营的效率。 后AI转型的总纲领和 实施原则。 为了节约成本、加快 为了节约成本、加快 为了节约成本、加快 项目开发进度、确保 项目开发进度、确保 项目开发进度、确保 鸿蒙应用开发项目 已完成 开发质量各个银行渠 开发质量各个银行渠 开发质量各个银行渠 道厂商均已开起了鸿 道厂商均已开起了鸿 道厂商均已开起了鸿 42
北京科蓝软件系统股份有限公司2025年年度报告全文 蒙版手机银行应用。 蒙版手机银行应用。 蒙版手机银行应用。 谁能领先一步将是关 谁能领先一步将是关 谁能领先一步将是关 键。科蓝力争在这一 键。科蓝力争在这一 键。科蓝力争在这一 领域拔得头筹。 领域拔得头筹。 领域拔得头筹。 本课题面向 SunDB 技 术支持体系，依托 AI 大模型、RAG 检索增 强生成及知识图谱等 技术，研发易用、可 通过AI知识工程全面 构建一套面向 SunDB 解释、可溯源的 提升 SunDB 数据库智 的运维知识库智能问 SunDB 技术支持知识 能化运维水平，显著 答交互系统，全面整 智能交互系统。通过 降低运维操作门槛与 合 SunDB 产品技术文 构建可扩展知识标准 人员培养成本，让普 档、典型运维场景、 体系、多模态智能信 通技术人员可依托系 故障处置方案、历史 息提取工具及高精度 统独立完成日常运维 工单经验等核心知 清华大学SunDB技术 RAG 知识图谱检索方 与常见问题处置；同 识，配套提供知识录 支持知识库及AIDB应 案，对 SunDB 数据库 已完成 时以智能化知识服务 入、审核、更新、溯 用研发项目 运维知识、产品文 带动整体运维效能提 源管理等全生命周期 档、运维工单等数据 升，持续沉淀企业级 管理功能，实现知识 进行结构化抽取与治 技术资产，强化公司 标准化、问答智能 理，为技术支持人员 数据库产品的 AI 技 化、运维可追溯，为 提供实时、精准的知 术能力与服务竞争 技术支持与运维工作 识检索与智能问答服 力，为客户提供更稳 提供统一、高效的智 务，有效提升数据库 定、高效、专业的技 能支撑平台。 运维效率、降低运维 术支撑。 门槛，助力普通技术 人员依托系统独立完 成 SunDB 基础运维工 作。 本平台研发完成后， 将进一步完善公司面 向银行业的产品体 本项目建成银行 SaaS 面向银行业数字化转 系，丰富 SaaS 数字 数字化运营平台后， 型需求，搭建轻量化 化解决方案储备，增 实现银行业务流程线 SaaS 数字化运营平 强在金融科技领域的 上化、数据统一归集 台，实现业务线上管 核心竞争力。依托成 与智能分析，完成多 理、数据集中分析、 熟平台化产品，可快 场景运营服务集成。 流程智能运维。帮助 速复用项目成果、缩 降低银行系统开发及 深圳金信SaaS数字化 银行缩减自研投入、 短项目交付周期，降 未完成 运维成本，提升业务 运营平台 简化运维工作，优化 低研发成本，拓展更 处理效率与精细化运 获客运营与风险防控 多银行客户资源。同 营能力，强化风险管 体系，打通多业务场 时提升公司行业品牌 控与客户服务水平， 景协同，提升经营效 影响力，夯实金融服 助力银行实现轻量化 率与服务体验，支撑 务业务根基，推动业 数字化转型，满足日 普惠金融业务拓展与 务从定制化开发向标 常运营及业务拓展需 长效数字化运营。 准化平台服务转型， 求。 为后续市场拓展、业 务增收及长期可持续 发展奠定坚实基础。 伴随互联网金融业务 优化升级数字证书相 持续深化，各商业银 关产品体系，落地 行普遍采用数字证书 USB Key 证书预植解 由于目前行业监管要 保障网上银行系统安 决方案。简化客户证 大陆云盾预植证书管 求变化，该项目对公 全运行。传统数字证 未完成 书安装配置流程，解 理系统V1.0 司未来发展的影响目 书需用户自主下载配 决线下证书下载繁 前无法评估。 置，对终端操作能力 琐、操作故障频发等 要求较高，安装配置 问题，全面提升网银 环节易出现各类故 用户业务办理体验。 43
北京科蓝软件系统股份有限公司2025年年度报告全文 障，显著降低客户线 规范证书全流程安全 上业务使用体验。当 管理，强化网银身份 前业内多家 CA 机构 认证与交易安全防 相继开展证书预植服 护，契合金融行业信 务，通过柜台发放预 息安全管控要求。紧 制证书 USB Key，实 跟行业 CA 机构业务 现客户免下载、免配 发展趋势，完善公司 置便捷启用网银服 证书配套服务能力， 务。为贴合银行业务 适配银行柜台批量预 迭代发展与客户便捷 制、便捷发证业务需 用证需求，公司亟需 求。持续夯实金融安 优化升级现有证书体 全技术支撑，提升产 系相关产品，补齐证 品市场适配性与核心 书预植配套服务能 竞争力，助力网上银 力，适配金融行业安 行业务安全、高效、 全高效业务场景。 便捷规范化开展。 为解决移动终端密钥 1、市场布局方面。依 安全管控难题，适配 托云端协同签名 SDK 移动端多样化业务场 产品，全面覆盖金 景安全应用需求，我 融、政务、电商、智 司立项建设协同签名 慧办公等多行业移动 系统。实现密码设备 安全场景，拓展移动 运行、密码安全运算 搭建云端化协同签名 端密码服务合作渠 及 CA 数字证书全流 安全服务平台，实现 道，丰富公司云安全 程管理服务，全面保 移动端密钥安全管 产品矩阵，抢占移动 障移动端密钥存储与 理、密码运算处理与 可信签名市场份额， 使用安全。系统可为 CA 数字证书全生命周 大陆云盾协同签名系 培育全新业务增收增 金融、电商、政务服 未完成 期管控。以云服务模 统V1.0 长点。 务、移动办公、智慧 式对外输出证书签 2、强化核心技术壁 城市等多领域场景提 发、身份鉴别等密码 垒。突破硬件密码依 供可靠密码安全支 安全能力，提供安 赖限制，夯实软件密 撑，满足线上身份核 卓、iOS主流移动终 码运算、云端证书管 验、电子签章签署、 端集成SDK。 理、跨终端适配等核 敏感数据加密防护等 心技术能力，提升行 业务需求，助力各行 业技术竞争力与项目 业移动业务安全合 承接能力，助力公司 规、高效便捷开展， 长期深耕移动网络安 构建全场景移动端可 全与密码应用领域。 信安全应用体系。 公司研发人员情况 2025年 2024年 变动比例 研发人员数量（人） 498 695 -28.35% 研发人员数量占比 27.07% 19.51% 7.56% 研发人员学历 本科 437 618 -28.06% 硕士 30 52 -42.31% 研发人员年龄构成 30岁以下 160 244 -34.43% 30~40岁 285 369 -22.76% 近三年公司研发投入金额及占营业收入的比例 2025年 2024年 2023年 研发投入金额（元） 198,775,646.74 214,061,396.94 148,992,109.62 研发投入占营业收入比例 33.64% 25.41% 12.74% 44
北京科蓝软件系统股份有限公司2025年年度报告全文 研发支出资本化的金额 67,065,918.09 67,376,510.22 31,447,903.66 （元） 资本化研发支出占研发投入 33.74% 31.48% 21.11% 的比例 资本化研发支出占当期净利 16.97% 14.35% 23.57% 润的比重 公司研发人员构成发生重大变化的原因及影响 □适用 不适用 研发投入总额占营业收入的比重较上年发生显著变化的原因 □适用 不适用 研发投入资本化率大幅变动的原因及其合理性说明 □适用 不适用 公司需遵守《深圳证券交易所上市公司自律监管指引第3号——行业信息披露》中的“软件与信息技术服务业”的披露 要求 单位：元 项目名称 研发资本化金额 相关项目的基本情况 实施进度 本项目建设数字银行服务平 台，以银行为核心客户，并 拓展至信托、保险、消费金 融、证券期货等非银机构。 平台以业务中台与分布式金 融核心为双引擎，加速金融 机构数字化转型，助力降本 增效。 业务中台具备快速落地能力 与资源复用优势，可降低建 设成本与周期，保障业务在 新老架构间平滑过渡，控制 实施风险。分布式金融核心 基于微服务架构，满足高并 发、高可用、高性能、弹性 扩容及国产化等核心业务需 求，支撑业务稳定运行。 数字银行服务平台建设项目 39,710,185.96 平台积极融入前沿技术，已 未完成 规划支持移动端鸿蒙系统， 并深化金融大模型应用，提 升服务智能化水平。同时， 平台与公司自研SUNDB数据 库及其他信创国产化产品深 度适配，强化数据安全与自 主可控能力。 面向企业端数字化需求，平 台持续完善企业服务场景， 提升服务自动化与智能化水 平。通过推动业务数字化、 智能化，以及数据业务化、 可视化，为金融机构的客 户、业务人员及管理层提供 更智能、便捷、高效的业务 工具，助力金融机构实现高 质量发展。 应用编程语言关键技术及配 6,225,483.51 应用编程语言关键技术及配 已完成 45",windowed_extraction_review_required
300663.SZ,AR_300663_SZ_2025,core_competitiveness,2,13,"北京科蓝软件系统股份有限公司2025年年度报告全文 2025 年年度报告 第一节 重要提示、目录和释义 公司董事会及董事、高级管理人员保证年度报告内容的真实、准确、完 整，不存在虚假记载、误导性陈述或者重大遗漏，并承担个别和连带的法律 责任。 公司负责人王安京、主管会计工作负责人周旭红及会计机构负责人(会计 主管人员)吴玉苹声明：保证本年度报告中财务报告的真实、准确、完整。 所有董事均已出席了审议本报告的董事会会议。 2025 年度公司净利润为负值，公司主营业务、核心竞争力未发生重大不 利变化，与行业趋势一致，公司所处行业市场规模保持良好态势，具有发展 前景。公司具备持续经营能力，不存在重大风险。关于“业绩变动的具体原 因、主营业务、核心竞争力、主要财务指标变动情况、所处行业景气情况” 等信息详见“第三节、管理层讨论与分析”。 公司在本报告第三节“管理层讨论与分析”之“十一、公司未来发展的 展望”，详细描述了公司经营中可能存在的风险及应对措施。本报告中涉及 的未来计划等前瞻性陈述，不构成公司对投资者的实质承诺，投资者及相关 人士均应当对此保持足够的风险认识，并且应当理解计划、预测与承诺之间 的差异，请投资者注意投资风险。 公司计划不派发现金红利，不送红股，不以公积金转增股本。 截至报告期末，母公司存在未弥补亏损 2
北京科蓝软件系统股份有限公司2025年年度报告全文 截止 2025 年 12 月 31 日，母公司未弥补亏损 764,603,980.95 元,2025 年末公司合并报表及母公司报表未分配利润均为负值，未满足利润分配条件， 综合考虑公司当前业务发展情况，及后续日常经营发展对资金的需求，公司 本年度利润分配预案为：不派发现金红利，不送红股，不以资本公积金转增 股本。 3
北京科蓝软件系统股份有限公司2025年年度报告全文 目录 第一节 重要提示、目录和释义......................................................................................................................................2 第二节 公司简介和主要财务指标...................................................................................................................................7 第三节 管理层讨论与分析.............................................................................................................................................11 第四节 公司治理、环境和社会......................................................................................................................................57 第五节 重要事项...........................................................................................................................................................83 第六节 股份变动及股东情况..........................................................................................................................................112 第七节 债券相关情况....................................................................................................................................................120 第八节 财务报告...........................................................................................................................................................124 4
北京科蓝软件系统股份有限公司2025年年度报告全文 备查文件目录 一、 载有公司法定代表人、主管会计工作负责人、会计机构负责人签名并盖章的财务报表。 二、 载有会计师事务所盖章、注册会计师签名并盖章的审计报告原件。 三、 报告期内在中国证监会指定网站上公开披露过的所有公司文件的正本及公告的原稿。 四、 载有公司法定代表人签名的2025年年度报告原件。 以上备查文件的备置地点：公司证券部 5
北京科蓝软件系统股份有限公司2025年年度报告全文 释义 释义项 指 释义内容 公司、本公司、科蓝公司、科蓝软件 指 北京科蓝软件系统股份有限公司 泰安科蓝盛合投资服务合伙企业（有 科蓝盛合 指 限合伙）（曾用名“宁波科蓝盛合投 资管理合伙企业（有限合伙）”） 宁波科蓝盈众投资管理合伙企业（有 科蓝盈众 指 限合伙） 宁波科蓝融创投资管理合伙企业（有 科蓝融创 指 限合伙） 宁波科蓝金投投资管理合伙企业（有 科蓝金投 指 限合伙） 科蓝苏州 指 北京科蓝软件系统（苏州）有限公司 深圳科蓝 指 深圳科蓝金信科技发展有限公司 香港科蓝 指 科蓝软体系统(香港)有限公司 数蚂科蓝 指 北京数蚂科蓝科技有限公司 尼客矩阵 指 北京尼客矩阵科技有限公司 SUNJE SOFT 指 SUNJE SOFT 株式会社 大陆云盾 指 大陆云盾电子认证服务有限公司 深圳宁泽 指 深圳宁泽金融科技有限公司 证监会、中国证监会 指 中国证券监督管理委员会 深交所 指 深圳证券交易所 《公司法》 指 《中华人民共和国公司法》 《证券法》 指 《中华人民共和国证券法》 《北京科蓝软件系统股份有限公司章 《公司章程》 指 程》 北京科蓝软件系统股份有限公司股东 股东会、董事会 指 会、董事会 报告期 指 2025年1月1日-2025年12月31日 元、万元 指 人民币元、万元 6
北京科蓝软件系统股份有限公司2025年年度报告全文 第二节 公司简介和主要财务指标 一、公司信息 股票简称 科蓝软件 股票代码 300663 公司的中文名称 北京科蓝软件系统股份有限公司 公司的中文简称 科蓝软件 公司的外文名称（如有） Client Service International, Inc. 公司的外文名称缩写（如 CSII 有） 公司的法定代表人 王安京 注册地址 北京市北京经济技术开发区西环南路18号A座450室 注册地址的邮政编码 100176 公司注册地址历史变更情况 报告期内无变化 办公地址 北京朝阳区朝外大街16号中国人寿大厦 办公地址的邮政编码 100020 公司网址 www.csii.com.cn 电子信箱 investor@csii.com.cn 二、联系人和联系方式 董事会秘书 证券事务代表 姓名 周旭红 王娟 北京朝阳区朝外大街16号中国人寿大 北京朝阳区朝外大街16号中国人寿大 联系地址 厦 厦 电话 010-65886011 010-65886011 传真 010-65880766-201 010-65880766-201 电子信箱 investor@csii.com.cn investor@csii.com.cn 三、信息披露及备置地点 公司披露年度报告的证券交易所网站 http://www.szse.cn/ 公司披露年度报告的媒体名称及网址 证券时报、上海证券报、巨潮资讯网 公司年度报告备置地点 北京朝阳区朝外大街16号中国人寿大厦 公司证券部 四、其他有关资料 公司聘请的会计师事务所 会计师事务所名称 中兴华会计师事务所（特殊普通合伙） 会计师事务所办公地址 北京市丰台区丽泽路20号院1号楼南楼20层 签字会计师姓名 鹿丽鸿、高凤 公司聘请的报告期内履行持续督导职责的保荐机构 7
北京科蓝软件系统股份有限公司2025年年度报告全文 适用 □不适用 保荐机构名称 保荐机构办公地址 保荐代表人姓名 持续督导期间 截至本报告期末，保荐机构 持续督导期已届满，鉴于公 北京市朝阳区安立路66号 司募集资金尚未使用完毕， 中信建投证券股份有限公司 田东阁、张林 4号楼 中信建投证券股份有限公司 仍需对公司募集资金的使用 情况履行持续督导义务 公司聘请的报告期内履行持续督导职责的财务顾问 □适用 不适用 五、主要会计数据和财务指标 公司是否需追溯调整或重述以前年度会计数据 □是 否 2025年 2024年 本年比上年增减 2023年 营业收入（元） 590,844,813.06 842,565,148.09 -29.88% 1,169,408,900.72 归属于上市公司股东 -394,960,371.14 -534,585,585.26 26.12% -122,989,246.83 的净利润（元） 归属于上市公司股东 的扣除非经常性损益 -404,497,909.15 -538,569,755.30 24.89% -130,210,046.62 的净利润（元） 经营活动产生的现金 100,552,371.38 50,528,339.12 99.00% 16,611,890.84 流量净额（元） 基本每股收益（元/ -0.8255 -1.15 28.22% -0.27 股） 稀释每股收益（元/ -0.8255 -1.02 19.07% -0.2 股） 加权平均净资产收益 -64.06% -58.38% -5.68% -10.50% 率 2025年末 2024年末 本年末比上年末增减 2023年末 资产总额（元） 1,766,409,273.43 2,329,304,143.55 -24.17% 2,997,116,315.99 归属于上市公司股东 402,864,013.51 813,910,022.25 -50.50% 1,101,588,561.35 的净资产（元） 公司最近三个会计年度扣除非经常性损益前后净利润孰低者均为负值，且最近一年审计报告显示公司持续经营能力存在 不确定性 □是 否 公司报告期内经审计利润总额、净利润、扣除非经常性损益后的净利润三者孰低为负值 是 □否 项目 2025年 2024年 备注 营业收入（元） 590,844,813.06 842,565,148.09 营业收入扣除金额（元） 364,867.25 47,169.80 硬件销售收入 营业收入扣除后金额（元） 590,479,945.81 842,517,978.29 扣除硬件销售后收入 存在股权激励、员工持股计划的公司，可以披露扣除股份支付影响后的净利润 本期比上年同期增减 主要会计数据 2025年 2024年 2023年 (%) 8
北京科蓝软件系统股份有限公司2025年年度报告全文 扣除股份支付影响后 -388,289,720.00 -547,772,007.89 29.11% -133,429,948.94 的净利润（元） 公司报告期末至年度报告披露日股本是否因发行新股、增发、配股、股权激励行权、回购等原因发生变化且影响所有者 权益金额 是 □否 支付的优先股股利 0.00 支付的永续债利息（元） 0.00 用最新股本计算的全面摊薄每股收益（元/股） -0.8255 六、分季度主要财务指标 单位：元 第一季度 第二季度 第三季度 第四季度 营业收入 175,605,123.80 136,623,160.60 106,532,620.52 172,083,908.14 归属于上市公司股东 -5,756,773.28 -459,204.77 -4,336,500.50 -384,407,892.59 的净利润 归属于上市公司股东 的扣除非经常性损益 -7,225,118.51 -1,787,532.91 -4,865,234.06 -390,620,023.67 的净利润 经营活动产生的现金 7,639,538.09 12,714,719.62 31,324,199.94 48,873,913.73 流量净额 上述财务指标或其加总数是否与公司已披露季度报告、半年度报告相关财务指标存在重大差异 □是 否 七、境内外会计准则下会计数据差异 1、同时按照国际会计准则与按照中国会计准则披露的财务报告中净利润和净资产差异情况 □适用 不适用 公司报告期不存在按照国际会计准则与按照中国会计准则披露的财务报告中净利润和净资产差异情况。 2、同时按照境外会计准则与按照中国会计准则披露的财务报告中净利润和净资产差异情况 □适用 不适用 公司报告期不存在按照境外会计准则与按照中国会计准则披露的财务报告中净利润和净资产差异情况。 八、非经常性损益项目及金额 适用 □不适用 单位：元 项目 2025年金额 2024年金额 2023年金额 说明 非流动性资产处置损 益（包括已计提资产 -985,676.29 -174,943.24 5,105,137.40 减值准备的冲销部 分） 计入当期损益的政府 3,957,929.45 6,707,449.75 5,580,926.78 9
北京科蓝软件系统股份有限公司2025年年度报告全文 补助（与公司正常经 营业务密切相关，符 合国家政策规定、按 照确定的标准享有、 对公司损益产生持续 影响的政府补助除 外） 除同公司正常经营业 务相关的有效套期保 值业务外，非金融企 业持有金融资产和金 238,757.42 516,841.00 39,899.07 融负债产生的公允价 值变动损益以及处置 金融资产和金融负债 产生的损益 委托他人投资或管理 1,107,504.12 资产的损益 单独进行减值测试的 应收款项减值准备转 96,693.69 回 债务重组损益 -4,099,045.00 因税收、会计等法 律、法规的调整对当 -278,863.40 期损益产生的一次性 影响 因取消、修改股权激 励计划一次性确认的 6,919,283.18 股份支付费用 与公司正常经营业务 无关的或有事项产生 -1,497,673.11 的损益 除上述各项之外的其 -584,528.19 1,243,454.34 -292,451.89 他营业外收入和支出 其他符合非经常性损 818,715.56 益定义的损益项目 减：所得税影响额 14,570.38 1,225,696.09 2,055,296.90 少数股东权益影 -6,342.82 -919,415.59 1,307,097.84 响额（税后） 合计 9,537,538.01 3,984,170.04 7,220,799.79 -- 其他符合非经常性损益定义的损益项目的具体情况： □适用 不适用 公司不存在其他符合非经常性损益定义的损益项目的具体情况。 将《公开发行证券的公司信息披露解释性公告第1号——非经常性损益》中列举的非经常性损益项目界定为经常性损益 项目的情况说明 □适用 不适用 公司不存在将《公开发行证券的公司信息披露解释性公告第1号——非经常性损益》中列举的非经常性损益项目界定为 经常性损益的项目的情形。 10
北京科蓝软件系统股份有限公司2025年年度报告全文 第三节 管理层讨论与分析 一、报告期内公司从事的主要业务 公司扎根金融科技创新领域，持续深耕金融数字化解决方案，直接推动引领了中国银行业的代际变革。在坚守中国 银行业数字化转型引路人角色的同时，公司已完成在数字银行和智能软硬件领域布局，创新推出中国原创自主品牌的交 易型数据库、鸿蒙智能高柜机器人“小蓝”，立足于3A战略（AI数据库、AI应用与AI机器人、AI算力）打造第二增 长曲线，未来将基于AI的数字化转型和国产化替代，为中国自主可控的数字银行服务体系注入科技力量。 （一）报告期内公司从事的主要业务 1.公司的主营业务 深耕金融科技领域近三十年，科蓝软件已稳步成长为以AI为核心驱动、软硬件深度融合的AI硬科技领军企业。公 司主营业务围绕自主创新的“3A战略”体系展开——即AI机器人、AI数据库、AI算力，面向金融、电力、能源、交通 等国家关键基础设施领域，提供贯穿前、中、后台的全栈式人工智能软硬件一体化综合服务方案。公司坚定贯彻“AI原 生驱动”的产品策略，现已形成覆盖“AI机器人—AI Agent智能体应用—AI物联网—AI数据库-AI算力基础设施”的 全栈AI生态解决方案体系，全方位赋能金融机构数字化与智能化深度转型。 根据国际数据公司（IDC）最新发布的《IDC Perspective：中国金融行业大模型及智能体市场洞察》报告显示： “在以软硬结合的方式(即设备端Agent)推进大模型及智能体的应用落地”方面，科蓝软件取得重大创新成果。 回顾中国金融行业从信息化迈向数字化、数智化的发展历程，科蓝软件始终是引领者和推动者，已服务超过500家 总部级金融机构，涵盖国有银行、股份制银行、城商行、省级农商行与农信联社、保险、证券、信托、财务公司等金融 机构以及大型央企国企等国家关键基础设施行业。据国际著名的市场研究与评级公司IDC连续十年报告显示：“科蓝软 件在数字银行解决方案、移动银行等前沿市场领域，连续十年蝉联市场第一。” 2.公司重点产品 （1）AI机器人 银行网点鸿蒙智能高柜机器人“小蓝”：公司自主研发的鸿蒙智能高柜机器人“小蓝”操作台(PC)已完成基于国 产处理器芯片的全栈信创适配，全面搭载鸿蒙PC、统信、麒麟等主流操作系统，打通与网点自助设备、平板、智慧大屏、 智能手机等多终端的互联互通通道，实现设备间数据、功能协同流转，为智慧网点转型、创新型场景应用搭建了稳定、 安全的技术框架，夯实“芯片-操作系统-中间件-应用”全栈信创生态落地基础。 11
北京科蓝软件系统股份有限公司2025年年度报告全文 在通用人工智能方面，结合主流大模型等AI技术，“小蓝”支持智能语音对话、人脸识别、远程视频柜员、3D数 字人、智能投顾等功能，支持数字人民币与现金的自由兑换，可为银行客户提供更多个性化的服务；同时，产品重点提 升网点服务效率，优化空置窗口资源配置，将柜员从重复性事务中释放出来，转向客户服务、业务营销等高价值工作， 进一步提升网点整体运营效能。“小蓝”适配搭载昇腾算力的硬件平台，支持蒸馏通用AI模型，实现更强的通用AI能 力，全面加速AI大模型在智慧网点的应用。该平台部署灵活，零改造零装修部署，快速支持农村地区“零网点”服务延 伸，解决金融服务“最后一公里”难题。 企业财务机器人：公司企业网银机器人作为企业财务数字化智能方案，依托大模型、新硬件与软硬协同技术构建 核心产品特点。其以大模型驱动，可自动化处理财务重复操作，智能识别预警资金风险;搭载U盾管理创新硬件，实现集 中管控与远程安全调用，同时通过软件智能调度与硬件安全管控协同，适配大规模系统场景，保障稳定运行。该产品优 势显著，能够替代人工完成重复性工作，实现降本增效;依托软硬件双重安全防护，满足金融合规标准，筑牢数据安全防 线;并支持标准化流程与智能监控，达成7x24小时无人值守运维，有效降低运维压力。 数据中心运维机器人：公司联合合作伙伴打造数据中心运维机器人适配大规模服务器运维场景，可自动完成服务 器拆换、上下架全流程，替代人工机房作业。作业标准化、流程智能化，大幅提升硬件故障处理效率，摆脱人工操作局 限，实现数据中心机房无人值守，优化集团整体运营效率，适配海量服务器的常态化运维需求。 VR私行助理：科蓝联合合伙伙伴打造私行高净值客户体验升级解决方案。VR私行助理融合VR沉浸式技术与金融 大模型能力，打造专属高端财富管理虚拟服务场景。支持3D可视化资产全景展示、沉浸式财富规划与投资分析，可实现 语音交互式业务咨询、定制化资产配置方案解读，7×24小时在线响应私行客户需求。打破时空与线下场景限制，让客 户足不出户享面对面式高端服务体验，同时助力私行机构降本增效，升级财富管理服务的专业性与科技感。 （2）AI Agent智能体应用 A．魔聚平台筑牢公司解决方案AI转型基础 持续推进魔聚平台向企业级基础智能体开发与运行平台的战略定位升级，围绕大模型应用规模化落地的核心需求， 构建具备通用性与可复制性的智能体基础设施能力体系。平台以统一的智能体开发框架为核心，打通模型接入、知识管 理、任务编排及运行调度等关键环节，形成标准化、模块化的智能体构建与部署能力，为各类业务场景提供低门槛、高 复用的开发底座。在能力建设方面，完成混合检索体系升级，实现“语义理解+结构化数据”融合检索，提升复杂场景下 的信息获取能力；同步拓展多模态数据处理能力，支持图片、PDF等多模态数据的统一理解与利用，增强智能体对多源 数据环境的适应性。在平台治理方面，持续完善权限管理与安全控制体系，强化企业级合规与风险管控能力；同时，通 过接入OpenClaw生态，提升智能体在多渠道、多终端环境下的连接与服务能力。整体来看，魔聚平台已形成具备规模化 推广能力的基础智能体平台架构，为公司AI能力的产品化输出及行业解决方案复制奠定了坚实基础，有助于进一步巩固 公司在金融智能化领域的技术领先优势。 12
北京科蓝软件系统股份有限公司2025年年度报告全文 B．适应信创要求，MADP移动开发平台产品持续升级至4.0版本 MADP移动应用开发平台4.0为金融机构提供统一移动端开发管理平台，快速搭建稳定高质量的移动应用。平台实 现了从APP开发、测试、运营全生命周期的管理。提供了丰富的金融组件及丰富的辅助系统。平台所赋予的能力多个 APP可以共享。多个APP可以按照一套标准进行统一的开发、统一的运营、统一的运维。平台也支持不同的APP业务场 景灵活选择开发模式，如:native、H5、小程序等。 APP建设目标是实现超级应用(syupexgpps)，即集应用、平台和生态系统功能于一身的应用程序,同时也可提供第 三方开发和发布微应用软件的平台。通过平台开发的小程序，可以运行在自有平台及主流平台(微信、支付宝、抖音等) 的APP上。使企业具备自主运营的小程序商店。小程序服务具备学习成本低、易上手等优势。 MADP移动应用开发平台4.0包含:三端(鸿蒙、安卓、i0S)SDK、前端框架、性能分析、行为分析、消息推送、数据 同步、小程序、基础服务等。同时平台也提供了丰富的uI组件、功能组件、安全组件等。 移动开发平台的核心价值在于通过技术手段显著提升企业移动应用的开发效率、降低成本并增强管理能力，具体 分为以下几个方面：  大幅提升开发效率与速度 平台提供预制的组件、模板和可视化开发工具（如拖拽式界面），使开发者无需从零开始编写代码，即可快速搭 建应用功能。帮助企业更快地推出新产品、优化流程或响应市场变化。  显著降低开发成本 通过代码复用和跨平台支持（一次开发，多端运行），企业无需为iOS、Android等不同平台组建独立的开发团队， 从而节省了人力、时间和资金投入。同时，低代码或无代码模式允许业务人员参与应用构建，进一步释放专业IT团队的 资源，使其专注于核心系统开发。  实现应用统一管理与安全 作为企业的“超级APP”门户，移动开发平台能整合内部多个独立应用（如OA、个人业务、对公业务），建立统 一的企业应用商店。平台可对应用进行统一的安全加固、权限管理和更新发布，提升整体安全性与运维效率。  促进协作与数字化转型 平台降低了技术门槛，使业务部门能直接参与应用设计与开发，确保应用更贴合实际业务需求。这不仅加速了内 部流程的数字化（如审批、数据收集），也推动了企业跨部门协作与整体数字化转型。  提升灵活性与可维护性 标准化的组件库和统一的开发规范，有助于减少系统碎片化，降低长期技术债务。能更灵活地调整应用功能，快 速迭代，同时保障系统的稳定性与可维护性。 C. 数字银行产品全面AI升级 公司作为国内主要数字银行解决方案供应商，在以AI驱动的移动银行与数字银行普及和发展进程中始终处于领军 13",windowed_extraction_review_required
300663.SZ,AR_300663_SZ_2025,r_and_d,38,49,"北京科蓝软件系统股份有限公司2025年年度报告全文 3 第三名 25,231,590.17 4.27% 4 第四名 23,723,484.72 4.02% 5 第五名 16,919,708.62 2.86% 合计 -- 148,049,735.91 25.06% 主要客户其他情况说明 □适用 不适用 公司主要供应商情况 前五名供应商合计采购金额（元） 59,619,650.74 前五名供应商合计采购金额占年度采购总额比例 82.57% 前五名供应商采购额中关联方采购额占年度采购总额比例 0.00% 公司前5名供应商资料 序号 供应商名称 采购额（元） 占年度采购总额比例 1 第一名 28,844,952.17 39.95% 2 第二名 23,970,827.92 33.20% 3 第三名 2,475,203.65 3.43% 4 第四名 2,232,560.82 3.09% 5 第五名 2,096,106.18 2.90% 合计 -- 59,619,650.74 82.57% 主要供应商其他情况说明 □适用 不适用 报告期内公司贸易业务收入占营业收入比例超过10% □适用 不适用 3、费用 单位：元 2025年 2024年 同比增减 重大变动说明 主要系本期优化了人 销售费用 30,545,182.03 64,148,224.71 -52.38% 员和薪资结构，人力 成本有所下降。 管理费用 134,087,568.93 156,574,915.06 -14.36% 主要系本期偿付利息 财务费用 35,274,117.72 54,273,323.52 -35.01% 减少和可转换债券转 股所致。 研发费用 132,266,573.68 146,684,886.72 -9.83% 4、研发投入 适用 □不适用 预计对公司未来发展 主要研发项目名称 项目目的 项目进展 拟达到的目标 的影响 本项目建设数字银行 本项目建设数字银行 本项目建设数字银行 服务平台，以银行为 服务平台，以银行为 服务平台，以银行为 数字银行服务平台建 核心客户，并拓展至 进行中 核心客户，并拓展至 核心客户，并拓展至 设项目 信托、保险、消费金 信托、保险、消费金 信托、保险、消费金 融、证券期货等非银 融、证券期货等非银 融、证券期货等非银 38
北京科蓝软件系统股份有限公司2025年年度报告全文 机构。平台以业务中 机构。平台以业务中 机构。平台以业务中 台与分布式金融核心 台与分布式金融核心 台与分布式金融核心 为双引擎，加速金融 为双引擎，加速金融 为双引擎，加速金融 机构数字化转型，助 机构数字化转型，助 机构数字化转型，助 力降本增效。 力降本增效。 力降本增效。 业务中台具备快速落 业务中台具备快速落 业务中台具备快速落 地能力与资源复用优 地能力与资源复用优 地能力与资源复用优 势，可降低建设成本 势，可降低建设成本 势，可降低建设成本 与周期，保障业务在 与周期，保障业务在 与周期，保障业务在 新老架构间平滑过 新老架构间平滑过 新老架构间平滑过 渡，控制实施风险。 渡，控制实施风险。 渡，控制实施风险。 分布式金融核心基于 分布式金融核心基于 分布式金融核心基于 微服务架构，满足高 微服务架构，满足高 微服务架构，满足高 并发、高可用、高性 并发、高可用、高性 并发、高可用、高性 能、弹性扩容及国产 能、弹性扩容及国产 能、弹性扩容及国产 化等核心业务需求， 化等核心业务需求， 化等核心业务需求， 支撑业务稳定运行。 支撑业务稳定运行。 支撑业务稳定运行。 平台积极融入前沿技 平台积极融入前沿技 平台积极融入前沿技 术，已规划支持移动 术，已规划支持移动 术，已规划支持移动 端鸿蒙系统，并深化 端鸿蒙系统，并深化 端鸿蒙系统，并深化 金融大模型应用，提 金融大模型应用，提 金融大模型应用，提 升服务智能化水平。 升服务智能化水平。 升服务智能化水平。 同时，平台与公司自 同时，平台与公司自 同时，平台与公司自 研SUNDB数据库及其 研SUNDB数据库及其 研SUNDB数据库及其 他信创国产化产品深 他信创国产化产品深 他信创国产化产品深 度适配，强化数据安 度适配，强化数据安 度适配，强化数据安 全与自主可控能力。 全与自主可控能力。 全与自主可控能力。 面向企业端数字化需 面向企业端数字化需 面向企业端数字化需 求，平台持续完善企 求，平台持续完善企 求，平台持续完善企 业服务场景，提升服 业服务场景，提升服 业服务场景，提升服 务自动化与智能化水 务自动化与智能化水 务自动化与智能化水 平。通过推动业务数 平。通过推动业务数 平。通过推动业务数 字化、智能化，以及 字化、智能化，以及 字化、智能化，以及 数据业务化、可视 数据业务化、可视 数据业务化、可视 化，为金融机构的客 化，为金融机构的客 化，为金融机构的客 户、业务人员及管理 户、业务人员及管理 户、业务人员及管理 层提供更智能、便 层提供更智能、便 层提供更智能、便 捷、高效的业务工 捷、高效的业务工 捷、高效的业务工 具，助力金融机构实 具，助力金融机构实 具，助力金融机构实 现高质量发展。 现高质量发展。 现高质量发展。 在金融行业使用国产 应用编程语言关键技 编程语言及基于国产 术及配套工具研发项 编程语言的底层开发 目，是基于对仓颉应 框架，将有效保障金 用生态分析与梳理， 融科技的信息技术自 结合数字金融等领域 主可控发展，减少对 产业化需求，开展金 国外的依赖；国产编 基于仓颉编程语言开 融交易回溯系统仓颉 程语言在金融行业具 应用编程语言关键技 展金融场景产品基础 版的应用场景解决方 有保障金融稳定、保 术及配套工具研发项 已完成 功能研发，并推广金 案研究，提出基于信 障金融科技可持续发 目 融行业产品商业文化 创的高性能的仓颉应 展、推动国产化数字 落地。 用架构设计。涉及仓 经济的发展的重大意 颉在金融生态的日 义；国产编程语言应 志、批量调度、数据 具备良好的易用性和 库访问、交易报文转 通用性，降低金融机 换、安全、鉴权等关 构的切换成本及门 键组件。 槛，以方便金融科技 的研发人员快速切换 39
北京科蓝软件系统股份有限公司2025年年度报告全文 及业务开发。仓颉编 程语言作为目前唯一 待商业化国产编程语 言，对国家数字经 济，特别是保障数字 金融安全和业务连续 性上起到重大关键影 响；预计未来在信创 环境方向、国产化编 程语言领域会有较大 的市场。 1.丰富公司信创产品 响应国家信创战略， 1.实现机器人核心计 线，提升在金融机具 实现小蓝机器人软硬 算单元（芯片、OS） 领域的市场竞争力。 件的全栈国产化。 100%国产化替代。 2.沉淀“端云一体” 基于OpenHarmony操 2.构建“五层三横” 小蓝机器人驱动软件 技术底座，可复用于 作系统与国产旗舰芯 端云一体可信安全架 及全渠道统一平台软 进行中 更多可信物联金融场 片（瑞芯微 构，满足等保三级要 件研发项目 景。 RK3588），构建安全 求。 3.深化与华为鸿蒙生 可控的智能服务终 3.打造金融级鸿蒙智 态合作，巩固公司在 端，解决关键技术 能终端标杆，推动银 国产化软件领域的领 “卡脖子”问题。 行网点智能化转型。 先地位。 本项目主要为提升 SUNDB Cluster数据 库产品成熟度、兼容 项目完善了SUNDB 交付符合标准的 性与运维便捷性，增 Cluster数据库功能 JDBC、ODBC、DBlink 强市场竞争力，特启 体系，补齐核心短 三大组件，确保接口 动本项目，核心是完 板，强化产品差异化 兼容稳定、数据同步 善数据库核心功能与 竞争优势；助力现有 零差错低延迟，同时 构建运维管控平台； 项目顺利交付，提升 交付功能完善、操作 功能上重点优化 客户满意度，拓展多 便捷的图形化运维管 JDBC、ODBC接口适配 行业市场空间、提升 控工具，实现数据库 SUNDB Cluster数据 性，完善集群内、跨 市场份额；图形化运 已完成 全流程可视化自动化 库研发项目 集群、异构集群间 维平台降低运维成本 运维；通过索引优化 DBlink数据同步功能 与门槛，提升服务质 提升数据库核心操作 及数据库索引，提升 量和客户粘性；同时 性能，所有研发成果 数据交互与查询性 积累核心技术、培养 通过完整测试，形成 能；运维管控平台打 专业团队，夯实研发 标准化文档，确保可 造图形化工具，实现 基础，推动公司在数 落地、可复用，满足 数据库安装、部署、 据库领域长远深耕， 客户需求并为产品迭 启停、扩缩容、监 助力数字经济高质量 代奠定基础。 控、告警、备份恢复 发展。 等全流程运维操作， 降低运维复杂度。 为紧跟2025年AI大 1.核心业务功能深度 本项目研发效应覆盖 模型、智能体、多模 优化升级：针对渠道 产品、技术、管理、 态融合及国产化算力 核心业务场景开展全 战略、行业全维度， 赋能的技术热潮，响 链路逻辑重构与体验 既彻底破解银行渠道 应国家数字金融高质 优化，重点提升转账 系统核心痛点、满足 量发展、金融信创与 支付、交易明细查 政策合规要求，又深 渠道创新产品研发项 “人工智能 +” 政策 询、信贷业务办理、 度落地公司 3A 战 已完成 目 导向，立足科蓝软件 资产负债管理等核心 略、提升研发与管理 近三十年深耕金融科 功能的流程效率与操 效能，既为客户创造 技、主营数字银行全 作便捷性；完成首页 核心价值，也为公司 渠道解决方案且市场 可视化布局重构与模 巩固行业地位、实现 占有率持续领跑的深 块化灵活配置升级， 长期发展奠定坚实基 厚底蕴，紧扣银行业 实现核心服务入口极 础，具备显著的经济 渠道数字化、智能 简直达、客户需求一 效益与行业示范效 40
北京科蓝软件系统股份有限公司2025年年度报告全文 化、一体化转型及客 键触达，全面提升用 应。 户体验升级的核心趋 户操作效率与服务获 势，落实公司 AI 数 得感。 据库、AI 机器人、AI 2.全栈架构革新与性 算力中心 “3A 战 能极致跃：升采用新 略” 布局，特立项开 一代MADP客户端架 展 2025 渠道创新产 构、VX4.0 前端架 品研发项目。本项目 构、PEFast 服务端架 以 AI 原生技术为核 构三位一体技术栈， 心驱动，深度融合自 实现系统高并发、低 主 SUNDB 数据库、金 时延、高可用能力全 融专属大模型、鸿蒙 面突破，大幅提升响 生态及多模态智能交 应速度、承载能力与 互能力，聚焦渠道端 运行稳定性，支撑海 产品创新与客户服务 量用户并发访问与复 体验升级，研发全渠 杂业务高效处理，打 道融合服务平台、智 造金融级极致性能体 能数币终端、AI 智能 验。 客服、线下网点智能 3.信创国产化全栈兼 化套件等创新产品， 容与自主可控：全面 破解金融机构线上线 强化信创适配能力， 下渠道割裂、服务协 实现鸿蒙系统原生深 同不足、智能化水平 度适配，并完成国产 偏低、信创适配薄 CPU、操作系统、数据 弱、客户体验碎片化 库、中间件等全栈国 等痛点，实现渠道服 产化软硬件生态兼 务全域贯通、智能交 容，满足金融行业安 互自然流畅、业务办 全合规与自主可控刚 理高效便捷、风控合 性要求，为银行客户 规精准可控，全面提 提供安全、稳定、可 升金融机构客户服务 信的信创渠道解决方 质效与运营效率，夯 案。 实公司在金融渠道领 4.AI 原生赋能与智慧 域的创新引领地位， 服务能力突破：紧扣 完善 AI 全栈产品矩 公司 “3A 战略” 阵，巩固头部银行客 （AI 数据库、AI 机 户粘性与市场优势， 器人、AI 算力中心） 拓展跨境支付、普惠 落地，深度融合金融 金融等增量场景，以 大模型与智能体技 渠道技术创新赋能金 术，打造智能交互助 融数字化转型，助力 手、行业专属知识 实体经济高质量发 库、业务执行智能体 展。 等核心能力，实现智 能问答、业务引导、 风险提示、流程自动 化等智慧服务，丰富 渠道服务场景与交互 灵活度，推动渠道从 “功能型” 向 “智 慧型” 升级。 5.研发效能提升与质 量体系强化通过架构 标准化、组件模块 化、配置可视化设 计，大幅降低业务定 制与功能扩展的开发 复杂度；建立全流程 质量管控与自动化校 41
北京科蓝软件系统股份有限公司2025年年度报告全文 验机制，提升代码规 范性、功能稳定性与 交付质量，实现快速 迭代、高效交付、低 成本维护的研发目 标。 6.全渠道一体化贯通 与客群精准适配打通 个人网银、个人手机 银行、微信银行、小 程序及企业网银、企 业手机银行、银企直 连等全渠道服务入 口，实现数据互通、 流程互通、体验互 通；针对个人客户与 企业客户差异化需求 开展专属功能优化， 构建全域一致、场景 适配、服务协同的全 渠道金融服务体系， 支撑客户全生命周期 精细化运营。 数字销售服务平台通 过组件化架构、服务 化接口和智能化决策 的创新实践，构建起 兼顾监管合规与场景 适配的双重能力。不 仅为银行提供符合监 实现从数字销售渠道 管要求的全流程数字 向一体化、生态化、 提升服务效率，强化 化解决方案，更通过 数字化的营销服务模 渠道数字化能力，构 智能识别、动态适配 数字销售服务平台研 式的转变，为银行提 已完成 建智能辅助服务，以 等技术，实现不同业 发项目 升服务效率和客户满 组件化、服务化、智 务场景的精准服务与 意度提供智能化支 能化为目标。 客群需求的差异化响 撑。 应。AI技术的深度应 用使公司形成独特技 术壁垒，推动产品矩 阵向其他金融业务场 景延伸，加速深化与 头部银行战略合作， 实现业务规模与市场 价值的同步跃升。 通过分析现有技术栈 与AI战略的适配性差 AI战略转型能够提升 距，选定今后战略级 公司现有产品的附加 构建AI技术能力向商 能力建设方向。明确 值和定价能力，还将 AI转型前瞻性研发项 业价值的转化通道， 未来3年关键技术突 已完成 创造基于AI服务的新 目 实现技术能力与业务 破点，确定技术自主 型收入来源。同时带 需求的动态匹配。 可控的实施方案与资 来效率提升，包括开 源投入阈值。确立今 发和运营的效率。 后AI转型的总纲领和 实施原则。 为了节约成本、加快 为了节约成本、加快 为了节约成本、加快 项目开发进度、确保 项目开发进度、确保 项目开发进度、确保 鸿蒙应用开发项目 已完成 开发质量各个银行渠 开发质量各个银行渠 开发质量各个银行渠 道厂商均已开起了鸿 道厂商均已开起了鸿 道厂商均已开起了鸿 42
北京科蓝软件系统股份有限公司2025年年度报告全文 蒙版手机银行应用。 蒙版手机银行应用。 蒙版手机银行应用。 谁能领先一步将是关 谁能领先一步将是关 谁能领先一步将是关 键。科蓝力争在这一 键。科蓝力争在这一 键。科蓝力争在这一 领域拔得头筹。 领域拔得头筹。 领域拔得头筹。 本课题面向 SunDB 技 术支持体系，依托 AI 大模型、RAG 检索增 强生成及知识图谱等 技术，研发易用、可 通过AI知识工程全面 构建一套面向 SunDB 解释、可溯源的 提升 SunDB 数据库智 的运维知识库智能问 SunDB 技术支持知识 能化运维水平，显著 答交互系统，全面整 智能交互系统。通过 降低运维操作门槛与 合 SunDB 产品技术文 构建可扩展知识标准 人员培养成本，让普 档、典型运维场景、 体系、多模态智能信 通技术人员可依托系 故障处置方案、历史 息提取工具及高精度 统独立完成日常运维 工单经验等核心知 清华大学SunDB技术 RAG 知识图谱检索方 与常见问题处置；同 识，配套提供知识录 支持知识库及AIDB应 案，对 SunDB 数据库 已完成 时以智能化知识服务 入、审核、更新、溯 用研发项目 运维知识、产品文 带动整体运维效能提 源管理等全生命周期 档、运维工单等数据 升，持续沉淀企业级 管理功能，实现知识 进行结构化抽取与治 技术资产，强化公司 标准化、问答智能 理，为技术支持人员 数据库产品的 AI 技 化、运维可追溯，为 提供实时、精准的知 术能力与服务竞争 技术支持与运维工作 识检索与智能问答服 力，为客户提供更稳 提供统一、高效的智 务，有效提升数据库 定、高效、专业的技 能支撑平台。 运维效率、降低运维 术支撑。 门槛，助力普通技术 人员依托系统独立完 成 SunDB 基础运维工 作。 本平台研发完成后， 将进一步完善公司面 向银行业的产品体 本项目建成银行 SaaS 面向银行业数字化转 系，丰富 SaaS 数字 数字化运营平台后， 型需求，搭建轻量化 化解决方案储备，增 实现银行业务流程线 SaaS 数字化运营平 强在金融科技领域的 上化、数据统一归集 台，实现业务线上管 核心竞争力。依托成 与智能分析，完成多 理、数据集中分析、 熟平台化产品，可快 场景运营服务集成。 流程智能运维。帮助 速复用项目成果、缩 降低银行系统开发及 深圳金信SaaS数字化 银行缩减自研投入、 短项目交付周期，降 未完成 运维成本，提升业务 运营平台 简化运维工作，优化 低研发成本，拓展更 处理效率与精细化运 获客运营与风险防控 多银行客户资源。同 营能力，强化风险管 体系，打通多业务场 时提升公司行业品牌 控与客户服务水平， 景协同，提升经营效 影响力，夯实金融服 助力银行实现轻量化 率与服务体验，支撑 务业务根基，推动业 数字化转型，满足日 普惠金融业务拓展与 务从定制化开发向标 常运营及业务拓展需 长效数字化运营。 准化平台服务转型， 求。 为后续市场拓展、业 务增收及长期可持续 发展奠定坚实基础。 伴随互联网金融业务 优化升级数字证书相 持续深化，各商业银 关产品体系，落地 行普遍采用数字证书 USB Key 证书预植解 由于目前行业监管要 保障网上银行系统安 决方案。简化客户证 大陆云盾预植证书管 求变化，该项目对公 全运行。传统数字证 未完成 书安装配置流程，解 理系统V1.0 司未来发展的影响目 书需用户自主下载配 决线下证书下载繁 前无法评估。 置，对终端操作能力 琐、操作故障频发等 要求较高，安装配置 问题，全面提升网银 环节易出现各类故 用户业务办理体验。 43
北京科蓝软件系统股份有限公司2025年年度报告全文 障，显著降低客户线 规范证书全流程安全 上业务使用体验。当 管理，强化网银身份 前业内多家 CA 机构 认证与交易安全防 相继开展证书预植服 护，契合金融行业信 务，通过柜台发放预 息安全管控要求。紧 制证书 USB Key，实 跟行业 CA 机构业务 现客户免下载、免配 发展趋势，完善公司 置便捷启用网银服 证书配套服务能力， 务。为贴合银行业务 适配银行柜台批量预 迭代发展与客户便捷 制、便捷发证业务需 用证需求，公司亟需 求。持续夯实金融安 优化升级现有证书体 全技术支撑，提升产 系相关产品，补齐证 品市场适配性与核心 书预植配套服务能 竞争力，助力网上银 力，适配金融行业安 行业务安全、高效、 全高效业务场景。 便捷规范化开展。 为解决移动终端密钥 1、市场布局方面。依 安全管控难题，适配 托云端协同签名 SDK 移动端多样化业务场 产品，全面覆盖金 景安全应用需求，我 融、政务、电商、智 司立项建设协同签名 慧办公等多行业移动 系统。实现密码设备 安全场景，拓展移动 运行、密码安全运算 搭建云端化协同签名 端密码服务合作渠 及 CA 数字证书全流 安全服务平台，实现 道，丰富公司云安全 程管理服务，全面保 移动端密钥安全管 产品矩阵，抢占移动 障移动端密钥存储与 理、密码运算处理与 可信签名市场份额， 使用安全。系统可为 CA 数字证书全生命周 大陆云盾协同签名系 培育全新业务增收增 金融、电商、政务服 未完成 期管控。以云服务模 统V1.0 长点。 务、移动办公、智慧 式对外输出证书签 2、强化核心技术壁 城市等多领域场景提 发、身份鉴别等密码 垒。突破硬件密码依 供可靠密码安全支 安全能力，提供安 赖限制，夯实软件密 撑，满足线上身份核 卓、iOS主流移动终 码运算、云端证书管 验、电子签章签署、 端集成SDK。 理、跨终端适配等核 敏感数据加密防护等 心技术能力，提升行 业务需求，助力各行 业技术竞争力与项目 业移动业务安全合 承接能力，助力公司 规、高效便捷开展， 长期深耕移动网络安 构建全场景移动端可 全与密码应用领域。 信安全应用体系。 公司研发人员情况 2025年 2024年 变动比例 研发人员数量（人） 498 695 -28.35% 研发人员数量占比 27.07% 19.51% 7.56% 研发人员学历 本科 437 618 -28.06% 硕士 30 52 -42.31% 研发人员年龄构成 30岁以下 160 244 -34.43% 30~40岁 285 369 -22.76% 近三年公司研发投入金额及占营业收入的比例 2025年 2024年 2023年 研发投入金额（元） 198,775,646.74 214,061,396.94 148,992,109.62 研发投入占营业收入比例 33.64% 25.41% 12.74% 44
北京科蓝软件系统股份有限公司2025年年度报告全文 研发支出资本化的金额 67,065,918.09 67,376,510.22 31,447,903.66 （元） 资本化研发支出占研发投入 33.74% 31.48% 21.11% 的比例 资本化研发支出占当期净利 16.97% 14.35% 23.57% 润的比重 公司研发人员构成发生重大变化的原因及影响 □适用 不适用 研发投入总额占营业收入的比重较上年发生显著变化的原因 □适用 不适用 研发投入资本化率大幅变动的原因及其合理性说明 □适用 不适用 公司需遵守《深圳证券交易所上市公司自律监管指引第3号——行业信息披露》中的“软件与信息技术服务业”的披露 要求 单位：元 项目名称 研发资本化金额 相关项目的基本情况 实施进度 本项目建设数字银行服务平 台，以银行为核心客户，并 拓展至信托、保险、消费金 融、证券期货等非银机构。 平台以业务中台与分布式金 融核心为双引擎，加速金融 机构数字化转型，助力降本 增效。 业务中台具备快速落地能力 与资源复用优势，可降低建 设成本与周期，保障业务在 新老架构间平滑过渡，控制 实施风险。分布式金融核心 基于微服务架构，满足高并 发、高可用、高性能、弹性 扩容及国产化等核心业务需 求，支撑业务稳定运行。 数字银行服务平台建设项目 39,710,185.96 平台积极融入前沿技术，已 未完成 规划支持移动端鸿蒙系统， 并深化金融大模型应用，提 升服务智能化水平。同时， 平台与公司自研SUNDB数据 库及其他信创国产化产品深 度适配，强化数据安全与自 主可控能力。 面向企业端数字化需求，平 台持续完善企业服务场景， 提升服务自动化与智能化水 平。通过推动业务数字化、 智能化，以及数据业务化、 可视化，为金融机构的客 户、业务人员及管理层提供 更智能、便捷、高效的业务 工具，助力金融机构实现高 质量发展。 应用编程语言关键技术及配 6,225,483.51 应用编程语言关键技术及配 已完成 45
北京科蓝软件系统股份有限公司2025年年度报告全文 套工具研发项目 套工具研发项目2023年11 月立项启动，项目周期两年 （2023年11月-2025年10 月）。截至2025年10月， 金融交易回溯系统研发已完 成。 公司响应国家信创战略，深 入布局鸿蒙生态，针对银行 网点智能化转型需求，对小 蓝机器人进行全栈国产化重 构。基于 OpenHarmony 操 作系统与瑞芯微 RK3588 国 产芯片，开展机器人全栈国 产化重构，完成读发卡器、 身份证读卡器等十余种金融 外设驱动开发与内核适配， 依托 “五层三横” 端云一 小蓝机器人驱动软件及全渠 体可信安全架构，结合国密 1,243,064.43 未完成 道统一平台软件研发项目 算法、零信任网关、鲲鹏机 密计算等技术搭建科蓝方山 端云一体可信物联网技术平 台，实现机器人核心软硬件 百分百国产化替代，满足网 络安全等级保护三级要求， 可实现远程视频柜面、数字 人民币支付、智能语音交 互、人脸识别及多设备协同 调用等功能，打造金融级鸿 蒙智能终端标杆，相关技术 均为企业自主研发。 目前项目已完成核心研发工 作，JDBC、ODBC、DBlink 三大组件已研发优化完毕， 通过兼容性与性能测试，已 直接应用于实际业务； SUNDB Cluster数据库研发 13,777,378.65 SUNDB运维管控平台已完成 已完成 项目 相应开发，实现了所有预设 运维功能，支持多集群统一 管控，通过测试可配合组件 交付，已发布并应用于客户 项目的版本。 本项目围绕金融业务场景研 发智能体平台 V1.0，聚焦 银行流程自动化、智能交 互、业务数据解析、风控辅 助及工单智能处理等方向。 搭建大模型调用、任务编 排、多智能体协同运行框 架，实现业务流程自主执 科蓝金信智能体平台V1.0 870,567.37 行、智能研判与自动化处 未完成 研发项目 置，赋能银行系统智能化升 级，形成适配金融场景的标 准化智能应用底座。项目落 地将补齐公司人工智能技术 能力，丰富金融科技产品体 系，提升核心竞争力。可快 速为银行客户输出智能化解 决方案，拓宽业务承接领 46
北京科蓝软件系统股份有限公司2025年年度报告全文 域，提高项目附加值。同时 减少人工开发成本，沉淀通 用智能组件，增强客户粘 性，助力公司从传统系统开 发向智能数字化服务商转 型，开拓新的业务增长点。 本项目围绕银行业务场景开 展 AI 语音助手研发，重点 研究语音识别、自然语言理 解、智能对话交互及金融语 义解析技术。针对银行客户 咨询、业务引导、信息查 询、风险提示、内部运维播 报等需求，优化金融行业专 用语料模型，实现精准问 答、智能导办、语音业务办 理，打造适配金融安全规范 科蓝金信AI语音助手研发 的轻量化语音交互解决方 821,232.90 未完成 项目 案。项目完成后将丰富公司 智能化产品矩阵，完善金融 AI 服务体系，提升综合技 术竞争力。可嵌入现有银行 系统、移动端平台实现功能 拓展，增加项目附加值，拓 宽金融信息化服务市场。助 力公司抢占银行智能客服升 级需求，深化客户合作，形 成新的业务盈利点，推动传 统软件开发向智能数字化综 合服务商转型。 针对传统数字证书（USB Key）下载繁琐、用户体验 差及线下发证成本高的问 题，立项研发证书预植解决 方案，提升网银用户业务办 理体验。该项目通过自主研 大陆云盾预植证书管理系统 发，建立证书预植管理机 579,189.07 未完成 V1.0 制。重点解决线下证书下载 繁琐、操作故障频发等问 题，实现证书在出厂前的预 配置及自动化激活。强化身 份认证与交易安全防护，契 合金融监管对安全管控的要 求。项目即将开发完成。 为解决移动端密钥安全管理 难题，适配移动办公、电 商、政务等多场景下的远程 身份核验与电子签名需求， 立项开发该项目。 大陆云盾协同签名系统 905,130.29 采用云端协同签名技术，自 未完成 V1.0 主研发移动端协同签名系 统，系统支持安卓与iOS双 平台，通过服务端与客户端 的协同运算，实现协同签 名。项目即将完成。 其他项目 2,933,685.91 47
北京科蓝软件系统股份有限公司2025年年度报告全文 5、现金流 单位：元 项目 2025年 2024年 同比增减 经营活动现金流入小计 922,038,917.84 1,133,935,597.58 -18.69% 经营活动现金流出小计 821,486,546.46 1,083,407,258.46 -24.18% 经营活动产生的现金流量净 100,552,371.38 50,528,339.12 99.00% 额 投资活动现金流入小计 38,314,239.06 124,287,964.36 -69.17% 投资活动现金流出小计 56,432,203.87 261,000,559.29 -78.38% 投资活动产生的现金流量净 -18,117,964.81 -136,712,594.93 86.75% 额 筹资活动现金流入小计 490,000,000.00 327,877,239.82 49.45% 筹资活动现金流出小计 649,855,892.12 617,238,044.51 5.28% 筹资活动产生的现金流量净 -159,855,892.12 -289,360,804.69 44.76% 额 现金及现金等价物净增加额 -77,539,760.10 -375,232,824.84 79.34% 相关数据同比发生重大变动的主要影响因素说明 适用 □不适用 （1）经营活动产生的现金流量净额：较去年同期增加99.00%，主要系本期加大回款力度，本期应收账款回款率提升， 同时控制人力运营成本。 （2）投资活动产生的现金流量净额：较去年同期减少86.75%，主要系本期长三角研发中心工程接近收尾阶段，支付工 程款减少；同时上一年支付了股权转让款较多。 （3）筹资活动产生的现金流量净额：较上年同期减少44.76%，主要系本期偿还到期银行贷款和贷款利息减少所致。 报告期内公司经营活动产生的现金净流量与本年度净利润存在重大差异的原因说明 适用 □不适用 参见本报告“第八节 财务报告”之“现金流量表补充资料”。 五、非主营业务情况 适用 □不适用 单位：元 金额 占利润总额比例 形成原因说明 是否具有可持续性 主要系理财产品投资 投资收益 22,290.28 0.01% 收益及权益法核算的 是 长期股权投资收益 下属子公司闲置资金 公允价值变动损益 65,363.66 0.02% 购买的理财产品到期 否 所致。 存货跌价准备，商誉 资产减值 -96,991,903.77 -24.42% 减值准备，合同资产 是 减值准备 主要系债权人公司注 营业外收入 29,241.63 0.01% 销无法支付的负债转 否 入所致。 48
北京科蓝软件系统股份有限公司2025年年度报告全文 主要系滞纳金及诉讼 营业外支出 800,911.05 0.20% 否 费。 主要系本期计提的应 信用减值损失 -28,340,643.31 -7.14% 收账款坏账准备、其 是 他应收账款坏账准备 六、资产及负债状况分析 1、资产构成重大变动情况 单位：元 2025年末 2025年初 占总资产比 比重增减 重大变动说明 金额 占总资产比例 金额 例 未发生重大变 货币资金 184,343,289.00 10.44% 221,284,767.50 9.50% 0.94% 化 主要系本期确 应收账款 234,496,017.33 13.28% 513,232,186.53 22.03% -8.75% 认收入减少所 致 主要系本期质 合同资产 8,286,611.68 0.47% 14,773,462.76 0.63% -0.16% 保金到期转入 应收账款所致 主要系在建项 存货 309,886,048.62 17.54% 458,459,788.08 19.68% -2.14% 目减少及计提 减值所致 投资性房地 未发生重大变 0.00 0.00% 0.00 0.00% 0.00% 产 化 长期股权投 未发生重大变 13,592,068.58 0.77% 14,428,661.62 0.62% 0.15% 资 化 未发生重大变 固定资产 29,197,387.74 1.65% 29,117,234.60 1.25% 0.40% 化 主要系本期苏 州子公司长三 在建工程 521,875,233.22 29.54% 487,937,383.83 20.95% 8.59% 角研发中心建 设工程进度继 续投入所致 主要系租赁房 使用权资产 2,666,413.65 0.15% 11,975,008.47 0.51% -0.36% 产退租所致 主要系偿还到 短期借款 115,134,597.22 6.52% 223,576,364.57 9.60% -3.08% 期的银行贷款 所致 未发生重大变 合同负债 67,938,360.62 3.85% 75,214,330.68 3.23% 0.62% 化 未发生重大变 长期借款 597,380,127.93 33.82% 598,096,114.08 25.68% 8.14% 化 主要系执行新 租赁准则整个 租赁负债 2,936,662.60 0.17% 4,571,726.28 0.20% -0.03% 服务期内未支 付的租赁费用 所致 境外资产占比较高 □适用 不适用 49",windowed_extraction_review_required
300663.SZ,AR_300663_SZ_2025,management_discussion,2,13,"北京科蓝软件系统股份有限公司2025年年度报告全文 2025 年年度报告 第一节 重要提示、目录和释义 公司董事会及董事、高级管理人员保证年度报告内容的真实、准确、完 整，不存在虚假记载、误导性陈述或者重大遗漏，并承担个别和连带的法律 责任。 公司负责人王安京、主管会计工作负责人周旭红及会计机构负责人(会计 主管人员)吴玉苹声明：保证本年度报告中财务报告的真实、准确、完整。 所有董事均已出席了审议本报告的董事会会议。 2025 年度公司净利润为负值，公司主营业务、核心竞争力未发生重大不 利变化，与行业趋势一致，公司所处行业市场规模保持良好态势，具有发展 前景。公司具备持续经营能力，不存在重大风险。关于“业绩变动的具体原 因、主营业务、核心竞争力、主要财务指标变动情况、所处行业景气情况” 等信息详见“第三节、管理层讨论与分析”。 公司在本报告第三节“管理层讨论与分析”之“十一、公司未来发展的 展望”，详细描述了公司经营中可能存在的风险及应对措施。本报告中涉及 的未来计划等前瞻性陈述，不构成公司对投资者的实质承诺，投资者及相关 人士均应当对此保持足够的风险认识，并且应当理解计划、预测与承诺之间 的差异，请投资者注意投资风险。 公司计划不派发现金红利，不送红股，不以公积金转增股本。 截至报告期末，母公司存在未弥补亏损 2
北京科蓝软件系统股份有限公司2025年年度报告全文 截止 2025 年 12 月 31 日，母公司未弥补亏损 764,603,980.95 元,2025 年末公司合并报表及母公司报表未分配利润均为负值，未满足利润分配条件， 综合考虑公司当前业务发展情况，及后续日常经营发展对资金的需求，公司 本年度利润分配预案为：不派发现金红利，不送红股，不以资本公积金转增 股本。 3
北京科蓝软件系统股份有限公司2025年年度报告全文 目录 第一节 重要提示、目录和释义......................................................................................................................................2 第二节 公司简介和主要财务指标...................................................................................................................................7 第三节 管理层讨论与分析.............................................................................................................................................11 第四节 公司治理、环境和社会......................................................................................................................................57 第五节 重要事项...........................................................................................................................................................83 第六节 股份变动及股东情况..........................................................................................................................................112 第七节 债券相关情况....................................................................................................................................................120 第八节 财务报告...........................................................................................................................................................124 4
北京科蓝软件系统股份有限公司2025年年度报告全文 备查文件目录 一、 载有公司法定代表人、主管会计工作负责人、会计机构负责人签名并盖章的财务报表。 二、 载有会计师事务所盖章、注册会计师签名并盖章的审计报告原件。 三、 报告期内在中国证监会指定网站上公开披露过的所有公司文件的正本及公告的原稿。 四、 载有公司法定代表人签名的2025年年度报告原件。 以上备查文件的备置地点：公司证券部 5
北京科蓝软件系统股份有限公司2025年年度报告全文 释义 释义项 指 释义内容 公司、本公司、科蓝公司、科蓝软件 指 北京科蓝软件系统股份有限公司 泰安科蓝盛合投资服务合伙企业（有 科蓝盛合 指 限合伙）（曾用名“宁波科蓝盛合投 资管理合伙企业（有限合伙）”） 宁波科蓝盈众投资管理合伙企业（有 科蓝盈众 指 限合伙） 宁波科蓝融创投资管理合伙企业（有 科蓝融创 指 限合伙） 宁波科蓝金投投资管理合伙企业（有 科蓝金投 指 限合伙） 科蓝苏州 指 北京科蓝软件系统（苏州）有限公司 深圳科蓝 指 深圳科蓝金信科技发展有限公司 香港科蓝 指 科蓝软体系统(香港)有限公司 数蚂科蓝 指 北京数蚂科蓝科技有限公司 尼客矩阵 指 北京尼客矩阵科技有限公司 SUNJE SOFT 指 SUNJE SOFT 株式会社 大陆云盾 指 大陆云盾电子认证服务有限公司 深圳宁泽 指 深圳宁泽金融科技有限公司 证监会、中国证监会 指 中国证券监督管理委员会 深交所 指 深圳证券交易所 《公司法》 指 《中华人民共和国公司法》 《证券法》 指 《中华人民共和国证券法》 《北京科蓝软件系统股份有限公司章 《公司章程》 指 程》 北京科蓝软件系统股份有限公司股东 股东会、董事会 指 会、董事会 报告期 指 2025年1月1日-2025年12月31日 元、万元 指 人民币元、万元 6
北京科蓝软件系统股份有限公司2025年年度报告全文 第二节 公司简介和主要财务指标 一、公司信息 股票简称 科蓝软件 股票代码 300663 公司的中文名称 北京科蓝软件系统股份有限公司 公司的中文简称 科蓝软件 公司的外文名称（如有） Client Service International, Inc. 公司的外文名称缩写（如 CSII 有） 公司的法定代表人 王安京 注册地址 北京市北京经济技术开发区西环南路18号A座450室 注册地址的邮政编码 100176 公司注册地址历史变更情况 报告期内无变化 办公地址 北京朝阳区朝外大街16号中国人寿大厦 办公地址的邮政编码 100020 公司网址 www.csii.com.cn 电子信箱 investor@csii.com.cn 二、联系人和联系方式 董事会秘书 证券事务代表 姓名 周旭红 王娟 北京朝阳区朝外大街16号中国人寿大 北京朝阳区朝外大街16号中国人寿大 联系地址 厦 厦 电话 010-65886011 010-65886011 传真 010-65880766-201 010-65880766-201 电子信箱 investor@csii.com.cn investor@csii.com.cn 三、信息披露及备置地点 公司披露年度报告的证券交易所网站 http://www.szse.cn/ 公司披露年度报告的媒体名称及网址 证券时报、上海证券报、巨潮资讯网 公司年度报告备置地点 北京朝阳区朝外大街16号中国人寿大厦 公司证券部 四、其他有关资料 公司聘请的会计师事务所 会计师事务所名称 中兴华会计师事务所（特殊普通合伙） 会计师事务所办公地址 北京市丰台区丽泽路20号院1号楼南楼20层 签字会计师姓名 鹿丽鸿、高凤 公司聘请的报告期内履行持续督导职责的保荐机构 7
北京科蓝软件系统股份有限公司2025年年度报告全文 适用 □不适用 保荐机构名称 保荐机构办公地址 保荐代表人姓名 持续督导期间 截至本报告期末，保荐机构 持续督导期已届满，鉴于公 北京市朝阳区安立路66号 司募集资金尚未使用完毕， 中信建投证券股份有限公司 田东阁、张林 4号楼 中信建投证券股份有限公司 仍需对公司募集资金的使用 情况履行持续督导义务 公司聘请的报告期内履行持续督导职责的财务顾问 □适用 不适用 五、主要会计数据和财务指标 公司是否需追溯调整或重述以前年度会计数据 □是 否 2025年 2024年 本年比上年增减 2023年 营业收入（元） 590,844,813.06 842,565,148.09 -29.88% 1,169,408,900.72 归属于上市公司股东 -394,960,371.14 -534,585,585.26 26.12% -122,989,246.83 的净利润（元） 归属于上市公司股东 的扣除非经常性损益 -404,497,909.15 -538,569,755.30 24.89% -130,210,046.62 的净利润（元） 经营活动产生的现金 100,552,371.38 50,528,339.12 99.00% 16,611,890.84 流量净额（元） 基本每股收益（元/ -0.8255 -1.15 28.22% -0.27 股） 稀释每股收益（元/ -0.8255 -1.02 19.07% -0.2 股） 加权平均净资产收益 -64.06% -58.38% -5.68% -10.50% 率 2025年末 2024年末 本年末比上年末增减 2023年末 资产总额（元） 1,766,409,273.43 2,329,304,143.55 -24.17% 2,997,116,315.99 归属于上市公司股东 402,864,013.51 813,910,022.25 -50.50% 1,101,588,561.35 的净资产（元） 公司最近三个会计年度扣除非经常性损益前后净利润孰低者均为负值，且最近一年审计报告显示公司持续经营能力存在 不确定性 □是 否 公司报告期内经审计利润总额、净利润、扣除非经常性损益后的净利润三者孰低为负值 是 □否 项目 2025年 2024年 备注 营业收入（元） 590,844,813.06 842,565,148.09 营业收入扣除金额（元） 364,867.25 47,169.80 硬件销售收入 营业收入扣除后金额（元） 590,479,945.81 842,517,978.29 扣除硬件销售后收入 存在股权激励、员工持股计划的公司，可以披露扣除股份支付影响后的净利润 本期比上年同期增减 主要会计数据 2025年 2024年 2023年 (%) 8
北京科蓝软件系统股份有限公司2025年年度报告全文 扣除股份支付影响后 -388,289,720.00 -547,772,007.89 29.11% -133,429,948.94 的净利润（元） 公司报告期末至年度报告披露日股本是否因发行新股、增发、配股、股权激励行权、回购等原因发生变化且影响所有者 权益金额 是 □否 支付的优先股股利 0.00 支付的永续债利息（元） 0.00 用最新股本计算的全面摊薄每股收益（元/股） -0.8255 六、分季度主要财务指标 单位：元 第一季度 第二季度 第三季度 第四季度 营业收入 175,605,123.80 136,623,160.60 106,532,620.52 172,083,908.14 归属于上市公司股东 -5,756,773.28 -459,204.77 -4,336,500.50 -384,407,892.59 的净利润 归属于上市公司股东 的扣除非经常性损益 -7,225,118.51 -1,787,532.91 -4,865,234.06 -390,620,023.67 的净利润 经营活动产生的现金 7,639,538.09 12,714,719.62 31,324,199.94 48,873,913.73 流量净额 上述财务指标或其加总数是否与公司已披露季度报告、半年度报告相关财务指标存在重大差异 □是 否 七、境内外会计准则下会计数据差异 1、同时按照国际会计准则与按照中国会计准则披露的财务报告中净利润和净资产差异情况 □适用 不适用 公司报告期不存在按照国际会计准则与按照中国会计准则披露的财务报告中净利润和净资产差异情况。 2、同时按照境外会计准则与按照中国会计准则披露的财务报告中净利润和净资产差异情况 □适用 不适用 公司报告期不存在按照境外会计准则与按照中国会计准则披露的财务报告中净利润和净资产差异情况。 八、非经常性损益项目及金额 适用 □不适用 单位：元 项目 2025年金额 2024年金额 2023年金额 说明 非流动性资产处置损 益（包括已计提资产 -985,676.29 -174,943.24 5,105,137.40 减值准备的冲销部 分） 计入当期损益的政府 3,957,929.45 6,707,449.75 5,580,926.78 9
北京科蓝软件系统股份有限公司2025年年度报告全文 补助（与公司正常经 营业务密切相关，符 合国家政策规定、按 照确定的标准享有、 对公司损益产生持续 影响的政府补助除 外） 除同公司正常经营业 务相关的有效套期保 值业务外，非金融企 业持有金融资产和金 238,757.42 516,841.00 39,899.07 融负债产生的公允价 值变动损益以及处置 金融资产和金融负债 产生的损益 委托他人投资或管理 1,107,504.12 资产的损益 单独进行减值测试的 应收款项减值准备转 96,693.69 回 债务重组损益 -4,099,045.00 因税收、会计等法 律、法规的调整对当 -278,863.40 期损益产生的一次性 影响 因取消、修改股权激 励计划一次性确认的 6,919,283.18 股份支付费用 与公司正常经营业务 无关的或有事项产生 -1,497,673.11 的损益 除上述各项之外的其 -584,528.19 1,243,454.34 -292,451.89 他营业外收入和支出 其他符合非经常性损 818,715.56 益定义的损益项目 减：所得税影响额 14,570.38 1,225,696.09 2,055,296.90 少数股东权益影 -6,342.82 -919,415.59 1,307,097.84 响额（税后） 合计 9,537,538.01 3,984,170.04 7,220,799.79 -- 其他符合非经常性损益定义的损益项目的具体情况： □适用 不适用 公司不存在其他符合非经常性损益定义的损益项目的具体情况。 将《公开发行证券的公司信息披露解释性公告第1号——非经常性损益》中列举的非经常性损益项目界定为经常性损益 项目的情况说明 □适用 不适用 公司不存在将《公开发行证券的公司信息披露解释性公告第1号——非经常性损益》中列举的非经常性损益项目界定为 经常性损益的项目的情形。 10
北京科蓝软件系统股份有限公司2025年年度报告全文 第三节 管理层讨论与分析 一、报告期内公司从事的主要业务 公司扎根金融科技创新领域，持续深耕金融数字化解决方案，直接推动引领了中国银行业的代际变革。在坚守中国 银行业数字化转型引路人角色的同时，公司已完成在数字银行和智能软硬件领域布局，创新推出中国原创自主品牌的交 易型数据库、鸿蒙智能高柜机器人“小蓝”，立足于3A战略（AI数据库、AI应用与AI机器人、AI算力）打造第二增 长曲线，未来将基于AI的数字化转型和国产化替代，为中国自主可控的数字银行服务体系注入科技力量。 （一）报告期内公司从事的主要业务 1.公司的主营业务 深耕金融科技领域近三十年，科蓝软件已稳步成长为以AI为核心驱动、软硬件深度融合的AI硬科技领军企业。公 司主营业务围绕自主创新的“3A战略”体系展开——即AI机器人、AI数据库、AI算力，面向金融、电力、能源、交通 等国家关键基础设施领域，提供贯穿前、中、后台的全栈式人工智能软硬件一体化综合服务方案。公司坚定贯彻“AI原 生驱动”的产品策略，现已形成覆盖“AI机器人—AI Agent智能体应用—AI物联网—AI数据库-AI算力基础设施”的 全栈AI生态解决方案体系，全方位赋能金融机构数字化与智能化深度转型。 根据国际数据公司（IDC）最新发布的《IDC Perspective：中国金融行业大模型及智能体市场洞察》报告显示： “在以软硬结合的方式(即设备端Agent)推进大模型及智能体的应用落地”方面，科蓝软件取得重大创新成果。 回顾中国金融行业从信息化迈向数字化、数智化的发展历程，科蓝软件始终是引领者和推动者，已服务超过500家 总部级金融机构，涵盖国有银行、股份制银行、城商行、省级农商行与农信联社、保险、证券、信托、财务公司等金融 机构以及大型央企国企等国家关键基础设施行业。据国际著名的市场研究与评级公司IDC连续十年报告显示：“科蓝软 件在数字银行解决方案、移动银行等前沿市场领域，连续十年蝉联市场第一。” 2.公司重点产品 （1）AI机器人 银行网点鸿蒙智能高柜机器人“小蓝”：公司自主研发的鸿蒙智能高柜机器人“小蓝”操作台(PC)已完成基于国 产处理器芯片的全栈信创适配，全面搭载鸿蒙PC、统信、麒麟等主流操作系统，打通与网点自助设备、平板、智慧大屏、 智能手机等多终端的互联互通通道，实现设备间数据、功能协同流转，为智慧网点转型、创新型场景应用搭建了稳定、 安全的技术框架，夯实“芯片-操作系统-中间件-应用”全栈信创生态落地基础。 11
北京科蓝软件系统股份有限公司2025年年度报告全文 在通用人工智能方面，结合主流大模型等AI技术，“小蓝”支持智能语音对话、人脸识别、远程视频柜员、3D数 字人、智能投顾等功能，支持数字人民币与现金的自由兑换，可为银行客户提供更多个性化的服务；同时，产品重点提 升网点服务效率，优化空置窗口资源配置，将柜员从重复性事务中释放出来，转向客户服务、业务营销等高价值工作， 进一步提升网点整体运营效能。“小蓝”适配搭载昇腾算力的硬件平台，支持蒸馏通用AI模型，实现更强的通用AI能 力，全面加速AI大模型在智慧网点的应用。该平台部署灵活，零改造零装修部署，快速支持农村地区“零网点”服务延 伸，解决金融服务“最后一公里”难题。 企业财务机器人：公司企业网银机器人作为企业财务数字化智能方案，依托大模型、新硬件与软硬协同技术构建 核心产品特点。其以大模型驱动，可自动化处理财务重复操作，智能识别预警资金风险;搭载U盾管理创新硬件，实现集 中管控与远程安全调用，同时通过软件智能调度与硬件安全管控协同，适配大规模系统场景，保障稳定运行。该产品优 势显著，能够替代人工完成重复性工作，实现降本增效;依托软硬件双重安全防护，满足金融合规标准，筑牢数据安全防 线;并支持标准化流程与智能监控，达成7x24小时无人值守运维，有效降低运维压力。 数据中心运维机器人：公司联合合作伙伴打造数据中心运维机器人适配大规模服务器运维场景，可自动完成服务 器拆换、上下架全流程，替代人工机房作业。作业标准化、流程智能化，大幅提升硬件故障处理效率，摆脱人工操作局 限，实现数据中心机房无人值守，优化集团整体运营效率，适配海量服务器的常态化运维需求。 VR私行助理：科蓝联合合伙伙伴打造私行高净值客户体验升级解决方案。VR私行助理融合VR沉浸式技术与金融 大模型能力，打造专属高端财富管理虚拟服务场景。支持3D可视化资产全景展示、沉浸式财富规划与投资分析，可实现 语音交互式业务咨询、定制化资产配置方案解读，7×24小时在线响应私行客户需求。打破时空与线下场景限制，让客 户足不出户享面对面式高端服务体验，同时助力私行机构降本增效，升级财富管理服务的专业性与科技感。 （2）AI Agent智能体应用 A．魔聚平台筑牢公司解决方案AI转型基础 持续推进魔聚平台向企业级基础智能体开发与运行平台的战略定位升级，围绕大模型应用规模化落地的核心需求， 构建具备通用性与可复制性的智能体基础设施能力体系。平台以统一的智能体开发框架为核心，打通模型接入、知识管 理、任务编排及运行调度等关键环节，形成标准化、模块化的智能体构建与部署能力，为各类业务场景提供低门槛、高 复用的开发底座。在能力建设方面，完成混合检索体系升级，实现“语义理解+结构化数据”融合检索，提升复杂场景下 的信息获取能力；同步拓展多模态数据处理能力，支持图片、PDF等多模态数据的统一理解与利用，增强智能体对多源 数据环境的适应性。在平台治理方面，持续完善权限管理与安全控制体系，强化企业级合规与风险管控能力；同时，通 过接入OpenClaw生态，提升智能体在多渠道、多终端环境下的连接与服务能力。整体来看，魔聚平台已形成具备规模化 推广能力的基础智能体平台架构，为公司AI能力的产品化输出及行业解决方案复制奠定了坚实基础，有助于进一步巩固 公司在金融智能化领域的技术领先优势。 12
北京科蓝软件系统股份有限公司2025年年度报告全文 B．适应信创要求，MADP移动开发平台产品持续升级至4.0版本 MADP移动应用开发平台4.0为金融机构提供统一移动端开发管理平台，快速搭建稳定高质量的移动应用。平台实 现了从APP开发、测试、运营全生命周期的管理。提供了丰富的金融组件及丰富的辅助系统。平台所赋予的能力多个 APP可以共享。多个APP可以按照一套标准进行统一的开发、统一的运营、统一的运维。平台也支持不同的APP业务场 景灵活选择开发模式，如:native、H5、小程序等。 APP建设目标是实现超级应用(syupexgpps)，即集应用、平台和生态系统功能于一身的应用程序,同时也可提供第 三方开发和发布微应用软件的平台。通过平台开发的小程序，可以运行在自有平台及主流平台(微信、支付宝、抖音等) 的APP上。使企业具备自主运营的小程序商店。小程序服务具备学习成本低、易上手等优势。 MADP移动应用开发平台4.0包含:三端(鸿蒙、安卓、i0S)SDK、前端框架、性能分析、行为分析、消息推送、数据 同步、小程序、基础服务等。同时平台也提供了丰富的uI组件、功能组件、安全组件等。 移动开发平台的核心价值在于通过技术手段显著提升企业移动应用的开发效率、降低成本并增强管理能力，具体 分为以下几个方面：  大幅提升开发效率与速度 平台提供预制的组件、模板和可视化开发工具（如拖拽式界面），使开发者无需从零开始编写代码，即可快速搭 建应用功能。帮助企业更快地推出新产品、优化流程或响应市场变化。  显著降低开发成本 通过代码复用和跨平台支持（一次开发，多端运行），企业无需为iOS、Android等不同平台组建独立的开发团队， 从而节省了人力、时间和资金投入。同时，低代码或无代码模式允许业务人员参与应用构建，进一步释放专业IT团队的 资源，使其专注于核心系统开发。  实现应用统一管理与安全 作为企业的“超级APP”门户，移动开发平台能整合内部多个独立应用（如OA、个人业务、对公业务），建立统 一的企业应用商店。平台可对应用进行统一的安全加固、权限管理和更新发布，提升整体安全性与运维效率。  促进协作与数字化转型 平台降低了技术门槛，使业务部门能直接参与应用设计与开发，确保应用更贴合实际业务需求。这不仅加速了内 部流程的数字化（如审批、数据收集），也推动了企业跨部门协作与整体数字化转型。  提升灵活性与可维护性 标准化的组件库和统一的开发规范，有助于减少系统碎片化，降低长期技术债务。能更灵活地调整应用功能，快 速迭代，同时保障系统的稳定性与可维护性。 C. 数字银行产品全面AI升级 公司作为国内主要数字银行解决方案供应商，在以AI驱动的移动银行与数字银行普及和发展进程中始终处于领军 13",windowed_extraction_review_required
002987.SZ,AR_002987_SZ_2025,business_overview,14,25,"京北方信息技术股份有限公司2025年年度报告全文 四、主营业务分析 1、概述 2025年度，公司主营业务保持稳健运行，经营态势平稳，核心竞争力持续巩固。报告期内，公司 实现营业收入48.39亿元，同比增长4.38%；归属于上市公司股东的净利润3.27亿元，同比增长5.06%。 公司业绩在金融IT行业中持续保持前列地位，整体经营表现符合公司长期发展规划。报告期内，公司 聚焦AI与大数据等创新技术产品，深化核心客户合作，推进相关技术研发与产品落地，客户拓展与业 务发展均取得积极进展，有效保障了主营业务的平稳运行。按业务板块划分，软件及IT解决方案条线 实现收入32.42亿元，占总营收比重67.00%，保持平稳增长，其中金融科技解决方案产品线收入14.37 亿元，增速10.53%；人工智能及大数据创新产品线收入1.24亿元，增速55.63%。业务数字化运营条线 收入15.97亿元，其中智慧客服及消费金融精准营销产品线收入9.67亿元，增速17.93%。 报告期内，公司客户结构持续优化，中小银行、非银金融机构及非金融机构等客户的渗透率持续提 升，长尾客户拓展成效显著。按客户类型划分，金融业客户仍是公司核心收入来源，报告期内贡献收入 44.46亿元，占总营收比重91.87%，客户群体全面覆盖各类金融机构，核心客户合作黏性持续提升。其 中，中小银行、非银金融机构客户收入增速高于公司整体增速，客户发展战略得到有效落地；非金融业 客户贡献收入3.93亿元，同比增长30.87%，市场渗透持续推进，有效丰富了收入来源。2025年度，公 司新增法人客户51家，客户拓展成效显著，多元化客户布局进一步分散了经营风险。 （1）聚焦人工智能技术领域，持续完善创新产品体系，强化技术落地与业务赋能 人工智能领域是公司长期战略布局方向，其中大模型与智能体能力是公司技术战略储备与产品创新 的重要抓手。报告期内，公司围绕“京北方大模型&智能体系列”持续完善智能产品体系，聚焦智能营 销、智能合规、智能运维、智能反欺诈与智能报告生成等高频业务场景，依托自然语言处理、时序分析、 语义理解等核心技术，实现产品模块化嵌入现有业务系统，有效提升各业务环节的自动化与智能化水平。 目前，相关智能产品已成功在银行、非银金融及非金融类客户中落地应用，并形成稳定的持续交付订单， 为公司业务增长注入新的动力。 在大模型智能体类产品方面，公司构建覆盖“平台化纳管+场景化智能体”的产品矩阵：一方面， 建设AI门户平台，实现模型与智能体能力的统一接入、统一管理与统一运营；另一方面，面向金融行 业关键业务环节，持续迭代合规智能体、营销智能体、风控智能体、软件工程智能体、内部办公智能体、 数据分析智能体等场景产品，推动智能能力从“点状试用”向“流程内嵌、闭环可控、可规模复制”演 进。 在计算机视觉类产品方面，公司围绕图像与视频识别能力打造OCR识别平台与智能视频监控系统， 14
京北方信息技术股份有限公司2025年年度报告全文 覆盖身份证、发票、金融业务凭证等常见票证的高精度识别与结构化处理，支持多终端与信创部署，实 现金库、营业厅、操作间、闸机区域等多场景的异常事件识别与预警联动，构建高效闭环的智能安防体 系。同时，公司在视觉能力体系中进一步完善多模态查询与检索能力，强化跨文本、图像、视频的信息 理解与检索，提升复杂业务场景下的智能查询与知识获取效率。此外，针对其他公司重点产品的视觉需 求，提供技术赋能与共研服务，助力客户或内部产品线构建定制化计算机视觉解决方案。 在大数据领域，公司聚焦数据资产治理、数据分析、大模型数据预处理与数据应用等方向，提供覆 盖数据采集、存储、治理、分析与业务应用的大数据全流程解决方案，并已在银行、保险、证券等行业 广泛应用。公司通过统一数据底座/数据中台能力提升客户数据处理的标准化水平与效率，并将AI能力 深度融入数据产品体系，在智能问数、数据分析与业务洞察等方向形成成熟解决方案。报告期内，公司 在指标管理、客户画像与标签管理、数据可视化分析、数据填报、综合报表等产品基础上，进一步完善 面向大模型的数据工程能力体系，形成Data4AI的数据支撑与训练/推理数据准备能力，并持续强化企 业级知识库建设与应用能力，为智能体与行业应用提供高质量、可治理、可追溯的数据与知识供给。 在区块链及隐私计算领域，公司在既有区块链公共服务平台、供应链金融平台、数字人民币系统等 能力基础上，进一步完善“链上可信+链下合规”的技术与产品布局，新增建设隐私计算平台，以满足 跨机构、跨数据域的安全协作与合规计算需求。在创新方向上，公司面向跨境支付、资产通证化与数字 资产相关场景，提供全流程合规可控的技术支撑与产品能力，助力客户高效完成多元场景建设与数字生 态接入。 为保障各类创新产品高效交付落地，公司持续建设盘庚测试云平台等基础支撑能力，构建覆盖测试 管理、自动化测试、性能测试等环节的全生命周期测试中台体系。平台深度融合AI技术，覆盖需求文 档解析、测试点分析、测试用例生成、脚本生成、自动化执行、报告生成等全流程场景，持续提升产品 交付质量与研发效率，同时全面适配国产化生态建设要求。 （2）深耕金融行业场景，完善全品类解决方案，赋能客户数智化转型与信创落地 在金融行业数字化转型与信创建设持续深化的背景下，公司围绕“安全可控、架构升级、能力中台 化、智能化嵌入”的总体思路，持续完善覆盖渠道类、管理类、核心类系统的金融行业解决方案体系， 推动传统系统能力向数智化、平台化方向升级，助力客户构建兼顾稳定性与创新能力的现代金融科技体 系。 在渠道类系统方面，公司依托自主知识产权的统一开发平台底座，以统一移动开发平台与渠道中台 能力为核心，融合NLP、AI、数据智能等先进技术，侧重渠道运营能力提升，现已打造覆盖多场景、 全维度的渠道体系，渠道中台实现客户、账户、认证、决策、营销与运营等服务能力的聚合，提供高效、 安全、标准的全渠道服务支撑；同时配套构建统一认证门户、统一开发平台（含移动开发平台）、渠道 15
京北方信息技术股份有限公司2025年年度报告全文 运营平台及一体化运行管控平台，全面支持鸿蒙及国产化软硬件环境适配，满足信创生态建设要求。 同时，围绕企业客户综合金融服务需求，融合大模型技术能力，持续升级企业易管家代发平台及一 站式企业数字化解决方案，聚焦人、财、事数字化管理，为客户赋能中小微企业持续注入动力；通过构 建统一用户体系、统一交易模型、统一安全管控、统一运营管理与统一渠道体验五大核心能力，并深度 融合大模型智能体能力，持续完善AI+手机银行及“小方”智能体，推动渠道交互模式从传统菜单式向 自然语言交互与场景化服务演进。此外，数智化运营能力全面覆盖埋点、数据分析、活动策划到智能投 放与效果分析的全流程，进一步强化渠道运营效能。 在数智化管理类系统方面，公司紧跟行业智能化发展趋势，全面推进管理类产品与大模型等AI技 术的深度融合与升级重塑。在大资管领域，以“3+1”大资管产品线为核心，进一步深化大模型、OCR、 RPA等技术在投研、风控与运营流程中的应用，不断优化理财代销、客户标签管理、智能推荐等功能 模块，加速资管系统从传统业务支撑向智能运营的转变。同时，积极探索前沿AI技术，为资管业务提 供更精准的市场预测和投资决策支持，提升资产管理的智能化水平。在运营与风险管理板块，集约化运 营平台和风险监控系统持续迭代升级，大模型的引入使风险识别和决策支持更为精准高效；监管报送 “一表通”体系不断打磨，数据采集至报文生成的全流程标准化管理水平再上新台阶，监管数据报送的 准确性和合规性显著增强。公司的数字档案管理平台不断进化，AI和检索技术的融入让档案数据的调 用和管理更加智能便捷，全方位赋能金融机构的精细化运营。 在核心类系统方面，公司深度参与银行存款、信贷、支付等核心业务系统的重构与升级，围绕分布 式架构改造、数据迁移、性能优化及国产化环境适配等关键环节提供研发技术支持。依托盘庚测试云平 台与自动化测试体系，公司为客户提供核心类系统的全流程测试服务，覆盖功能、性能、安全与兼容性 的全生命周期测试，强化系统在信创软硬件环境下的稳定运行能力，保障金融业务连续性与系统安全性。 在运营咨询与模型风控服务方面，依托深厚的AI研发能力，尤其是在机器学习算法与特征工程领 域的积淀，公司精准把握零售、小微、普惠及涉农业务在强监管导向下的风控痛点，输出以申请评分、 行为评分、催收评分为核心的量化模型矩阵及动态策略优化服务。公司致力于协助金融机构构建具备前 瞻性与自适应性的风险识别机制，实现从贷前准入、贷中监控到贷后管理的全栈式资产质量精细化管理。 在此基础上，公司进一步将数据治理能力与智能分析决策能力升维为咨询服务的核心组件，推动咨询方 案与系统实施的无缝衔接，形成“诊断-治理-落地-迭代”的协同闭环，确保风控策略从顶层设计到生 产运营的全程贯通，为合作伙伴构建可持续的、具备内生增长力的数字化风控生态。 在上述解决方案持续演进的基础上，公司将信创适配能力、智能体能力、数据治理能力与行业场景 深度融合，形成兼顾安全可控与数智升级的综合解决方案体系，为金融机构实现高质量发展提供持续技 术支撑。 16
京北方信息技术股份有限公司2025年年度报告全文 （3）数字人民币推广升级，出海迈出实质步伐，探索智能经济新形态 随着数字人民币试点范围持续扩大、运营机构持续扩容，商业银行数币相关系统建设及运营需求不 断深化。在系统建设方面，公司能够为银行客户提供覆盖数字人民币钱包管理、交易处理、渠道接入、 账务处理、对账清算及监管报送等环节的系统研发与技术支持，并具备与核心系统、支付系统、渠道系 统等多类业务系统协同改造的综合实施能力。在项目交付方面，公司形成了覆盖需求分析、系统设计、 开发实现、测试验证、上线实施及运行支持的全生命周期交付体系，通过自动化测试平台、性能测试与 国产化适配能力，保障系统在信创环境下稳定运行。报告期内，公司在多家商业银行数字人民币项目实 践中积累了丰富经验，逐步形成标准化实施方法与协同交付机制，为金融机构在数字人民币相关系统建 设及运营阶段提供持续、可靠的技术支撑能力。 业务出海方面，公司在报告期内正式成立香港全资子公司，标志着公司全球化布局战略迈出实质性 步伐。该子公司定位为跨境技术协同平台，聚焦香港、澳门及东南亚金融机构数字化需求，辐射全球市 场，致力于构建“技术输出+生态合作”的国际化服务体系，服务银行、保险、证券、基金、交易所等 多元海外客户群体。目前，公司已通过香港子公司与多家海外机构签署业务合作协议，加速出海战略落 地。未来，公司将依托香港子公司的区位优势，强化AI及区块链驱动的金融科技解决方案研发与场景 对接能力，拓展AIAgent在海外金融营销、风控、运维等场景的应用，结合隐私计算等技术探索数字 资产管理、跨境支付等领域业务机会，进一步完善国际化服务网络，为公司长期发展培育新的增长动能。 （4）现金流持续改善，重视股东回报，分红比例提升 2025年，公司经营性净现金流4.65亿元，较上年同比增加77.95%。根据相关法律法规及《公司章 程》关于利润分配规定，基于公司稳健的经营状况、健康的现金流状况以及未来可持续的成长性，为进 一步增强公司资本实力，同时兼顾对广大投资者的合理回报，公司提出2025年度利润分配方案：拟向 全体股东每10股派发现金股利人民币2.10元，共计派发现金股利人民币1.82亿元。同时以资本公积转 增股本，每10股转增2股，合计转增1.73亿股。 2、收入与成本 （1） 营业收入构成 单位：元 2025年 2024年 同比增减 金额 占营业收入比重 金额 占营业收入比重 营业收入合计 4,839,049,619.20 100% 4,636,169,749.19 100% 4.38% 分行业 银行 3,985,651,932.37 82.36% 3,969,180,497.71 85.62% 0.41% 非银金融 459,952,930.68 9.51% 366,342,313.92 7.90% 25.55% 17
京北方信息技术股份有限公司2025年年度报告全文 其他 393,444,756.15 8.13% 300,646,937.56 6.48% 30.87% 分产品 软件开发及服务 1,681,167,495.87 34.74% 1,627,458,003.84 35.10% 3.30% 金融科技解决方 1,437,299,218.10 29.70% 1,300,414,906.26 28.05% 10.53% 案 人工智能及大数 123,854,855.96 2.56% 79,585,122.81 1.72% 55.63% 据创新产品 智慧客服及消费 967,054,108.71 19.98% 820,025,841.42 17.69% 17.93% 金融精准营销 数智化运营及服 629,673,940.56 13.02% 808,685,874.86 17.44% -22.14% 务 分地区 华北区 2,044,038,320.96 42.24% 1,983,455,938.28 42.78% 3.05% 华东区 926,925,023.10 19.16% 845,830,870.09 18.24% 9.59% 华南区 594,442,536.81 12.28% 596,744,764.20 12.87% -0.39% 中南区 510,881,428.62 10.56% 445,183,153.74 9.60% 14.76% 西南区 341,001,451.79 7.05% 352,583,317.37 7.61% -3.28% 西北区 256,679,798.73 5.30% 229,597,093.41 4.95% 11.80% 东北区 151,695,875.55 3.13% 173,192,053.49 3.74% -12.41% 境外 13,385,183.64 0.28% 9,582,558.61 0.21% 39.68% 分销售模式 自营 4,839,049,619.20 100.00% 4,636,169,749.19 100.00% 4.38% 公司需遵守《深圳证券交易所上市公司自律监管指引第3号——行业信息披露》中软件与信息技术服务业的披露要求 单位：元 2025年度 2024年度 第一季度 第二季度 第三季度 第四季度 第一季度 第二季度 第三季度 第四季度 1,157,106 1,203,858 1,252,139 1,225,944 1,115,396 1,128,522 1,192,435 1,199,814 营业收入 ,728.57 ,659.31 ,687.41 ,543.91 ,933.04 ,260.04 ,683.41 ,872.70 归属于上 市公司股 46,732,33 72,108,88 124,611,5 83,935,33 48,531,78 71,396,64 105,625,1 86,070,98 东的净利 5.50 5.48 30.45 1.67 2.37 2.51 21.73 7.39 润 说明经营季节性（或周期性）发生的原因及波动风险 （2） 占公司营业收入或营业利润10%以上的行业、产品、地区、销售模式的情况 适用 □不适用 公司需遵守《深圳证券交易所上市公司自律监管指引第3号——行业信息披露》中软件与信息技术服务业的披露要求 单位：元 营业收入比 营业成本 毛利率比 营业收入 营业成本 毛利率 上年同期增 比上年同 上年同期 减 期增减 增减 分客户所处行业 银行 3,985,651,932.37 3,064,631,095.90 23.11% 0.41% -0.41% 0.63% 分产品 软件开发及服 1,681,167,495.87 1,226,062,987.31 27.07% 3.30% 1.92% 0.99% 务 金融科技解决 1,437,299,218.10 1,008,274,721.49 29.85% 10.53% 10.20% 0.21% 方案 智慧客服及消 967,054,108.71 852,013,882.38 11.90% 17.93% 19.84% -1.41% 18
京北方信息技术股份有限公司2025年年度报告全文 费金融精准营 销 数智化运营及 629,673,940.56 559,498,100.96 11.14% -22.14% -21.25% -1.00% 服务 分地区 华北区 2,044,038,320.96 1,569,070,260.40 23.24% 3.05% 0.14% 2.24% 华东区 926,925,023.10 711,931,278.60 23.19% 9.59% 10.77% -0.82% 华南区 594,442,536.81 440,968,431.26 25.82% -0.39% -2.66% 1.73% 中南区 510,881,428.62 421,727,303.54 17.45% 14.76% 19.95% -3.58% 分销售模式 自营 4,839,049,619.20 3,730,061,987.57 22.92% 4.38% 3.67% 0.52% 公司主营业务数据统计口径在报告期发生调整的情况下，公司最近1年按报告期末口径调整后的主营业务数据 □适用 不适用 （3） 公司实物销售收入是否大于劳务收入 □是 否 （4） 公司已签订的重大销售合同、重大采购合同截至本报告期的履行情况 □适用 不适用 （5） 营业成本构成 行业分类 行业分类 单位：元 2025年 2024年 行业分类 项目 占营业成 占营业成本 同比增减 金额 金额 本比重 比重 银行 人工 3,002,833,091.28 80.50% 3,003,047,549.72 83.47% -0.01% 外购商品与服 银行 26,114,065.98 0.70% 38,209,838.49 1.06% -31.66% 务 银行 项目直接费用 31,697,853.04 0.85% 31,134,579.02 0.87% 1.81% 银行 固定资产折旧 3,986,085.60 0.11% 4,744,607.72 0.13% -15.99% 非银金融 人工 353,881,828.19 9.49% 279,705,071.66 7.77% 26.52% 外购商品与服 非银金融 2,089,146.46 0.05% 1,122,547.91 0.03% 86.11% 务 非银金融 项目直接费用 5,414,738.36 0.15% 2,523,675.74 0.07% 114.56% 非银金融 固定资产折旧 436,673.11 0.01% 385,281.04 0.01% 13.34% 其他 人工 295,071,325.60 7.91% 232,450,692.32 6.46% 26.94% 外购商品与服 其他 2,911,240.28 0.08% 1,669,884.74 0.05% 74.34% 务 其他 项目直接费用 5,266,183.28 0.14% 2,568,589.90 0.07% 105.02% 其他 固定资产折旧 359,756.39 0.01% 322,965.70 0.01% 11.39% 说明 公司业务由银行业、非银金融业及其他业构成，公司营业成本构成比较稳定，主要构成为人工成本，随营业收入增长而 增加。 公司需遵守《深圳证券交易所上市公司自律监管指引第3号——行业信息披露》中软件与信息技术服务业的披露要求 19
京北方信息技术股份有限公司2025年年度报告全文 主营业务成本构成 单位：元 本报告期 上年同期 成本构成 同比增减 金额 占营业成本比重 金额 占营业成本比重 人工 3,651,786,245.07 97.90% 3,515,203,313.70 97.70% 3.89% 外购商品与服务 31,114,452.72 0.83% 41,002,271.14 1.14% -24.12% 项目直接费用 42,378,774.68 1.14% 36,226,844.66 1.01% 16.98% 固定资产折旧 4,782,515.10 0.13% 5,452,854.46 0.15% -12.29% （6） 报告期内合并范围是否发生变动 □是 否 （7） 公司报告期内业务、产品或服务发生重大变化或调整有关情况 □适用 不适用 （8） 主要销售客户和主要供应商情况 公司主要销售客户情况 前五名客户合计销售金额（元） 2,399,543,820.56 前五名客户合计销售金额占年度销售总额比例 49.58% 前五名客户销售额中关联方销售额占年度销售总额比例 0.00% 公司前5大客户资料 序号 客户名称 销售额（元） 占年度销售总额比例 1 客户一 611,711,373.80 12.64% 2 客户二 585,976,051.90 12.11% 3 客户三 450,630,930.15 9.31% 4 客户四 437,903,895.47 9.05% 5 客户五 313,321,569.24 6.47% 合计 -- 2,399,543,820.56 49.58% 主要客户其他情况说明 □适用 不适用 公司主要供应商情况 前五名供应商合计采购金额（元） 22,714,075.93 前五名供应商合计采购金额占年度采购总额比例 36.48% 前五名供应商采购额中关联方采购额占年度采购总额比例 0.00% 公司前5名供应商资料 序号 供应商名称 采购额（元） 占年度采购总额比例 1 供应商一 9,723,193.44 15.61% 2 供应商二 7,612,784.18 12.23% 3 供应商三 2,027,665.15 3.26% 4 供应商四 1,815,520.00 2.92% 5 供应商五 1,534,913.16 2.46% 20
京北方信息技术股份有限公司2025年年度报告全文 合计 -- 22,714,075.93 36.48% 主要供应商其他情况说明 □适用 不适用 报告期内公司贸易业务收入占营业收入比例超过10% □适用 不适用 3、费用 单位：元 2025年 2024年 同比增减 重大变动说明 销售费用 81,089,310.01 85,300,237.58 -4.94% 管理费用 227,806,934.08 171,735,055.63 32.65% 因业务调整造成的人工成本增长 主要系利率下降，利息收入减少 财务费用 -854,858.19 -3,162,311.17 不适用 所致。 研发费用 440,504,108.29 427,131,842.25 3.13% 4、研发投入 适用 □不适用 主要研发项 预计对公司未来发展 项目目的 项目进展 拟达到的目标 目名称 的影响 大模型应用服务平台基于前 1、完成平台整体框架 1、搭建大模型应用服 支持多业务场景智能 沿大语言模型技术构建，支 设计与功能模块划分； 务平台，支持多种业 体的灵活搭载与快速 持AI能力集成与按需灵活 2、完成大模型应用服 务智能体集成与功能 拓展，通过即插即用 AI智能体门 拓展，可无缝搭载智能营 务平台研发； 展示； 的AI能力，深度赋能 户与场景智 销、智能合规、智能运维、 3、完成运维智能体、 2、完成智能营销、智 智能营销、合规、运 能体 智能办公等多场景业务智能 合规智能体、智能报告 能合规、智能运维、 维及办公场景，为企 体，通过清晰直观的功能体 生成、智能办公等多业 智能办公、智能报告 业打造全流程闭环的 系，为企业提供全流程、高 务场景的智能体研发与 等智能体研发。 智能服务体系。 适配的业务智能赋能服务。 接入。 1.功能目标：实现AI 驱动的全流程测试能 力，涵盖需求分析智 能化、测试点自动生 成、测试用例生成与 1、完成解析需求文 用AI智能体替代传统人工/ 优化、测试执行自动 档、生成测试点和测试 自动化测试，实现自主规 化、测试结果分析与 用例功能； 划、自主执行、自主分析、 缺陷定位，形成闭环 2、完成知识库搭建， 自主修复的测试闭环，解决 式智能测试流程； 推动技术创新：引入 知识向量化和RAG调 传统测试效率低、覆盖率不 2.效率目标：相较于 AI大模型等技术，提 优； AI测试智能 足、回归成本高、问题定位 传统人工测试，大幅 升测试能力，积累技 3、完成人工用例生成 体 慢等痛点，提升研发交付质 缩短测试周期（如核 术优势，为未来创新 自动化脚本，以及自动 量与速度。同时，沉淀测试 心测试环节效率提升 和业务拓展奠定基 执行脚本； 知识与决策模型，形成企业 50%以上），减少人工 础。 4、完成测试结果智能 级测试大脑，实现测试从 投入，降低测试成 分析； “工具化”向“智能化”升 本，支撑创新产品快 5、正在实现AI生成测 级。 速交付迭代； 试业务数据。 3.质量目标：提升测 试覆盖率，减少漏 测、误测问题，精准 定位产品缺陷，助力 产品交付质量提升。 21
京北方信息技术股份有限公司2025年年度报告全文 降低上线后故障发生 率； 4.适配目标：全面适 配国产化软硬件生 态，确保测试智能体 可兼容国产化系统、 数据库及工具，满足 国产化项目测试需 求； 5.平台融合目标：与 盘庚测试云平台深度 集成，融入现有测试 中台体系，形成“基 础支撑+智能测试”的 一体化能力，实现测 试资源、流程、数据 的统一管理与复用。 NLP及大模型算法服务平台 提供NLP和大模型技术底 座，支持大模型接入和定制 1、完成平台整体框架 1、建立大模型服务平 化服务构建。平台提供信息 设计； 台； NLP&大模型 提取、知识库问答、文本生 2、完成接口规范化设 2、支持大模型接入和 形成公司在AI大模型 算法服务平 成、数据分析四类应用服务 计； 定制化服务构建； 赛道的核心竞争力。 台 能力，并通过API接口快速 3、完成合规助手、报 3、快速集成业务系 集成到业务系统，为办公、 告生成子产品研发。 统。 研发、资管、风控等业务领 域提供智能服务。 面向多元化业务场景中的双 1、建立智能推荐平 边资源匹配需求，建设智能 台； 1、完成平台框架设 推荐平台，结合人工智能自 2、支持多元化双边资 基于NLP和 计； 拓展公司业务版图， 然语言处理技术、特别是AI 源匹配场景快速接 大模型的智 2、完成招聘系统业务 提升公司市场竞争 大模型技术，实现资源需求 入； 能推荐平台 数据的接入和匹配模型 力。 方和供给方的精准匹配与高 3、提升业务系统的资 训练。 效对接，提升业务系统中双 源匹配精准率和效 边资源利用率和总体效益。 率。 在新一代通用票证深度 1、开展多元化场景探 识别引擎的基础上，不 索，研发符合金融业 针对金融机构对各种票据、 断扩大支持范围，持续 务场景的OCR相关产 证件、文案等业务数据的自 优化识别算法。目前可 品； 完善公司产品矩阵， 动录入需求，结合AI深度 支持票证50余种，支 2、搭建OCR云服务、 智能OCR平 为公司开拓更多客 学习算法的图像处理模块， 持移动端OCR、云服务 移动端OCR，同时满 台 户，提升公司市场竞 打破传统图像处理的工作方 等多种服务部署场景。 足在线和终端识别场 争力。 式，帮助企业降低运营成 已完成合同比对工具、 景； 本，提升工作效率。 图像质检工具、图像数 3、研发高可靠性OCR 字化智能平台等系列场 算法，不断提高识别 景产品的开发。 服务的性能和精度。 1、参考同业产品，进 基于大模型应用对高质量、 行非结构化数据管理平 1、构建平台与公司大 是公司执行在大模型 结构化知识的需求，建立面 台设计，实现文档、图 模型应用进行结合， 赛道的战略的关键能 向AI的数据底座，核心目 像、音频等信息的加 能够合力进行POC； 力，进一步提升公司 的是将企业内部多源、异构 Data4AI知识 载、结构化提取以及查 2、随POC过程和大模 在关键领域的竞争 的原始数据转化为可供大模 中枢 询等管理功能; 型应用的需求完善产 力； 型直接理解、学习与调用的 2、配合公司的云测系 品； 同时，也为公司内部 规范化、向量化知识资产， 统，利用测试数据资产 3、支持公司内部的大 的AI化管理与运营提 打通从“数据资源”到“AI 提供测试数据生成服 模型应用。 供基础支撑。 智能”的关键路径。 务。 22
京北方信息技术股份有限公司2025年年度报告全文 已完成产品搭建，具备 POC能力。 建设基于大模型的数据分析 预备建设： 加强AI与大数据的结 应用，为管理人员、分析人 1、完善POC过程中缺 完善功能获取案例， 合与赋能，完善公司 智能问数 员提供自然语言查找数据指 少的功能：如归因分析 通过实际项目交付经 在数据与AI领域的产 标、进行数据分析的能力， 等深入分析能力； 验完善功能与性能。 品矩阵，提升公司产 降低人员的用数门槛。 2、与综合报表平台进 品竞争力。 行打通，赋能综合报表 平台。 通过建设和沉淀大数 据产品，为公司带来 已完成数据分析平台的 基于信创的 开发公司大数据产品，并应 完善数据产品建设路 新的业务增长点。同 初始版本建设，并中标 大数据和云 用于客户大数据相关项目 径规划，开发完成数 时通过应用大数据工 某银行历史数据查询项 计算平台 中，提供完整的解决方案。 据分析平台产品。 具提升公司内部数据 目。 加工分析效率，实现 高效的数据驱动。 通过建设和沉淀大数 数据资产治理平台中的 1、完成数据资产治理 完善公司大数据产品体系， 据产品以及相应的解 元数据管理模块、数据 平台的整体产品建设 数据资产治 将产品应用于客户大数据相 决方案，为公司带来 集成模块、数据开发模 并应用于客户项目； 理平台（含 关项目，为项目提供完整的 新的业务增长点。同 块、数据质量模块、数 2、完成数据资产治理 元数据管理 解决方案，并能够在项目中 时通过应用大数据工 据任务等核心模块已开 平台与数据分析平台 系统） 快速实施，降低项目实施成 具提升公司内部数据 发完成。数据安全模块 的打通，形成整体性 本。 加工分析效率，实现 正在开发中。 的数据平台能力。 高效的数据驱动。 1、完成数据分析平台 的搭建，包含数据源管 完善数据分析平台的 理、数据模型管理、可 各业务场景：大屏、 1、是公司大数据业务 视化分析与配置看板等 指标分析、数据报 线的核心产品与解决 综合报表平 形成公司自研的综合性数据 功能； 表、数据填报等； 方案之一，有助于提 台（含BI、 可视化平台，为客户提供一 正在建设：电子表格 与数据资产治理平台 升公司在数据领域的 历史数据查 站式数据分析系统解决方 （类Excel）的分析模 持续集成与打通，形 产品竞争力； 询平台） 案。 式； 成完整的数据中台能 2、为公司内部数据分 预备建设：与智能问数 力； 析与辅助决策提供能 结合，通过自然语言技 成为公司内部的核心 力支撑。 术查找以及生成数据看 数据分析平台。 板。 持续从客户项目萃取 通过客户项目交付萃取公司 已完成产品以及数据治 更新内容，形成更完 完善公司在数据领域 客户信息治 数据应用方向产品及解决方 理内容萃取，具备POC 整的解决方案，具备 的产品矩阵，提升公 理平台 案，形成监管以及数据治理 能力，正在优化POC流 稳定流畅的POC能 司产品竞争力。 应用方向关键产品。 程与体验。 力。 1、已完成指标管理平 台的核心功能，包含数 据源管理、指标开发、 打造公司大数据条线 达到市场同类产品的 目标成为公司大数据产品条 指标加速、指标管理、 拳头产品，满足当前 一线水平，通过实际 线的拳头产品与解决方案， 指标市场、指标API 市场对数据指标精准 指标管理平 项目交付经验完善功 达到市场同类产品一线水 等，能够进行全流程 开发和精细化管理的 台 能与性能，成为拳头 平，为客户提供研管用一体 POC； 诉求，提升公司在数 产品并逐渐提升交付 化的指标管理能力。 2、正在进行持续性的 据领域的产品竞争 效率。 指标加速功能开发，包 力。 含智能维度剪裁、配置 化指标物化等。 1、已完成客户画像和 达到市场同类产品的 打造公司大数据条线 为客户提供全方位、一体化 标签管理平台的核心功 领先水平，通过实际 的拳头产品，满足当 客户画像平 的客户数据分析与管理能 能，包含数据源管理、 项目交付经验完善功 前市场对数据标签精 台（含标签 力，助力企业实现精准营销 标签开发、标签市场、 能与性能，成为拳头 准开发和精细化管理 管理平台） 和服务优化。 标签服务、客群圈选、 产品并逐渐提升交付 的诉求，提升公司在 客群和客户分析等，能 效率。 数据领域的产品竞争 23
京北方信息技术股份有限公司2025年年度报告全文 够进行全流程POC； 力。 2、在系统中已完成案 例萃取客户标签建设， 形成标签内容的展示。 完成针对监管报送要 完成用户视角的一表通 求的一整套监管报送 产品功能重构。形成监 一表通的产品研发， 管报送领域部分核心功 公司针对市场监管报 统一监管报 形成京北方自研的统一监管 持续针对市场需求变 能模块； 送领域的案例和解决 送平台（一 报送平台，拓展公司在监管 化对产品进行迭代优 正准备一阶段产品的上 方案之一。有助于公 表通） 报送领域业务。 化； 线工作，并针对市场需 司拓展业务领域。 保证一表通产品具有 求完成二阶段的亮点产 市场竞争力，具备完 品功能设计。 整的POC能力。 1、数字人民币接入和 结算系统内置接口平 台和报文转换平台， 可灵活、方便、高效 1、业务需求分析团队 地支持多种模式和多 在完整参与项目研发 家运营机构的快速接 全过程后，可形成数 入，完成数币基本功 字人民币的专业售前 能建设； 能力与咨询分析能 2、为合作银行提供一 数字人民币接入和结算系 力，可产生一定的解 体化的个人钱包和对 统，依托各银行内API服务 决方案销售与咨询收 公钱包管理和服务， 体系，采用API、H5等方 益； 实现开立、绑卡、管 式，构建“资源共享、互联 2、完成项目研发后， 理、支付等功能； 互通、生态共建”的数字人 可形成POC能力，从 3、实现红包营销、市 民币生态，为合作机构提供 而实现解决方案等订 场推广等运营服务， 个人钱包和对公钱包的一体 单收益； 提供友好的操作界 数字人民币 化运营和营销服务，并通过 3、根据客户要求进行 依托智能合约，完成部 面，方便运营人员新 接入和结算 智慧运营管理后台，进行自 定制化开发，收取产 分新兴业务场景创新。 建、发布、查询红包 系统 动对账管理及调整，提供查 品+定制化开发费用； 营销活动情况，延伸 询、统计、监控、活动配 4、系统上线后，为银 业务触角，助力机构 置、风险监控等各项服务， 行提供数字人民币系 接触和获得客户； 同时支持消费券、红包活动 统运维服务； 4、通过微服务架构和 等多种精准营销模式，实现 5、数币智慧营销，可 扩展网关，进行灵活 数字钱包的管理、服务和运 对有推广需求的银行 性设计和易于扩展性 营，助力消费场景创新应 提供单独的红包精准 设计，将标准化接口 用。 营销服务； 转为各业务渠道的应 6、配合数字人民币可 用场景接口，实现商 加载智能合约的技 户收单、公共事业、 术，探索更多创新应 交通出行、智慧园 用场景建设，发掘更 区、智慧出行、智慧 多业务增长点。 财税、智慧政务、供 应链金融、智慧乡村 等场景建设，帮助机 构增强客户黏性。 通过技术、数据与业务的深 1.已完成某银行实施项 1. 持续优化能力中心 1. 拓展市场版图与存 度融合，重构传统银行的运 目40余项功能萃取与 功能，全面提升系统 量经营：依托成熟运 营范式，解决效率瓶颈、创 开发，迭代上线可视化 易用性与用户使用体 营中台产品，通过功 新迟滞与资源冗余等系统性 大屏、智能授权、复杂 验，增强产品核心竞 能迭代优化、场景适 痛点，最终构建面向未来的 参数导入等功能，持续 争力； 配升级的模式，向存 集约化运营 敏捷化、智能化运营体系， 提升中台运营支撑能 2.深化AI技术与运营 量客户输出复用性解 中台 通过能力复用、流程再造与 力； 场景深度融合，推进 决方案，有效拓宽营 数据驱动，推动银行从“部 2.持续推进大行及重点 智能排班、运营报告 收渠道，提升公司创 门割裂、被动响应”向“全 实施项目功能萃取，深 自动生成、问答知识 收能力； 局协同、主动创新”进化， 化 AI 场景应用，规划 库等智能化能力建 2. 丰富标杆案例与投 最终实现成本节约、风险可 迭代智能排班、运营报 设，打造智慧运营新 标竞争力：持续落地 24
京北方信息技术股份有限公司2025年年度报告全文 控与客户体验升级的三重价 告自动生成、问答知识 范式，全面提升中台 重点项目实施，沉淀 值闭环，为数字化转型提供 库等能力，打造智能化 自动化与智能化水 高质量行业案例，增 核心引擎。 集约化运营中台。 平。 强项目投标优势与评 分竞争力，为后续市 场拓展奠定坚实基 础； 3. 驱动业务融合与战 略升级：推动运营中 台与公司现有产品体 系深度融合，构建一 体化解决方案，助力 业务多元化布局与高 质量发展； 4. 强化技术创新与品 牌影响力：深化AI等 前沿技术应用，夯实 技术底座与团队能 力，提升产品核心竞 争力，树立行业专业 品牌形象，吸引更多 客户与生态伙伴。 1.持续优化全渠道体 系与渠道中台能力， 进一步完善国产化适 配与信创支撑能力， 确保各类渠道高效协 持续丰富公司金融科 1.已基本完成搭建覆盖 同运作； 以互联网业务中台架构思想 技产品族，提升公司 手机银行、小程序、网 2.进一步推动大模型 构建新一代银行渠道类中台 在银行电子渠道类系 上银行等多种渠道的全 技术与渠道体系的结 系统，提供多个服务能力中 统领域的技术实力与 渠道体系，同时完成统 合，完善企业易管家 心，同时支撑手机银行、网 服务能力；助力公司 一门户、渠道运营平 金融服务解决方案、 银行电子渠 上银行、公众号、小程序等 深耕金融机构渠道服 台，可支持鸿蒙及国产 AI+手机银行及“小 道中台 各类渠道端系统，同时提升 务市场，拓展企业客 化软硬件适配，满足信 方”智能体，将渠道 渠道运营能力，搭建覆盖多 户综合金融服务场 创生态建设相关要求； 交互方式从传统菜单 种场景的渠道体系，满足银 景，进一步提升公司 2.客户经理工作台、企 式优化为自然语言交 行以及泛金融领域各种面客 在银行解决方案领域 业易管家支持售前和 互与场景化服务模 渠道的系统建设。 的行业影响力与市场 POC交流演示。 式； 竞争力。 3.提升数智化运营全 流程能力，持续提高 渠道运营效率、客户 服务质量与服务精准 度。 资产管理产品体系旨在通过 理财销售系统本期新增 在智能资管业务助手 通过“智能资管业务 “3+1”核心产品的深度优 了理财夜市、产品准入 上，加大资源投入力 助手功能深化”与 化（大资管平台、理财销售 管理等实用功能，进一 度，围绕投研、合 “资管运营保障平台 系统、基金代销系统及智能 步丰富和完善了理财代 规、运营、信息披露 建设”的双向突破， 资管助手），重点建设智能 销系统的业务功能。智 等关键场景，不断拓 将有效提升公司产品 资管业务助手、资管运营保 能资管业务助手则依托 展和深化功能应用， 的场景覆盖能力与差 障平台、代销理财、TA系 AI大模型技术，全新升 致力于打造全方位、 异化竞争力。智能资 资产管理系 统、监管报送等关键子系统 级了财务报告转换提 智能化的资管业务辅 管业务助手可向银行 统 的功能完备性，同时以AI 取、财务报告解读分 助工具，提升资管业 理财子、保险资管等 大模型创新应用为突破口， 析、报告自动生成以及 务的智能化水平和运 客户群体的渗透推 构建面向未来资管业务的智 合规材料智能检查、运 营效率； 广。与此同时，资管 能化解决方案。通过技术迭 营自动化等多项功能。 同时，通过新建资管 运营保障平台以智能 代与专业人才储备的双轮驱 同时，本期新建设资管 运营保障平台，致力 化工具优化资管运营 动，全面提升产品交付能 运营保障平台，该平台 于满足资管机构对运 流程，强化风险识别 力，为金融机构客户提供全 能够精准满足资管机构 营精细化、风险可控 与管理机制，提高操 流程数字化转型支撑。 对于运营精细化、风险 化和操作自动化的需 作效率与精准度。结 25",windowed_extraction_review_required
002987.SZ,AR_002987_SZ_2025,core_competitiveness,11,22,"京北方信息技术股份有限公司2025年年度报告全文 技术端来看，报告期内大模型技术实现了关键突破：推理能力的飞跃赋予了模型深度逻辑思考能 力；原生多模态融合打破了感官边界，实现全场景交互；AIAgent的规模化应用则打通了从指令到行动 的最后一公里，实现了端到端的任务闭环，推动AI 从“对话工具”向“生产力工具”升级。为金融机 构IT系统向高级的智能化形态演进提供了技术可行性。 在政策引导与技术突破双重驱动下，金融机构持续加大人工智能研发投入，大模型私有化部署成为 金融行业AI应用的主流路径，人工智能技术在信贷审批、风险监测、合规管理、运营优化、客户服务 等金融核心场景的应用不断深化，同时金融行业高质量数据集建设、AI算法模型的合规性与可解释性 优化成为行业发展重点，人工智能正成为推动金融行业提质增效、创新发展的核心驱动力。 （二）数据类制度建设逐步完善，金融数据价值加速释放 我国数字中国建设向纵深推进、迈入高质量发展新阶段，数字经济成为推动经济结构优化升级的核 心引擎，2026年《政府工作报告》明确，“十五五”时期数字经济核心产业增加值占国内生产总值比 重要达到12.5%。软件和信息技术服务业作为数字经济的核心支撑产业，产业规模稳步增长、技术创新 迭代加速，为各行业数字化转型提供坚实技术支撑。2026年3月，世界数据组织（WDO）在北京正式 成立并投入运行，WDO以“弥合数据鸿沟、释放数据价值、繁荣数字经济”为宗旨，目前已覆盖全球 40多个国家，涉及工业、金融、医疗、公共服务等14个行业。 依托国家数据治理顶层设计的持续加码以及数据监管架构的日益完善，金融行业加快推进企业级数 据治理体系建设，强化数据全生命周期管理与质量控制，依托大数据、隐私计算等前沿技术实现多源异 构数据的合规融合应用，数据要素在金融产品创新、智能风控、客户服务等领域的价值挖掘持续深化， 成为金融机构提升核心竞争力的关键抓手。 （三）特色路径构建金融强国，基础设施迈向安全可靠 为实现“金融强国”的重大历史目标，我国探索出了“特色金融发展之路”，并且在国家层面持续 完善数字金融发展顶层政策体系。2025年3月《国务院办公厅关于做好金融“五篇大文章”的指导意 见》（国办发〔2025〕8号）正式印发，从国家战略层面明确推动数字金融高质量发展的核心方向，要 求加快金融机构数字化转型、规范金融数据共享流通、健全数字金融治理体系、稳妥推进数字人民币研 发应用；2025年12月国家金融监督管理总局发布《银行业保险业数字金融高质量发展实施方案》，细 化33项具体发展任务，提出健全数字金融治理机制、激发数据要素潜能、建设智能风控体系、推进监 管数字化智能化转型等要求；报告期内，中国人民银行正式确立了数字人民币“双翼”组织架构：北京 数字人民币运营管理中心聚焦国内核心基础设施与生态根基，上海数字人民币国际运营中心侧重跨境合 作与多边本币结算。2026年1月1日，《新一代数字人民币管理体系及运行机制》正式启动，标志着 数字人民币从“数字现金”时代全面迈入“数字存款货币”时代。2026年4月，央行宣布新增12家银 11
京北方信息技术股份有限公司2025年年度报告全文 行（含头部城商行）为业务运营机构，运营机构总数扩容至22家。数字人民币正从“试点验证”全面 进入“制度化、规模化运行”阶段，成为推动“金融强国”建设、推动人民币国际化的重要抓手。 在系列顶层政策引领下，金融基础设施建设已从渠道数字化向核心业务、运营管理、风险管控、生 态建设全维度延伸，金融机构持续加大IT资源投入，数字化运营、数字人民币、智能风控、监管科技 等成为数字化建设核心领域，行业数字化转型呈现“技术赋能、数据驱动、合规引领、生态共建”的特 征。同时，在国家自主可控与国产化替代战略指引下，金融行业作为信创建设的重点领域，已从国有大 型商业银行逐步向区域性中小银行、保险、证券、基金等金融机构延伸，进入全系统、全链条的深化实 施阶段，全栈式信创适配、跨平台技术兼容成为行业发展重要方向，原生鸿蒙操作系统等国产技术体系 的金融场景适配进程持续加快，信创建设从单一系统替代向整体生态构建升级。 三、核心竞争力分析 公司基于立体化的优质客户资源布局、兼具广度与深度的行业经验积淀、体系化的研发组织及创新 能力、以及数智化能力支撑的精益运营，构筑起显著的竞争壁垒，形成可持续发展的核心竞争优势。 1、立体化的优质客户资源布局 公司自创立伊始，始终秉持深耕细作的发展理念，专注数智技术及金融科技在客户端的创新实践。 历经多年行业积淀，已成功构建以银行业为核心，辐射保险、证券、信托、基金等多领域的立体化客户 矩阵，客户拓展成效显著。公司业务合作对象覆盖各类银行业金融机构，同时涵盖多领域非银金融机构， 并延伸至金融基础设施、政府、各类国有企业及多元化非金融实体，已实现核心银行业客户的全覆盖， 并持续加大对中小银行、非银金融机构及非金融机构客户的开拓与服务力度，客户结构不断优化。 核心银行业客户资金实力雄厚、需求稳定且资信良好、回款及时，为公司核心业务提供了坚实稳定 的支撑。公司始终注重稳固与核心客户的长期合作关系，同时积极拓展新兴客户群体，中小银行、非银 金融机构及非金融机构客户业务增长势头良好，成为公司未来持续发展的重要增长极，进一步丰富和完 善了公司的客户生态。 2、兼具广度与深度的行业经验积淀 凭借在金融科技领域多年的深耕细作，公司积累了兼具广度与深度的行业经验，对金融行业的业务 逻辑、监管要求、客户需求有着深刻理解和精准把握。公司熟悉各类金融机构的业务场景与运营模式， 能够快速响应客户多样化、个性化的需求，精准匹配客户业务发展痛点，提供贴合行业实际的解决方案 与服务。 在AI 驱动软件的范式变革中，场景化Know-how 已成为决定大模型落地价值的决定性因素，支撑 业务运转的底层业务逻辑依然掌握在具备深厚行业积淀的服务商手中。公司通过将多年积累的金融业务 12
京北方信息技术股份有限公司2025年年度报告全文 逻辑、合规约束等封装为AIAgent的行动指南，助力AI智能体实现从“工具调用”到“价值创造”的 跨越。 3、体系化的研发组织及创新能力 公司紧跟国家战略导向与科技变革趋势，通过持续优化研发资源配置体系、推进科研组织架构迭代 升级，强化数智技术与金融科技革新领域的前瞻性布局，构建支撑主营业务可持续发展的内生驱动力与 技术护城河。 在研发组织架构层面，京北方研究院负责系统推进前沿技术领域的深化研究，强化与高等院校、科 研机构的战略协同。京北方研究院通过持续培养和引进各领域技术专家，聚焦大模型智能体、计算机视 觉、大数据、云计算、区块链及隐私计算等战略领域，建立常态化技术跟踪机制，密切追踪全球科技趋 势，提升预研能力与产品标准化水平，同时密切关注量子科技、具身智能的发展，调研其在金融领域相 关应用。另外，公司设有博士后科研工作站，推动产学研协同与人才体系建设，为研发体系持续输送高 层次后备人才。 在产品创新方面，公司已构建涵盖大模型智能体类、计算机视觉类、大数据类、盘庚测试云平台、 影像及流程管理类、基础技术平台类等在内的通用产品与技术体系，并面向银行、保险、证券等金融行 业客户，形成覆盖集约化运营、运营管理与风控、电子渠道、数字人民币、资产管理、供应链金融、普 惠金融、同业业务管理、风险管理等多领域的行业应用解决方案，持续拓展产品广度与应用深度。公司 通过“创新大赛”等机制，围绕技术热点与真实业务场景开展验证与迭代，推动创新能力转化为可复制、 可交付、可规模化的产品能力。 在技术研发方面，公司持续推进专利储备与信创资质体系建设，并持续开展国产算力适配与信创认 证工作，形成以自主知识产权与国产化适配能力为支撑的研发成果转化体系，进一步巩固公司在金融科 技领域的竞争优势。截至报告期末，公司累计获得国家授权专利36项，登记软件著作权316项，通过 国家级信息技术应用创新适配认证21项。 4、数智化能力支撑的精益运营 公司以数智化能力为核心支撑，构建了精益化的运营管理体系，将数智技术深度融入运营全流程， 实现运营效率、服务质量与风险管控水平的同步提升。通过数字化工具与智能化手段，优化业务流程、 简化操作环节、提升响应速度，为客户提供高效、便捷、精准的服务。 公司注重运营团队的专业化建设，完善运营管理制度与服务标准，强化过程管控与质量监督，形成 了标准化、规范化、精益化的运营模式。数智化与精益化的深度融合，不仅降低了运营成本，提升了运 营效能，也进一步增强了公司的服务竞争力，为客户创造了更高的价值，助力公司实现可持续发展。 13
京北方信息技术股份有限公司2025年年度报告全文 四、主营业务分析 1、概述 2025年度，公司主营业务保持稳健运行，经营态势平稳，核心竞争力持续巩固。报告期内，公司 实现营业收入48.39亿元，同比增长4.38%；归属于上市公司股东的净利润3.27亿元，同比增长5.06%。 公司业绩在金融IT行业中持续保持前列地位，整体经营表现符合公司长期发展规划。报告期内，公司 聚焦AI与大数据等创新技术产品，深化核心客户合作，推进相关技术研发与产品落地，客户拓展与业 务发展均取得积极进展，有效保障了主营业务的平稳运行。按业务板块划分，软件及IT解决方案条线 实现收入32.42亿元，占总营收比重67.00%，保持平稳增长，其中金融科技解决方案产品线收入14.37 亿元，增速10.53%；人工智能及大数据创新产品线收入1.24亿元，增速55.63%。业务数字化运营条线 收入15.97亿元，其中智慧客服及消费金融精准营销产品线收入9.67亿元，增速17.93%。 报告期内，公司客户结构持续优化，中小银行、非银金融机构及非金融机构等客户的渗透率持续提 升，长尾客户拓展成效显著。按客户类型划分，金融业客户仍是公司核心收入来源，报告期内贡献收入 44.46亿元，占总营收比重91.87%，客户群体全面覆盖各类金融机构，核心客户合作黏性持续提升。其 中，中小银行、非银金融机构客户收入增速高于公司整体增速，客户发展战略得到有效落地；非金融业 客户贡献收入3.93亿元，同比增长30.87%，市场渗透持续推进，有效丰富了收入来源。2025年度，公 司新增法人客户51家，客户拓展成效显著，多元化客户布局进一步分散了经营风险。 （1）聚焦人工智能技术领域，持续完善创新产品体系，强化技术落地与业务赋能 人工智能领域是公司长期战略布局方向，其中大模型与智能体能力是公司技术战略储备与产品创新 的重要抓手。报告期内，公司围绕“京北方大模型&智能体系列”持续完善智能产品体系，聚焦智能营 销、智能合规、智能运维、智能反欺诈与智能报告生成等高频业务场景，依托自然语言处理、时序分析、 语义理解等核心技术，实现产品模块化嵌入现有业务系统，有效提升各业务环节的自动化与智能化水平。 目前，相关智能产品已成功在银行、非银金融及非金融类客户中落地应用，并形成稳定的持续交付订单， 为公司业务增长注入新的动力。 在大模型智能体类产品方面，公司构建覆盖“平台化纳管+场景化智能体”的产品矩阵：一方面， 建设AI门户平台，实现模型与智能体能力的统一接入、统一管理与统一运营；另一方面，面向金融行 业关键业务环节，持续迭代合规智能体、营销智能体、风控智能体、软件工程智能体、内部办公智能体、 数据分析智能体等场景产品，推动智能能力从“点状试用”向“流程内嵌、闭环可控、可规模复制”演 进。 在计算机视觉类产品方面，公司围绕图像与视频识别能力打造OCR识别平台与智能视频监控系统， 14
京北方信息技术股份有限公司2025年年度报告全文 覆盖身份证、发票、金融业务凭证等常见票证的高精度识别与结构化处理，支持多终端与信创部署，实 现金库、营业厅、操作间、闸机区域等多场景的异常事件识别与预警联动，构建高效闭环的智能安防体 系。同时，公司在视觉能力体系中进一步完善多模态查询与检索能力，强化跨文本、图像、视频的信息 理解与检索，提升复杂业务场景下的智能查询与知识获取效率。此外，针对其他公司重点产品的视觉需 求，提供技术赋能与共研服务，助力客户或内部产品线构建定制化计算机视觉解决方案。 在大数据领域，公司聚焦数据资产治理、数据分析、大模型数据预处理与数据应用等方向，提供覆 盖数据采集、存储、治理、分析与业务应用的大数据全流程解决方案，并已在银行、保险、证券等行业 广泛应用。公司通过统一数据底座/数据中台能力提升客户数据处理的标准化水平与效率，并将AI能力 深度融入数据产品体系，在智能问数、数据分析与业务洞察等方向形成成熟解决方案。报告期内，公司 在指标管理、客户画像与标签管理、数据可视化分析、数据填报、综合报表等产品基础上，进一步完善 面向大模型的数据工程能力体系，形成Data4AI的数据支撑与训练/推理数据准备能力，并持续强化企 业级知识库建设与应用能力，为智能体与行业应用提供高质量、可治理、可追溯的数据与知识供给。 在区块链及隐私计算领域，公司在既有区块链公共服务平台、供应链金融平台、数字人民币系统等 能力基础上，进一步完善“链上可信+链下合规”的技术与产品布局，新增建设隐私计算平台，以满足 跨机构、跨数据域的安全协作与合规计算需求。在创新方向上，公司面向跨境支付、资产通证化与数字 资产相关场景，提供全流程合规可控的技术支撑与产品能力，助力客户高效完成多元场景建设与数字生 态接入。 为保障各类创新产品高效交付落地，公司持续建设盘庚测试云平台等基础支撑能力，构建覆盖测试 管理、自动化测试、性能测试等环节的全生命周期测试中台体系。平台深度融合AI技术，覆盖需求文 档解析、测试点分析、测试用例生成、脚本生成、自动化执行、报告生成等全流程场景，持续提升产品 交付质量与研发效率，同时全面适配国产化生态建设要求。 （2）深耕金融行业场景，完善全品类解决方案，赋能客户数智化转型与信创落地 在金融行业数字化转型与信创建设持续深化的背景下，公司围绕“安全可控、架构升级、能力中台 化、智能化嵌入”的总体思路，持续完善覆盖渠道类、管理类、核心类系统的金融行业解决方案体系， 推动传统系统能力向数智化、平台化方向升级，助力客户构建兼顾稳定性与创新能力的现代金融科技体 系。 在渠道类系统方面，公司依托自主知识产权的统一开发平台底座，以统一移动开发平台与渠道中台 能力为核心，融合NLP、AI、数据智能等先进技术，侧重渠道运营能力提升，现已打造覆盖多场景、 全维度的渠道体系，渠道中台实现客户、账户、认证、决策、营销与运营等服务能力的聚合，提供高效、 安全、标准的全渠道服务支撑；同时配套构建统一认证门户、统一开发平台（含移动开发平台）、渠道 15
京北方信息技术股份有限公司2025年年度报告全文 运营平台及一体化运行管控平台，全面支持鸿蒙及国产化软硬件环境适配，满足信创生态建设要求。 同时，围绕企业客户综合金融服务需求，融合大模型技术能力，持续升级企业易管家代发平台及一 站式企业数字化解决方案，聚焦人、财、事数字化管理，为客户赋能中小微企业持续注入动力；通过构 建统一用户体系、统一交易模型、统一安全管控、统一运营管理与统一渠道体验五大核心能力，并深度 融合大模型智能体能力，持续完善AI+手机银行及“小方”智能体，推动渠道交互模式从传统菜单式向 自然语言交互与场景化服务演进。此外，数智化运营能力全面覆盖埋点、数据分析、活动策划到智能投 放与效果分析的全流程，进一步强化渠道运营效能。 在数智化管理类系统方面，公司紧跟行业智能化发展趋势，全面推进管理类产品与大模型等AI技 术的深度融合与升级重塑。在大资管领域，以“3+1”大资管产品线为核心，进一步深化大模型、OCR、 RPA等技术在投研、风控与运营流程中的应用，不断优化理财代销、客户标签管理、智能推荐等功能 模块，加速资管系统从传统业务支撑向智能运营的转变。同时，积极探索前沿AI技术，为资管业务提 供更精准的市场预测和投资决策支持，提升资产管理的智能化水平。在运营与风险管理板块，集约化运 营平台和风险监控系统持续迭代升级，大模型的引入使风险识别和决策支持更为精准高效；监管报送 “一表通”体系不断打磨，数据采集至报文生成的全流程标准化管理水平再上新台阶，监管数据报送的 准确性和合规性显著增强。公司的数字档案管理平台不断进化，AI和检索技术的融入让档案数据的调 用和管理更加智能便捷，全方位赋能金融机构的精细化运营。 在核心类系统方面，公司深度参与银行存款、信贷、支付等核心业务系统的重构与升级，围绕分布 式架构改造、数据迁移、性能优化及国产化环境适配等关键环节提供研发技术支持。依托盘庚测试云平 台与自动化测试体系，公司为客户提供核心类系统的全流程测试服务，覆盖功能、性能、安全与兼容性 的全生命周期测试，强化系统在信创软硬件环境下的稳定运行能力，保障金融业务连续性与系统安全性。 在运营咨询与模型风控服务方面，依托深厚的AI研发能力，尤其是在机器学习算法与特征工程领 域的积淀，公司精准把握零售、小微、普惠及涉农业务在强监管导向下的风控痛点，输出以申请评分、 行为评分、催收评分为核心的量化模型矩阵及动态策略优化服务。公司致力于协助金融机构构建具备前 瞻性与自适应性的风险识别机制，实现从贷前准入、贷中监控到贷后管理的全栈式资产质量精细化管理。 在此基础上，公司进一步将数据治理能力与智能分析决策能力升维为咨询服务的核心组件，推动咨询方 案与系统实施的无缝衔接，形成“诊断-治理-落地-迭代”的协同闭环，确保风控策略从顶层设计到生 产运营的全程贯通，为合作伙伴构建可持续的、具备内生增长力的数字化风控生态。 在上述解决方案持续演进的基础上，公司将信创适配能力、智能体能力、数据治理能力与行业场景 深度融合，形成兼顾安全可控与数智升级的综合解决方案体系，为金融机构实现高质量发展提供持续技 术支撑。 16
京北方信息技术股份有限公司2025年年度报告全文 （3）数字人民币推广升级，出海迈出实质步伐，探索智能经济新形态 随着数字人民币试点范围持续扩大、运营机构持续扩容，商业银行数币相关系统建设及运营需求不 断深化。在系统建设方面，公司能够为银行客户提供覆盖数字人民币钱包管理、交易处理、渠道接入、 账务处理、对账清算及监管报送等环节的系统研发与技术支持，并具备与核心系统、支付系统、渠道系 统等多类业务系统协同改造的综合实施能力。在项目交付方面，公司形成了覆盖需求分析、系统设计、 开发实现、测试验证、上线实施及运行支持的全生命周期交付体系，通过自动化测试平台、性能测试与 国产化适配能力，保障系统在信创环境下稳定运行。报告期内，公司在多家商业银行数字人民币项目实 践中积累了丰富经验，逐步形成标准化实施方法与协同交付机制，为金融机构在数字人民币相关系统建 设及运营阶段提供持续、可靠的技术支撑能力。 业务出海方面，公司在报告期内正式成立香港全资子公司，标志着公司全球化布局战略迈出实质性 步伐。该子公司定位为跨境技术协同平台，聚焦香港、澳门及东南亚金融机构数字化需求，辐射全球市 场，致力于构建“技术输出+生态合作”的国际化服务体系，服务银行、保险、证券、基金、交易所等 多元海外客户群体。目前，公司已通过香港子公司与多家海外机构签署业务合作协议，加速出海战略落 地。未来，公司将依托香港子公司的区位优势，强化AI及区块链驱动的金融科技解决方案研发与场景 对接能力，拓展AIAgent在海外金融营销、风控、运维等场景的应用，结合隐私计算等技术探索数字 资产管理、跨境支付等领域业务机会，进一步完善国际化服务网络，为公司长期发展培育新的增长动能。 （4）现金流持续改善，重视股东回报，分红比例提升 2025年，公司经营性净现金流4.65亿元，较上年同比增加77.95%。根据相关法律法规及《公司章 程》关于利润分配规定，基于公司稳健的经营状况、健康的现金流状况以及未来可持续的成长性，为进 一步增强公司资本实力，同时兼顾对广大投资者的合理回报，公司提出2025年度利润分配方案：拟向 全体股东每10股派发现金股利人民币2.10元，共计派发现金股利人民币1.82亿元。同时以资本公积转 增股本，每10股转增2股，合计转增1.73亿股。 2、收入与成本 （1） 营业收入构成 单位：元 2025年 2024年 同比增减 金额 占营业收入比重 金额 占营业收入比重 营业收入合计 4,839,049,619.20 100% 4,636,169,749.19 100% 4.38% 分行业 银行 3,985,651,932.37 82.36% 3,969,180,497.71 85.62% 0.41% 非银金融 459,952,930.68 9.51% 366,342,313.92 7.90% 25.55% 17
京北方信息技术股份有限公司2025年年度报告全文 其他 393,444,756.15 8.13% 300,646,937.56 6.48% 30.87% 分产品 软件开发及服务 1,681,167,495.87 34.74% 1,627,458,003.84 35.10% 3.30% 金融科技解决方 1,437,299,218.10 29.70% 1,300,414,906.26 28.05% 10.53% 案 人工智能及大数 123,854,855.96 2.56% 79,585,122.81 1.72% 55.63% 据创新产品 智慧客服及消费 967,054,108.71 19.98% 820,025,841.42 17.69% 17.93% 金融精准营销 数智化运营及服 629,673,940.56 13.02% 808,685,874.86 17.44% -22.14% 务 分地区 华北区 2,044,038,320.96 42.24% 1,983,455,938.28 42.78% 3.05% 华东区 926,925,023.10 19.16% 845,830,870.09 18.24% 9.59% 华南区 594,442,536.81 12.28% 596,744,764.20 12.87% -0.39% 中南区 510,881,428.62 10.56% 445,183,153.74 9.60% 14.76% 西南区 341,001,451.79 7.05% 352,583,317.37 7.61% -3.28% 西北区 256,679,798.73 5.30% 229,597,093.41 4.95% 11.80% 东北区 151,695,875.55 3.13% 173,192,053.49 3.74% -12.41% 境外 13,385,183.64 0.28% 9,582,558.61 0.21% 39.68% 分销售模式 自营 4,839,049,619.20 100.00% 4,636,169,749.19 100.00% 4.38% 公司需遵守《深圳证券交易所上市公司自律监管指引第3号——行业信息披露》中软件与信息技术服务业的披露要求 单位：元 2025年度 2024年度 第一季度 第二季度 第三季度 第四季度 第一季度 第二季度 第三季度 第四季度 1,157,106 1,203,858 1,252,139 1,225,944 1,115,396 1,128,522 1,192,435 1,199,814 营业收入 ,728.57 ,659.31 ,687.41 ,543.91 ,933.04 ,260.04 ,683.41 ,872.70 归属于上 市公司股 46,732,33 72,108,88 124,611,5 83,935,33 48,531,78 71,396,64 105,625,1 86,070,98 东的净利 5.50 5.48 30.45 1.67 2.37 2.51 21.73 7.39 润 说明经营季节性（或周期性）发生的原因及波动风险 （2） 占公司营业收入或营业利润10%以上的行业、产品、地区、销售模式的情况 适用 □不适用 公司需遵守《深圳证券交易所上市公司自律监管指引第3号——行业信息披露》中软件与信息技术服务业的披露要求 单位：元 营业收入比 营业成本 毛利率比 营业收入 营业成本 毛利率 上年同期增 比上年同 上年同期 减 期增减 增减 分客户所处行业 银行 3,985,651,932.37 3,064,631,095.90 23.11% 0.41% -0.41% 0.63% 分产品 软件开发及服 1,681,167,495.87 1,226,062,987.31 27.07% 3.30% 1.92% 0.99% 务 金融科技解决 1,437,299,218.10 1,008,274,721.49 29.85% 10.53% 10.20% 0.21% 方案 智慧客服及消 967,054,108.71 852,013,882.38 11.90% 17.93% 19.84% -1.41% 18
京北方信息技术股份有限公司2025年年度报告全文 费金融精准营 销 数智化运营及 629,673,940.56 559,498,100.96 11.14% -22.14% -21.25% -1.00% 服务 分地区 华北区 2,044,038,320.96 1,569,070,260.40 23.24% 3.05% 0.14% 2.24% 华东区 926,925,023.10 711,931,278.60 23.19% 9.59% 10.77% -0.82% 华南区 594,442,536.81 440,968,431.26 25.82% -0.39% -2.66% 1.73% 中南区 510,881,428.62 421,727,303.54 17.45% 14.76% 19.95% -3.58% 分销售模式 自营 4,839,049,619.20 3,730,061,987.57 22.92% 4.38% 3.67% 0.52% 公司主营业务数据统计口径在报告期发生调整的情况下，公司最近1年按报告期末口径调整后的主营业务数据 □适用 不适用 （3） 公司实物销售收入是否大于劳务收入 □是 否 （4） 公司已签订的重大销售合同、重大采购合同截至本报告期的履行情况 □适用 不适用 （5） 营业成本构成 行业分类 行业分类 单位：元 2025年 2024年 行业分类 项目 占营业成 占营业成本 同比增减 金额 金额 本比重 比重 银行 人工 3,002,833,091.28 80.50% 3,003,047,549.72 83.47% -0.01% 外购商品与服 银行 26,114,065.98 0.70% 38,209,838.49 1.06% -31.66% 务 银行 项目直接费用 31,697,853.04 0.85% 31,134,579.02 0.87% 1.81% 银行 固定资产折旧 3,986,085.60 0.11% 4,744,607.72 0.13% -15.99% 非银金融 人工 353,881,828.19 9.49% 279,705,071.66 7.77% 26.52% 外购商品与服 非银金融 2,089,146.46 0.05% 1,122,547.91 0.03% 86.11% 务 非银金融 项目直接费用 5,414,738.36 0.15% 2,523,675.74 0.07% 114.56% 非银金融 固定资产折旧 436,673.11 0.01% 385,281.04 0.01% 13.34% 其他 人工 295,071,325.60 7.91% 232,450,692.32 6.46% 26.94% 外购商品与服 其他 2,911,240.28 0.08% 1,669,884.74 0.05% 74.34% 务 其他 项目直接费用 5,266,183.28 0.14% 2,568,589.90 0.07% 105.02% 其他 固定资产折旧 359,756.39 0.01% 322,965.70 0.01% 11.39% 说明 公司业务由银行业、非银金融业及其他业构成，公司营业成本构成比较稳定，主要构成为人工成本，随营业收入增长而 增加。 公司需遵守《深圳证券交易所上市公司自律监管指引第3号——行业信息披露》中软件与信息技术服务业的披露要求 19
京北方信息技术股份有限公司2025年年度报告全文 主营业务成本构成 单位：元 本报告期 上年同期 成本构成 同比增减 金额 占营业成本比重 金额 占营业成本比重 人工 3,651,786,245.07 97.90% 3,515,203,313.70 97.70% 3.89% 外购商品与服务 31,114,452.72 0.83% 41,002,271.14 1.14% -24.12% 项目直接费用 42,378,774.68 1.14% 36,226,844.66 1.01% 16.98% 固定资产折旧 4,782,515.10 0.13% 5,452,854.46 0.15% -12.29% （6） 报告期内合并范围是否发生变动 □是 否 （7） 公司报告期内业务、产品或服务发生重大变化或调整有关情况 □适用 不适用 （8） 主要销售客户和主要供应商情况 公司主要销售客户情况 前五名客户合计销售金额（元） 2,399,543,820.56 前五名客户合计销售金额占年度销售总额比例 49.58% 前五名客户销售额中关联方销售额占年度销售总额比例 0.00% 公司前5大客户资料 序号 客户名称 销售额（元） 占年度销售总额比例 1 客户一 611,711,373.80 12.64% 2 客户二 585,976,051.90 12.11% 3 客户三 450,630,930.15 9.31% 4 客户四 437,903,895.47 9.05% 5 客户五 313,321,569.24 6.47% 合计 -- 2,399,543,820.56 49.58% 主要客户其他情况说明 □适用 不适用 公司主要供应商情况 前五名供应商合计采购金额（元） 22,714,075.93 前五名供应商合计采购金额占年度采购总额比例 36.48% 前五名供应商采购额中关联方采购额占年度采购总额比例 0.00% 公司前5名供应商资料 序号 供应商名称 采购额（元） 占年度采购总额比例 1 供应商一 9,723,193.44 15.61% 2 供应商二 7,612,784.18 12.23% 3 供应商三 2,027,665.15 3.26% 4 供应商四 1,815,520.00 2.92% 5 供应商五 1,534,913.16 2.46% 20
京北方信息技术股份有限公司2025年年度报告全文 合计 -- 22,714,075.93 36.48% 主要供应商其他情况说明 □适用 不适用 报告期内公司贸易业务收入占营业收入比例超过10% □适用 不适用 3、费用 单位：元 2025年 2024年 同比增减 重大变动说明 销售费用 81,089,310.01 85,300,237.58 -4.94% 管理费用 227,806,934.08 171,735,055.63 32.65% 因业务调整造成的人工成本增长 主要系利率下降，利息收入减少 财务费用 -854,858.19 -3,162,311.17 不适用 所致。 研发费用 440,504,108.29 427,131,842.25 3.13% 4、研发投入 适用 □不适用 主要研发项 预计对公司未来发展 项目目的 项目进展 拟达到的目标 目名称 的影响 大模型应用服务平台基于前 1、完成平台整体框架 1、搭建大模型应用服 支持多业务场景智能 沿大语言模型技术构建，支 设计与功能模块划分； 务平台，支持多种业 体的灵活搭载与快速 持AI能力集成与按需灵活 2、完成大模型应用服 务智能体集成与功能 拓展，通过即插即用 AI智能体门 拓展，可无缝搭载智能营 务平台研发； 展示； 的AI能力，深度赋能 户与场景智 销、智能合规、智能运维、 3、完成运维智能体、 2、完成智能营销、智 智能营销、合规、运 能体 智能办公等多场景业务智能 合规智能体、智能报告 能合规、智能运维、 维及办公场景，为企 体，通过清晰直观的功能体 生成、智能办公等多业 智能办公、智能报告 业打造全流程闭环的 系，为企业提供全流程、高 务场景的智能体研发与 等智能体研发。 智能服务体系。 适配的业务智能赋能服务。 接入。 1.功能目标：实现AI 驱动的全流程测试能 力，涵盖需求分析智 能化、测试点自动生 成、测试用例生成与 1、完成解析需求文 用AI智能体替代传统人工/ 优化、测试执行自动 档、生成测试点和测试 自动化测试，实现自主规 化、测试结果分析与 用例功能； 划、自主执行、自主分析、 缺陷定位，形成闭环 2、完成知识库搭建， 自主修复的测试闭环，解决 式智能测试流程； 推动技术创新：引入 知识向量化和RAG调 传统测试效率低、覆盖率不 2.效率目标：相较于 AI大模型等技术，提 优； AI测试智能 足、回归成本高、问题定位 传统人工测试，大幅 升测试能力，积累技 3、完成人工用例生成 体 慢等痛点，提升研发交付质 缩短测试周期（如核 术优势，为未来创新 自动化脚本，以及自动 量与速度。同时，沉淀测试 心测试环节效率提升 和业务拓展奠定基 执行脚本； 知识与决策模型，形成企业 50%以上），减少人工 础。 4、完成测试结果智能 级测试大脑，实现测试从 投入，降低测试成 分析； “工具化”向“智能化”升 本，支撑创新产品快 5、正在实现AI生成测 级。 速交付迭代； 试业务数据。 3.质量目标：提升测 试覆盖率，减少漏 测、误测问题，精准 定位产品缺陷，助力 产品交付质量提升。 21
京北方信息技术股份有限公司2025年年度报告全文 降低上线后故障发生 率； 4.适配目标：全面适 配国产化软硬件生 态，确保测试智能体 可兼容国产化系统、 数据库及工具，满足 国产化项目测试需 求； 5.平台融合目标：与 盘庚测试云平台深度 集成，融入现有测试 中台体系，形成“基 础支撑+智能测试”的 一体化能力，实现测 试资源、流程、数据 的统一管理与复用。 NLP及大模型算法服务平台 提供NLP和大模型技术底 座，支持大模型接入和定制 1、完成平台整体框架 1、建立大模型服务平 化服务构建。平台提供信息 设计； 台； NLP&大模型 提取、知识库问答、文本生 2、完成接口规范化设 2、支持大模型接入和 形成公司在AI大模型 算法服务平 成、数据分析四类应用服务 计； 定制化服务构建； 赛道的核心竞争力。 台 能力，并通过API接口快速 3、完成合规助手、报 3、快速集成业务系 集成到业务系统，为办公、 告生成子产品研发。 统。 研发、资管、风控等业务领 域提供智能服务。 面向多元化业务场景中的双 1、建立智能推荐平 边资源匹配需求，建设智能 台； 1、完成平台框架设 推荐平台，结合人工智能自 2、支持多元化双边资 基于NLP和 计； 拓展公司业务版图， 然语言处理技术、特别是AI 源匹配场景快速接 大模型的智 2、完成招聘系统业务 提升公司市场竞争 大模型技术，实现资源需求 入； 能推荐平台 数据的接入和匹配模型 力。 方和供给方的精准匹配与高 3、提升业务系统的资 训练。 效对接，提升业务系统中双 源匹配精准率和效 边资源利用率和总体效益。 率。 在新一代通用票证深度 1、开展多元化场景探 识别引擎的基础上，不 索，研发符合金融业 针对金融机构对各种票据、 断扩大支持范围，持续 务场景的OCR相关产 证件、文案等业务数据的自 优化识别算法。目前可 品； 完善公司产品矩阵， 动录入需求，结合AI深度 支持票证50余种，支 2、搭建OCR云服务、 智能OCR平 为公司开拓更多客 学习算法的图像处理模块， 持移动端OCR、云服务 移动端OCR，同时满 台 户，提升公司市场竞 打破传统图像处理的工作方 等多种服务部署场景。 足在线和终端识别场 争力。 式，帮助企业降低运营成 已完成合同比对工具、 景； 本，提升工作效率。 图像质检工具、图像数 3、研发高可靠性OCR 字化智能平台等系列场 算法，不断提高识别 景产品的开发。 服务的性能和精度。 1、参考同业产品，进 基于大模型应用对高质量、 行非结构化数据管理平 1、构建平台与公司大 是公司执行在大模型 结构化知识的需求，建立面 台设计，实现文档、图 模型应用进行结合， 赛道的战略的关键能 向AI的数据底座，核心目 像、音频等信息的加 能够合力进行POC； 力，进一步提升公司 的是将企业内部多源、异构 Data4AI知识 载、结构化提取以及查 2、随POC过程和大模 在关键领域的竞争 的原始数据转化为可供大模 中枢 询等管理功能; 型应用的需求完善产 力； 型直接理解、学习与调用的 2、配合公司的云测系 品； 同时，也为公司内部 规范化、向量化知识资产， 统，利用测试数据资产 3、支持公司内部的大 的AI化管理与运营提 打通从“数据资源”到“AI 提供测试数据生成服 模型应用。 供基础支撑。 智能”的关键路径。 务。 22",windowed_extraction_review_required
002987.SZ,AR_002987_SZ_2025,r_and_d,11,22,"京北方信息技术股份有限公司2025年年度报告全文 技术端来看，报告期内大模型技术实现了关键突破：推理能力的飞跃赋予了模型深度逻辑思考能 力；原生多模态融合打破了感官边界，实现全场景交互；AIAgent的规模化应用则打通了从指令到行动 的最后一公里，实现了端到端的任务闭环，推动AI 从“对话工具”向“生产力工具”升级。为金融机 构IT系统向高级的智能化形态演进提供了技术可行性。 在政策引导与技术突破双重驱动下，金融机构持续加大人工智能研发投入，大模型私有化部署成为 金融行业AI应用的主流路径，人工智能技术在信贷审批、风险监测、合规管理、运营优化、客户服务 等金融核心场景的应用不断深化，同时金融行业高质量数据集建设、AI算法模型的合规性与可解释性 优化成为行业发展重点，人工智能正成为推动金融行业提质增效、创新发展的核心驱动力。 （二）数据类制度建设逐步完善，金融数据价值加速释放 我国数字中国建设向纵深推进、迈入高质量发展新阶段，数字经济成为推动经济结构优化升级的核 心引擎，2026年《政府工作报告》明确，“十五五”时期数字经济核心产业增加值占国内生产总值比 重要达到12.5%。软件和信息技术服务业作为数字经济的核心支撑产业，产业规模稳步增长、技术创新 迭代加速，为各行业数字化转型提供坚实技术支撑。2026年3月，世界数据组织（WDO）在北京正式 成立并投入运行，WDO以“弥合数据鸿沟、释放数据价值、繁荣数字经济”为宗旨，目前已覆盖全球 40多个国家，涉及工业、金融、医疗、公共服务等14个行业。 依托国家数据治理顶层设计的持续加码以及数据监管架构的日益完善，金融行业加快推进企业级数 据治理体系建设，强化数据全生命周期管理与质量控制，依托大数据、隐私计算等前沿技术实现多源异 构数据的合规融合应用，数据要素在金融产品创新、智能风控、客户服务等领域的价值挖掘持续深化， 成为金融机构提升核心竞争力的关键抓手。 （三）特色路径构建金融强国，基础设施迈向安全可靠 为实现“金融强国”的重大历史目标，我国探索出了“特色金融发展之路”，并且在国家层面持续 完善数字金融发展顶层政策体系。2025年3月《国务院办公厅关于做好金融“五篇大文章”的指导意 见》（国办发〔2025〕8号）正式印发，从国家战略层面明确推动数字金融高质量发展的核心方向，要 求加快金融机构数字化转型、规范金融数据共享流通、健全数字金融治理体系、稳妥推进数字人民币研 发应用；2025年12月国家金融监督管理总局发布《银行业保险业数字金融高质量发展实施方案》，细 化33项具体发展任务，提出健全数字金融治理机制、激发数据要素潜能、建设智能风控体系、推进监 管数字化智能化转型等要求；报告期内，中国人民银行正式确立了数字人民币“双翼”组织架构：北京 数字人民币运营管理中心聚焦国内核心基础设施与生态根基，上海数字人民币国际运营中心侧重跨境合 作与多边本币结算。2026年1月1日，《新一代数字人民币管理体系及运行机制》正式启动，标志着 数字人民币从“数字现金”时代全面迈入“数字存款货币”时代。2026年4月，央行宣布新增12家银 11
京北方信息技术股份有限公司2025年年度报告全文 行（含头部城商行）为业务运营机构，运营机构总数扩容至22家。数字人民币正从“试点验证”全面 进入“制度化、规模化运行”阶段，成为推动“金融强国”建设、推动人民币国际化的重要抓手。 在系列顶层政策引领下，金融基础设施建设已从渠道数字化向核心业务、运营管理、风险管控、生 态建设全维度延伸，金融机构持续加大IT资源投入，数字化运营、数字人民币、智能风控、监管科技 等成为数字化建设核心领域，行业数字化转型呈现“技术赋能、数据驱动、合规引领、生态共建”的特 征。同时，在国家自主可控与国产化替代战略指引下，金融行业作为信创建设的重点领域，已从国有大 型商业银行逐步向区域性中小银行、保险、证券、基金等金融机构延伸，进入全系统、全链条的深化实 施阶段，全栈式信创适配、跨平台技术兼容成为行业发展重要方向，原生鸿蒙操作系统等国产技术体系 的金融场景适配进程持续加快，信创建设从单一系统替代向整体生态构建升级。 三、核心竞争力分析 公司基于立体化的优质客户资源布局、兼具广度与深度的行业经验积淀、体系化的研发组织及创新 能力、以及数智化能力支撑的精益运营，构筑起显著的竞争壁垒，形成可持续发展的核心竞争优势。 1、立体化的优质客户资源布局 公司自创立伊始，始终秉持深耕细作的发展理念，专注数智技术及金融科技在客户端的创新实践。 历经多年行业积淀，已成功构建以银行业为核心，辐射保险、证券、信托、基金等多领域的立体化客户 矩阵，客户拓展成效显著。公司业务合作对象覆盖各类银行业金融机构，同时涵盖多领域非银金融机构， 并延伸至金融基础设施、政府、各类国有企业及多元化非金融实体，已实现核心银行业客户的全覆盖， 并持续加大对中小银行、非银金融机构及非金融机构客户的开拓与服务力度，客户结构不断优化。 核心银行业客户资金实力雄厚、需求稳定且资信良好、回款及时，为公司核心业务提供了坚实稳定 的支撑。公司始终注重稳固与核心客户的长期合作关系，同时积极拓展新兴客户群体，中小银行、非银 金融机构及非金融机构客户业务增长势头良好，成为公司未来持续发展的重要增长极，进一步丰富和完 善了公司的客户生态。 2、兼具广度与深度的行业经验积淀 凭借在金融科技领域多年的深耕细作，公司积累了兼具广度与深度的行业经验，对金融行业的业务 逻辑、监管要求、客户需求有着深刻理解和精准把握。公司熟悉各类金融机构的业务场景与运营模式， 能够快速响应客户多样化、个性化的需求，精准匹配客户业务发展痛点，提供贴合行业实际的解决方案 与服务。 在AI 驱动软件的范式变革中，场景化Know-how 已成为决定大模型落地价值的决定性因素，支撑 业务运转的底层业务逻辑依然掌握在具备深厚行业积淀的服务商手中。公司通过将多年积累的金融业务 12
京北方信息技术股份有限公司2025年年度报告全文 逻辑、合规约束等封装为AIAgent的行动指南，助力AI智能体实现从“工具调用”到“价值创造”的 跨越。 3、体系化的研发组织及创新能力 公司紧跟国家战略导向与科技变革趋势，通过持续优化研发资源配置体系、推进科研组织架构迭代 升级，强化数智技术与金融科技革新领域的前瞻性布局，构建支撑主营业务可持续发展的内生驱动力与 技术护城河。 在研发组织架构层面，京北方研究院负责系统推进前沿技术领域的深化研究，强化与高等院校、科 研机构的战略协同。京北方研究院通过持续培养和引进各领域技术专家，聚焦大模型智能体、计算机视 觉、大数据、云计算、区块链及隐私计算等战略领域，建立常态化技术跟踪机制，密切追踪全球科技趋 势，提升预研能力与产品标准化水平，同时密切关注量子科技、具身智能的发展，调研其在金融领域相 关应用。另外，公司设有博士后科研工作站，推动产学研协同与人才体系建设，为研发体系持续输送高 层次后备人才。 在产品创新方面，公司已构建涵盖大模型智能体类、计算机视觉类、大数据类、盘庚测试云平台、 影像及流程管理类、基础技术平台类等在内的通用产品与技术体系，并面向银行、保险、证券等金融行 业客户，形成覆盖集约化运营、运营管理与风控、电子渠道、数字人民币、资产管理、供应链金融、普 惠金融、同业业务管理、风险管理等多领域的行业应用解决方案，持续拓展产品广度与应用深度。公司 通过“创新大赛”等机制，围绕技术热点与真实业务场景开展验证与迭代，推动创新能力转化为可复制、 可交付、可规模化的产品能力。 在技术研发方面，公司持续推进专利储备与信创资质体系建设，并持续开展国产算力适配与信创认 证工作，形成以自主知识产权与国产化适配能力为支撑的研发成果转化体系，进一步巩固公司在金融科 技领域的竞争优势。截至报告期末，公司累计获得国家授权专利36项，登记软件著作权316项，通过 国家级信息技术应用创新适配认证21项。 4、数智化能力支撑的精益运营 公司以数智化能力为核心支撑，构建了精益化的运营管理体系，将数智技术深度融入运营全流程， 实现运营效率、服务质量与风险管控水平的同步提升。通过数字化工具与智能化手段，优化业务流程、 简化操作环节、提升响应速度，为客户提供高效、便捷、精准的服务。 公司注重运营团队的专业化建设，完善运营管理制度与服务标准，强化过程管控与质量监督，形成 了标准化、规范化、精益化的运营模式。数智化与精益化的深度融合，不仅降低了运营成本，提升了运 营效能，也进一步增强了公司的服务竞争力，为客户创造了更高的价值，助力公司实现可持续发展。 13
京北方信息技术股份有限公司2025年年度报告全文 四、主营业务分析 1、概述 2025年度，公司主营业务保持稳健运行，经营态势平稳，核心竞争力持续巩固。报告期内，公司 实现营业收入48.39亿元，同比增长4.38%；归属于上市公司股东的净利润3.27亿元，同比增长5.06%。 公司业绩在金融IT行业中持续保持前列地位，整体经营表现符合公司长期发展规划。报告期内，公司 聚焦AI与大数据等创新技术产品，深化核心客户合作，推进相关技术研发与产品落地，客户拓展与业 务发展均取得积极进展，有效保障了主营业务的平稳运行。按业务板块划分，软件及IT解决方案条线 实现收入32.42亿元，占总营收比重67.00%，保持平稳增长，其中金融科技解决方案产品线收入14.37 亿元，增速10.53%；人工智能及大数据创新产品线收入1.24亿元，增速55.63%。业务数字化运营条线 收入15.97亿元，其中智慧客服及消费金融精准营销产品线收入9.67亿元，增速17.93%。 报告期内，公司客户结构持续优化，中小银行、非银金融机构及非金融机构等客户的渗透率持续提 升，长尾客户拓展成效显著。按客户类型划分，金融业客户仍是公司核心收入来源，报告期内贡献收入 44.46亿元，占总营收比重91.87%，客户群体全面覆盖各类金融机构，核心客户合作黏性持续提升。其 中，中小银行、非银金融机构客户收入增速高于公司整体增速，客户发展战略得到有效落地；非金融业 客户贡献收入3.93亿元，同比增长30.87%，市场渗透持续推进，有效丰富了收入来源。2025年度，公 司新增法人客户51家，客户拓展成效显著，多元化客户布局进一步分散了经营风险。 （1）聚焦人工智能技术领域，持续完善创新产品体系，强化技术落地与业务赋能 人工智能领域是公司长期战略布局方向，其中大模型与智能体能力是公司技术战略储备与产品创新 的重要抓手。报告期内，公司围绕“京北方大模型&智能体系列”持续完善智能产品体系，聚焦智能营 销、智能合规、智能运维、智能反欺诈与智能报告生成等高频业务场景，依托自然语言处理、时序分析、 语义理解等核心技术，实现产品模块化嵌入现有业务系统，有效提升各业务环节的自动化与智能化水平。 目前，相关智能产品已成功在银行、非银金融及非金融类客户中落地应用，并形成稳定的持续交付订单， 为公司业务增长注入新的动力。 在大模型智能体类产品方面，公司构建覆盖“平台化纳管+场景化智能体”的产品矩阵：一方面， 建设AI门户平台，实现模型与智能体能力的统一接入、统一管理与统一运营；另一方面，面向金融行 业关键业务环节，持续迭代合规智能体、营销智能体、风控智能体、软件工程智能体、内部办公智能体、 数据分析智能体等场景产品，推动智能能力从“点状试用”向“流程内嵌、闭环可控、可规模复制”演 进。 在计算机视觉类产品方面，公司围绕图像与视频识别能力打造OCR识别平台与智能视频监控系统， 14
京北方信息技术股份有限公司2025年年度报告全文 覆盖身份证、发票、金融业务凭证等常见票证的高精度识别与结构化处理，支持多终端与信创部署，实 现金库、营业厅、操作间、闸机区域等多场景的异常事件识别与预警联动，构建高效闭环的智能安防体 系。同时，公司在视觉能力体系中进一步完善多模态查询与检索能力，强化跨文本、图像、视频的信息 理解与检索，提升复杂业务场景下的智能查询与知识获取效率。此外，针对其他公司重点产品的视觉需 求，提供技术赋能与共研服务，助力客户或内部产品线构建定制化计算机视觉解决方案。 在大数据领域，公司聚焦数据资产治理、数据分析、大模型数据预处理与数据应用等方向，提供覆 盖数据采集、存储、治理、分析与业务应用的大数据全流程解决方案，并已在银行、保险、证券等行业 广泛应用。公司通过统一数据底座/数据中台能力提升客户数据处理的标准化水平与效率，并将AI能力 深度融入数据产品体系，在智能问数、数据分析与业务洞察等方向形成成熟解决方案。报告期内，公司 在指标管理、客户画像与标签管理、数据可视化分析、数据填报、综合报表等产品基础上，进一步完善 面向大模型的数据工程能力体系，形成Data4AI的数据支撑与训练/推理数据准备能力，并持续强化企 业级知识库建设与应用能力，为智能体与行业应用提供高质量、可治理、可追溯的数据与知识供给。 在区块链及隐私计算领域，公司在既有区块链公共服务平台、供应链金融平台、数字人民币系统等 能力基础上，进一步完善“链上可信+链下合规”的技术与产品布局，新增建设隐私计算平台，以满足 跨机构、跨数据域的安全协作与合规计算需求。在创新方向上，公司面向跨境支付、资产通证化与数字 资产相关场景，提供全流程合规可控的技术支撑与产品能力，助力客户高效完成多元场景建设与数字生 态接入。 为保障各类创新产品高效交付落地，公司持续建设盘庚测试云平台等基础支撑能力，构建覆盖测试 管理、自动化测试、性能测试等环节的全生命周期测试中台体系。平台深度融合AI技术，覆盖需求文 档解析、测试点分析、测试用例生成、脚本生成、自动化执行、报告生成等全流程场景，持续提升产品 交付质量与研发效率，同时全面适配国产化生态建设要求。 （2）深耕金融行业场景，完善全品类解决方案，赋能客户数智化转型与信创落地 在金融行业数字化转型与信创建设持续深化的背景下，公司围绕“安全可控、架构升级、能力中台 化、智能化嵌入”的总体思路，持续完善覆盖渠道类、管理类、核心类系统的金融行业解决方案体系， 推动传统系统能力向数智化、平台化方向升级，助力客户构建兼顾稳定性与创新能力的现代金融科技体 系。 在渠道类系统方面，公司依托自主知识产权的统一开发平台底座，以统一移动开发平台与渠道中台 能力为核心，融合NLP、AI、数据智能等先进技术，侧重渠道运营能力提升，现已打造覆盖多场景、 全维度的渠道体系，渠道中台实现客户、账户、认证、决策、营销与运营等服务能力的聚合，提供高效、 安全、标准的全渠道服务支撑；同时配套构建统一认证门户、统一开发平台（含移动开发平台）、渠道 15
京北方信息技术股份有限公司2025年年度报告全文 运营平台及一体化运行管控平台，全面支持鸿蒙及国产化软硬件环境适配，满足信创生态建设要求。 同时，围绕企业客户综合金融服务需求，融合大模型技术能力，持续升级企业易管家代发平台及一 站式企业数字化解决方案，聚焦人、财、事数字化管理，为客户赋能中小微企业持续注入动力；通过构 建统一用户体系、统一交易模型、统一安全管控、统一运营管理与统一渠道体验五大核心能力，并深度 融合大模型智能体能力，持续完善AI+手机银行及“小方”智能体，推动渠道交互模式从传统菜单式向 自然语言交互与场景化服务演进。此外，数智化运营能力全面覆盖埋点、数据分析、活动策划到智能投 放与效果分析的全流程，进一步强化渠道运营效能。 在数智化管理类系统方面，公司紧跟行业智能化发展趋势，全面推进管理类产品与大模型等AI技 术的深度融合与升级重塑。在大资管领域，以“3+1”大资管产品线为核心，进一步深化大模型、OCR、 RPA等技术在投研、风控与运营流程中的应用，不断优化理财代销、客户标签管理、智能推荐等功能 模块，加速资管系统从传统业务支撑向智能运营的转变。同时，积极探索前沿AI技术，为资管业务提 供更精准的市场预测和投资决策支持，提升资产管理的智能化水平。在运营与风险管理板块，集约化运 营平台和风险监控系统持续迭代升级，大模型的引入使风险识别和决策支持更为精准高效；监管报送 “一表通”体系不断打磨，数据采集至报文生成的全流程标准化管理水平再上新台阶，监管数据报送的 准确性和合规性显著增强。公司的数字档案管理平台不断进化，AI和检索技术的融入让档案数据的调 用和管理更加智能便捷，全方位赋能金融机构的精细化运营。 在核心类系统方面，公司深度参与银行存款、信贷、支付等核心业务系统的重构与升级，围绕分布 式架构改造、数据迁移、性能优化及国产化环境适配等关键环节提供研发技术支持。依托盘庚测试云平 台与自动化测试体系，公司为客户提供核心类系统的全流程测试服务，覆盖功能、性能、安全与兼容性 的全生命周期测试，强化系统在信创软硬件环境下的稳定运行能力，保障金融业务连续性与系统安全性。 在运营咨询与模型风控服务方面，依托深厚的AI研发能力，尤其是在机器学习算法与特征工程领 域的积淀，公司精准把握零售、小微、普惠及涉农业务在强监管导向下的风控痛点，输出以申请评分、 行为评分、催收评分为核心的量化模型矩阵及动态策略优化服务。公司致力于协助金融机构构建具备前 瞻性与自适应性的风险识别机制，实现从贷前准入、贷中监控到贷后管理的全栈式资产质量精细化管理。 在此基础上，公司进一步将数据治理能力与智能分析决策能力升维为咨询服务的核心组件，推动咨询方 案与系统实施的无缝衔接，形成“诊断-治理-落地-迭代”的协同闭环，确保风控策略从顶层设计到生 产运营的全程贯通，为合作伙伴构建可持续的、具备内生增长力的数字化风控生态。 在上述解决方案持续演进的基础上，公司将信创适配能力、智能体能力、数据治理能力与行业场景 深度融合，形成兼顾安全可控与数智升级的综合解决方案体系，为金融机构实现高质量发展提供持续技 术支撑。 16
京北方信息技术股份有限公司2025年年度报告全文 （3）数字人民币推广升级，出海迈出实质步伐，探索智能经济新形态 随着数字人民币试点范围持续扩大、运营机构持续扩容，商业银行数币相关系统建设及运营需求不 断深化。在系统建设方面，公司能够为银行客户提供覆盖数字人民币钱包管理、交易处理、渠道接入、 账务处理、对账清算及监管报送等环节的系统研发与技术支持，并具备与核心系统、支付系统、渠道系 统等多类业务系统协同改造的综合实施能力。在项目交付方面，公司形成了覆盖需求分析、系统设计、 开发实现、测试验证、上线实施及运行支持的全生命周期交付体系，通过自动化测试平台、性能测试与 国产化适配能力，保障系统在信创环境下稳定运行。报告期内，公司在多家商业银行数字人民币项目实 践中积累了丰富经验，逐步形成标准化实施方法与协同交付机制，为金融机构在数字人民币相关系统建 设及运营阶段提供持续、可靠的技术支撑能力。 业务出海方面，公司在报告期内正式成立香港全资子公司，标志着公司全球化布局战略迈出实质性 步伐。该子公司定位为跨境技术协同平台，聚焦香港、澳门及东南亚金融机构数字化需求，辐射全球市 场，致力于构建“技术输出+生态合作”的国际化服务体系，服务银行、保险、证券、基金、交易所等 多元海外客户群体。目前，公司已通过香港子公司与多家海外机构签署业务合作协议，加速出海战略落 地。未来，公司将依托香港子公司的区位优势，强化AI及区块链驱动的金融科技解决方案研发与场景 对接能力，拓展AIAgent在海外金融营销、风控、运维等场景的应用，结合隐私计算等技术探索数字 资产管理、跨境支付等领域业务机会，进一步完善国际化服务网络，为公司长期发展培育新的增长动能。 （4）现金流持续改善，重视股东回报，分红比例提升 2025年，公司经营性净现金流4.65亿元，较上年同比增加77.95%。根据相关法律法规及《公司章 程》关于利润分配规定，基于公司稳健的经营状况、健康的现金流状况以及未来可持续的成长性，为进 一步增强公司资本实力，同时兼顾对广大投资者的合理回报，公司提出2025年度利润分配方案：拟向 全体股东每10股派发现金股利人民币2.10元，共计派发现金股利人民币1.82亿元。同时以资本公积转 增股本，每10股转增2股，合计转增1.73亿股。 2、收入与成本 （1） 营业收入构成 单位：元 2025年 2024年 同比增减 金额 占营业收入比重 金额 占营业收入比重 营业收入合计 4,839,049,619.20 100% 4,636,169,749.19 100% 4.38% 分行业 银行 3,985,651,932.37 82.36% 3,969,180,497.71 85.62% 0.41% 非银金融 459,952,930.68 9.51% 366,342,313.92 7.90% 25.55% 17
京北方信息技术股份有限公司2025年年度报告全文 其他 393,444,756.15 8.13% 300,646,937.56 6.48% 30.87% 分产品 软件开发及服务 1,681,167,495.87 34.74% 1,627,458,003.84 35.10% 3.30% 金融科技解决方 1,437,299,218.10 29.70% 1,300,414,906.26 28.05% 10.53% 案 人工智能及大数 123,854,855.96 2.56% 79,585,122.81 1.72% 55.63% 据创新产品 智慧客服及消费 967,054,108.71 19.98% 820,025,841.42 17.69% 17.93% 金融精准营销 数智化运营及服 629,673,940.56 13.02% 808,685,874.86 17.44% -22.14% 务 分地区 华北区 2,044,038,320.96 42.24% 1,983,455,938.28 42.78% 3.05% 华东区 926,925,023.10 19.16% 845,830,870.09 18.24% 9.59% 华南区 594,442,536.81 12.28% 596,744,764.20 12.87% -0.39% 中南区 510,881,428.62 10.56% 445,183,153.74 9.60% 14.76% 西南区 341,001,451.79 7.05% 352,583,317.37 7.61% -3.28% 西北区 256,679,798.73 5.30% 229,597,093.41 4.95% 11.80% 东北区 151,695,875.55 3.13% 173,192,053.49 3.74% -12.41% 境外 13,385,183.64 0.28% 9,582,558.61 0.21% 39.68% 分销售模式 自营 4,839,049,619.20 100.00% 4,636,169,749.19 100.00% 4.38% 公司需遵守《深圳证券交易所上市公司自律监管指引第3号——行业信息披露》中软件与信息技术服务业的披露要求 单位：元 2025年度 2024年度 第一季度 第二季度 第三季度 第四季度 第一季度 第二季度 第三季度 第四季度 1,157,106 1,203,858 1,252,139 1,225,944 1,115,396 1,128,522 1,192,435 1,199,814 营业收入 ,728.57 ,659.31 ,687.41 ,543.91 ,933.04 ,260.04 ,683.41 ,872.70 归属于上 市公司股 46,732,33 72,108,88 124,611,5 83,935,33 48,531,78 71,396,64 105,625,1 86,070,98 东的净利 5.50 5.48 30.45 1.67 2.37 2.51 21.73 7.39 润 说明经营季节性（或周期性）发生的原因及波动风险 （2） 占公司营业收入或营业利润10%以上的行业、产品、地区、销售模式的情况 适用 □不适用 公司需遵守《深圳证券交易所上市公司自律监管指引第3号——行业信息披露》中软件与信息技术服务业的披露要求 单位：元 营业收入比 营业成本 毛利率比 营业收入 营业成本 毛利率 上年同期增 比上年同 上年同期 减 期增减 增减 分客户所处行业 银行 3,985,651,932.37 3,064,631,095.90 23.11% 0.41% -0.41% 0.63% 分产品 软件开发及服 1,681,167,495.87 1,226,062,987.31 27.07% 3.30% 1.92% 0.99% 务 金融科技解决 1,437,299,218.10 1,008,274,721.49 29.85% 10.53% 10.20% 0.21% 方案 智慧客服及消 967,054,108.71 852,013,882.38 11.90% 17.93% 19.84% -1.41% 18
京北方信息技术股份有限公司2025年年度报告全文 费金融精准营 销 数智化运营及 629,673,940.56 559,498,100.96 11.14% -22.14% -21.25% -1.00% 服务 分地区 华北区 2,044,038,320.96 1,569,070,260.40 23.24% 3.05% 0.14% 2.24% 华东区 926,925,023.10 711,931,278.60 23.19% 9.59% 10.77% -0.82% 华南区 594,442,536.81 440,968,431.26 25.82% -0.39% -2.66% 1.73% 中南区 510,881,428.62 421,727,303.54 17.45% 14.76% 19.95% -3.58% 分销售模式 自营 4,839,049,619.20 3,730,061,987.57 22.92% 4.38% 3.67% 0.52% 公司主营业务数据统计口径在报告期发生调整的情况下，公司最近1年按报告期末口径调整后的主营业务数据 □适用 不适用 （3） 公司实物销售收入是否大于劳务收入 □是 否 （4） 公司已签订的重大销售合同、重大采购合同截至本报告期的履行情况 □适用 不适用 （5） 营业成本构成 行业分类 行业分类 单位：元 2025年 2024年 行业分类 项目 占营业成 占营业成本 同比增减 金额 金额 本比重 比重 银行 人工 3,002,833,091.28 80.50% 3,003,047,549.72 83.47% -0.01% 外购商品与服 银行 26,114,065.98 0.70% 38,209,838.49 1.06% -31.66% 务 银行 项目直接费用 31,697,853.04 0.85% 31,134,579.02 0.87% 1.81% 银行 固定资产折旧 3,986,085.60 0.11% 4,744,607.72 0.13% -15.99% 非银金融 人工 353,881,828.19 9.49% 279,705,071.66 7.77% 26.52% 外购商品与服 非银金融 2,089,146.46 0.05% 1,122,547.91 0.03% 86.11% 务 非银金融 项目直接费用 5,414,738.36 0.15% 2,523,675.74 0.07% 114.56% 非银金融 固定资产折旧 436,673.11 0.01% 385,281.04 0.01% 13.34% 其他 人工 295,071,325.60 7.91% 232,450,692.32 6.46% 26.94% 外购商品与服 其他 2,911,240.28 0.08% 1,669,884.74 0.05% 74.34% 务 其他 项目直接费用 5,266,183.28 0.14% 2,568,589.90 0.07% 105.02% 其他 固定资产折旧 359,756.39 0.01% 322,965.70 0.01% 11.39% 说明 公司业务由银行业、非银金融业及其他业构成，公司营业成本构成比较稳定，主要构成为人工成本，随营业收入增长而 增加。 公司需遵守《深圳证券交易所上市公司自律监管指引第3号——行业信息披露》中软件与信息技术服务业的披露要求 19
京北方信息技术股份有限公司2025年年度报告全文 主营业务成本构成 单位：元 本报告期 上年同期 成本构成 同比增减 金额 占营业成本比重 金额 占营业成本比重 人工 3,651,786,245.07 97.90% 3,515,203,313.70 97.70% 3.89% 外购商品与服务 31,114,452.72 0.83% 41,002,271.14 1.14% -24.12% 项目直接费用 42,378,774.68 1.14% 36,226,844.66 1.01% 16.98% 固定资产折旧 4,782,515.10 0.13% 5,452,854.46 0.15% -12.29% （6） 报告期内合并范围是否发生变动 □是 否 （7） 公司报告期内业务、产品或服务发生重大变化或调整有关情况 □适用 不适用 （8） 主要销售客户和主要供应商情况 公司主要销售客户情况 前五名客户合计销售金额（元） 2,399,543,820.56 前五名客户合计销售金额占年度销售总额比例 49.58% 前五名客户销售额中关联方销售额占年度销售总额比例 0.00% 公司前5大客户资料 序号 客户名称 销售额（元） 占年度销售总额比例 1 客户一 611,711,373.80 12.64% 2 客户二 585,976,051.90 12.11% 3 客户三 450,630,930.15 9.31% 4 客户四 437,903,895.47 9.05% 5 客户五 313,321,569.24 6.47% 合计 -- 2,399,543,820.56 49.58% 主要客户其他情况说明 □适用 不适用 公司主要供应商情况 前五名供应商合计采购金额（元） 22,714,075.93 前五名供应商合计采购金额占年度采购总额比例 36.48% 前五名供应商采购额中关联方采购额占年度采购总额比例 0.00% 公司前5名供应商资料 序号 供应商名称 采购额（元） 占年度采购总额比例 1 供应商一 9,723,193.44 15.61% 2 供应商二 7,612,784.18 12.23% 3 供应商三 2,027,665.15 3.26% 4 供应商四 1,815,520.00 2.92% 5 供应商五 1,534,913.16 2.46% 20
京北方信息技术股份有限公司2025年年度报告全文 合计 -- 22,714,075.93 36.48% 主要供应商其他情况说明 □适用 不适用 报告期内公司贸易业务收入占营业收入比例超过10% □适用 不适用 3、费用 单位：元 2025年 2024年 同比增减 重大变动说明 销售费用 81,089,310.01 85,300,237.58 -4.94% 管理费用 227,806,934.08 171,735,055.63 32.65% 因业务调整造成的人工成本增长 主要系利率下降，利息收入减少 财务费用 -854,858.19 -3,162,311.17 不适用 所致。 研发费用 440,504,108.29 427,131,842.25 3.13% 4、研发投入 适用 □不适用 主要研发项 预计对公司未来发展 项目目的 项目进展 拟达到的目标 目名称 的影响 大模型应用服务平台基于前 1、完成平台整体框架 1、搭建大模型应用服 支持多业务场景智能 沿大语言模型技术构建，支 设计与功能模块划分； 务平台，支持多种业 体的灵活搭载与快速 持AI能力集成与按需灵活 2、完成大模型应用服 务智能体集成与功能 拓展，通过即插即用 AI智能体门 拓展，可无缝搭载智能营 务平台研发； 展示； 的AI能力，深度赋能 户与场景智 销、智能合规、智能运维、 3、完成运维智能体、 2、完成智能营销、智 智能营销、合规、运 能体 智能办公等多场景业务智能 合规智能体、智能报告 能合规、智能运维、 维及办公场景，为企 体，通过清晰直观的功能体 生成、智能办公等多业 智能办公、智能报告 业打造全流程闭环的 系，为企业提供全流程、高 务场景的智能体研发与 等智能体研发。 智能服务体系。 适配的业务智能赋能服务。 接入。 1.功能目标：实现AI 驱动的全流程测试能 力，涵盖需求分析智 能化、测试点自动生 成、测试用例生成与 1、完成解析需求文 用AI智能体替代传统人工/ 优化、测试执行自动 档、生成测试点和测试 自动化测试，实现自主规 化、测试结果分析与 用例功能； 划、自主执行、自主分析、 缺陷定位，形成闭环 2、完成知识库搭建， 自主修复的测试闭环，解决 式智能测试流程； 推动技术创新：引入 知识向量化和RAG调 传统测试效率低、覆盖率不 2.效率目标：相较于 AI大模型等技术，提 优； AI测试智能 足、回归成本高、问题定位 传统人工测试，大幅 升测试能力，积累技 3、完成人工用例生成 体 慢等痛点，提升研发交付质 缩短测试周期（如核 术优势，为未来创新 自动化脚本，以及自动 量与速度。同时，沉淀测试 心测试环节效率提升 和业务拓展奠定基 执行脚本； 知识与决策模型，形成企业 50%以上），减少人工 础。 4、完成测试结果智能 级测试大脑，实现测试从 投入，降低测试成 分析； “工具化”向“智能化”升 本，支撑创新产品快 5、正在实现AI生成测 级。 速交付迭代； 试业务数据。 3.质量目标：提升测 试覆盖率，减少漏 测、误测问题，精准 定位产品缺陷，助力 产品交付质量提升。 21
京北方信息技术股份有限公司2025年年度报告全文 降低上线后故障发生 率； 4.适配目标：全面适 配国产化软硬件生 态，确保测试智能体 可兼容国产化系统、 数据库及工具，满足 国产化项目测试需 求； 5.平台融合目标：与 盘庚测试云平台深度 集成，融入现有测试 中台体系，形成“基 础支撑+智能测试”的 一体化能力，实现测 试资源、流程、数据 的统一管理与复用。 NLP及大模型算法服务平台 提供NLP和大模型技术底 座，支持大模型接入和定制 1、完成平台整体框架 1、建立大模型服务平 化服务构建。平台提供信息 设计； 台； NLP&大模型 提取、知识库问答、文本生 2、完成接口规范化设 2、支持大模型接入和 形成公司在AI大模型 算法服务平 成、数据分析四类应用服务 计； 定制化服务构建； 赛道的核心竞争力。 台 能力，并通过API接口快速 3、完成合规助手、报 3、快速集成业务系 集成到业务系统，为办公、 告生成子产品研发。 统。 研发、资管、风控等业务领 域提供智能服务。 面向多元化业务场景中的双 1、建立智能推荐平 边资源匹配需求，建设智能 台； 1、完成平台框架设 推荐平台，结合人工智能自 2、支持多元化双边资 基于NLP和 计； 拓展公司业务版图， 然语言处理技术、特别是AI 源匹配场景快速接 大模型的智 2、完成招聘系统业务 提升公司市场竞争 大模型技术，实现资源需求 入； 能推荐平台 数据的接入和匹配模型 力。 方和供给方的精准匹配与高 3、提升业务系统的资 训练。 效对接，提升业务系统中双 源匹配精准率和效 边资源利用率和总体效益。 率。 在新一代通用票证深度 1、开展多元化场景探 识别引擎的基础上，不 索，研发符合金融业 针对金融机构对各种票据、 断扩大支持范围，持续 务场景的OCR相关产 证件、文案等业务数据的自 优化识别算法。目前可 品； 完善公司产品矩阵， 动录入需求，结合AI深度 支持票证50余种，支 2、搭建OCR云服务、 智能OCR平 为公司开拓更多客 学习算法的图像处理模块， 持移动端OCR、云服务 移动端OCR，同时满 台 户，提升公司市场竞 打破传统图像处理的工作方 等多种服务部署场景。 足在线和终端识别场 争力。 式，帮助企业降低运营成 已完成合同比对工具、 景； 本，提升工作效率。 图像质检工具、图像数 3、研发高可靠性OCR 字化智能平台等系列场 算法，不断提高识别 景产品的开发。 服务的性能和精度。 1、参考同业产品，进 基于大模型应用对高质量、 行非结构化数据管理平 1、构建平台与公司大 是公司执行在大模型 结构化知识的需求，建立面 台设计，实现文档、图 模型应用进行结合， 赛道的战略的关键能 向AI的数据底座，核心目 像、音频等信息的加 能够合力进行POC； 力，进一步提升公司 的是将企业内部多源、异构 Data4AI知识 载、结构化提取以及查 2、随POC过程和大模 在关键领域的竞争 的原始数据转化为可供大模 中枢 询等管理功能; 型应用的需求完善产 力； 型直接理解、学习与调用的 2、配合公司的云测系 品； 同时，也为公司内部 规范化、向量化知识资产， 统，利用测试数据资产 3、支持公司内部的大 的AI化管理与运营提 打通从“数据资源”到“AI 提供测试数据生成服 模型应用。 供基础支撑。 智能”的关键路径。 务。 22",windowed_extraction_review_required
002987.SZ,AR_002987_SZ_2025,management_discussion,2,13,"京北方信息技术股份有限公司2025年年度报告全文 2025 年年度报告 第一节 重要提示、目录和释义 公司董事会及董事、高级管理人员保证年度报告内容的真实、准确、完 整，不存在虚假记载、误导性陈述或重大遗漏，并承担个别和连带的法律责 任。 公司负责人费振勇、主管会计工作负责人马志刚及会计机构负责人（会 计主管人员）王悦声明：保证本年度报告中财务报告的真实、准确、完整。 所有董事均已出席了审议本报告的董事会会议。 公司在本报告中的未来工作思路、工作计划等前瞻性描述不构成公司对 投资者的实质性承诺，敬请投资者注意投资风险。 公司在本报告中详细阐述了未来可能发生的有关风险因素及对策，具体 请参阅本报告“第三节管理层讨论与分析”之“十一、公司未来发展的展望” 部分。敬请广大投资者注意投资风险！ 公司经本次董事会审议通过的利润分配预案为：以 867,460,152 为基 数，向全体股东每 10 股派发现金红利 2.1 元（含税），送红股 0 股（含 税），以资本公积金向全体股东每 10 股转增 2 股。 2
京北方信息技术股份有限公司2025年年度报告全文 目录 第一节 重要提示、目录和释义................................................................................. 2 第二节 公司简介和主要财务指标............................................................................. 6 第三节 管理层讨论与分析..........................................................................................10 第四节 公司治理、环境和社会................................................................................. 37 第五节 重要事项..........................................................................................................55 第六节 股份变动及股东情况......................................................................................70 第七节 债券相关情况..................................................................................................78 第八节 财务报告..........................................................................................................79 3
京北方信息技术股份有限公司2025年年度报告全文 备查文件目录 （一）载有公司负责人、主管会计工作负责人、会计机构负责人（会计主管人员）签名并盖章的财务报表； （二）载有会计师事务所盖章、注册会计师签名并盖章的审计报告原件； （三）载有公司盖章、公司法定代表人签名的2025年年度报告文件原件； （四）报告期内公司公开披露过的所有公司文件的正本及公告的原稿。 4
京北方信息技术股份有限公司2025年年度报告全文 释义 释义项 指 释义内容 公司、本公司、京北方 指 京北方信息技术股份有限公司 永道投资 指 拉萨永道投资管理有限责任公司 元道投资 指 元道（温州）创业投资合伙企业（有限合伙） 报告期 指 2025年1月1日-2025年12月31日 六大国有商业银行的统称，包括：中国工商银行股份有限公司、 中国建设银行股份有限公司、中国农业银行股份有限公司、中国 国有大型商业银行、国有六大行 指 银行股份有限公司、交通银行股份有限公司和中国邮政储蓄银行 股份有限公司 12家全国性股份制商业银行：上海浦东发展银行股份有限公司、 中信银行股份有限公司、中国光大银行股份有限公司、华夏银行 股份有限公司、中国民生银行股份有限公司、招商银行股份有限 股份制商业银行、股份制银行 指 公司、广发银行股份有限公司、兴业银行股份有限公司、平安银 行股份有限公司、浙商银行股份有限公司、恒丰银行股份有限公 司、渤海银行股份有限公司 信创 指 信息技术应用创新 中国证监会 指 中国证券监督管理委员会 深交所 指 深圳证券交易所 《公司法》 指 《中华人民共和国公司法》 《证券法》 指 《中华人民共和国证券法》 《股票上市规则》 指 《深圳证券交易所股票上市规则》 《深圳证券交易所上市公司自律监管指引第1号——主板上市公 《规范运作指引》 指 司规范运作》 工作量的计量单位，是项目管理中常用的概念。一个人月指一名 人月 指 服务人员提供一个月专业服务的工作量。 工作量的计量单位，是项目管理中常用的概念。一个人天指一名 人天 指 服务人员提供一天专业服务的工作量。 5
京北方信息技术股份有限公司2025年年度报告全文 第二节 公司简介和主要财务指标 一、公司信息 股票简称 京北方 股票代码 002987 变更前的股票简称（如有） 无 股票上市证券交易所 深圳证券交易所 公司的中文名称 京北方信息技术股份有限公司 公司的中文简称 京北方 公司的外文名称（如有） NORTHKING INFORMATION TECHNOLOGY CO.,LTD. 公司的外文名称缩写（如 NORTHKING TECH. 有） 公司的法定代表人 费振勇 注册地址 北京市海淀区西三环北路25号7层 注册地址的邮政编码 100089 公司注册地址历史变更情况 无 办公地址 北京市海淀区西三环北路25号7层 办公地址的邮政编码 100089 公司网址 www.northkingbpo.net 电子信箱 mail@northking.net 二、联系人和联系方式 董事会秘书 证券事务代表 姓名 王潇 冉钦 联系地址 北京市海淀区西三环北路25号7层 北京市海淀区西三环北路25号7层 电话 010-82652688 010-82652688 传真 010-82652116 010-82652116 电子信箱 mail@northking.net mail@northking.net 三、信息披露及备置地点 公司披露年度报告的证券交易所网站 深圳证券交易所（http://www.szse.cn） 巨潮资讯网（http://www.cninfo.com.cn）、《中国证券 公司披露年度报告的媒体名称及网址 报》、《证券时报》 公司年度报告备置地点 京北方信息技术股份有限公司证券事务部 四、注册变更情况 统一社会信用代码 911101086976555404 公司上市以来主营业务的变化情况（如有） 无 历次控股股东的变更情况（如有） 无 6
京北方信息技术股份有限公司2025年年度报告全文 五、其他有关资料 公司聘请的会计师事务所 会计师事务所名称 中汇会计师事务所（特殊普通合伙） 会计师事务所办公地址 北京市朝阳区东三环中路5号财富金融中心19层 签字会计师姓名 况永宏、闫志波 公司聘请的报告期内履行持续督导职责的保荐机构 适用 □不适用 保荐机构名称 保荐机构办公地址 保荐代表人姓名 持续督导期间 公司首次公开发行募集资金 北京市朝阳区建国门外大街 尚未使用完毕，中国国际金 中国国际金融股份有限公司 1号国贸大厦2座27层及 杨桐、吴窑 融股份有限公司将继续履行 28层 募集资金相关的持续督导职 责直至募集资金使用完毕。 公司聘请的报告期内履行持续督导职责的财务顾问 □适用 不适用 六、主要会计数据和财务指标 公司是否需追溯调整或重述以前年度会计数据 □是 否 2025年 2024年 本年比上年增减 2023年 营业收入（元） 4,839,049,619.20 4,636,169,749.19 4.38% 4,242,011,130.87 归属于上市公司股东 327,388,083.10 311,624,534.00 5.06% 347,627,140.82 的净利润（元） 归属于上市公司股东 的扣除非经常性损益 309,482,679.20 304,165,695.73 1.75% 328,763,099.69 的净利润（元） 经营活动产生的现金 464,585,115.30 261,074,555.54 77.95% 131,025,530.94 流量净额（元） 基本每股收益（元/ 0.38 0.36 5.56% 0.40 股） 稀释每股收益（元/ 0.38 0.36 5.56% 0.40 股） 加权平均净资产收益 11.32% 11.68% -0.36% 14.61% 率 2025年末 2024年末 本年末比上年末增减 2023年末 总资产（元） 3,560,501,383.80 3,379,648,532.26 5.35% 3,072,875,390.74 归属于上市公司股东 2,979,647,250.82 2,808,260,514.28 6.10% 2,546,110,980.81 的净资产（元） 公司最近三个会计年度扣除非经常性损益前后净利润孰低者均为负值，且最近一年审计报告显示公司持续经营能力存在 不确定性 □是 否 公司报告期内经审计利润总额、净利润、扣除非经常性损益后的净利润三者孰低为负值 □是 否 7
京北方信息技术股份有限公司2025年年度报告全文 七、境内外会计准则下会计数据差异 1、同时按照国际会计准则与按照中国会计准则披露的财务报告中净利润和净资产差异情况 □适用 不适用 公司报告期不存在按照国际会计准则与按照中国会计准则披露的财务报告中净利润和净资产差异情况。 2、同时按照境外会计准则与按照中国会计准则披露的财务报告中净利润和净资产差异情况 □适用 不适用 公司报告期不存在按照境外会计准则与按照中国会计准则披露的财务报告中净利润和净资产差异情况。 八、分季度主要财务指标 单位：元 第一季度 第二季度 第三季度 第四季度 营业收入 1,157,106,728.57 1,203,858,659.31 1,252,139,687.41 1,225,944,543.91 归属于上市公司股东 46,732,335.50 72,108,885.48 124,611,530.45 83,935,331.67 的净利润 归属于上市公司股东 的扣除非经常性损益 38,337,711.25 71,681,694.01 120,670,521.51 78,792,752.43 的净利润 经营活动产生的现金 -499,617,222.70 -91,521,598.94 77,539,183.33 978,184,753.61 流量净额 上述财务指标或其加总数是否与公司已披露季度报告、半年度报告相关财务指标存在重大差异 □是 否 九、非经常性损益项目及金额 适用 □不适用 单位：元 项目 2025年金额 2024年金额 2023年金额 说明 非流动性资产处置损 益（包括已计提资产 1,240,035.93 -241,470.55 -61,181.47 减值准备的冲销部 分） 计入当期损益的政府 补助（与公司正常经 营业务密切相关，符 合国家政策规定、按 15,266,476.48 4,486,033.18 7,047,645.46 照确定的标准享有、 对公司损益产生持续 影响的政府补助除 外） 除同公司正常经营业 务相关的有效套期保 1,008,973.30 1,550,658.02 5,681,115.26 值业务外，非金融企 业持有金融资产和金 8
京北方信息技术股份有限公司2025年年度报告全文 融负债产生的公允价 值变动损益以及处置 金融资产和金融负债 产生的损益 除上述各项之外的其 -1,463,273.21 -1,806,564.84 -153,731.25 他营业外收入和支出 其他符合非经常性损 1,855,792.04 3,544,434.20 10,034,333.35 益定义的损益项目 减：所得税影响额 2,600.64 74,251.74 3,684,140.22 合计 17,905,403.90 7,458,838.27 18,864,041.13 -- 其他符合非经常性损益定义的损益项目的具体情况： 适用 □不适用 其他符合非经常性损益定义的项目为增值税减免。 将《公开发行证券的公司信息披露解释性公告第1号——非经常性损益》中列举的非经常性损益项目界定为经常性损益 项目的情况说明 □适用 不适用 公司不存在将《公开发行证券的公司信息披露解释性公告第1号——非经常性损益》中列举的非经常性损益项目界定为 经常性损益的项目的情形。 9
京北方信息技术股份有限公司2025年年度报告全文 第三节 管理层讨论与分析 一、报告期内公司从事的主要业务 本公司作为国内领先的数智技术与金融科技服务商，依托人工智能、大数据、区块链、云计算、隐 私计算、数字孪生及量子科技等新一代信息技术，为银行、非银金融机构以及优质非金融企业客户，提 供人工智能与大数据创新产品、金融科技解决方案及全链条数智化运营服务。 在京北方研究院主导的“产学研用”协同创新体系推动下，公司自主研发了众多国产化适配软件产 品及AI智能体，形成“咨询+产品+解决方案+服务”四位一体的综合服务体系。公司充分利用AI引领 的产业变革，“抢抓机遇”全面满足客户在核心业务、渠道营销、运营管理、风险控制及数据平台等方 面的数智化赋能需求，致力于在智能经济生态中，以效果为导向引导客户落地“数据－决策－行动”的 数智神经中枢，通过多元业态与创新模式助力客户实现增收创利、降本增效。 二、报告期内公司所处行业情况 公司需遵守《深圳证券交易所上市公司自律监管指引第3号——行业信息披露》中软件与信息技术服务业的披露要求 按证监会上市公司分类，公司属于软件和信息技术服务业，主要服务于以银行业为代表的金融机构。 当前，全球金融科技已迈入“数智深度融合”的新周期。我国金融行业数字化转型在国家顶层战略的护 航下，从“信息化”向“数智化”的代际跨越已全面铺开。报告期内公司所属行业在政策引导和技术范 式变革的双重驱动下，其发展环境呈现以下特征： （一）政策助力打造智能经济，人工智能技术飞速发展 人工智能作为发展新质生产力的基础性、战略性技术，连续三年被纳入政府工作报告部署重点。 2026年《政府工作报告》更是首次提出“打造智能经济新形态”，着重强调要推动人工智能在重点行 业领域的“行业化规模化应用”，从“培育新业态新模式”角度实现“技术-经济范式”的变更，为千 行百业的发展提供新动能。金融作为国民经济“血脉”，在政策密集推动下，“AI+金融”从局部试点 向规模化落地阶段跃迁。2025年5月国家数据局发布《数字中国建设2025年行动方案》，提出挖掘人 工智能金融应用新场景、开展高质量金融数据集建设、发展金融领域智能终端与智能装备的要求；2025 年8月国务院发布《关于深入实施“人工智能+”行动的意见》（国发〔2025〕11号），部署推动人工 智能与金融等重点行业深度融合，培育智能风控、智能合规、智能客服、智能投研等特色创新应用场景； 国家金融监督管理总局数字金融发展方案亦明确加快发展“人工智能+金融”，探索前沿人工智能技术 在科技创新、小微企业服务等领域的创新应用。 10
京北方信息技术股份有限公司2025年年度报告全文 技术端来看，报告期内大模型技术实现了关键突破：推理能力的飞跃赋予了模型深度逻辑思考能 力；原生多模态融合打破了感官边界，实现全场景交互；AIAgent的规模化应用则打通了从指令到行动 的最后一公里，实现了端到端的任务闭环，推动AI 从“对话工具”向“生产力工具”升级。为金融机 构IT系统向高级的智能化形态演进提供了技术可行性。 在政策引导与技术突破双重驱动下，金融机构持续加大人工智能研发投入，大模型私有化部署成为 金融行业AI应用的主流路径，人工智能技术在信贷审批、风险监测、合规管理、运营优化、客户服务 等金融核心场景的应用不断深化，同时金融行业高质量数据集建设、AI算法模型的合规性与可解释性 优化成为行业发展重点，人工智能正成为推动金融行业提质增效、创新发展的核心驱动力。 （二）数据类制度建设逐步完善，金融数据价值加速释放 我国数字中国建设向纵深推进、迈入高质量发展新阶段，数字经济成为推动经济结构优化升级的核 心引擎，2026年《政府工作报告》明确，“十五五”时期数字经济核心产业增加值占国内生产总值比 重要达到12.5%。软件和信息技术服务业作为数字经济的核心支撑产业，产业规模稳步增长、技术创新 迭代加速，为各行业数字化转型提供坚实技术支撑。2026年3月，世界数据组织（WDO）在北京正式 成立并投入运行，WDO以“弥合数据鸿沟、释放数据价值、繁荣数字经济”为宗旨，目前已覆盖全球 40多个国家，涉及工业、金融、医疗、公共服务等14个行业。 依托国家数据治理顶层设计的持续加码以及数据监管架构的日益完善，金融行业加快推进企业级数 据治理体系建设，强化数据全生命周期管理与质量控制，依托大数据、隐私计算等前沿技术实现多源异 构数据的合规融合应用，数据要素在金融产品创新、智能风控、客户服务等领域的价值挖掘持续深化， 成为金融机构提升核心竞争力的关键抓手。 （三）特色路径构建金融强国，基础设施迈向安全可靠 为实现“金融强国”的重大历史目标，我国探索出了“特色金融发展之路”，并且在国家层面持续 完善数字金融发展顶层政策体系。2025年3月《国务院办公厅关于做好金融“五篇大文章”的指导意 见》（国办发〔2025〕8号）正式印发，从国家战略层面明确推动数字金融高质量发展的核心方向，要 求加快金融机构数字化转型、规范金融数据共享流通、健全数字金融治理体系、稳妥推进数字人民币研 发应用；2025年12月国家金融监督管理总局发布《银行业保险业数字金融高质量发展实施方案》，细 化33项具体发展任务，提出健全数字金融治理机制、激发数据要素潜能、建设智能风控体系、推进监 管数字化智能化转型等要求；报告期内，中国人民银行正式确立了数字人民币“双翼”组织架构：北京 数字人民币运营管理中心聚焦国内核心基础设施与生态根基，上海数字人民币国际运营中心侧重跨境合 作与多边本币结算。2026年1月1日，《新一代数字人民币管理体系及运行机制》正式启动，标志着 数字人民币从“数字现金”时代全面迈入“数字存款货币”时代。2026年4月，央行宣布新增12家银 11
京北方信息技术股份有限公司2025年年度报告全文 行（含头部城商行）为业务运营机构，运营机构总数扩容至22家。数字人民币正从“试点验证”全面 进入“制度化、规模化运行”阶段，成为推动“金融强国”建设、推动人民币国际化的重要抓手。 在系列顶层政策引领下，金融基础设施建设已从渠道数字化向核心业务、运营管理、风险管控、生 态建设全维度延伸，金融机构持续加大IT资源投入，数字化运营、数字人民币、智能风控、监管科技 等成为数字化建设核心领域，行业数字化转型呈现“技术赋能、数据驱动、合规引领、生态共建”的特 征。同时，在国家自主可控与国产化替代战略指引下，金融行业作为信创建设的重点领域，已从国有大 型商业银行逐步向区域性中小银行、保险、证券、基金等金融机构延伸，进入全系统、全链条的深化实 施阶段，全栈式信创适配、跨平台技术兼容成为行业发展重要方向，原生鸿蒙操作系统等国产技术体系 的金融场景适配进程持续加快，信创建设从单一系统替代向整体生态构建升级。 三、核心竞争力分析 公司基于立体化的优质客户资源布局、兼具广度与深度的行业经验积淀、体系化的研发组织及创新 能力、以及数智化能力支撑的精益运营，构筑起显著的竞争壁垒，形成可持续发展的核心竞争优势。 1、立体化的优质客户资源布局 公司自创立伊始，始终秉持深耕细作的发展理念，专注数智技术及金融科技在客户端的创新实践。 历经多年行业积淀，已成功构建以银行业为核心，辐射保险、证券、信托、基金等多领域的立体化客户 矩阵，客户拓展成效显著。公司业务合作对象覆盖各类银行业金融机构，同时涵盖多领域非银金融机构， 并延伸至金融基础设施、政府、各类国有企业及多元化非金融实体，已实现核心银行业客户的全覆盖， 并持续加大对中小银行、非银金融机构及非金融机构客户的开拓与服务力度，客户结构不断优化。 核心银行业客户资金实力雄厚、需求稳定且资信良好、回款及时，为公司核心业务提供了坚实稳定 的支撑。公司始终注重稳固与核心客户的长期合作关系，同时积极拓展新兴客户群体，中小银行、非银 金融机构及非金融机构客户业务增长势头良好，成为公司未来持续发展的重要增长极，进一步丰富和完 善了公司的客户生态。 2、兼具广度与深度的行业经验积淀 凭借在金融科技领域多年的深耕细作，公司积累了兼具广度与深度的行业经验，对金融行业的业务 逻辑、监管要求、客户需求有着深刻理解和精准把握。公司熟悉各类金融机构的业务场景与运营模式， 能够快速响应客户多样化、个性化的需求，精准匹配客户业务发展痛点，提供贴合行业实际的解决方案 与服务。 在AI 驱动软件的范式变革中，场景化Know-how 已成为决定大模型落地价值的决定性因素，支撑 业务运转的底层业务逻辑依然掌握在具备深厚行业积淀的服务商手中。公司通过将多年积累的金融业务 12
京北方信息技术股份有限公司2025年年度报告全文 逻辑、合规约束等封装为AIAgent的行动指南，助力AI智能体实现从“工具调用”到“价值创造”的 跨越。 3、体系化的研发组织及创新能力 公司紧跟国家战略导向与科技变革趋势，通过持续优化研发资源配置体系、推进科研组织架构迭代 升级，强化数智技术与金融科技革新领域的前瞻性布局，构建支撑主营业务可持续发展的内生驱动力与 技术护城河。 在研发组织架构层面，京北方研究院负责系统推进前沿技术领域的深化研究，强化与高等院校、科 研机构的战略协同。京北方研究院通过持续培养和引进各领域技术专家，聚焦大模型智能体、计算机视 觉、大数据、云计算、区块链及隐私计算等战略领域，建立常态化技术跟踪机制，密切追踪全球科技趋 势，提升预研能力与产品标准化水平，同时密切关注量子科技、具身智能的发展，调研其在金融领域相 关应用。另外，公司设有博士后科研工作站，推动产学研协同与人才体系建设，为研发体系持续输送高 层次后备人才。 在产品创新方面，公司已构建涵盖大模型智能体类、计算机视觉类、大数据类、盘庚测试云平台、 影像及流程管理类、基础技术平台类等在内的通用产品与技术体系，并面向银行、保险、证券等金融行 业客户，形成覆盖集约化运营、运营管理与风控、电子渠道、数字人民币、资产管理、供应链金融、普 惠金融、同业业务管理、风险管理等多领域的行业应用解决方案，持续拓展产品广度与应用深度。公司 通过“创新大赛”等机制，围绕技术热点与真实业务场景开展验证与迭代，推动创新能力转化为可复制、 可交付、可规模化的产品能力。 在技术研发方面，公司持续推进专利储备与信创资质体系建设，并持续开展国产算力适配与信创认 证工作，形成以自主知识产权与国产化适配能力为支撑的研发成果转化体系，进一步巩固公司在金融科 技领域的竞争优势。截至报告期末，公司累计获得国家授权专利36项，登记软件著作权316项，通过 国家级信息技术应用创新适配认证21项。 4、数智化能力支撑的精益运营 公司以数智化能力为核心支撑，构建了精益化的运营管理体系，将数智技术深度融入运营全流程， 实现运营效率、服务质量与风险管控水平的同步提升。通过数字化工具与智能化手段，优化业务流程、 简化操作环节、提升响应速度，为客户提供高效、便捷、精准的服务。 公司注重运营团队的专业化建设，完善运营管理制度与服务标准，强化过程管控与质量监督，形成 了标准化、规范化、精益化的运营模式。数智化与精益化的深度融合，不仅降低了运营成本，提升了运 营效能，也进一步增强了公司的服务竞争力，为客户创造了更高的价值，助力公司实现可持续发展。 13",windowed_extraction_review_required
603927.SH,AR_603927_SH_2025,business_overview,29,40,"中科软科技股份有限公司 2025年年度报告 公司正在从依靠业绩达标的事业部的“孵化”及“裂变”，向不断提高事业群及事业部 发展质量和竞争能力的方向转变，使事业部的孵化裂变或吸收合并机制充分与指标完成 情况挂钩，从而充分发挥公司在组织管理方面的优势，既保证公司发展的长期稳定，又 能保持公司组织内部的活力，充分调动员工积极性，提高组织生产效率。随着公司内部 管理制度的不断完善，在当前的较为复杂的宏观环境和下游客户处于转型阶段的背景 下，公司可在保持经营稳定性的基础上，更好地进行新模式、新方向的延伸和推进，进 一步提升公司的发展动能。 （六）质量管理及资质优势 公司及下属子公司取得了软件和信息技术服务行业较为全面、较高等级的业务资 质。公司通过 ISO9001（质量管理体系）、ISO14001（环境管理体系）、ISO45001（职 业健康安全管理体系）、ISO22301（业务连续性管理体系）、ISO/IEC20000-1（信息技 术服务管理体系）、ISO/IEC27001（信息安全管理体系）、ISO28000（绿色供应链安全 管理体系）、GB/T39604（企业社会责任管理体系）、GB/T29490（企业知识产权管理体 系）、BS10012（个人信息管理体系）、ISO10002（客户投诉管理体系）、ISO37301（合 规管理体系）等认证；通过 TMMi（测试成熟度模型集成）五级认证；持续保持 CMMI 5 级（最高级）认证。获得信息系统建设和服务能力杰出级（CS5）、SDCA 软件服务商交 付能力（一级）、CCID 信息系统服务交付能力（一级）、DCMM 数据管理能力成熟度稳 健级（3级）；ITSS 信息技术服务标准符合性运行维护一级、ITSS 云计算服务能力私有 云IaaS 二级和SaaS 三级、信息安全服务资质安全工程类一级、CCRC 信息系统安全集成 服务二级、电子与智能化工程专业承包一级、建筑智能化系统设计专项甲级资质、安防 工程企业设计施工维护能力一级等重要资质。 五、报告期内主要经营情况 公司报告期内经营情况参见本节“三、经营情况讨论与分析”。 (一) 主营业务分析 1、利润表及现金流量表相关科目变动分析表 单位：元 币种：人民币 科目 本期数 上年同期数 变动比例（%） 营业收入 6,028,200,653.02 6,374,512,940.85 -5.43 营业成本 4,538,428,230.73 4,661,683,495.55 -2.64 销售费用 295,202,082.46 320,160,850.45 -7.80 管理费用 84,839,526.24 97,684,512.21 -13.15 财务费用 -25,757,630.45 -21,881,249.29 - 25/209
中科软科技股份有限公司 2025年年度报告 研发费用 817,599,093.52 907,564,085.57 -9.91 经营活动产生的现金流量净额 154,288,206.39 1,249,135,076.93 -87.65 投资活动产生的现金流量净额 -18,669,496.59 -17,284,481.90 - 筹资活动产生的现金流量净额 -342,193,769.90 -352,641,573.61 - 其他收益 8,800,437.38 20,845,413.64 -57.78 投资收益（损失以“-”号填列） -11,717.42 3,516.07 -433.25 公允价值变动收益（损失以“-”号填列） -1,052,228.24 1,773,454.78 -159.33 信用减值损失（损失以“-”号填列） -64,295,479.26 -42,178,785.53 - 资产减值损失（损失以“-”号填列） -49,704,127.67 -12,100,355.41 - 资产处置收益（损失以“-”号填列） -2,757,694.46 -1,687,582.18 - 营业外收入 54,469,081.19 27,532,805.01 97.83 营业外支出 3,228,389.18 4,621,893.60 -30.15 所得税费用 2,296,847.76 6,448,087.49 -64.38 经营活动产生的现金流量净额变动原因说明：主要原因系受回款环境承压影响，公司销售商品、提 供劳务收到的现金同比减少；同时随着某些系统集成项目执行，支付货款集中在本期发生，导致购 买商品、接受劳务支付的现金有所增加所致。 其他收益变动原因说明：主要原因系本期收到增值税退税减少，以及根据《财政部 税务总局公告 2023年第1号》文件相关规定不再享受增值税加计抵减政策优惠所致。 投资收益（损失以“-”号填列）变动原因说明：主要原因系本期联营公司年度亏损所致。 公允价值变动收益（损失以“-”号填列）变动原因说明：主要原因系上期参股公司公允价值下降所致。 信用减值损失（损失以“-”号填列）变动原因说明：主要原因系本期计提的应收账款坏账准备增加所 致。 资产减值损失（损失以“-”号填列）变动原因说明：主要原因系本期计提的合同资产坏账准备增加所 致。 资产处置收益（损失以“-”号填列）变动原因说明：主要原因系本期资产处置增加所致。 营业外收入变动原因说明：主要原因系商业合理性存疑项目确认利得金额增长所致。 营业外支出变动原因说明：主要原因系上期滞纳金有所增加所致。 所得税费用变动原因说明：主要原因系本期计提递延所得税资产增加所致。 本期公司业务类型、利润构成或利润来源发生重大变动的详细说明 □适用 √不适用 2、收入和成本分析 √适用 □不适用 公司报告期内经营情况参见本节“三、经营情况讨论与分析”。 (1)主营业务分行业、分产品、分地区、分销售模式情况 单位：万元 币种：人民币 主营业务分行业情况 营业收入 营业成本 毛利率比上年增减 分行业 营业收入 营业成本 毛利率（%）比上年增 比上年增 （%） 减（%） 减（%） 金融领域 367,126.15 269,176.25 26.68 -1.76 0.83减少1.89个百分点 其中：保险领域 310,985.26 228,139.17 26.64 1.88 5.82减少2.73个百分点 政务领域 80,681.68 61,723.80 23.50 -19.00 -21.21增加2.15个百分点 教科文卫及其他领域 153,460.67 122,587.11 20.12 -5.64 1.66减少5.74个百分点 其中：医疗卫生领域 29,444.64 18,783.62 36.21 -27.90 -33.85增加5.74个百分点 主营业务分产品情况 分产品 营业收入 营业成本 毛利率（%）营业收入 营业成本 毛利率比上年增减 26/209
中科软科技股份有限公司 2025年年度报告 比上年增 比上年增 （%） 减（%） 减（%） 软件开发及服务收入 483,859.95 356,847.52 26.25 1.17 3.61减少1.73个百分点 系统集成及其服务收入 105,530.18 96,184.08 8.86 -27.12 -20.81减少7.27个百分点 软件产品收入 11,878.36 455.55 96.16 -7.93 -减少3.84个百分点 主营业务分地区情况 营业收入 营业成本 毛利率比上年增减 分地区 营业收入 营业成本 毛利率（%）比上年增 比上年增 （%） 减（%） 减（%） 华北 320,810.15 234,381.98 26.94 -7.30 -4.63减少2.04个百分点 华东 121,328.43 93,206.21 23.18 10.62 13.55减少1.99个百分点 华南 54,093.60 43,065.21 20.39 -7.19 3.26减少8.06个百分点 西南 33,752.22 28,857.41 14.50 -14.73 -12.37减少2.29个百分点 西北 17,127.23 14,070.39 17.85 -42.72 -42.12减少0.85个百分点 华中 18,415.54 15,076.87 18.13 -16.50 -8.86减少6.86个百分点 东北 13,981.67 10,130.69 27.54 15.81 6.68增加6.20个百分点 中国大陆以外 21,759.66 14,698.38 32.45 18.69 12.66增加3.62个百分点 主营业务分行业、分产品、分地区、分销售模式情况的说明：无。 (2)产销量情况分析表 □适用 √不适用 (3)重大采购合同、重大销售合同的履行情况 □适用 √不适用 (4)成本分析表 单位：万元 币种：人民币 分行业情况 本期金额 本期占总 上年同期 上年同期 较上年同 情况 分行业 成本构成项目 本期金额 成本比例 占总成本 金额 期变动比 说明 (%) 比例(%) 例(%) 人工成本、服务采购、项目直 金融领域 269,176.25 59.31 266,961.35 57.27 0.83 - 接费用、软硬件及辅材 其中：保险领人工成本、服务采购、项目直 228,139.17 50.27 215,594.03 46.25 5.82 - 域 接费用 人工成本、服务采购、项目直 政务领域 接费用、软硬件及辅材、弱电 61,723.80 13.60 78,339.01 16.80 -21.21 - 集成施工 人工成本、服务采购、项目直 教科文卫及 接费用、软硬件及辅材、弱电 122,587.11 27.01 120,580.09 25.87 1.66 - 其他领域 集成施工 人工成本、服务采购、项目直 其中：医疗卫 接费用、软硬件及辅材、弱电 18,783.62 4.14 28,397.48 6.09 -33.85 - 生领域 集成施工 分产品情况 本期金额 本期占总 上年同期 上年同期 较上年同 情况 分产品 成本构成项目 本期金额 成本比例 占总成本 金额 期变动比 说明 (%) 比例(%) 例(%) 27/209
中科软科技股份有限公司 2025年年度报告 软件开发及人工成本、服务采购、项目直 356,847.52 78.63 344,427.85 73.88 3.61 - 服务收入 接费用 系统集成及软硬件及辅材、弱电集成施 96,184.08 21.19 121,452.60 26.05 -20.81 - 其服务收入 工、人工成本 软件产品收 人工成本、服务采购 455.55 0.10 - - - - 入 成本分析其他情况说明：公司软件开发及服务业务中人工成本占比71.60%；系统集成及其服务业务 中软硬件及辅材成本占比80.55%。 (5)报告期主要子公司股权变动导致合并范围变化 □适用 √不适用 (6)公司报告期内业务、产品或服务发生重大变化或调整有关情况 □适用 √不适用 (7)主要销售客户及主要供应商情况 属于同一控制人控制的客户或供应商视为同一客户或供应商合并列示，受同一国有资产 管理机构实际控制的除外。 下列客户及供应商信息按照同一控制口径合并计算列示的情况说明 不适用。 A.公司主要销售客户及主要供应商情况 √适用 □不适用 前五名客户销售额7.53亿元，占年度销售总额12.53%；其中前五名客户销售额中关联方 销售额0亿元，占年度销售总额0%。 前五名供应商采购额4.20亿元，占年度采购总额18.70%；其中前五名供应商采购额中关 联方采购额0亿元，占年度采购总额0%。 B.报告期内向单个客户的销售比例超过总额的 50%、前5 名客户中存在新增客户的或严 重依赖于少数客户的情形 □适用 √不适用 报告期内向单个供应商的采购比例超过总额的 50%、前5 名供应商中存在新增供应商的 或严重依赖于少数供应商的情形 □适用 √不适用 C. 报告期内公司股票被实施退市风险警示或其他风险警示 前五名销售客户 □适用 √不适用 前五名供应商 □适用 √不适用 D. 报告期内公司存在贸易业务收入 □适用 √不适用 贸易业务占营业收入比例超过10%前五名销售客户 □适用 √不适用 贸易业务收入占营业收入比例超过10%前五名供应商 □适用 √不适用 其他说明：无。 28/209
中科软科技股份有限公司 2025年年度报告 3、费用 √适用 □不适用 详见本节“五、报告期内主要经营情况”中“（一）主营业务分析”中“1、利润 表及现金流量表相关科目变动分析表”。 4、研发投入 (1)研发投入情况表 √适用 □不适用 单位：元 币种：人民币 本期费用化研发投入 817,599,093.52 本期资本化研发投入 0 研发投入合计 817,599,093.52 研发投入总额占营业收入比例（%） 13.56 研发投入资本化的比重（%） 0 (2)研发人员情况表 √适用 □不适用 公司研发人员的数量 5,322 研发人员数量占公司总人数的比例（%） 29.56 研发人员学历结构 学历结构类别 学历结构人数 博士研究生 4 硕士研究生 328 本科 4,983 专科 7 高中及以下 0 研发人员年龄结构 年龄结构类别 年龄结构人数 30岁以下（不含30岁） 1,958 30-40岁（含30岁，不含40岁） 2,804 40-50岁（含40岁，不含50岁） 514 50-60岁（含50岁，不含60岁） 44 60岁及以上 2 (3)情况说明 □适用 √不适用 (4)研发人员构成发生重大变化的原因及对公司未来发展的影响 □适用 √不适用 5、现金流 √适用 □不适用 单位：元 较上年同期增长 较上年同期 科目名称 2025年度 2024年度 额 增长比率 经营活动产生的现金流量净额 154,288,206.391,249,135,076.93-1,094,846,870.54 -87.65 投资活动产生的现金流量净额 -18,669,496.59 -17,284,481.90 -1,385,014.69 29/209
中科软科技股份有限公司 2025年年度报告 筹资活动产生的现金流量净额 -342,193,769.90 -352,641,573.61 10,447,803.71 说明：经营活动产生的现金流量净额变动原因说明：主要原因系受回款环境承压影响，公司销售商 品、提供劳务收到的现金同比减少；同时随着某些系统集成项目执行，支付货款集中在本期发生， 导致购买商品、接受劳务支付的现金有所增加所致。 (二) 非主营业务导致利润重大变化的说明 □适用 √不适用 (三) 资产、负债情况分析 √适用 □不适用 1、资产及负债状况 单位：元 币种：人民币 本期期末金 本期期末数 上期期末数 额较上期期 项目名称 本期期末数 占总资产的 上期期末数 占总资产的 情况说明 末变动比例 比例（%） 比例（%） （%） 交易性金融资产 64,636.91 0.00 40,518.66 0.00 59.52 详见① 应收票据 14,190,542.41 0.18 22,335,570.78 0.29 -36.47 详见② 合同资产 1,336,589,343.19 16.72 984,604,271.77 12.81 35.75 详见③ 其他流动资产 4,523,933.85 0.06 22,631,618.00 0.29 -80.01 详见④ 无形资产 5,199,111.96 0.07 7,806,460.19 0.10 -33.40 详见⑤ 应付票据 275,906,082.06 3.45 516,477,302.14 6.72 -46.58 详见⑥ 合同负债 2,273,669,342.98 28.44 1,580,699,174.25 20.56 43.84 详见⑦ 应交税费 53,755,462.51 0.67 79,005,586.38 1.03 -31.96 详见⑧ 递延收益 7,464,622.67 0.09 4,403,602.79 0.06 69.51 详见⑨ 其他说明： ①本期期末交易性金融资产较上期期末有所增加，主要原因系持有的博天环境股票公允价值上升所 致。 ②本期期末应收票据较上期期末有所减少，主要原因系收到的银行承兑汇票到期兑付所致。 ③本期期末合同资产较上期期末有所增加，主要原因系公司根据合同履行了履约义务，且不属于无 条件向客户收款的权利较期初增加所致。 ④本期期末其他流动资产较上期期末有所减少，主要原因系待认证进项税和预缴所得税减少所致。 ⑤本期期末无形资产较上期期末有所减少，主要原因系无形资产摊销所致。 ⑥本期期末应付票据较上期期末有所减少，主要原因系应付银行承兑汇票到期兑付所致。 ⑦本期期末合同负债较上期期末有所增加，主要原因系预收集成项目款增加所致。 ⑧本期期末应交税费较上期期末有所减少，主要原因系应交增值税减少所致。 ⑨本期期末递延收益较上期期末有所增加，主要原因系新增课题项目到款所致。 2、境外资产情况 □适用 √不适用 3、截至报告期末主要资产受限情况 √适用 □不适用 单位：元 币种：人民币 项目 期末账面价值 受限原因 其他货币资金 7,473,143.86 履约保函保证金和投标保函保证金 银行存款 51,880,911.25 诉讼冻结、协议冻结 合计 59,354,055.11 / 30/209
中科软科技股份有限公司 2025年年度报告 说明：2025年末诉讼冻结资金中23,598,397.65元于资产负债表日后已解除，其中23,486,117.65 元于2026年1月6日解除，112,280.00元于2026年2月10日解除。 4、其他说明 □适用 √不适用 (四) 行业经营性信息分析 √适用 □不适用 详见本报告第三节“二、报告期内公司所处行业情况”。 (五) 投资状况分析 对外股权投资总体分析 √适用 □不适用 报告期内，公司无新增重大对外股权投资。截至报告期末，公司及控股子公司对外 的参股公司共计14 家，较上年年末无变化。 1、重大的股权投资 □适用 √不适用 2、重大的非股权投资 □适用 √不适用 31/209
中科软科技股份有限公司 2025年年度报告 3、以公允价值计量的金融资产 √适用 □不适用 单位：元 币种：人民币 本期公允价值变 计入权益的累计 本期计提的本期购买金 本期出售/ 资产类别 期初数 其他变动 期末数 动损益 公允价值变动 减值 额 赎回金额 股票 40,518.66 24,118.25 -1,668,018.17 64,636.91 其他 17,864,664.97 -1,076,346.49 250,450.55 16,788,318.48 其中：指定为以公允价值计量且其 17,864,664.97 -1,076,346.49 250,450.55 16,788,318.48 变动计入当期损益的金融资产 合计 17,905,183.63 -1,052,228.24 -1,417,567.62 16,852,955.39 证券投资情况 √适用 □不适用 单位：元 币种：人民币 本期公允 计入权益的 最初投资成 期初账面价 本期购买金本期出售金本期投资损期末账面价 会计核算 证券品种 证券代码 证券简称 资金来源 价值变动 累计公允价 本 值 额 额 益 值 科目 损益 值变动 交易性金 股票 400210 博天5 1,732,655.08 债务重组 40,518.66 24,118.25-1,668,018.17 64,636.91 融资产 合计 / / 1,732,655.08 / 40,518.66 24,118.25-1,668,018.17 64,636.91 / 证券投资情况的说明 √适用 □不适用 根据经北京一中院裁定批准的《博天环境集团股份有限公司重整计划》中的清偿方案，博天环境通过向公司及北京中科软转增股 票方式抵偿所欠债务173.27 万元，上述股票系公司被动所得，公司根据会计准则将取得的股票划分为交易性金融资产。 私募基金投资情况 □适用 √不适用 衍生品投资情况 □适用 √不适用 32/209
中科软科技股份有限公司 2025年年度报告 4、报告期内重大资产重组整合的具体进展情况 □适用 √不适用 (六) 重大资产和股权出售 □适用 √不适用 (七) 主要控股参股公司分析 √适用 □不适用 主要子公司及对公司净利润影响达10%以上的参股公司情况 √适用 □不适用 单位：万元 币种：人民币 公司名称 公司类型 主要业务 注册资本 总资产 净资产 营业收入 营业利润 净利润 上海中科软 子公司 计算机技术开发、转让、咨询、服务 1,200.00 38,936.53 31,234.46 46,402.15 1,182.96 1,687.49 北京中科软 子公司 软件开发、系统集成服务 10,000.00 140,140.30 21,039.57 90,310.80 779.56 1,023.68 深圳中科软（信息系统） 子公司 计算机软件开发、服务 2,000.00 6,514.22 4,056.75 17,135.86 579.25 577.34 中科软国际 子公司 计算机软件开发、服务 600.00港币 9,638.93 4,897.95 12,524.97 931.49 903.79 报告期内取得和处置子公司的情况 □适用 √不适用 其他说明 □适用 √不适用 (八) 公司控制的结构化主体情况 □适用 √不适用 33/209
中科软科技股份有限公司 2025年年度报告 六、公司关于公司未来发展的讨论与分析 (一)行业格局和趋势 √适用 □不适用 在人工智能技术的深度渗透下，行业应用软件正经历着一场前所未有的架构升维， 从传统的“记录事实”模式向具备“主动约束”及“认知计算”能力的方向演进。 1、行业应用软件的升维：从“记录事实”迈向“智能决策”的跨越式演进 随着人工智能技术的深度渗透，行业应用软件的架构范式正经历深刻重构，确立了 由环境层、组件层与组装层构成的全新三层参考模型。在此模型中，虽然 AI 计算在环 境层和组件层均引发了底层技术的革新，但对于ISV 而言，真正的战略高地与价值中枢 在于“组装层”——这是 AI 应用的主要“集成”层，是连接底层技术与上层业务的枢 纽，更是ISV 建立行业壁垒的核心阵地。 在组装层内部，应用软件结构将发生明确的分化与重组，形成信息子系统（记录事 实层）、模型子系统（认知模型层）与行动子系统（约束层）的三系协同格局。信息子 系统作为稳态基石，专注于结构化数据的高效管理，其核心诉求是客观陈述的可观测、 可验证与可计算。模型子系统侧重于认知模型的管理，反映了认知模型的可视化，让业 务人员能够直观地看到业务逻辑，从而帮助业务领导在业务研发决策中，更简便、快速 地实现“概念验证”。行动子系统（约束层）作为 AI 智能体在B端的具体实现形态， 是ISV 的核心优势领域。它超越了被动的数据记录，利用以""控制论""为基础的 AI 语义 计算技术，完成感知、决策、执行和反馈的闭环。 传统行业应用软件向广义行业应用软件的升级扩展，是从传统的以事实记录层为主 的系统，向认知模型子系统和行动子系统进行延伸的过程。这三大子系统并非静态存在， 而是形成了持续的循环迭代：行动子系统在业务一线运行，可将经过验证后的业务逻辑 和规律等成果更新至认知模型层；随着行动子系统的规模化运行，业务量与模式的丰富 会触发记录事实层定期进行架构优化与性能扩张。这一循环迭代过程持续驱动三层协同 重构，确保 AI 无缝融入企业的业务运营之中，在客户营销端、办公运营端、业务风控 端等多个业务场景中形成真正可落地的、具备实际效果和价值的应用，而头部ISV 正是 推动上述三个子系统实现复杂协同和持续进化，从而帮助企业实现可落地 AI 应用的主 力。 2、交互与营销的深层演进：基于语义互操作与认知驱动的价值重构 在人工智能技术的驱动下，企业的营销与客服等交互场景正经历着从“信息展示” 34/209
中科软科技股份有限公司 2025年年度报告 向“智能引导”的本质跨越。这一变革的核心在于构建核心业务系统群与文案组件之间 的动态互动机制，通过增加 AI 文案处理能力及互操作标准接口，实现搜索、摘要、对 比和生成等语义计算功能与业务逻辑的深度耦合。在这种架构下，传统的记录事实层软 件（核心业务系统）不再孤立运行，而是通过标准化的互操作接口与文案组件实时联动， 利用非结构化文案处理的优势牵引结构化数据管理，从而提高模型精准度。 为了在营销及客服等交互场景中提升内容质量，企业需要依托“认知模型管理系统 /本体”建立深层的业务逻辑约束。认知模型子系统/本体不仅是业务逻辑的可视化“脚 手架”，更是文案生成的对齐标准与质量把控中枢。在实际应用中，跨组件或子系统之 间的操作可利用预建的“本体”或N元组知识图谱进行辅助。当文案组件与认知模型互 动时，本体可作为“完备事实数据集”，实现“业务行为”内容与语义表达的动态关联， 从而提升检索增强生成（RAG）与本体增强生成（OAG）的交互效率与精准度。这种模式 能够赋予 AI 智能体更强的感知与决策能力，使其在与客户互动时，不仅能提供准确的 解答，还能基于完整的逻辑长链，及时提醒客户补充在问答过程中遗忘的关键项，确保 交互内容的完备性与专业深度。 针对外部营销场景，在GEO（生成式引擎优化）环境下，内容竞争的本质已演变为 专业逻辑与方法论的比拼。企业的目标是通过提升信息的可见性、可引用性与权威性， 在大模型搜索及决策辅助中获得优先推荐，最终达成市场影响力的提升。因此企业实现 GEO 目标的关键，在于通过“语义标记型文案管理系统”对内容进行深层加工。该系统 并非简单的排版工具，而是能将文案中的逻辑要点、事实证据与权威背书等要素，利用 Markdown 等技术进行语义化标记的智能引擎。经过此类系统处理并由“认知模型子系 统/本体”进行逻辑对齐后的文案，能够严格符合EEAT 标准（经验、专业、权威和可信 度），从而具备极高的专业底蕴。这种具备高“知识密度”的语义化内容，将极大提升 企业文案被外部大模型精准理解与引用的几率。在大模型搜索及决策辅助的环境下，这 些权威且易于识别的内容更容易获得优先推荐，从而重构企业在AI 时代的品牌权威性。 随着文案变革成为行业应用软件的新发力点，头部ISV 为企业的技术赋能价值正迎 来从“后台记录”走向“前台价值创造”的广阔前景。对于具备处理非结构化文案数据 优势，可提供高质量数据集，且能够凭借深厚的行业 know-how 构建“本体”和“N 元 组知识图谱”的头部ISV 而言，这不仅意味着业务需求的增加，更意味着ISV 将深度参 与到客户的渠道变革与品牌重塑之中，其角色将从单纯的软件开发商转型为与客户的业 务价值深度挂钩的合作伙伴。 35/209
中科软科技股份有限公司 2025年年度报告 3、业务价值深耕：以 AI4S 范式加速金融与医疗行业的业务创新 当AI 时代行业应用软件开始承载复杂的“认知”与“行动”时，软件开发已不再 是单纯的工程构建，而是将行业问题的解决抽象为一种“业务科研”行为。在此背景下， AI4S（AI for Science）作为一种全新的科学研究范式应运而生。它不仅适用于物理、 化学等基础研究，在金融、医疗等工程化研究领域同样表现出极强的生命力。 作为AI4S科学研究范式的工程化载体，行动子系统的核心逻辑深度契合了AI4S 的 科学研究体系，遵循“理论/概念->数学公式->数据驱动->软件支撑”的“概念验证” 闭环。这种模式能将复杂的业务逻辑快速转化为可落地的技术方案，直接用“现实价值” 检验研发思路，从而在软件的持续迭代升级中，实现多项运营优化与价值增值效果，例 如在金融与医疗领域中实现精算交互能力的提升、产品设计的优化、新产品上线周期的 缩短，以及核保与诊疗流程在全程可追溯等。 在此过程中，公司作为行业ISV，处于B端纵向集成的关键环节，核心价值在于实 现“技术迁移”：一方面为模型基座补充行业专识知识，另一方面运用开源工具体系进 行纵向集成，将 AI4S 平台层的算力、问答基座等迁移进行业应用层，并以约束层软件 的形式呈现 AI4S 科研路径的工程化成果，在业务一线转化为智能化的生产力工具。在 此种体系支撑下，人工智能技术将不再是一项孤立能力，而是将无缝融入企业的业务运 营之中。 4、软件工程体系的升级：从“代码编写”向“驾驭与验证”的演进 随着行业应用软件从“记录事实层”向“约束层”的快速扩张与演进，驾驭工程 （Harness Engineering）作为围绕 AI Agent 构建的约束、反馈和控制体系应运而生， 旨在应对软件工程进入“编程变快、确认变慢、工程总在”阶段后的新挑战。由于 AI 辅助生成的效率极高，软件开发的重心已不再是单纯的代码编写，而是转向了对软件的 构造、引导、验证和责任承担，通过“循环迭代”的闭环方法论来保证高效收敛并节约 成本。 在这种演进背景下，工程师群体的核心职能正经历深刻转型。正如杰文斯悖论所揭 示的，开发效率的提高反而激发了更大的软件总需求，使得工程师正从传统的“数据结 构设计和代码编写者”，逐步转向“数据结构集设计及环境保障工程师”。这一转变要 求从业者必须具备更强的工程化能力，能够从“数据结构集”的高度理解复杂系统，并 在AI 快速生成的环境中，通过对业务问题的分解、引导与验收，确保核心业务系统在 不确定性中的快速恢复与稳定运行。 36/209",windowed_extraction_review_required
603927.SH,AR_603927_SH_2025,core_competitiveness,26,37,"中科软科技股份有限公司 2025年年度报告 于大数据和智能匹配的汽车后市场维修资源智能推送系统、意健险快速出单系 统、保险中介风控出单平台 智能风险管理平台-诉责险、风险保障缺口测评分析平台、企业数智督办平台、 ""合规智盾""数字化合规管理平台、寿险档案知识库系统、智能担保风险预警控 制系统、业务精准度智控系统、智能观测平台、再保人身险业务明细数据存储 数据治理与分析应用 系统、智慧园区安全生产数据质量管控平台、责任险风控平台、车辆风险管理 平台、审查调查多维数据综合分析研判系统、反洗钱智能监测分析系统项目、 基于元数据的数据服务平台、数据切割管理平台、保险法人客户数字化管理 2、技术实践交流 2025 年，为进一步深化公司在 AI 应用的落地中的综合能力，公司举办了两次技术 实践交流会，邀请了行业客户、生态伙伴、高校和科研机构的专家，针对公司各主要业 务团队的技术方案进行交流与评审。 2025 年7 月，中科软以“AI 应用中的重点开源软件工具和平台建立及组织协同实 施研发”为主题，成功举办为期两天的技术实践交流会。AI 技术正从通用探索迈向业务 融合阶段，带来软件开发范式的变革与应用体系的重构。企业对 AI 应用的需求逐渐聚 焦于强安全、高精度和低成本，即保障数据隐私安全、满足场景化精准计算需求、降低 部署与运行成本。在此背景下，AIGC 在行业领域落地应用的重心从通用大模型转向“垂 直领域小模型+专业知识库”的组合模式。中科软各技术团队在交流中展示了利用开源 软件工具和平台作为支撑环境，在数据标注预处理、模型微调、提示词工程优化、专业 知识库建立等环节取得的成果与实践，验证了垂直领域的小模型结合专业知识库构建 （如保险行业的条款解析和业务流程梳理等）能够进一步提升 AI 技术与业务的适配性 和落地效果。经过技术成果展示与问答交流，寿险团队的“智瞳平台”与财险团队的 “智数平台”案例脱颖而出，相关案例在小模型场景适配性、开源工具应用合理性及工 程化完整性等方面具备较为突出的表现。 2025 年11 月，中科软以“行业应用软件的升级换代和AI 应用交付系统方案”为主 题，成功举办了为期两天的技术实践交流会。AI 时代的行业应用软件正在从传统的“被 动记录事实”向“主动约束与发现”转变。头部ISV 的核心竞争力不仅在于软件开发， 更在于能否运用成熟的模型、框架与方法论，与客户共同定义业务目标，解决痛点问题。 在本次技术交流会中，中科软各团队展示了从底层架构到上层应用的全面创新，向行业 专家与客户详细讲解中科软如何通过数据核心优势，实现存量核心业务系统与 AI 技术 深度融合。经过多轮成果讲解与问答交流，寿险团队的“未来·元启”方法论体系和财 险团队的“行业数智引擎：基于业务洞察的 AI 智改落地体系”脱颖而出，充分体现了 22/209
中科软科技股份有限公司 2025年年度报告 在AI时代的行业应用软件从“记录事实”向“主动约束”的价值转型中，中科软将“行 业 know-how”转化为“AI 生产力”的核心能力，展现了中科软基于其在领域知识与工 程化经验的深厚底蕴，从“软件开发商”向“具备咨询能力的工程专家”的转型——既 能提供顶层设计的咨询规划，又能基于领域know-how 快速交付可落地的AI 应用，能够 为客户提供从顶层规划到快速PoC 落地的全链路服务，协助客户在复杂的数智化转型中 从容应对。 四、报告期内核心竞争力分析 √适用 □不适用 （一）行业Know-how 优势 在产品及服务层面，公司深度践行“相似复用”的开发模式，通过长期深耕构建了 深厚的行业参考模型。公司在数据架构、系统功能集、组件平台及脚本规范等核心要素 上形成的竞争壁垒，其本质是公司对行业领域知识的系统性沉淀。通过将海量项目实践 中的样本程序、技术文档及业务逻辑转化为结构化的知识图谱与经验模型，公司不仅实 现了软件开发的提质增效与快速迭代，更形成了一套完整的行业专识体系。这种从业务 深处淬炼出的领域知识，正成为公司在数智化浪潮下，帮助客户实现 AI 技术从“通用 能力”向“行业场景”精准落地的核心资产与逻辑支撑。 在数智化浪潮推动下，行业应用软件正从传统的“被动记录”向“主动约束与发 现”转型。中科软紧扣这一战略机遇，凭借在保险等行业领域深耕约三十年的积累，将 自身精准定位为AI 技术的应用方与整合方。作为头部ISV，公司的核心价值在于将熟练 掌握的开源工具体系与深厚的专业领域知识、工程化实施经验深度融合，不再仅仅是提 供记录工具类软件，而是与客户共同定义业务目标，利用 AI 解决行业深层痛点，实现 从“记录型软件”向“约束型软件”的跨越。 在 B端 AI 落地的实战中，对数据的深刻理解与治理能力构成了中科软的核心护城 河。依托以“蓝图数据结构”为纲的管理体系，公司能够高效提炼行业专识数据，为垂 直领域模型提供精准“燃料”。在技术落地层面，公司以 MaaS 平台为智能中枢，贯通 算力调度、模型训练与推理。在此基础上，针对多个细分场景开发的智能体，正驱动业 务流程从简单的信息化记录向高阶的主动管理与运筹调度迈进。 （二）实际控制人背景优势 中国科学院软件研究所成立于 1985 年 3 月 1 日，是致力于计算机科学理论和软件 高新技术的研究与发展的综合性基地型研究所，具备以多个国家重点实验室、国家工程 23/209
中科软科技股份有限公司 2025年年度报告 研究中心为龙头的基础前沿研究、软件高技术研究和软件应用研究三大科研体系，建立 了计算机科学等重点学科领域和相关学科方向的学科布局。公司是由中国科学院软件研 究所实际控制的大型行业应用软件与综合解决方案提供商。报告期内，公司与中国科学 院软件研究所在开源软件供应链、RISC-V 基础软件等领域产业化应用等方面进一步开展 合作。 （三）研发及技术创新优势 公司始终注重对先进、主流软件开发技术、软件设计思想的研究与积累，对标国内、 国际市场，以国际视角，通过对全球软件技术发展趋势的追踪以及内部研发创新，不断 提升产品及技术的先进性，巩固公司在保险、公共卫生等领域的领先地位，增强在非保 险金融、政务、医疗、教科文等领域的竞争力。 公司注重与行业一线技术人员的持续交流，由公司为软件技术人员提供思想与技术 交流的平台“软件技术大会”已连续举办二十三届，每年主办软件技术大会，也是公司 将自主研发与合作研发相结合的一项重要工作，随着基础软件技术与上层各领域应用之 间的结合越来越紧密，中科软通过不断跟踪新技术发展动态，了解客户数字化转型中的 痛点，既丰富了公司研发工作的技术积累，也为未来的技术研发工作指明了方向。 （四）核心客户资源优质 公司专注于为各行业客户提供信息化建设服务，主要客户包括金融保险、政府、教 科文、医疗卫生等行业中的大中型企事业单位，主要客户所处行业产业规模大、信息化 需求高、IT 投资能力较强。经过多年发展，公司积累了包括中国人民保险集团、泰康保 险集团、中国人寿保险集团、中国太平洋保险集团、中银保险、国家开发银行、新华人 寿保险、建信人寿保险、国华人寿保险、民生人寿保险、阳光人寿保险等几百家金融机 构，以及中宣部、中纪委、政法委、公安部、外交部、网信办、中疾控、卫健委、交通 部、教育部等中央、国家部委及其下属单位客户。 （五）组织管理优势 公司实行事业群-子事业群-事业部的分层架构，采用阿米巴管理模式。在管理方面， 公司注重通过各项规章制度规范事业部的日常运作；在考核方面，公司不断建立并完善 以“集约化”为原则的考核体系，建立对基层事业部日常运行监督机制，以事业部作为 基本考核单元，以“实现了现金流的净利润”为核心考核指标，明确以发展速度决定晋 升及激励的人事调整规则，促进各事业部持续、稳定、快速发展；在协同方面，公司通 过内部PMO、类NGO 等组织实践机制，强化各部门之间的协同作战；在组织发展方面， 24/209
中科软科技股份有限公司 2025年年度报告 公司正在从依靠业绩达标的事业部的“孵化”及“裂变”，向不断提高事业群及事业部 发展质量和竞争能力的方向转变，使事业部的孵化裂变或吸收合并机制充分与指标完成 情况挂钩，从而充分发挥公司在组织管理方面的优势，既保证公司发展的长期稳定，又 能保持公司组织内部的活力，充分调动员工积极性，提高组织生产效率。随着公司内部 管理制度的不断完善，在当前的较为复杂的宏观环境和下游客户处于转型阶段的背景 下，公司可在保持经营稳定性的基础上，更好地进行新模式、新方向的延伸和推进，进 一步提升公司的发展动能。 （六）质量管理及资质优势 公司及下属子公司取得了软件和信息技术服务行业较为全面、较高等级的业务资 质。公司通过 ISO9001（质量管理体系）、ISO14001（环境管理体系）、ISO45001（职 业健康安全管理体系）、ISO22301（业务连续性管理体系）、ISO/IEC20000-1（信息技 术服务管理体系）、ISO/IEC27001（信息安全管理体系）、ISO28000（绿色供应链安全 管理体系）、GB/T39604（企业社会责任管理体系）、GB/T29490（企业知识产权管理体 系）、BS10012（个人信息管理体系）、ISO10002（客户投诉管理体系）、ISO37301（合 规管理体系）等认证；通过 TMMi（测试成熟度模型集成）五级认证；持续保持 CMMI 5 级（最高级）认证。获得信息系统建设和服务能力杰出级（CS5）、SDCA 软件服务商交 付能力（一级）、CCID 信息系统服务交付能力（一级）、DCMM 数据管理能力成熟度稳 健级（3级）；ITSS 信息技术服务标准符合性运行维护一级、ITSS 云计算服务能力私有 云IaaS 二级和SaaS 三级、信息安全服务资质安全工程类一级、CCRC 信息系统安全集成 服务二级、电子与智能化工程专业承包一级、建筑智能化系统设计专项甲级资质、安防 工程企业设计施工维护能力一级等重要资质。 五、报告期内主要经营情况 公司报告期内经营情况参见本节“三、经营情况讨论与分析”。 (一) 主营业务分析 1、利润表及现金流量表相关科目变动分析表 单位：元 币种：人民币 科目 本期数 上年同期数 变动比例（%） 营业收入 6,028,200,653.02 6,374,512,940.85 -5.43 营业成本 4,538,428,230.73 4,661,683,495.55 -2.64 销售费用 295,202,082.46 320,160,850.45 -7.80 管理费用 84,839,526.24 97,684,512.21 -13.15 财务费用 -25,757,630.45 -21,881,249.29 - 25/209
中科软科技股份有限公司 2025年年度报告 研发费用 817,599,093.52 907,564,085.57 -9.91 经营活动产生的现金流量净额 154,288,206.39 1,249,135,076.93 -87.65 投资活动产生的现金流量净额 -18,669,496.59 -17,284,481.90 - 筹资活动产生的现金流量净额 -342,193,769.90 -352,641,573.61 - 其他收益 8,800,437.38 20,845,413.64 -57.78 投资收益（损失以“-”号填列） -11,717.42 3,516.07 -433.25 公允价值变动收益（损失以“-”号填列） -1,052,228.24 1,773,454.78 -159.33 信用减值损失（损失以“-”号填列） -64,295,479.26 -42,178,785.53 - 资产减值损失（损失以“-”号填列） -49,704,127.67 -12,100,355.41 - 资产处置收益（损失以“-”号填列） -2,757,694.46 -1,687,582.18 - 营业外收入 54,469,081.19 27,532,805.01 97.83 营业外支出 3,228,389.18 4,621,893.60 -30.15 所得税费用 2,296,847.76 6,448,087.49 -64.38 经营活动产生的现金流量净额变动原因说明：主要原因系受回款环境承压影响，公司销售商品、提 供劳务收到的现金同比减少；同时随着某些系统集成项目执行，支付货款集中在本期发生，导致购 买商品、接受劳务支付的现金有所增加所致。 其他收益变动原因说明：主要原因系本期收到增值税退税减少，以及根据《财政部 税务总局公告 2023年第1号》文件相关规定不再享受增值税加计抵减政策优惠所致。 投资收益（损失以“-”号填列）变动原因说明：主要原因系本期联营公司年度亏损所致。 公允价值变动收益（损失以“-”号填列）变动原因说明：主要原因系上期参股公司公允价值下降所致。 信用减值损失（损失以“-”号填列）变动原因说明：主要原因系本期计提的应收账款坏账准备增加所 致。 资产减值损失（损失以“-”号填列）变动原因说明：主要原因系本期计提的合同资产坏账准备增加所 致。 资产处置收益（损失以“-”号填列）变动原因说明：主要原因系本期资产处置增加所致。 营业外收入变动原因说明：主要原因系商业合理性存疑项目确认利得金额增长所致。 营业外支出变动原因说明：主要原因系上期滞纳金有所增加所致。 所得税费用变动原因说明：主要原因系本期计提递延所得税资产增加所致。 本期公司业务类型、利润构成或利润来源发生重大变动的详细说明 □适用 √不适用 2、收入和成本分析 √适用 □不适用 公司报告期内经营情况参见本节“三、经营情况讨论与分析”。 (1)主营业务分行业、分产品、分地区、分销售模式情况 单位：万元 币种：人民币 主营业务分行业情况 营业收入 营业成本 毛利率比上年增减 分行业 营业收入 营业成本 毛利率（%）比上年增 比上年增 （%） 减（%） 减（%） 金融领域 367,126.15 269,176.25 26.68 -1.76 0.83减少1.89个百分点 其中：保险领域 310,985.26 228,139.17 26.64 1.88 5.82减少2.73个百分点 政务领域 80,681.68 61,723.80 23.50 -19.00 -21.21增加2.15个百分点 教科文卫及其他领域 153,460.67 122,587.11 20.12 -5.64 1.66减少5.74个百分点 其中：医疗卫生领域 29,444.64 18,783.62 36.21 -27.90 -33.85增加5.74个百分点 主营业务分产品情况 分产品 营业收入 营业成本 毛利率（%）营业收入 营业成本 毛利率比上年增减 26/209
中科软科技股份有限公司 2025年年度报告 比上年增 比上年增 （%） 减（%） 减（%） 软件开发及服务收入 483,859.95 356,847.52 26.25 1.17 3.61减少1.73个百分点 系统集成及其服务收入 105,530.18 96,184.08 8.86 -27.12 -20.81减少7.27个百分点 软件产品收入 11,878.36 455.55 96.16 -7.93 -减少3.84个百分点 主营业务分地区情况 营业收入 营业成本 毛利率比上年增减 分地区 营业收入 营业成本 毛利率（%）比上年增 比上年增 （%） 减（%） 减（%） 华北 320,810.15 234,381.98 26.94 -7.30 -4.63减少2.04个百分点 华东 121,328.43 93,206.21 23.18 10.62 13.55减少1.99个百分点 华南 54,093.60 43,065.21 20.39 -7.19 3.26减少8.06个百分点 西南 33,752.22 28,857.41 14.50 -14.73 -12.37减少2.29个百分点 西北 17,127.23 14,070.39 17.85 -42.72 -42.12减少0.85个百分点 华中 18,415.54 15,076.87 18.13 -16.50 -8.86减少6.86个百分点 东北 13,981.67 10,130.69 27.54 15.81 6.68增加6.20个百分点 中国大陆以外 21,759.66 14,698.38 32.45 18.69 12.66增加3.62个百分点 主营业务分行业、分产品、分地区、分销售模式情况的说明：无。 (2)产销量情况分析表 □适用 √不适用 (3)重大采购合同、重大销售合同的履行情况 □适用 √不适用 (4)成本分析表 单位：万元 币种：人民币 分行业情况 本期金额 本期占总 上年同期 上年同期 较上年同 情况 分行业 成本构成项目 本期金额 成本比例 占总成本 金额 期变动比 说明 (%) 比例(%) 例(%) 人工成本、服务采购、项目直 金融领域 269,176.25 59.31 266,961.35 57.27 0.83 - 接费用、软硬件及辅材 其中：保险领人工成本、服务采购、项目直 228,139.17 50.27 215,594.03 46.25 5.82 - 域 接费用 人工成本、服务采购、项目直 政务领域 接费用、软硬件及辅材、弱电 61,723.80 13.60 78,339.01 16.80 -21.21 - 集成施工 人工成本、服务采购、项目直 教科文卫及 接费用、软硬件及辅材、弱电 122,587.11 27.01 120,580.09 25.87 1.66 - 其他领域 集成施工 人工成本、服务采购、项目直 其中：医疗卫 接费用、软硬件及辅材、弱电 18,783.62 4.14 28,397.48 6.09 -33.85 - 生领域 集成施工 分产品情况 本期金额 本期占总 上年同期 上年同期 较上年同 情况 分产品 成本构成项目 本期金额 成本比例 占总成本 金额 期变动比 说明 (%) 比例(%) 例(%) 27/209
中科软科技股份有限公司 2025年年度报告 软件开发及人工成本、服务采购、项目直 356,847.52 78.63 344,427.85 73.88 3.61 - 服务收入 接费用 系统集成及软硬件及辅材、弱电集成施 96,184.08 21.19 121,452.60 26.05 -20.81 - 其服务收入 工、人工成本 软件产品收 人工成本、服务采购 455.55 0.10 - - - - 入 成本分析其他情况说明：公司软件开发及服务业务中人工成本占比71.60%；系统集成及其服务业务 中软硬件及辅材成本占比80.55%。 (5)报告期主要子公司股权变动导致合并范围变化 □适用 √不适用 (6)公司报告期内业务、产品或服务发生重大变化或调整有关情况 □适用 √不适用 (7)主要销售客户及主要供应商情况 属于同一控制人控制的客户或供应商视为同一客户或供应商合并列示，受同一国有资产 管理机构实际控制的除外。 下列客户及供应商信息按照同一控制口径合并计算列示的情况说明 不适用。 A.公司主要销售客户及主要供应商情况 √适用 □不适用 前五名客户销售额7.53亿元，占年度销售总额12.53%；其中前五名客户销售额中关联方 销售额0亿元，占年度销售总额0%。 前五名供应商采购额4.20亿元，占年度采购总额18.70%；其中前五名供应商采购额中关 联方采购额0亿元，占年度采购总额0%。 B.报告期内向单个客户的销售比例超过总额的 50%、前5 名客户中存在新增客户的或严 重依赖于少数客户的情形 □适用 √不适用 报告期内向单个供应商的采购比例超过总额的 50%、前5 名供应商中存在新增供应商的 或严重依赖于少数供应商的情形 □适用 √不适用 C. 报告期内公司股票被实施退市风险警示或其他风险警示 前五名销售客户 □适用 √不适用 前五名供应商 □适用 √不适用 D. 报告期内公司存在贸易业务收入 □适用 √不适用 贸易业务占营业收入比例超过10%前五名销售客户 □适用 √不适用 贸易业务收入占营业收入比例超过10%前五名供应商 □适用 √不适用 其他说明：无。 28/209
中科软科技股份有限公司 2025年年度报告 3、费用 √适用 □不适用 详见本节“五、报告期内主要经营情况”中“（一）主营业务分析”中“1、利润 表及现金流量表相关科目变动分析表”。 4、研发投入 (1)研发投入情况表 √适用 □不适用 单位：元 币种：人民币 本期费用化研发投入 817,599,093.52 本期资本化研发投入 0 研发投入合计 817,599,093.52 研发投入总额占营业收入比例（%） 13.56 研发投入资本化的比重（%） 0 (2)研发人员情况表 √适用 □不适用 公司研发人员的数量 5,322 研发人员数量占公司总人数的比例（%） 29.56 研发人员学历结构 学历结构类别 学历结构人数 博士研究生 4 硕士研究生 328 本科 4,983 专科 7 高中及以下 0 研发人员年龄结构 年龄结构类别 年龄结构人数 30岁以下（不含30岁） 1,958 30-40岁（含30岁，不含40岁） 2,804 40-50岁（含40岁，不含50岁） 514 50-60岁（含50岁，不含60岁） 44 60岁及以上 2 (3)情况说明 □适用 √不适用 (4)研发人员构成发生重大变化的原因及对公司未来发展的影响 □适用 √不适用 5、现金流 √适用 □不适用 单位：元 较上年同期增长 较上年同期 科目名称 2025年度 2024年度 额 增长比率 经营活动产生的现金流量净额 154,288,206.391,249,135,076.93-1,094,846,870.54 -87.65 投资活动产生的现金流量净额 -18,669,496.59 -17,284,481.90 -1,385,014.69 29/209
中科软科技股份有限公司 2025年年度报告 筹资活动产生的现金流量净额 -342,193,769.90 -352,641,573.61 10,447,803.71 说明：经营活动产生的现金流量净额变动原因说明：主要原因系受回款环境承压影响，公司销售商 品、提供劳务收到的现金同比减少；同时随着某些系统集成项目执行，支付货款集中在本期发生， 导致购买商品、接受劳务支付的现金有所增加所致。 (二) 非主营业务导致利润重大变化的说明 □适用 √不适用 (三) 资产、负债情况分析 √适用 □不适用 1、资产及负债状况 单位：元 币种：人民币 本期期末金 本期期末数 上期期末数 额较上期期 项目名称 本期期末数 占总资产的 上期期末数 占总资产的 情况说明 末变动比例 比例（%） 比例（%） （%） 交易性金融资产 64,636.91 0.00 40,518.66 0.00 59.52 详见① 应收票据 14,190,542.41 0.18 22,335,570.78 0.29 -36.47 详见② 合同资产 1,336,589,343.19 16.72 984,604,271.77 12.81 35.75 详见③ 其他流动资产 4,523,933.85 0.06 22,631,618.00 0.29 -80.01 详见④ 无形资产 5,199,111.96 0.07 7,806,460.19 0.10 -33.40 详见⑤ 应付票据 275,906,082.06 3.45 516,477,302.14 6.72 -46.58 详见⑥ 合同负债 2,273,669,342.98 28.44 1,580,699,174.25 20.56 43.84 详见⑦ 应交税费 53,755,462.51 0.67 79,005,586.38 1.03 -31.96 详见⑧ 递延收益 7,464,622.67 0.09 4,403,602.79 0.06 69.51 详见⑨ 其他说明： ①本期期末交易性金融资产较上期期末有所增加，主要原因系持有的博天环境股票公允价值上升所 致。 ②本期期末应收票据较上期期末有所减少，主要原因系收到的银行承兑汇票到期兑付所致。 ③本期期末合同资产较上期期末有所增加，主要原因系公司根据合同履行了履约义务，且不属于无 条件向客户收款的权利较期初增加所致。 ④本期期末其他流动资产较上期期末有所减少，主要原因系待认证进项税和预缴所得税减少所致。 ⑤本期期末无形资产较上期期末有所减少，主要原因系无形资产摊销所致。 ⑥本期期末应付票据较上期期末有所减少，主要原因系应付银行承兑汇票到期兑付所致。 ⑦本期期末合同负债较上期期末有所增加，主要原因系预收集成项目款增加所致。 ⑧本期期末应交税费较上期期末有所减少，主要原因系应交增值税减少所致。 ⑨本期期末递延收益较上期期末有所增加，主要原因系新增课题项目到款所致。 2、境外资产情况 □适用 √不适用 3、截至报告期末主要资产受限情况 √适用 □不适用 单位：元 币种：人民币 项目 期末账面价值 受限原因 其他货币资金 7,473,143.86 履约保函保证金和投标保函保证金 银行存款 51,880,911.25 诉讼冻结、协议冻结 合计 59,354,055.11 / 30/209
中科软科技股份有限公司 2025年年度报告 说明：2025年末诉讼冻结资金中23,598,397.65元于资产负债表日后已解除，其中23,486,117.65 元于2026年1月6日解除，112,280.00元于2026年2月10日解除。 4、其他说明 □适用 √不适用 (四) 行业经营性信息分析 √适用 □不适用 详见本报告第三节“二、报告期内公司所处行业情况”。 (五) 投资状况分析 对外股权投资总体分析 √适用 □不适用 报告期内，公司无新增重大对外股权投资。截至报告期末，公司及控股子公司对外 的参股公司共计14 家，较上年年末无变化。 1、重大的股权投资 □适用 √不适用 2、重大的非股权投资 □适用 √不适用 31/209
中科软科技股份有限公司 2025年年度报告 3、以公允价值计量的金融资产 √适用 □不适用 单位：元 币种：人民币 本期公允价值变 计入权益的累计 本期计提的本期购买金 本期出售/ 资产类别 期初数 其他变动 期末数 动损益 公允价值变动 减值 额 赎回金额 股票 40,518.66 24,118.25 -1,668,018.17 64,636.91 其他 17,864,664.97 -1,076,346.49 250,450.55 16,788,318.48 其中：指定为以公允价值计量且其 17,864,664.97 -1,076,346.49 250,450.55 16,788,318.48 变动计入当期损益的金融资产 合计 17,905,183.63 -1,052,228.24 -1,417,567.62 16,852,955.39 证券投资情况 √适用 □不适用 单位：元 币种：人民币 本期公允 计入权益的 最初投资成 期初账面价 本期购买金本期出售金本期投资损期末账面价 会计核算 证券品种 证券代码 证券简称 资金来源 价值变动 累计公允价 本 值 额 额 益 值 科目 损益 值变动 交易性金 股票 400210 博天5 1,732,655.08 债务重组 40,518.66 24,118.25-1,668,018.17 64,636.91 融资产 合计 / / 1,732,655.08 / 40,518.66 24,118.25-1,668,018.17 64,636.91 / 证券投资情况的说明 √适用 □不适用 根据经北京一中院裁定批准的《博天环境集团股份有限公司重整计划》中的清偿方案，博天环境通过向公司及北京中科软转增股 票方式抵偿所欠债务173.27 万元，上述股票系公司被动所得，公司根据会计准则将取得的股票划分为交易性金融资产。 私募基金投资情况 □适用 √不适用 衍生品投资情况 □适用 √不适用 32/209
中科软科技股份有限公司 2025年年度报告 4、报告期内重大资产重组整合的具体进展情况 □适用 √不适用 (六) 重大资产和股权出售 □适用 √不适用 (七) 主要控股参股公司分析 √适用 □不适用 主要子公司及对公司净利润影响达10%以上的参股公司情况 √适用 □不适用 单位：万元 币种：人民币 公司名称 公司类型 主要业务 注册资本 总资产 净资产 营业收入 营业利润 净利润 上海中科软 子公司 计算机技术开发、转让、咨询、服务 1,200.00 38,936.53 31,234.46 46,402.15 1,182.96 1,687.49 北京中科软 子公司 软件开发、系统集成服务 10,000.00 140,140.30 21,039.57 90,310.80 779.56 1,023.68 深圳中科软（信息系统） 子公司 计算机软件开发、服务 2,000.00 6,514.22 4,056.75 17,135.86 579.25 577.34 中科软国际 子公司 计算机软件开发、服务 600.00港币 9,638.93 4,897.95 12,524.97 931.49 903.79 报告期内取得和处置子公司的情况 □适用 √不适用 其他说明 □适用 √不适用 (八) 公司控制的结构化主体情况 □适用 √不适用 33/209",windowed_extraction_review_required
603927.SH,AR_603927_SH_2025,r_and_d,24,35,"中科软科技股份有限公司 2025年年度报告 打通保险与相关行业的业务联系，在风险管理、自动化理赔及核保、健康管理服务等方 向进行试点，协助保险客户提高服务质量和效率，例如推进为商业保险公司利用医疗数 据进行理赔、核保以及医保、商保结算对接，利用健康管理平台进行创新保险服务等方 面进行技术赋能等。 在“保险+大交通”领域，公司关注保险与出行、公共交通、城市管理、汽车销售、 自动驾驶、汽车后服务市场等应用场景的融合，对接汽车厂商、汽车保险科技公司等客 户。通过合作和技术创新，积极推进保险在汽车金融信贷、风控管理、维修、理赔等领 域的服务模式创新。 在“保险+大消费”领域，公司关注保险与餐饮、教育、电商、旅游、虚拟现实等 各类新兴零售业态各种应用场景的融合，聚焦互联网消费等领域，关注通过数字化手段 协助保险客户为消费者提供更全面的消费风险保障的场景应用。 在“保险+大安全”领域，公司关注保险与居民财产安全、农业灾害、生产安全、 公司商业安全、网络安全、宠物安全、支付安全、关键设备安全等应用场景的融合，对 接燃气、能源、电力、气象、安全产品/服务商等客户。报告期内，公司加强与财险客 户合作推进通过技术手段将保险嵌入多种应用场景和风险点，助力保险行业提升风险管 理和防范能力，降本增效。 （四）技术研发及应用进展 1、研发投入情况 报告期内，公司持续围绕AIGC 及人工智能技术的系统性研发投入，重点聚焦以AI 为核心引擎的全栈式智能化升级。在前端业务赋能方面，通过展业助手、智能营销平台 等项目重构获客与客户交互模式；在核心业务智能化方面，依托理赔、理算、风控类系 统实现关键作业流程的智能决策；在中后台运营支撑方面，构建企业级知识管理与智能 办公体系；在技术底座建设方面，持续夯实智能运维、代码质量保证及可观测性等技术 平台。这表明，公司 AI 研发布局已突破单点工具属性，正演进为贯穿业务前中后台的 系统性战略能力。未来，人工智能不仅是降本增效的使能工具，更是驱动业务模式重构、 打造差异化竞争优势的核心支点。 分行业领域看，在保险领域，公司的研发覆盖精算管理、营销销售、理赔风控、运 营决策、渠道服务及监管合规等全业务价值链；在医疗卫生领域，涵盖医疗辅助诊断、 医院公共卫生管理及健康保障服务；在政务领域，涉及智慧执法、交通政务及城市治理 等场景。 20/209
中科软科技股份有限公司 2025年年度报告 除人工智能应用外，公司紧密结合技术发展趋势与行业数字化转型需求，持续深化 行业参考模型平台、""保险+""生态平台以及数据治理与分析应用等方向的研发创新，构 建支撑长期发展的多层次技术产品矩阵。报告期内，公司重要研发项目如下： 研发方向 研发项目 行业应用软件可观测AIOps平台、智慧执法办案平台、企业级人工智能MES系 统、保险监管数据AIGC知识辅助系统、智慧工坊、基于人工智能的自动化测试 平台、智能化数字人寿险建议书系统、基于语义理解的团险特约理算助手、基 于大模型的智能健康险理赔系统、基于垂域业务模型的保险公司投资项目管理 系统、基于人工智能技术的证券公司代销保险业务智能双录系统、企业智能科 技资源管理系统、基于AIGC的业财数据分析平台、基于大数据应用及人工智能 技术的金融审计智能平台研发、AI寿险数字助理系统、保险AIOps智能运维平 台、证照智能化管理系统、Clog决策引擎平台、基于AI的能力模型测评系统、 产品条款智能管理系统、智能保单服务系统、大模型智能检索数据库管理系统、 基于AI技术的规则解析平台、财险数智化运维平台、古籍数字化资源智能处理 人工智能应用 平台、基于多智能体的医疗辅助诊断系统、智能web应用构建引擎平台、基于 大模型的代理人智能展业助手项目、基于智能AI精算管理平台、养殖保险智能 识别平台、数字员工催收业务管理系统、基于知识图谱和多源数据融合的关联 交易管理系统、行业应用软件AI智能助手、基于AI生成+决策的代码质量智能 保证平台、MaaS应用服务平台、基于deepseek的物流智能控制塔平台、基于 多维度特征提取的图像篡改识别系统、保险智慧经营决策管理平台V2.0、基于 大模型的会议内容萃取系统、基于大模型的学生资助风险分析平台、融合AI 技术的交通政务管理平台、AIGC垂直领域行业知识平台、知途平台（赋能保险 数智营销）V1.0、医疗健康AI-MAAS平台、低代码平台AI助手、基于向量数据 库的AIGC模型即服务平台研究、基于AI的智慧教育一体化服务平台 多场景融合的跨域精准保险核心系统关键技术攻关、商业养老金清算平台、寿 险核心一体化开发管理平台、智慧人力资源系统、产品管理平台辅助策略引擎、 平台经济综合监管系统、多平台软硬件全栈切换平台、存储系统测试平台研发、 基于地产行业的经营分析管理平台、车险理赔数智人伤管理平台、院内传染病 医防融合大数据协同平台、智慧工会职工服务平台、智慧煤炭综合一体化平台、 基于Aviator表达式引擎的高效规则引擎系统、医院智能公卫系统、省域旅游 行业参考模型平台 综合监管平台、城市智慧环境平台、媒体和文化阵地监管平台、智慧托育平台、 财产保险理赔全流程协同作业平台、企业应用协同平台、三级网信调度体系应 急值守与应急研判指挥调度系统、中科软保险PaaS云平台、保险中介业务一体 化管理平台、产品全生命周期管理平台、门户信息管理平台、保险IFRS17平台 V2.0、多元生物安全监测信息融合与早期预警平台、IFRS17会计引擎、基于低 代码平台的灵创办公系统、预算编报平台 智能销售门户系统、健康保障委托管理业务平台、一站式个代营销服务平台、 ""保险+""生态平台 智慧社群领航系统、数字化客户服务与教育平台、基于图数据库的家族图谱与 家庭保障分析系统、金融智能营销CRM系统、财产保险风险减量服务平台、基 21/209
中科软科技股份有限公司 2025年年度报告 于大数据和智能匹配的汽车后市场维修资源智能推送系统、意健险快速出单系 统、保险中介风控出单平台 智能风险管理平台-诉责险、风险保障缺口测评分析平台、企业数智督办平台、 ""合规智盾""数字化合规管理平台、寿险档案知识库系统、智能担保风险预警控 制系统、业务精准度智控系统、智能观测平台、再保人身险业务明细数据存储 数据治理与分析应用 系统、智慧园区安全生产数据质量管控平台、责任险风控平台、车辆风险管理 平台、审查调查多维数据综合分析研判系统、反洗钱智能监测分析系统项目、 基于元数据的数据服务平台、数据切割管理平台、保险法人客户数字化管理 2、技术实践交流 2025 年，为进一步深化公司在 AI 应用的落地中的综合能力，公司举办了两次技术 实践交流会，邀请了行业客户、生态伙伴、高校和科研机构的专家，针对公司各主要业 务团队的技术方案进行交流与评审。 2025 年7 月，中科软以“AI 应用中的重点开源软件工具和平台建立及组织协同实 施研发”为主题，成功举办为期两天的技术实践交流会。AI 技术正从通用探索迈向业务 融合阶段，带来软件开发范式的变革与应用体系的重构。企业对 AI 应用的需求逐渐聚 焦于强安全、高精度和低成本，即保障数据隐私安全、满足场景化精准计算需求、降低 部署与运行成本。在此背景下，AIGC 在行业领域落地应用的重心从通用大模型转向“垂 直领域小模型+专业知识库”的组合模式。中科软各技术团队在交流中展示了利用开源 软件工具和平台作为支撑环境，在数据标注预处理、模型微调、提示词工程优化、专业 知识库建立等环节取得的成果与实践，验证了垂直领域的小模型结合专业知识库构建 （如保险行业的条款解析和业务流程梳理等）能够进一步提升 AI 技术与业务的适配性 和落地效果。经过技术成果展示与问答交流，寿险团队的“智瞳平台”与财险团队的 “智数平台”案例脱颖而出，相关案例在小模型场景适配性、开源工具应用合理性及工 程化完整性等方面具备较为突出的表现。 2025 年11 月，中科软以“行业应用软件的升级换代和AI 应用交付系统方案”为主 题，成功举办了为期两天的技术实践交流会。AI 时代的行业应用软件正在从传统的“被 动记录事实”向“主动约束与发现”转变。头部ISV 的核心竞争力不仅在于软件开发， 更在于能否运用成熟的模型、框架与方法论，与客户共同定义业务目标，解决痛点问题。 在本次技术交流会中，中科软各团队展示了从底层架构到上层应用的全面创新，向行业 专家与客户详细讲解中科软如何通过数据核心优势，实现存量核心业务系统与 AI 技术 深度融合。经过多轮成果讲解与问答交流，寿险团队的“未来·元启”方法论体系和财 险团队的“行业数智引擎：基于业务洞察的 AI 智改落地体系”脱颖而出，充分体现了 22/209
中科软科技股份有限公司 2025年年度报告 在AI时代的行业应用软件从“记录事实”向“主动约束”的价值转型中，中科软将“行 业 know-how”转化为“AI 生产力”的核心能力，展现了中科软基于其在领域知识与工 程化经验的深厚底蕴，从“软件开发商”向“具备咨询能力的工程专家”的转型——既 能提供顶层设计的咨询规划，又能基于领域know-how 快速交付可落地的AI 应用，能够 为客户提供从顶层规划到快速PoC 落地的全链路服务，协助客户在复杂的数智化转型中 从容应对。 四、报告期内核心竞争力分析 √适用 □不适用 （一）行业Know-how 优势 在产品及服务层面，公司深度践行“相似复用”的开发模式，通过长期深耕构建了 深厚的行业参考模型。公司在数据架构、系统功能集、组件平台及脚本规范等核心要素 上形成的竞争壁垒，其本质是公司对行业领域知识的系统性沉淀。通过将海量项目实践 中的样本程序、技术文档及业务逻辑转化为结构化的知识图谱与经验模型，公司不仅实 现了软件开发的提质增效与快速迭代，更形成了一套完整的行业专识体系。这种从业务 深处淬炼出的领域知识，正成为公司在数智化浪潮下，帮助客户实现 AI 技术从“通用 能力”向“行业场景”精准落地的核心资产与逻辑支撑。 在数智化浪潮推动下，行业应用软件正从传统的“被动记录”向“主动约束与发 现”转型。中科软紧扣这一战略机遇，凭借在保险等行业领域深耕约三十年的积累，将 自身精准定位为AI 技术的应用方与整合方。作为头部ISV，公司的核心价值在于将熟练 掌握的开源工具体系与深厚的专业领域知识、工程化实施经验深度融合，不再仅仅是提 供记录工具类软件，而是与客户共同定义业务目标，利用 AI 解决行业深层痛点，实现 从“记录型软件”向“约束型软件”的跨越。 在 B端 AI 落地的实战中，对数据的深刻理解与治理能力构成了中科软的核心护城 河。依托以“蓝图数据结构”为纲的管理体系，公司能够高效提炼行业专识数据，为垂 直领域模型提供精准“燃料”。在技术落地层面，公司以 MaaS 平台为智能中枢，贯通 算力调度、模型训练与推理。在此基础上，针对多个细分场景开发的智能体，正驱动业 务流程从简单的信息化记录向高阶的主动管理与运筹调度迈进。 （二）实际控制人背景优势 中国科学院软件研究所成立于 1985 年 3 月 1 日，是致力于计算机科学理论和软件 高新技术的研究与发展的综合性基地型研究所，具备以多个国家重点实验室、国家工程 23/209
中科软科技股份有限公司 2025年年度报告 研究中心为龙头的基础前沿研究、软件高技术研究和软件应用研究三大科研体系，建立 了计算机科学等重点学科领域和相关学科方向的学科布局。公司是由中国科学院软件研 究所实际控制的大型行业应用软件与综合解决方案提供商。报告期内，公司与中国科学 院软件研究所在开源软件供应链、RISC-V 基础软件等领域产业化应用等方面进一步开展 合作。 （三）研发及技术创新优势 公司始终注重对先进、主流软件开发技术、软件设计思想的研究与积累，对标国内、 国际市场，以国际视角，通过对全球软件技术发展趋势的追踪以及内部研发创新，不断 提升产品及技术的先进性，巩固公司在保险、公共卫生等领域的领先地位，增强在非保 险金融、政务、医疗、教科文等领域的竞争力。 公司注重与行业一线技术人员的持续交流，由公司为软件技术人员提供思想与技术 交流的平台“软件技术大会”已连续举办二十三届，每年主办软件技术大会，也是公司 将自主研发与合作研发相结合的一项重要工作，随着基础软件技术与上层各领域应用之 间的结合越来越紧密，中科软通过不断跟踪新技术发展动态，了解客户数字化转型中的 痛点，既丰富了公司研发工作的技术积累，也为未来的技术研发工作指明了方向。 （四）核心客户资源优质 公司专注于为各行业客户提供信息化建设服务，主要客户包括金融保险、政府、教 科文、医疗卫生等行业中的大中型企事业单位，主要客户所处行业产业规模大、信息化 需求高、IT 投资能力较强。经过多年发展，公司积累了包括中国人民保险集团、泰康保 险集团、中国人寿保险集团、中国太平洋保险集团、中银保险、国家开发银行、新华人 寿保险、建信人寿保险、国华人寿保险、民生人寿保险、阳光人寿保险等几百家金融机 构，以及中宣部、中纪委、政法委、公安部、外交部、网信办、中疾控、卫健委、交通 部、教育部等中央、国家部委及其下属单位客户。 （五）组织管理优势 公司实行事业群-子事业群-事业部的分层架构，采用阿米巴管理模式。在管理方面， 公司注重通过各项规章制度规范事业部的日常运作；在考核方面，公司不断建立并完善 以“集约化”为原则的考核体系，建立对基层事业部日常运行监督机制，以事业部作为 基本考核单元，以“实现了现金流的净利润”为核心考核指标，明确以发展速度决定晋 升及激励的人事调整规则，促进各事业部持续、稳定、快速发展；在协同方面，公司通 过内部PMO、类NGO 等组织实践机制，强化各部门之间的协同作战；在组织发展方面， 24/209
中科软科技股份有限公司 2025年年度报告 公司正在从依靠业绩达标的事业部的“孵化”及“裂变”，向不断提高事业群及事业部 发展质量和竞争能力的方向转变，使事业部的孵化裂变或吸收合并机制充分与指标完成 情况挂钩，从而充分发挥公司在组织管理方面的优势，既保证公司发展的长期稳定，又 能保持公司组织内部的活力，充分调动员工积极性，提高组织生产效率。随着公司内部 管理制度的不断完善，在当前的较为复杂的宏观环境和下游客户处于转型阶段的背景 下，公司可在保持经营稳定性的基础上，更好地进行新模式、新方向的延伸和推进，进 一步提升公司的发展动能。 （六）质量管理及资质优势 公司及下属子公司取得了软件和信息技术服务行业较为全面、较高等级的业务资 质。公司通过 ISO9001（质量管理体系）、ISO14001（环境管理体系）、ISO45001（职 业健康安全管理体系）、ISO22301（业务连续性管理体系）、ISO/IEC20000-1（信息技 术服务管理体系）、ISO/IEC27001（信息安全管理体系）、ISO28000（绿色供应链安全 管理体系）、GB/T39604（企业社会责任管理体系）、GB/T29490（企业知识产权管理体 系）、BS10012（个人信息管理体系）、ISO10002（客户投诉管理体系）、ISO37301（合 规管理体系）等认证；通过 TMMi（测试成熟度模型集成）五级认证；持续保持 CMMI 5 级（最高级）认证。获得信息系统建设和服务能力杰出级（CS5）、SDCA 软件服务商交 付能力（一级）、CCID 信息系统服务交付能力（一级）、DCMM 数据管理能力成熟度稳 健级（3级）；ITSS 信息技术服务标准符合性运行维护一级、ITSS 云计算服务能力私有 云IaaS 二级和SaaS 三级、信息安全服务资质安全工程类一级、CCRC 信息系统安全集成 服务二级、电子与智能化工程专业承包一级、建筑智能化系统设计专项甲级资质、安防 工程企业设计施工维护能力一级等重要资质。 五、报告期内主要经营情况 公司报告期内经营情况参见本节“三、经营情况讨论与分析”。 (一) 主营业务分析 1、利润表及现金流量表相关科目变动分析表 单位：元 币种：人民币 科目 本期数 上年同期数 变动比例（%） 营业收入 6,028,200,653.02 6,374,512,940.85 -5.43 营业成本 4,538,428,230.73 4,661,683,495.55 -2.64 销售费用 295,202,082.46 320,160,850.45 -7.80 管理费用 84,839,526.24 97,684,512.21 -13.15 财务费用 -25,757,630.45 -21,881,249.29 - 25/209
中科软科技股份有限公司 2025年年度报告 研发费用 817,599,093.52 907,564,085.57 -9.91 经营活动产生的现金流量净额 154,288,206.39 1,249,135,076.93 -87.65 投资活动产生的现金流量净额 -18,669,496.59 -17,284,481.90 - 筹资活动产生的现金流量净额 -342,193,769.90 -352,641,573.61 - 其他收益 8,800,437.38 20,845,413.64 -57.78 投资收益（损失以“-”号填列） -11,717.42 3,516.07 -433.25 公允价值变动收益（损失以“-”号填列） -1,052,228.24 1,773,454.78 -159.33 信用减值损失（损失以“-”号填列） -64,295,479.26 -42,178,785.53 - 资产减值损失（损失以“-”号填列） -49,704,127.67 -12,100,355.41 - 资产处置收益（损失以“-”号填列） -2,757,694.46 -1,687,582.18 - 营业外收入 54,469,081.19 27,532,805.01 97.83 营业外支出 3,228,389.18 4,621,893.60 -30.15 所得税费用 2,296,847.76 6,448,087.49 -64.38 经营活动产生的现金流量净额变动原因说明：主要原因系受回款环境承压影响，公司销售商品、提 供劳务收到的现金同比减少；同时随着某些系统集成项目执行，支付货款集中在本期发生，导致购 买商品、接受劳务支付的现金有所增加所致。 其他收益变动原因说明：主要原因系本期收到增值税退税减少，以及根据《财政部 税务总局公告 2023年第1号》文件相关规定不再享受增值税加计抵减政策优惠所致。 投资收益（损失以“-”号填列）变动原因说明：主要原因系本期联营公司年度亏损所致。 公允价值变动收益（损失以“-”号填列）变动原因说明：主要原因系上期参股公司公允价值下降所致。 信用减值损失（损失以“-”号填列）变动原因说明：主要原因系本期计提的应收账款坏账准备增加所 致。 资产减值损失（损失以“-”号填列）变动原因说明：主要原因系本期计提的合同资产坏账准备增加所 致。 资产处置收益（损失以“-”号填列）变动原因说明：主要原因系本期资产处置增加所致。 营业外收入变动原因说明：主要原因系商业合理性存疑项目确认利得金额增长所致。 营业外支出变动原因说明：主要原因系上期滞纳金有所增加所致。 所得税费用变动原因说明：主要原因系本期计提递延所得税资产增加所致。 本期公司业务类型、利润构成或利润来源发生重大变动的详细说明 □适用 √不适用 2、收入和成本分析 √适用 □不适用 公司报告期内经营情况参见本节“三、经营情况讨论与分析”。 (1)主营业务分行业、分产品、分地区、分销售模式情况 单位：万元 币种：人民币 主营业务分行业情况 营业收入 营业成本 毛利率比上年增减 分行业 营业收入 营业成本 毛利率（%）比上年增 比上年增 （%） 减（%） 减（%） 金融领域 367,126.15 269,176.25 26.68 -1.76 0.83减少1.89个百分点 其中：保险领域 310,985.26 228,139.17 26.64 1.88 5.82减少2.73个百分点 政务领域 80,681.68 61,723.80 23.50 -19.00 -21.21增加2.15个百分点 教科文卫及其他领域 153,460.67 122,587.11 20.12 -5.64 1.66减少5.74个百分点 其中：医疗卫生领域 29,444.64 18,783.62 36.21 -27.90 -33.85增加5.74个百分点 主营业务分产品情况 分产品 营业收入 营业成本 毛利率（%）营业收入 营业成本 毛利率比上年增减 26/209
中科软科技股份有限公司 2025年年度报告 比上年增 比上年增 （%） 减（%） 减（%） 软件开发及服务收入 483,859.95 356,847.52 26.25 1.17 3.61减少1.73个百分点 系统集成及其服务收入 105,530.18 96,184.08 8.86 -27.12 -20.81减少7.27个百分点 软件产品收入 11,878.36 455.55 96.16 -7.93 -减少3.84个百分点 主营业务分地区情况 营业收入 营业成本 毛利率比上年增减 分地区 营业收入 营业成本 毛利率（%）比上年增 比上年增 （%） 减（%） 减（%） 华北 320,810.15 234,381.98 26.94 -7.30 -4.63减少2.04个百分点 华东 121,328.43 93,206.21 23.18 10.62 13.55减少1.99个百分点 华南 54,093.60 43,065.21 20.39 -7.19 3.26减少8.06个百分点 西南 33,752.22 28,857.41 14.50 -14.73 -12.37减少2.29个百分点 西北 17,127.23 14,070.39 17.85 -42.72 -42.12减少0.85个百分点 华中 18,415.54 15,076.87 18.13 -16.50 -8.86减少6.86个百分点 东北 13,981.67 10,130.69 27.54 15.81 6.68增加6.20个百分点 中国大陆以外 21,759.66 14,698.38 32.45 18.69 12.66增加3.62个百分点 主营业务分行业、分产品、分地区、分销售模式情况的说明：无。 (2)产销量情况分析表 □适用 √不适用 (3)重大采购合同、重大销售合同的履行情况 □适用 √不适用 (4)成本分析表 单位：万元 币种：人民币 分行业情况 本期金额 本期占总 上年同期 上年同期 较上年同 情况 分行业 成本构成项目 本期金额 成本比例 占总成本 金额 期变动比 说明 (%) 比例(%) 例(%) 人工成本、服务采购、项目直 金融领域 269,176.25 59.31 266,961.35 57.27 0.83 - 接费用、软硬件及辅材 其中：保险领人工成本、服务采购、项目直 228,139.17 50.27 215,594.03 46.25 5.82 - 域 接费用 人工成本、服务采购、项目直 政务领域 接费用、软硬件及辅材、弱电 61,723.80 13.60 78,339.01 16.80 -21.21 - 集成施工 人工成本、服务采购、项目直 教科文卫及 接费用、软硬件及辅材、弱电 122,587.11 27.01 120,580.09 25.87 1.66 - 其他领域 集成施工 人工成本、服务采购、项目直 其中：医疗卫 接费用、软硬件及辅材、弱电 18,783.62 4.14 28,397.48 6.09 -33.85 - 生领域 集成施工 分产品情况 本期金额 本期占总 上年同期 上年同期 较上年同 情况 分产品 成本构成项目 本期金额 成本比例 占总成本 金额 期变动比 说明 (%) 比例(%) 例(%) 27/209
中科软科技股份有限公司 2025年年度报告 软件开发及人工成本、服务采购、项目直 356,847.52 78.63 344,427.85 73.88 3.61 - 服务收入 接费用 系统集成及软硬件及辅材、弱电集成施 96,184.08 21.19 121,452.60 26.05 -20.81 - 其服务收入 工、人工成本 软件产品收 人工成本、服务采购 455.55 0.10 - - - - 入 成本分析其他情况说明：公司软件开发及服务业务中人工成本占比71.60%；系统集成及其服务业务 中软硬件及辅材成本占比80.55%。 (5)报告期主要子公司股权变动导致合并范围变化 □适用 √不适用 (6)公司报告期内业务、产品或服务发生重大变化或调整有关情况 □适用 √不适用 (7)主要销售客户及主要供应商情况 属于同一控制人控制的客户或供应商视为同一客户或供应商合并列示，受同一国有资产 管理机构实际控制的除外。 下列客户及供应商信息按照同一控制口径合并计算列示的情况说明 不适用。 A.公司主要销售客户及主要供应商情况 √适用 □不适用 前五名客户销售额7.53亿元，占年度销售总额12.53%；其中前五名客户销售额中关联方 销售额0亿元，占年度销售总额0%。 前五名供应商采购额4.20亿元，占年度采购总额18.70%；其中前五名供应商采购额中关 联方采购额0亿元，占年度采购总额0%。 B.报告期内向单个客户的销售比例超过总额的 50%、前5 名客户中存在新增客户的或严 重依赖于少数客户的情形 □适用 √不适用 报告期内向单个供应商的采购比例超过总额的 50%、前5 名供应商中存在新增供应商的 或严重依赖于少数供应商的情形 □适用 √不适用 C. 报告期内公司股票被实施退市风险警示或其他风险警示 前五名销售客户 □适用 √不适用 前五名供应商 □适用 √不适用 D. 报告期内公司存在贸易业务收入 □适用 √不适用 贸易业务占营业收入比例超过10%前五名销售客户 □适用 √不适用 贸易业务收入占营业收入比例超过10%前五名供应商 □适用 √不适用 其他说明：无。 28/209
中科软科技股份有限公司 2025年年度报告 3、费用 √适用 □不适用 详见本节“五、报告期内主要经营情况”中“（一）主营业务分析”中“1、利润 表及现金流量表相关科目变动分析表”。 4、研发投入 (1)研发投入情况表 √适用 □不适用 单位：元 币种：人民币 本期费用化研发投入 817,599,093.52 本期资本化研发投入 0 研发投入合计 817,599,093.52 研发投入总额占营业收入比例（%） 13.56 研发投入资本化的比重（%） 0 (2)研发人员情况表 √适用 □不适用 公司研发人员的数量 5,322 研发人员数量占公司总人数的比例（%） 29.56 研发人员学历结构 学历结构类别 学历结构人数 博士研究生 4 硕士研究生 328 本科 4,983 专科 7 高中及以下 0 研发人员年龄结构 年龄结构类别 年龄结构人数 30岁以下（不含30岁） 1,958 30-40岁（含30岁，不含40岁） 2,804 40-50岁（含40岁，不含50岁） 514 50-60岁（含50岁，不含60岁） 44 60岁及以上 2 (3)情况说明 □适用 √不适用 (4)研发人员构成发生重大变化的原因及对公司未来发展的影响 □适用 √不适用 5、现金流 √适用 □不适用 单位：元 较上年同期增长 较上年同期 科目名称 2025年度 2024年度 额 增长比率 经营活动产生的现金流量净额 154,288,206.391,249,135,076.93-1,094,846,870.54 -87.65 投资活动产生的现金流量净额 -18,669,496.59 -17,284,481.90 -1,385,014.69 29/209
中科软科技股份有限公司 2025年年度报告 筹资活动产生的现金流量净额 -342,193,769.90 -352,641,573.61 10,447,803.71 说明：经营活动产生的现金流量净额变动原因说明：主要原因系受回款环境承压影响，公司销售商 品、提供劳务收到的现金同比减少；同时随着某些系统集成项目执行，支付货款集中在本期发生， 导致购买商品、接受劳务支付的现金有所增加所致。 (二) 非主营业务导致利润重大变化的说明 □适用 √不适用 (三) 资产、负债情况分析 √适用 □不适用 1、资产及负债状况 单位：元 币种：人民币 本期期末金 本期期末数 上期期末数 额较上期期 项目名称 本期期末数 占总资产的 上期期末数 占总资产的 情况说明 末变动比例 比例（%） 比例（%） （%） 交易性金融资产 64,636.91 0.00 40,518.66 0.00 59.52 详见① 应收票据 14,190,542.41 0.18 22,335,570.78 0.29 -36.47 详见② 合同资产 1,336,589,343.19 16.72 984,604,271.77 12.81 35.75 详见③ 其他流动资产 4,523,933.85 0.06 22,631,618.00 0.29 -80.01 详见④ 无形资产 5,199,111.96 0.07 7,806,460.19 0.10 -33.40 详见⑤ 应付票据 275,906,082.06 3.45 516,477,302.14 6.72 -46.58 详见⑥ 合同负债 2,273,669,342.98 28.44 1,580,699,174.25 20.56 43.84 详见⑦ 应交税费 53,755,462.51 0.67 79,005,586.38 1.03 -31.96 详见⑧ 递延收益 7,464,622.67 0.09 4,403,602.79 0.06 69.51 详见⑨ 其他说明： ①本期期末交易性金融资产较上期期末有所增加，主要原因系持有的博天环境股票公允价值上升所 致。 ②本期期末应收票据较上期期末有所减少，主要原因系收到的银行承兑汇票到期兑付所致。 ③本期期末合同资产较上期期末有所增加，主要原因系公司根据合同履行了履约义务，且不属于无 条件向客户收款的权利较期初增加所致。 ④本期期末其他流动资产较上期期末有所减少，主要原因系待认证进项税和预缴所得税减少所致。 ⑤本期期末无形资产较上期期末有所减少，主要原因系无形资产摊销所致。 ⑥本期期末应付票据较上期期末有所减少，主要原因系应付银行承兑汇票到期兑付所致。 ⑦本期期末合同负债较上期期末有所增加，主要原因系预收集成项目款增加所致。 ⑧本期期末应交税费较上期期末有所减少，主要原因系应交增值税减少所致。 ⑨本期期末递延收益较上期期末有所增加，主要原因系新增课题项目到款所致。 2、境外资产情况 □适用 √不适用 3、截至报告期末主要资产受限情况 √适用 □不适用 单位：元 币种：人民币 项目 期末账面价值 受限原因 其他货币资金 7,473,143.86 履约保函保证金和投标保函保证金 银行存款 51,880,911.25 诉讼冻结、协议冻结 合计 59,354,055.11 / 30/209
中科软科技股份有限公司 2025年年度报告 说明：2025年末诉讼冻结资金中23,598,397.65元于资产负债表日后已解除，其中23,486,117.65 元于2026年1月6日解除，112,280.00元于2026年2月10日解除。 4、其他说明 □适用 √不适用 (四) 行业经营性信息分析 √适用 □不适用 详见本报告第三节“二、报告期内公司所处行业情况”。 (五) 投资状况分析 对外股权投资总体分析 √适用 □不适用 报告期内，公司无新增重大对外股权投资。截至报告期末，公司及控股子公司对外 的参股公司共计14 家，较上年年末无变化。 1、重大的股权投资 □适用 √不适用 2、重大的非股权投资 □适用 √不适用 31/209",windowed_extraction_review_required
603927.SH,AR_603927_SH_2025,management_discussion,3,14,"中科软科技股份有限公司 2025年年度报告 十、重大风险提示 公司已在本报告“第三节 管理层讨论与分析”中详细描述了公司可能存在的风险， 敬请投资者予以关注。 十一、其他 □适用 √不适用
中科软科技股份有限公司 2025年年度报告 目录 第一节 释义...........................................................1 第二节 公司简介和主要财务指标 .........................................3 第三节 管理层讨论与分析 ...............................................7 第四节 公司治理、环境和社会 ..........................................42 第五节 重要事项 ......................................................60 第六节 股份变动及股东情况 ............................................74 第七节 债券相关情况 ..................................................79 第八节 财务报告 ......................................................80 载有公司负责人、主管会计工作负责人、会计机构负责人（会计主管人员） 签名并盖章的财务报表。 备查文件目录 载有会计师事务所盖章、注册会计师签名并盖章的审计报告原件。 报告期内公开披露过的所有公司文件的正本及公告的原稿。
中科软科技股份有限公司 2025年年度报告 第一节 释义 一、释义 在本报告书中，除非文义另有所指，下列词语具有如下含义： 常用词语释义 公司、本公司、中科软 指 中科软科技股份有限公司 中国证监会 指 中国证券监督管理委员会 软件所、实际控制人 指 中国科学院软件研究所 控股股东 指 北京科软创源软件技术有限公司 海国运营 指 北京市海淀区国有资本运营有限公司 海国投 指 北京市海淀区国有资产投资经营有限公司 公司章程 指 《中科软科技股份有限公司章程》 管理层 指 公司董事、高级管理人员 高级管理人员 指 公司总经理、副总经理、财务总监、董事会秘书 报告期 指 2025年1月1日-2025年12月31日 北京中科软 指 北京中科软科技有限公司，中科软全资子公司 上海中科软 指 上海中科软科技有限公司，中科软全资子公司 四川中科软 指 中科软科技四川有限公司，中科软全资子公司 深圳中科软（信息系统） 指 深圳中科软科技信息系统有限公司，中科软全资子公司 中科软国际 指 中科软科技（国际）有限公司，中科软全资子公司 宁波中科软 指 宁波中科软信息技术有限公司，中科软全资子公司 长春中科软 指 中科软科技长春有限公司，中科软全资子公司 广州中科软 指 广州中科软信息科技有限公司，中科软全资子公司 安徽中科软 指 安徽中科软科技信息有限公司，中科软全资子公司 武汉中科软 指 武汉中科软科技有限公司，中科软全资子公司 南京中科软 指 南京中科软科技有限公司，中科软全资子公司 河南中科软 指 河南中科软科技有限公司，北京中科软全资子公司 海南中科软 指 海南中科软科技有限公司，北京中科软全资子公司 天津中科软（信息） 指 中科软（天津）信息技术有限公司，北京中科软全资子公司 宁夏中科软 指 宁夏中科软科技有限公司，北京中科软全资子公司 大连中科软 指 大连中科软科技有限公司，北京中科软全资子公司 贵州中科软 指 贵州中科软科技有限公司，北京中科软全资子公司 库车中科软 指 库车中科软科技有限公司，北京中科软全资子公司 兰州中科软 指 兰州中科软信息科技有限公司，北京中科软全资子公司 重庆中科软 指 中科软科技（重庆）有限公司，北京中科软全资子公司 杭州中科软 指 中科元智（杭州）科技有限公司，上海中科软全资子公司 中科万国 指 青岛中科万国互联网技术股份有限公司，北京中科软参股公司 全喆科技 指 全喆科技股份有限公司，中科软国际参股公司 为管理、控制和维护计算机及外部设备而编制的软件程序，其作为 系统软件 指 联接应用软件与硬件间的接口，负责系统资源的分配与管理，并提 供计算机与用户间的交互界面 专为某种应用而开发的软件，不同的应用软件根据用户和所服务的 应用软件 指 领域提供不同的功能 主要面向个体用户、可以被大范围商业化、大众化的办公或娱乐类 通用软件 指 软件 可以在系统软件或应用软件上运行的针对特定行业需求而专门定制 行业应用软件 指 的软件产品 1/209
中科软科技股份有限公司 2025年年度报告 可对外围系统及辅助系统进行在线实时汇集、处理、交互的软件系 核心系统 指 统，是构建行业应用软件系统的核心组成部分 项目管理办公室（ProjectManagementOffice），是在企业组织内部 PMO 指 将实践、过程、运作形式化和标准化的部门或机构 一种基于互联网的计算方式，通过这种方式，共享的软硬件资源和 云计算 指 信息可以按需求提供给计算机和其他设备 工信部 指 中华人民共和国工业和信息化部 2/209
中科软科技股份有限公司 2025年年度报告 第二节 公司简介和主要财务指标 一、公司信息 公司的中文名称 中科软科技股份有限公司 公司的中文简称 中科软 公司的外文名称 SinosoftCo.,Ltd 公司的外文名称缩写 Sinosoft 公司的法定代表人 左春 二、联系人和联系方式 董事会秘书 证券事务代表 姓名 蔡宏 陈玉萍 北京市海淀区中关村新科祥园甲6北京市海淀区中关村新科祥园甲6 联系地址 号楼 号楼 电话 010-82522073 010-82522073 传真 010-82523227 010-82523227 电子信箱 sinosoftzqb@sinosoft.com.cn sinosoftzqb@sinosoft.com.cn 三、基本情况简介 公司注册地址 北京市海淀区中关村新科祥园甲6号楼 北京市海淀区中关村科学院南路6号；北京市海淀区新街口外大街1号； 公司注册地址的历史变更情 北京市海淀区中关村大街1号海龙大厦11层；北京市海淀区中关村南四 况 街四号；北京市海淀区中关村新科祥园甲六号楼 公司办公地址 北京市海淀区中关村新科祥园甲6号楼 公司办公地址的邮政编码 100190 公司网址 www.sinosoft.com.cn 电子信箱 sinosoftzqb@sinosoft.com.cn 四、信息披露及备置地点 公司披露年度报告的媒体名上海证券报（www.cnstock.com）、中国证券报（www.cs.com.cn）、证 称及网址 券时报（www.stcn.com）、证券日报（www.zqrb.cn） 公司披露年度报告的证券交 www.sse.com.cn 易所网址 公司年度报告备置地点 公司证券部 五、公司股票简况 公司股票简况 股票种类 股票上市交易所 股票简称 股票代码 变更前股票简称 人民币普通股（A股） 上海证券交易所 中科软 603927 不适用 六、其他相关资料 名称 容诚会计师事务所（特殊普通合伙） 公司聘请的会计师事务所 办公地址 北京市西城区阜成门外大街22号1幢10层 （境内） 签字会计师姓名 陈君、成立卿 3/209
中科软科技股份有限公司 2025年年度报告 七、近三年主要会计数据和财务指标 (一) 主要会计数据 单位：元 币种：人民币 本期 2024年 2023年 比上 主要会计 2025年 年同 数据 调整后 调整前 调整后 调整前 期增 减(%) 营业收入 6,028,200,653.026,374,512,940.856,671,233,219.66 -5.436,195,510,612.736,502,633,214.95 利润总额 226,241,529.32 361,556,278.74 361,556,278.74 -37.43 643,630,311.87 643,630,311.87 归 属于 上 市 公司 股 223,944,681.56 355,108,191.25 355,108,191.25 -36.94 654,714,013.27 654,714,013.27 东 的净 利 润 归 属于 上 市 公司 股 东 的扣 除 180,772,305.99 332,072,825.41 346,291,778.18 -45.56 628,485,032.87 645,314,192.78 非 经常 性 损 益的 净 利润 经 营活 动 产 生的 现 154,288,206.391,249,135,076.931,249,135,076.93 -87.65 195,575,184.80 195,575,184.80 金 流量 净 额 本期 2024年末 2023年末 末比 上年 2025年末 同期 调整后 调整前 末增 调整后 调整前 减（% ） 归 属于 上 市 公司 股 3,192,389,211.623,293,540,592.413,293,540,592.41 -3.073,264,574,171.723,264,574,171.72 东 的净 资 产 总资产 7,994,112,191.217,687,535,807.757,687,535,807.75 3.997,174,980,231.177,174,980,231.17 (二) 主要财务指标 2024年 2023年 2025 本期比上年同期增减 主要财务指标 年 调整 调整 (%) 调整 调整 后 前 后 前 基本每股收益（元／股） 0.26950.42730.4273 -36.940.79120.7912 稀释每股收益（元／股） 0.26950.42730.4273 -36.940.79120.7912 扣除非经常性损益后的基本每股收益（元／ 0.21750.39960.4167 -45.560.75950.7799 股） 加权平均净资产收益率 6.93 10.92 10.92 减少3.99个百分点 21.73 21.73 （%） 扣除非经常性损益后的加权平均净资产收益 5.60 10.21 10.65 减少4.61个百分点 20.86 21.42 4/209
中科软科技股份有限公司 2025年年度报告 率（%） 报告期末公司前三年主要会计数据和财务指标的说明 □适用 √不适用 八、境内外会计准则下会计数据差异 (一)同时按照国际会计准则与按中国会计准则披露的财务报告中净利润和归属于上市 公司股东的净资产差异情况 □适用 √不适用 (二)同时按照境外会计准则与按中国会计准则披露的财务报告中净利润和归属于上市 公司股东的净资产差异情况 □适用 √不适用 (三)境内外会计准则差异的说明： □适用 √不适用 九、2025 年分季度主要财务数据 单位：元 币种：人民币 第一季度 第二季度 第三季度 第四季度 （1-3月份） （4-6月份） （7-9月份） （10-12月份） 营业收入 1,093,279,774.56 1,340,770,860.97 1,327,555,158.96 2,266,594,858.53 归属于上市公司股东的净利润 -16,236,680.42 123,273,448.55 66,310,114.58 50,597,798.85 归属于上市公司股东的扣除非 -24,554,952.09 105,033,634.53 54,529,867.00 45,763,756.55 经常性损益后的净利润 经营活动产生的现金流量净额 -1,273,137,598.47 -61,737,332.70 -136,189,779.72 1,625,352,917.28 季度数据与已披露定期报告数据差异说明 √适用 □不适用 经公司董事会审议通过，公司对前期会计差错更正并追溯调整，涉及已披露的2023 年年度、2024 年年度及2025 年前三季度财务报表及附注中的相关财务数据，影响公司 合并及母公司利润表中的营业收入、营业成本、营业利润、营业外收入及现金流量表中 相关科目，不涉及相关报告期的资产负债表、所有者权益变动表，不会对相关报告期已 披露的净利润、资产总额、负债总额、净资产、经营活动产生的现金流量净额产生影响。 十、非经常性损益项目和金额 √适用 □不适用 单位：元 币种：人民币 非经常性损益项目 2025年金额 附注（如适用）2024年金额 2023年金额 非流动性资产处置损益，包括已计提资产 -2,908,725.28 -1,691,533.18 -2,245,860.12 减值准备的冲销部分 计入当期损益的政府补助，但与公司正常 经营业务密切相关、符合国家政策规定、 10,206,903.62 10,438,781.23 14,674,967.97 按照确定的标准享有、对公司损益产生持 续影响的政府补助除外 除同公司正常经营业务相关的有效套期保 -1,052,228.24 七、70 1,773,454.78 -3,615,318.86 5/209
中科软科技股份有限公司 2025年年度报告 值业务外，非金融企业持有金融资产和金 融负债产生的公允价值变动损益以及处置 金融资产和金融负债产生的损益 除上述各项之外的其他营业外收入和支出 44,472,742.71 16,915,882.29 21,781,676.24 其他符合非经常性损益定义的损益项目 减：所得税影响额 7,546,317.24 4,401,219.28 4,366,484.83 少数股东权益影响额（税后） 合计 43,172,375.57 23,035,365.84 26,228,980.40 对公司将《公开发行证券的公司信息披露解释性公告第1号——非经常性损益》未列举 的项目认定为非经常性损益项目且金额重大的，以及将《公开发行证券的公司信息披露 解释性公告第1号——非经常性损益》中列举的非经常性损益项目界定为经常性损益的 项目，应说明原因。 □适用 √不适用 十一、存在股权激励、员工持股计划的公司可选择披露扣除股份支付影响后的净利润 □适用 √不适用 十二、采用公允价值计量的项目 √适用 □不适用 单位：元 币种：人民币 对当期利润的影响金 项目名称 期初余额 期末余额 当期变动 额 交易性金融资产 40,518.66 64,636.91 24,118.25 24,118.25 其他非流动金融资产 17,864,664.97 16,788,318.48 -1,076,346.49 -1,076,346.49 合计 17,905,183.63 16,852,955.39 -1,052,228.24 -1,052,228.24 十三、其他 □适用 √不适用 6/209
中科软科技股份有限公司 2025年年度报告 第三节 管理层讨论与分析 一、报告期内公司从事的业务情况 公司坚持以行业应用软件开发为核心，为客户提供涵盖应用软件、支撑软件、系统 集成等多个层次的大型行业应用解决方案。公司主要产品及服务包括软件产品销售、软 件开发及服务、系统集成及其服务，公司主要通过产品化软件销售、定制化项目开发以 及云服务三种模式向客户提供产品或服务。公司客户涉及保险、非保险金融、政务、医 疗卫生、教科文及其他等多个行业，具备丰富的领域知识和开发应用经验。 公司在保险IT 解决方案市场占有率长期处于领先地位，根据IDC 和CCID 的报告， 公司已连续多年在中国保险行业IT 解决方案市场中稳居市场份额第一的位置。2025 年 9月9日，全球权威科技市场研究机构IDC（国际数据公司）发布了2025 年度全球金融 科技排行榜（IDC FinTech Rankings），公司凭借综合实力与行业领先地位成功入选该 榜单全球TOP 50，并已连续六年跻身该榜单。这一全球性的荣誉，是对公司金融 IT 实 力的国际认可。 在生态建设层面，公司已与华为、腾讯、阿里等国内大型科技企业建立了稳固的行 业生态合作关系。这种“强强联合”的模式，使公司能集成各方优势，为下游行业客户 提供更全面、更底层的解决方案。 公司的核心产品与解决方案经过长期的技术沉淀与持续优化，得到了大量客户的成 功验证。从传统的核心系统到当前对开源软件、人工智能的应用探索的每个技术发展阶 段，公司都紧跟前沿技术。在当前AI 加大应用的趋势下，公司持续展开围绕AIGC 相关 技术的研发创新，全面展开以AI 为核心引擎的前中后端全栈式智能化升级。在AI 应用 落地端，公司帮助行业客户跨越垂直领域 AI 与业务场景相结合的“最后一公里”，在 高质量数据集建设、认知管理模型/本体、领域知识库建设、提示词工程、上下文工程、 垂域模型训练等多项环节发力，实现AI 技术与业务流的融合，积极推进AI 在保险、医 疗卫生、政务等重点行业的应用落地。未来，公司将凭借自身在行业应用软件领域约30 年的深厚积淀，以及在人工智能、大数据应用等技术的前瞻布局，力争成为行业客户实 现数智化转型的重要合作伙伴。 报告期内公司新增重要非主营业务的说明 □适用 √不适用 7/209
中科软科技股份有限公司 2025年年度报告 二、报告期内公司所处行业情况 公司所属行业为软件和信息技术服务业。2025 年，在“人工智能+”行动的顶层设 计引领下，我国数智化转型步入从“基础设施建设”向“深度价值创造”转型的关键阶 段。报告期内，公司下游主要行业持续推进数智化进程，AI 技术正全面由通用赋能向保 险、政务、医疗等国民经济重点领域渗透。数字化技术正重塑各行业的底层逻辑与运行 范式，持续激发行业客户对数智化转型的改造需求。与此同时，随着应用深化，在 AI 与业务深入结合中面临高质量数据集匮乏、模型调优复杂以及与原有核心系统集成等落 地前“最后一公里”的挑战。 未来，随着各行业技术重构与应用进程的进一步加速，具备深刻行业 know-how 和 丰富工程化实施经验的头部ISV（独立软件开发商）将迎来更广阔的发展空间。头部ISV 将成为AI 在行业端实现价值释放的重要推动者，在协助客户跨越工程化鸿沟、实现从 辅助工具向核心生产力质变的过程中，迎来新的增长机遇。 （一）公司主营业务涉及的主要下游行业市场情况 1、保险行业 2025 年中国保险行业在负债端承压与监管趋严的双重挑战下加速分化，正以数智化 转型为核心抓手迈向高质量发展新阶段。 2025 年，我国保险业实现原保险保费收入 6.12 万亿元，同比增长 7.43%，但负债 端经营压力持续显现。低利率环境下，固收资产收益率难以覆盖寿险产品刚性负债成本， 利差损风险累积触发预定利率动态调整机制，普通型人身险新产品预定利率上限下调至 2.0%；“报行合一”政策全面落地导致渠道费用压缩，一线营销队伍面临转型阵痛。面 对这些挑战，监管部门建立起预定利率与市场利率挂钩的动态调整机制，推动险企从依 赖利差转向依靠死差、费差管理能力实现盈利，同时深化营销体制改革，建立以业务品 质、服务质量为导向的佣金激励设计和递延发放机制。 经营压力之下，行业格局持续分化。头部机构凭借资源禀赋优势在渠道变革中抢占 先机，而中小险企受制于技术投入、风险管理、精细化运营能力等方面的竞争劣势，在 低利率环境与渠道费用压缩的双重挤压下，竞争压力加大。 在此背景下，数智化转型不仅是降本增效的工具，更是中小险企寻找差异化生存空 间、头部险企巩固竞争优势的战略中枢。2025 年《银行业保险业科技金融高质量发展实 施方案》等政策持续加码，鼓励金融机构加大数字化转型投入，运用云计算、大数据、 8/209
中科软科技股份有限公司 2025年年度报告 人工智能、机器学习、隐私计算等技术，研发数字化经营工具，提升经营管理质效和风 险防控水平。多家保险公司在数据驱动、人工智能应用和客户服务优化等方面取得了相 应成效，为行业未来发展奠定了坚实基础。 2025 年是保险业新“国十条”实施的完整年度，以人工智能为代表的新一代信息技 术正在全方位重塑保险业内在运行逻辑。未来，人工智能等新技术有望不断催生保险IT 领域的新场景、新业态、新模式、新市场，推动行业从“规模驱动”向“价值驱动”深 度转型。 2、政务行业 2025 年，数字化技术正重塑政府治理的底层逻辑与运行范式。国家层面密集出台多 项重磅文件，构建起覆盖新技术应用、智能化办公的立体化政策矩阵。国务院办公厅印 发《关于深入实施“人工智能+”行动的意见》推动大模型在政务领域广泛应用，中央 网信办、国家发展改革委联合发布《政务领域人工智能大模型部署应用指引》，为各级 政务部门提供人工智能大模型部署应用的工作导向和基本参照。随着政策文件密集落 地，数字政府建设正从基础设施普及迈向AI 赋能的新阶段。 政务系统接入大模型成为具备标志性的转型突破。2025 年2月起，广州、南京、赣 州、鹤壁等多个城市相继宣布政务系统接入 DeepSeek 大模型，应用于智能问答、公文 处理、应急管理等场景。各级政府部门依托大模型重构业务流程，通过“人工+AI”协 同模式提升行政效能，推动服务模式从“人找政策”向“政策找人”转变。 数字政府建设向垂直领域纵深推进。纪检监察系统依托大数据、人工智能构建数字 纪检平台，实现对权力运行的实时监测与主动预警；海关系统聚焦“智关强国”行动， 智慧海关1.0 基本成型，推动全国通关一体化，跨境贸易业务全链条基本实现“一网通 办”；数字乡村发展迎来“十四五”收官，中央网信办等四部门明确目标任务，着力夯 实农村数字基础设施，推进智慧农业技术装备创新应用与全产业链数字化升级。 随着各领域智慧平台的互联互通，政府治理正加速迈向整体性、协同性、智能化的 数字治理新阶段。 3、医疗卫生行业 2025 年，《关于促进和规范“人工智能+医疗卫生”应用发展的实施意见》落地， 提出要深化人工智能在基层应用、临床诊疗、患者服务、中医药、公共卫生、科研教学、 行业治理、健康产业等重点领域的应用。医疗卫生行业信息化建设的重心已从单一的系 9/209
中科软科技股份有限公司 2025年年度报告 统搭建转向数据价值挖掘与人工智能深度融合。 智慧医院建设与公共卫生防控等重点领域加强推进人工智能技术的应用。智慧医院 建设进入“人工智能+”全面赋能阶段，以智慧医疗、智慧服务、智慧管理“三位一体” 为核心的新版分级评价标准，引导医疗机构从基础信息化向高质量智慧医疗迈进；公共 卫生领域同步提速，二级及以上医疗机构国家传染病智能监测预警前置软件已实现全面 部署应用，通过运用大数据、人工智能等技术，提升了传染病早期识别与自动预警能力。 与此同时，基层医疗服务体系的重构也在向纵深攻坚。紧密型县域医共体建设全面 推进，依托区域全民健康信息平台整合县域内医疗资源，强化医共体内的数据共享与业 务协同，加速人工智能等新技术在基层的应用。 展望“十五五”，医疗信息化将在持续深化互联互通的基础上，重点向医疗大模型 临床应用、健康医疗数据要素市场化配置方向演进，推动医疗卫生服务从“信息化”向 “智能化”稳步跃升。 4、央国企数智化 2025 年，随着“十四五”规划收官与“十五五”规划谋篇布局的交汇推进，央国企 数智化转型迈入全域深化、价值重构的新阶段。央国企作为国民经济的重要支柱，需通 过深度数智化升级，实现从数字化基础建设向智能化价值创造的跨越，更好地服务国家 战略需求。 2025 年2月召开的中央企业“AI+”专项行动深化部署会要求央企抓住人工智能产 业发展的战略窗口期，强化科技创新。2025 年世界人工智能大会期间，国务院国资委在 “AI 焕新 产业共赢”企业人工智能产业发展论坛上正式发布了首批40 项央企人工智能 战略性高价值场景，建设“国资央企人工智能战略性高价值场景库”，聚焦战略意义强、 经济收益高、民生关联紧的导向，覆盖工业制造、能源电力、交通物流等多个重点领域。 未来，公司将牢牢把握央国企智能化升级的机遇，严格遵循政策要求，为央国企提 供合规、安全、高效的数智化建设服务。 （二）受益于密集政策协同发力，人工智能深度赋能迈入新阶段 2025 年，一系列以深入实施“人工智能+”行动为牵引的顶层设计与行业应用政策 密集出台，推动人工智能技术从通用赋能向一系列国民经济重点领域全面渗透，为加速 形成新质生产力、以人工智能深度赋能经济社会高质量发展奠定了更坚实的政策基础与 实施路径。 10/209",windowed_extraction_review_required
300033.SZ,AR_300033_SZ_2025,business_overview,16,27,"浙江核新同花顺网络信息股份有限公司2025年年度报告全文 5、数据资源与数据治理优势 公司拥有业内领先、规模庞大、历史数据丰富的数据库资源，涵盖了互联网用户数据、新闻资讯、 宏观经济数据、行业经济数据、企业研究报告、企业信息、上市公司信息披露、招投标等结构化和非结 构化数据，以及交易所、信息公司、政府部门、科研机构、高等院校、宏观经济研究机构和专业行业数 据公司等机构提供的授权数据。这些数据不仅满足了客户多样化的需求，还为公司人工智能算法训练、 AI大模型训练提供了数据基础。 6、品牌与市场认可优势 作为中国最早从事互联网金融信息服务的企业之一，公司通过多年的技术、经验和客户资源积累， 较为准确地把握了市场发展趋势和客户需求，开发出了拥有较高市场影响力和广泛客户基础的优势产品。 公司一直持续稳健的经营，坚持为市场提供优质服务，在业内积累了较高的口碑和知名度，树立了良好 的品牌形象。行业新进入者难以在短时间内树立品牌优势并获得客户的认可。 7、管理团队优势 公司的管理团队专注于互联网金融信息服务行业三十余年，具有丰富的管理经验、不断进取的开拓 精神和强烈的责任心、使命感，能够敏锐感知客户和市场的变化并迅速做出反应。在公司多年的发展过 程中，公司的高层和核心技术人员从来没有出现过重大变动。高效的管理团队成为公司的核心竞争力之 一。 8、报告期内公司主要知识产权情况 （1）商标 截至2025年12月31日，公司及下属子公司共拥有275项商标。 （2）著作权 截至2025年12月31日，公司及下属子公司共获得587项软件著作权。 （3）发明专利 截至2025年12月31日，公司及下属子公司共获得136项发明专利授权(包含31项美国专利)。 四、主营业务分析 1、概述 参见第三节“管理层讨论与分析”中“一、报告期内公司从事的主要业务”相关内容。 16
浙江核新同花顺网络信息股份有限公司2025年年度报告全文 2、收入与成本 （1） 营业收入构成 营业收入整体情况 单位：元 2025年 2024年 同比增减 金额 占营业收入比重 金额 占营业收入比重 营业收入合计 6,028,985,966.48 100.00% 4,186,794,650.06 100.00% 44.00% 分行业 互联网金融信息服 6,028,985,966.48 100.00% 4,186,794,650.06 100.00% 44.00% 务 分产品 增值电信服务 1,950,543,719.44 32.35% 1,615,877,446.38 38.59% 20.71% 软件销售及维护 399,238,854.78 6.62% 356,079,566.76 8.50% 12.12% 广告及互联网业务 3,462,167,776.46 57.43% 2,024,860,750.64 48.36% 70.98% 推广服务 基金销售及其他交 易手续费等其他业 217,035,615.80 3.60% 189,976,886.28 4.55% 14.24% 务 分地区 国内 6,006,704,272.27 99.63% 4,167,574,383.08 99.54% 44.13% 国外 22,281,694.21 0.37% 19,220,266.98 0.46% 15.93% 分销售模式 线下 399,238,854.78 6.62% 356,079,566.76 8.50% 12.12% 线上 5,629,747,111.70 93.38% 3,830,715,083.30 91.50% 46.96% 注：报告期内增值电信服务较去年增长20.71%，主要是由于报告期内证券市场回暖，投资者需求增加所致；报告期内广 告及互联网业务推广服务较去年增长70.98%，主要系由于同花顺网站与APP用户活跃度提升，公司大力拓展生活、消 费、科技类客户，同时证券、基金等金融客户需求有所增加，公司广告及互联网推广服务收入相应增长。 公司需遵守《深圳证券交易所上市公司自律监管指引第3号——行业信息披露》中的“软件与信息技术服务业”的披露要 求 单位：元 2025年度 2024年度 第一季度 第二季度 第三季度 第四季度 第一季度 第二季度 第三季度 第四季度 营业收入 748,187,189.04 1,031,218,094.62 1,481,455,636.27 2,768,125,046.55 618,822,422.15 770,621,545.03 945,276,373.89 1,852,074,308.99 归属于上市公 司股东的净利 120,393,590.22 381,465,497.49 704,341,323.90 1,998,881,591.08 103,866,228.77 259,026,405.89 288,071,258.99 1,172,302,796.38 润 归属于上市公 司股东的扣除 112,534,527.21 371,860,623.63 686,163,143.04 1,880,451,601.55 98,960,278.13 245,458,185.78 286,618,620.89 1,133,859,253.12 非经常性损益 的净利润 经营活动产生 的现金流量净 313,291,816.68 827,699,141.91 1,054,893,203.14 1,578,352,335.97 -50,498,687.45 354,815,101.94 350,549,656.79 1,660,640,740.99 额 （2） 占公司营业收入或营业利润10%以上的行业、产品、地区、销售模式的情况 适用 □不适用 17
浙江核新同花顺网络信息股份有限公司2025年年度报告全文 公司需遵守《深圳证券交易所上市公司自律监管指引第3号——行业信息披露》中的“软件与信息技术服务业”的披露要 求 单位：元 营业收入比上年 营业成本比上年 毛利率比上年同 营业收入 营业成本 毛利率 同期增减 同期增减 期增减 分产品 增值电信服务 1,950,543,719.44 282,301,179.60 85.53% 20.71% 11.74% 1.16% 软件销售及维护 399,238,854.78 59,484,318.78 85.10% 12.12% 2.10% 1.46% 广告及互联网业 3,462,167,776.46 135,339,231.16 96.09% 70.98% 23.09% 1.52% 务推广服务 基金销售及其他 交易手续费等其 217,035,615.80 32,659,495.03 84.95% 14.24% 44.84% -3.18% 他业务 公司主营业务数据统计口径在报告期发生调整的情况下，公司最近1年按报告期末口径调整后的主营业务数据 □适用 不适用 （3） 公司实物销售收入是否大于劳务收入 □是 否 （4） 公司已签订的重大销售合同、重大采购合同截至本报告期的履行情况 □适用 不适用 （5） 营业成本构成 单位：元 2025年 2024年 行业分类 项目 同比增减 金额 占营业成本比重 金额 占营业成本比重 互联网金融信息 员工薪酬 213,618,842.30 41.90% 184,430,125.51 41.59% 15.83% 服务 互联网金融信息 信息费及托管费 262,594,062.25 51.51% 225,711,487.97 50.90% 16.34% 服务 互联网金融信息 结算手续费及其 33,571,320.02 6.59% 33,256,222.43 7.51% 0.95% 服务 他 （6） 报告期内合并范围是否发生变动 是 □否 报告期内子公司杭州核新软件公司向第三方转让其持有的猎金信息公司全部股权，转让价款79,735.64元，于2025年10 月13日完成工商变更登记，本报告期末猎金信息公司不再纳入合并报表范围。 （7） 公司报告期内业务、产品或服务发生重大变化或调整有关情况 □适用 不适用 18
浙江核新同花顺网络信息股份有限公司2025年年度报告全文 （8） 主要销售客户和主要供应商情况 公司主要销售客户情况 前五名客户合计销售金额（元） 1,518,072,368.38 前五名客户合计销售金额占年度销售总额比例 25.17% 前五名客户销售额中关联方销售额占年度销售总额比例 0.00% 公司前5大客户资料 序号 客户名称 销售额（元） 占年度销售总额比例 1 客户名称一 384,750,062.99 6.38% 2 客户名称二 348,631,390.30 5.78% 3 客户名称三 319,549,906.75 5.30% 4 客户名称四 313,633,096.83 5.20% 5 客户名称五 151,507,911.51 2.51% 合计 -- 1,518,072,368.38 25.17% 主要客户其他情况说明 □适用 不适用 公司主要供应商情况 前五名供应商合计采购金额（元） 189,659,656.16 前五名供应商合计采购金额占年度采购总额比例 37.21% 前五名供应商采购额中关联方采购额占年度采购总额比例 0.00% 公司前5名供应商资料 序号 供应商名称 采购额（元） 占年度采购总额比例 1 供应商一 65,544,838.57 12.86% 2 供应商二 65,490,035.05 12.85% 3 供应商三 33,389,576.02 6.55% 4 供应商四 13,829,867.10 2.71% 5 供应商五 11,405,339.42 2.24% 合计 -- 189,659,656.16 37.21% 主要供应商其他情况说明 □适用 不适用 报告期内公司贸易业务收入占营业收入比例超过10% □适用 不适用 3、费用 单位：元 2025年 2024年 同比增减 重大变动说明 主要系加大营销推广力 销售费用 759,240,273.21 592,058,501.29 28.24% 度，相应营销费用及销售 人员薪酬增加所致 管理费用 245,080,887.72 221,376,791.84 10.71% 主要系银行存款利息收入 财务费用 -124,843,719.94 -205,924,675.68 39.37% 减少所致 研发费用 1,145,077,195.39 1,193,243,542.03 -4.04% 19
浙江核新同花顺网络信息股份有限公司2025年年度报告全文 主要系收到政府补助增加 其他收益 192,103,614.54 76,329,585.00 151.68% 所致 税金及附加 83,400,470.01 74,144,530.31 12.48% 所得税费用 398,576,945.68 141,666,065.80 181.35% 主要系利润总额增长所致 4、研发投入 适用 □不适用 项目进 预计对公司未来发展的 主要研发项目名称 项目目的 拟达到的目标 展 影响 加大证券行情交易系统的极速化、 智能化、全品种覆盖升级探索，运 打造行业领先的全栈式极速 用 FPGA 硬件加速、云原生分布式 行情与智能交易体系，持续 架构、人工智能智能算法、全链路 适配资本市场全面注册制改 持续巩固公司在证券行 低延迟优化等先进技术，优化系统 革、衍生品市场扩容、港股 情交易领域的领先地 全栈低延迟证券行情与 核心架构与功能模块；大幅提升证 通交易扩容的发展趋势，助 位，大幅提升机构客户 进行中 智能交易系统升级项目 券行情传输速度、交易系统响应效 力券商等合作机构实现金融 渗透率与合作深度，全 率与运行稳定性，丰富全市场、全 数字化、智能化转型升级， 面提高公司证券行情系 品种交易功能，提升系统的扩展 全面满足个人投资者、专业 统的核心市场竞争力。 性、兼容性与合规适配能力，满足 量化机构、持牌金融机构的 不同客群、不同环境下的全场景证 差异化交易需求。 券交易需求。 深度研究金融垂直大模型、多模态 打造全场景、全模态、千人 生成式 AI、智能语音、数字人、 千面的智能金融信息服务体 进一步拉大公司在金融 自然语言交互等前沿技术在金融信 系，为不同类型的投资者与 信息服务领域的技术与 基于金融专属大模型的 息服务行业的深度应用，重构金融 机构客户提供更便捷、交互 产品领先优势，提升用 智能金融信息服务平台 信息生产、加工、分发、交互全链 进行中 更智能、内容更精准、服务 户粘性与付费转化率， 升级项目 路流程，进一步提升金融信息服务 更个性化的金融资讯、数据 持续拓宽公司金融信息 的智能化、精准化、个性化水平， 解读、市场研判与投研支持 服务的业务边界与覆盖 适配全类型客群的金融信息获取与 服务，实现用户服务体验的 范围。 解读需求。 全面升级。 基于金融大模型、量化投研技术、 多因子资产定价模型、宏观经济预 打造覆盖全市场投资品种、 全面丰富公司智能投顾 测算法，构建覆盖投资前市场研 全风险等级、全用户层级的 产品与服务体系，大幅 判、投资中决策辅助、投资后组合 智能投顾产品矩阵，实现从 提升高净值客户与机构 全生命周期智能投顾与 管理的全生命周期智能投顾体系， 进行中 单一策略推荐到全周期资产 客户的服务能力，持续 资产配置平台研发项目 为不同风险偏好、资金规模、投资 配置服务的全面升级，满足 提高公司投顾业务的产 周期的投资者，提供适配的投资决 投资者多元化、专业化的财 品竞争力与市场占有 策辅助、大类资产配置方案、投资 富管理与投资决策需求。 率。 组合动态管理与风险预警服务。 深化 AI 大模型、精细化用户画像 技术、全维度基金评价体系、宏观 量化预测模型在基金理财领域的落 完成爱基金平台的智能化、 持续提高公司基金销售 地应用，结合投资者的风险偏好、 场景化、全周期升级，打造 业务的市场竞争力与用 投资目标、持仓周期，为投资者提 集基金筛选、智能配置、风 户规模，增强基金业务 爱基金全场景智能化财 供个性化的基金产品筛选、资产配 险预警、投资者教育、持仓 进行中 的盈利水平与用户粘 富管理平台升级项目 置推荐与持仓优化服务；并结合市 陪伴于一体的一站式基金理 性，进一步巩固公司在 场走势、宏观经济环境与标的基本 财服务平台，为不同类型的 第三方基金销售领域的 面变化，为投资者提供全周期的风 投资者提供更适配、更专业 头部地位。 险控制建议与实时预警，降低投资 的财富管理解决方案。 风险，同时优化平台交易体验、运 营效率与全流程合规管理能力。 20
浙江核新同花顺网络信息股份有限公司2025年年度报告全文 通过大数据分布式架构、隐私计 算、知识图谱、多模态数据融合、 实时数仓等先进技术，对公司拥有 打造行业领先的金融数据中 全面提高公司大数据业 的全量金融市场数据、宏观经济数 台与智能化应用产品矩阵， 务的技术壁垒与市场竞 据、产业产业链数据、上市公司全 实现多源异构数据的高效融 金融大数据智能化治理 争力，大幅拓宽 B 端数 维度数据、市场舆情数据进行全链 进行中 合与深度价值挖掘，为金融 与全场景应用项目 据服务的市场空间，打 路智能化治理，构建标准化、高价 机构、产业企业、监管机构 造公司稳定的业绩增长 值、高时效的金融数据资产体系， 等客户提供多场景、定制化 新曲线。 拓展数据在投研分析、风险管理、 的数据解决方案。 合规管控、企业经营等多场景的智 能化应用。 持续深耕金融领域专属大模型、多 模态生成式 AI、自然语言理解与 交互、计算机视觉、智能语音、端 打造具备行业领先水平的金 全面筑牢公司在金融 AI 侧 AI 推理等核心前沿技术，重点 金融垂直大模型与通用 融专属大模型体系与通用 AI 领域的技术护城河，持 突破金融大模型的专业投研能力、 进行中 AI 技术应用项目 技术底座，推出更多大模型 续孵化新的盈利增长 合规风控能力、逻辑推理能力、实 应用产品。 点。 时性优化与国产化适配，构建自主 可控的金融 AI 技术底座，孵化创 新型 AI 产品与行业解决方案。 公司研发人员情况 2025年 2024年 变动比例 研发人员数量（人） 3,141 3,105 1.16% 研发人员数量占比 61.75% 60.97% 0.78% 研发人员学历 本科 2,138 2,151 -0.60% 硕士 853 826 3.27% 博士 128 103 24.27% 大专及以下 22 25 -12.00% 研发人员年龄构成 30岁以下 2,056 2,226 -7.64% 30~40岁 1,034 839 23.24% 40 ~50岁 46 35 31.43% 50岁以上 5 5 0.00% 近三年公司研发投入金额及占营业收入的比例 2025年 2024年 2023年 研发投入金额（元） 1,145,077,195.39 1,193,243,542.03 1,179,239,106.34 研发投入占营业收入比例 18.99% 28.50% 33.09% 公司研发人员构成发生重大变化的原因及影响 □适用 不适用 研发投入总额占营业收入的比重较上年发生显著变化的原因 适用 □不适用 研发投入总额占营业收入的比重较上年减少9.51%，主要系公司研发投入总额保持稳定，通过研发流程AI 工具规模化应 用，大幅提升研发效能，同时营业收入增长较快所致。 研发投入资本化率大幅变动的原因及其合理性说明 □适用 不适用 21
浙江核新同花顺网络信息股份有限公司2025年年度报告全文 5、现金流 单位：元 项目 2025年 2024年 同比增减 经营活动现金流入小计 7,035,213,469.89 5,170,435,423.30 36.07% 经营活动现金流出小计 3,260,976,972.19 2,854,928,611.03 14.22% 经营活动产生的现金流量净额 3,774,236,497.70 2,315,506,812.27 63.00% 投资活动现金流入小计 367,107,901.85 298,224,269.53 23.10% 投资活动现金流出小计 479,839,315.54 417,671,532.32 14.88% 投资活动产生的现金流量净额 -112,731,413.69 -119,447,262.79 5.62% 筹资活动现金流出小计 1,666,560,000.00 1,310,909,123.90 27.13% 筹资活动产生的现金流量净额 -1,666,560,000.00 -1,310,909,123.90 -27.13% 现金及现金等价物净增加额 1,970,038,924.81 900,259,924.47 118.83% 相关数据同比发生重大变动的主要影响因素说明 适用 □不适用 经营活动产生的现金流量净额比去年增加63.00%，主要系报告期内业务规模扩大，销售收款大幅增加所致；筹资活动产 生的现金流量净额比去年下降27.13%，主要系报告期内支付的现金分红较多所致。 报告期内公司经营活动产生的现金净流量与本年度净利润存在重大差异的原因说明 适用 □不适用 经营活动产生的现金净流量与本期净利润的差异主要系公司金融信息服务收入须按照用户服务期限分期确认所致。 五、非主营业务情况 适用 □不适用 单位：元 金额 占利润总额比例 形成原因说明 是否具有可持续性 软件产品之增值税超税 主要系增值税超税负退 其他收益 192,103,614.54 5.33% 负返还具有可持续性， 税、政府补助等 其余不具有可持续性 六、资产及负债状况分析 1、资产构成重大变动情况 单位：元 2025年末 2025年初 比重增减 重大变动说明 金额 占总资产比例 金额 占总资产比例 主要系经营利润 货币资金 14,036,333,777.03 88.65% 9,199,697,806.06 83.81% 4.84% 结余及基金代销 结算款增加所致 固定资产 585,713,054.38 3.70% 631,769,496.83 5.76% -2.06% 在建工程 778,016,979.96 4.91% 626,252,320.68 5.71% -0.80% 境外资产占比较高 22
浙江核新同花顺网络信息股份有限公司2025年年度报告全文 □适用 不适用 2、以公允价值计量的资产和负债 适用 □不适用 单位：元 计入权益的 本期公允价 本期计提的 本期购买金 本期出售金 项目 期初数 累计公允价 其他变动 期末数 值变动损益 减值 额 额 值变动 金融资产 1.交易性金融 资产（不含衍 50,000,000.00 50,000,000.00 生金融资产） 2.其他权益工 6,827,243.23 -141,623.91 6,685,619.32 具投资 上述合计 56,827,243.23 -141,623.91 50,000,000.00 6,685,619.32 金融负债 1.应付账款 161,541,411.33 204,675,818.82 2.其他应付款 821,174,754.21 3,640,292,582.10 上述合计 982,716,165.54 3,844,968,400.92 报告期内公司主要资产计量属性是否发生重大变化 □是 否 3、截至报告期末的资产权利受限情况 项目 期末账面价值 受限原因 基金销售结算资金、基金代理销售代收业务保证金、保 货币资金 4,000,852,393.69 险业务保证金、履约保函保证金和不能提前支取的三个 月以上定期存款及计提的利息收入 合计 4,000,852,393.69 七、投资状况分析 1、总体情况 适用 □不适用 报告期投资额（元） 上年同期投资额（元） 变动幅度 479,839,315.54 417,671,532.32 14.88% 2、报告期内获取的重大的股权投资情况 □适用 不适用 3、报告期内正在进行的重大的非股权投资情况 □适用 不适用 23
浙江核新同花顺网络信息股份有限公司2025年年度报告全文 4、金融资产投资 （1） 证券投资情况 □适用 不适用 公司报告期不存在证券投资。 （2） 衍生品投资情况 □适用 不适用 公司报告期不存在衍生品投资。 八、重大资产和股权出售 1、出售重大资产情况 □适用 不适用 公司报告期未出售重大资产。 2、出售重大股权情况 □适用 不适用 九、主要控股参股公司分析 适用 □不适用 主要子公司及对公司净利润影响达10%以上的参股公司情况 单位：元 公司名 公司类 主要业务 注册资本 总资产 净资产 营业收入 营业利润 净利润 称 型 杭州核 新软件 电子计算机软件、硬件, 子公司 30,000,000 2,490,111,274.63 2,153,454,536.71 2,187,397,234.58 2,351,741,561.62 2,063,068,829.56 技术有 计算机信息技术、广告等 限公司 浙江同 应用软件开发、技术开 花顺智 发、服务、转让、推广， 能科技 子公司 300,000,000 2,504,747,866.51 1,994,572,313.24 808,981,383.02 440,754,315.22 440,539,509.70 国内广告，互联网信息服 有限公 务、电信增值业务 司 浙江同 花顺智 技术开发、服务、转让、 富软件 子公司 推广，国内广告，互联网 10,000,000 530,891,333.81 385,003,624.00 726,211,709.36 457,067,423.36 456,917,439.64 有限公 信息服务、电信增值业务 司 报告期内取得和处置子公司的情况 适用 □不适用 公司名称 报告期内取得和处置子公司方式 对整体生产经营和业绩的影响 杭州猎金信息技术有限公司 转让 0 24
浙江核新同花顺网络信息股份有限公司2025年年度报告全文 十、公司控制的结构化主体情况 □适用 不适用 十一、公司未来发展的展望 1、2026年度经营计划 2026年公司将继续围绕战略目标稳健发展，在面对诸多挑战的同时，做好以下规划： （1）深耕金融信息服务主业，精准把握资本市场新机遇 公司坚定聚焦金融信息服务核心赛道，紧紧把握资本市场深化改革方向与投资者需求升级趋势。面 向个人投资者，着力构建分层化、场景化的服务体系，强化内容专业性与服务适配性，提升投资者教育 与陪伴服务的深度与温度；面向机构客户，深度响应资产管理、财富管理、风险管理等领域的专业化需 求，提供模块化、可扩展的解决方案支持。积极把握指数化投资蓬勃发展、主被动策略协同深化等行业 动向，优化产品矩阵与服务内涵；在合规稳健前提下，审慎推进全球化布局，系统研判区域市场特征与 监管环境，以本地化思维推动服务适配与价值传递，逐步增强全球服务能力。 （2）强化科技引领，构建智能化产品新体系 公司将持续加大研发投入，推动“问财”大模型技术体系迭代升级。在基础能力层面，强化文本生成、 逻辑推理、多模态理解与智能体协同能力，提升对公告、研报、舆情、财报等非结构化数据的解析精度； 在应用场景层面，深化“边思考、边查询、边执行”的智能体工作流，支持复杂投研任务的自主规划与动 态优化。重点推进 iFinD 平台向“资管 AI 助理”全面演进，将专业投研逻辑封装为可复用的智能体模块， 显著压缩公告整理、报告生成、数据校验等高频工作耗时。同步实现大模型在风险预警、合规审查、代 码生成、音视频生成等场景的落地，推动技术能力转化为可持续的商业价值与行业影响力。 （3）拓展多元化业务场景，打造可持续增长新引擎 公司将系统推进人工智能技术与金融业务的深度融合。优化智能投顾、投资助手、社区互动等功能 体验，强化用户留存与价值转化；重点构建“大模型+智能投研”、“大模型+风险管理”、“大模型+营销赋 能”等产品，服务资管机构数字化转型。积极响应监管倡导的“高质量发展”主线，配合费率改革与业绩 基准强化要求，协助基金公司提升产品透明度与投资者获得感。同时，探索人工智能技术在办公协同、 多语种服务、合规科技等泛金融场景的延伸应用，拓宽技术价值边界。通过组建跨部门解决方案团队， 深入理解客户业务痛点，提供端到端定制化服务，实现技术能力与商业价值的高效转化。 （4）强化营销推广，拓展市场新空间 公司将优化以用户为中心的精准营销体系，强化对不同区域、不同客群需求的洞察与响应能力。推 动营销策略与产品创新、服务优化的协同联动，通过专业化内容输出、场景化互动体验、全渠道触达等 25
浙江核新同花顺网络信息股份有限公司2025年年度报告全文 方式，提升品牌认知度与用户黏性。积极运用大数据、人工智能等技术赋能营销全流程，实现用户画像 精准刻画、内容智能匹配、效果动态评估，提升营销资源投入效率与转化质量。注重线上线下渠道融合 与终端服务体验优化，强化品牌与消费者的情感连接与价值共鸣。 （5）强化人才与组织建设，夯实高质量发展根基 公司将动态优化组织架构与人才配置，提升跨部门协同效率与资源使用效能。在高端人才引进方面， 聚焦人工智能、大数据等关键领域，提供具有市场竞争力的薪酬体系、清晰的职业发展通道及多元激励 机制；深化“产学研”融合，积极与国内外顶尖高校合作，开展大模型金融应用、多模态数据处理等前沿 课题研究；支持骨干员工参与国际学术会议与行业技术交流，拓展创新视野；完善内部培训体系，覆盖 专业技能提升、合规文化培育、管理能力进阶等维度，打造学习型、创新型组织生态；通过科学的人才 评价与梯队建设机制，保障核心团队稳定性与组织活力。 （6）加强内部控制，提升公司治理水平 公司将继续加强内部控制，健全内部控制与全面风险管理体系，覆盖市场、信用、操作、合规、技 术等多维度风险，强化风险识别、评估、监测与应对能力。深化财务管理精细化水平，加强预算统筹、 成本管控与资金效能提升。依据《公司法》《证券法》等法律法规，结合公司实践经验，优化治理结构， 明确部门和岗位权限，加强决策层、管理层和执行层沟通协作。落实内控制度，建立科学决策、快速市 场反应和完善风险防范机制，推动企业管理规范化、标准化，保障公司稳定运营。 （7）提高信息披露质量，加强投资者关系管理 公司将严格履行信息披露义务，确保内容真实、准确、完整、及时。定期组织信息披露团队开展法 规政策与专业技能培训，优化信息采集、审核、发布全流程管理机制。在投资者沟通方面，高效运营互 动易、咨询热线等多元化渠道，及时回应市场关切；定期举办业绩说明会，清晰传递公司战略逻辑与业 务进展；建立投资者反馈分析机制，将合理建议纳入管理改进参考。通过持续提升信息披露透明度与沟 通专业性，增强资本市场对公司长期价值的理解与认同，维护健康稳定的投资者关系生态。 2、可能面对的风险 （1）行业需求减少的风险 公司专业从事互联网金融信息服务，市场需求与证券市场的景气度紧密相关。国内经济增速的减缓、 国际经济发展形势的不明朗等宏观经济因素均有可能导致证券市场不景气。若证券市场出现中长期低迷， 市场交投不活跃，投资者对互联网金融信息服务的需求下降，可能会导致公司产品销售收入下滑，从而 可能使公司整体经营业绩下滑。 26
浙江核新同花顺网络信息股份有限公司2025年年度报告全文 应对方式：公司将通过人工智能等前沿技术应用，不断优化产品体验，增强用户黏性；努力跟踪核 心客户的实时和潜在需求，不断优化产品结构，持续开发创新产品；跟随市场及时调整营销策略，努力 克服市场环境对行业带来的不利影响。 （2）行业竞争日趋激烈风险 尽管互联网金融信息服务业目前发展态势良好，但从长期来看，行业仍然处于发展初期。当前，行 业市场份额集中度不高，内部竞争激烈，竞争趋于复杂和严峻。激烈竞争的市场环境可能会带来产品价 格下滑、服务质量要求提高、市场份额难以保持等风险。 应对方式：公司将持续加大研发投入，提高产品竞争力，以优质的产品和服务稳固市场地位，抢占 市场份额；实时跟踪行业发展趋势和最新技术动态，不断吸收先进技术，提高技术壁垒；适时把握整合 机遇，促使公司做大做强。 （3）技术更新风险 公司所处的软件和信息技术服务行业是典型的技术密集型行业，特别是当前的人工智能技术应用， 更新换代极为迅速。若公司不能紧跟行业技术的发展趋势，不能及时根据市场变化调整研发方向，后续 研发投入不足，则将面临因技术更新导致市场竞争力下降的风险。 应对方式：公司将始终坚持技术为本，不断进行研发创新；关注前沿科技发展趋势，把握技术变化 带来的机遇；加强高端人才引进，提高应对技术变化的能力。 （4）证券交易信息的许可经营风险 目前，我国对证券信息经营实行许可经营制。虽然公司当前经营中所使用的证券行情信息均已获得 了上证所信息网络有限公司、深圳证券信息有限公司、香港交易所信息公司等机构的授权，但公司如果 没有按协议约定及时提出展期申请或换发许可证的申请，或上述机构对证券交易专有信息的有限经营许 可政策发生变化，如增加或减少专有信息的许可品种、增加或减少被授权的金融信息服务商、改变信息 服务商有关资质要求等，则有可能影响公司现有产品的运营。 应对方式：公司将严格遵守相关规定，积极维护与上证所信息网络有限公司、深圳证券信息有限公 司和香港交易所信息公司等机构的合作关系，避免对现有产品的运营产生影响。 （5）互联网系统及数据安全风险 公司现有的金融信息服务必须基于互联网提供，因此必须确保相关计算机系统和数据的安全。然而， 设备故障、软件漏洞、网络攻击以及自然灾害等因素客观存在。上述风险一旦发生，客户将无法及时享 受公司的增值服务，严重时可能造成公司业务中断，从而影响公司的声誉和经营业绩，甚至引起法律诉 讼。 27",windowed_extraction_review_required
300033.SZ,AR_300033_SZ_2025,core_competitiveness,14,25,"浙江核新同花顺网络信息股份有限公司2025年年度报告全文 差异化优势；结合用户生命周期提供全旅程陪伴式服务，强化投资者适当性管理与金融知识普及，提升 用户信任与黏性。企业需强化内容生产体系的专业性与权威性，深化对细分客群需求的理解，将技术能 力转化为可感知的服务价值。同时，需在提升效率的同时增强用户信任与黏性，构建以用户价值为中心 的可持续服务生态。 （5）网络安全与数据合规要求持续趋严 金融行业作为关键信息基础设施重要组成部分，面临日益复杂的网络安全威胁与严格的数据治理要 求。《网络安全法》《数据安全法》《个人信息保护法》及金融行业数据安全标准构成严密监管框架， 对企业数据采集、存储、处理、共享全链条提出精细化合规要求。跨境数据流动、第三方合作中的数据 责任界定、用户授权管理等环节风险凸显，企业需持续加大安全投入，构建覆盖技术、管理、流程的立 体化防护体系，并强化与监管机构、行业组织的协同联动，将合规能力转化为核心竞争力。 （6）数据要素价值系统性释放 数据作为新型生产要素，其价值实现机制取得实质性突破，成为行业提质增效的核心驱动力。在国 家数据局统筹推动与“数据二十条”政策框架深化落实下，数据确权、流通、交易、应用全链条制度体系 加速完善。在决策支持层面，多源异构数据的融合分析显著提升市场研判的前瞻性与科学性，助力投资 逻辑构建与策略优化；在服务优化层面，基于用户行为特征的数据建模推动服务内容精准匹配与动态调 优，增强服务响应的时效性与适配度；在风险防控层面，跨维度数据关联分析强化风险识别的敏锐度与 处置的协同性，筑牢业务安全屏障。数据要素与算法、算力的协同耦合，正系统性重塑行业服务逻辑与 价值创造路径，为高质量发展注入持续动能。 随着政策支持、技术革新以及市场需求的共同推动，互联网金融信息服务行业正迎来前所未有的发 展机遇。企业需坚持“技术赋能、合规为基、服务为本”，持续强化核心技术自主可控能力，深化数据要 素合规高效利用，完善人工智能应用治理框架，在筑牢安全底线的前提下推动服务创新，为资本市场高 质量发展与居民财富稳健增长提供坚实支撑。 三、核心竞争力分析 公司是国内领先的互联网金融信息服务提供商。公司拥有三十余年金融信息服务行业经验，在产品、 客户资源、技术、人力资源、数据资源、品牌认可度、管理团队等方面拥有独特而明显的竞争优势。 1、产品体系与创新能力优势 公司构建了覆盖金融产业链上下游的产品与服务体系。面向机构客户，提供网上交易系统及维护、 金融数据服务、智能推广等产品与解决方案；面向个人投资者，提供投资助理、金融资讯、投研分析工 14
浙江核新同花顺网络信息股份有限公司2025年年度报告全文 具、理财产品交易及投资社区等综合服务。产品结构完善、形态多元，能够满足不同层级客户的多样化 需求。 在人工智能技术加速发展的背景下，公司持续推进“大模型+金融”应用落地，已在智能投顾、智能 客服、智能投研、代码生成、法律咨询、办公助手、翻译等场景推出相关产品，推动金融服务效率与智 能化水平提升。 报告期内，公司持续迭代升级个人投资助理“问财”，通过多模态基座能力提升和智能体架构优化， 重构分析与决策流程，覆盖选股、诊股、策略验证、组合分析及风险管理等核心环节，进一步提升投资 决策支持能力与服务效率。依托“问财”大模型能力，公司同步推出数据可视化智能体，并荣获 2025 年 中国设计智造奖。该产品强化了复杂数据的表达与交互能力，拓展了在金融分析及公共服务等领域的应 用场景。持续积累的产品体验与用户基础，为公司推动智能化创新和场景延展提供了坚实支撑。 2、客户资源与生态优势 公司业务平台覆盖证券市场多类客户群体。在机构端，公司业务服务覆盖国内 90%以上证券公司， 并拓展至公募基金、私募基金、银行、保险公司、政府部门、科研院所及上市公司等机构客户；在个人 端，公司拥有规模庞大且活跃的用户群体。 广泛的机构合作基础与活跃的个人投资者群体构成了较为完整的产业生态，为产品创新与技术迭代 提供真实应用环境与反馈机制，增强市场响应能力。 3、技术与工程化能力优势 公司是国内领先的互联网金融信息服务提供商及金融智能化解决方案供应商，始终保持技术与应用 的创新，近三年研发经费占公司总收入的 15%以上。公司积极与国内外知名院校开展产学研合作，建 立了多个研发平台，包括国家级博士后工作站、省级重点企业研究院和高新技术企业研发中心等。凭借 持续的技术积累与探索，公司在技术储备和研发能力方面处于行业领先地位。公司较早布局移动互联网、 云计算、大数据、智能搜索、语音语义、图形图像及生成式人工智能等领域，拥有一支成熟、稳定的技 术研发团队。强大的技术实力使公司在行业中保持领先地位，并引领行业高质量发展。 4、人力资源优势 公司十分重视人力资源建设，注重人才的引进、培养和开发，通过内部培养和外部引进相结合的方 式，不断扩充和优化人才，形成了一支专业素质过硬、朝气蓬勃的人才队伍。公司的研发团队，具有丰 富的工作经验，有较强的稳定性和凝聚力，对市场现状、客户需求、核心技术和发展趋势有着深刻的了 解，可以准确把握市场动向，确保公司的长期稳健发展。公司人才队伍不断壮大，人才结构不断升级。 截至报告期末，公司共有 3,141 名研发人员，其中博士学历 128 人（含在站博士后 43 人），为公 司解决金融信息服务创新、人工智能技术研发关键问题，引领公司技术创新，人力资源优势明显。 15
浙江核新同花顺网络信息股份有限公司2025年年度报告全文 5、数据资源与数据治理优势 公司拥有业内领先、规模庞大、历史数据丰富的数据库资源，涵盖了互联网用户数据、新闻资讯、 宏观经济数据、行业经济数据、企业研究报告、企业信息、上市公司信息披露、招投标等结构化和非结 构化数据，以及交易所、信息公司、政府部门、科研机构、高等院校、宏观经济研究机构和专业行业数 据公司等机构提供的授权数据。这些数据不仅满足了客户多样化的需求，还为公司人工智能算法训练、 AI大模型训练提供了数据基础。 6、品牌与市场认可优势 作为中国最早从事互联网金融信息服务的企业之一，公司通过多年的技术、经验和客户资源积累， 较为准确地把握了市场发展趋势和客户需求，开发出了拥有较高市场影响力和广泛客户基础的优势产品。 公司一直持续稳健的经营，坚持为市场提供优质服务，在业内积累了较高的口碑和知名度，树立了良好 的品牌形象。行业新进入者难以在短时间内树立品牌优势并获得客户的认可。 7、管理团队优势 公司的管理团队专注于互联网金融信息服务行业三十余年，具有丰富的管理经验、不断进取的开拓 精神和强烈的责任心、使命感，能够敏锐感知客户和市场的变化并迅速做出反应。在公司多年的发展过 程中，公司的高层和核心技术人员从来没有出现过重大变动。高效的管理团队成为公司的核心竞争力之 一。 8、报告期内公司主要知识产权情况 （1）商标 截至2025年12月31日，公司及下属子公司共拥有275项商标。 （2）著作权 截至2025年12月31日，公司及下属子公司共获得587项软件著作权。 （3）发明专利 截至2025年12月31日，公司及下属子公司共获得136项发明专利授权(包含31项美国专利)。 四、主营业务分析 1、概述 参见第三节“管理层讨论与分析”中“一、报告期内公司从事的主要业务”相关内容。 16
浙江核新同花顺网络信息股份有限公司2025年年度报告全文 2、收入与成本 （1） 营业收入构成 营业收入整体情况 单位：元 2025年 2024年 同比增减 金额 占营业收入比重 金额 占营业收入比重 营业收入合计 6,028,985,966.48 100.00% 4,186,794,650.06 100.00% 44.00% 分行业 互联网金融信息服 6,028,985,966.48 100.00% 4,186,794,650.06 100.00% 44.00% 务 分产品 增值电信服务 1,950,543,719.44 32.35% 1,615,877,446.38 38.59% 20.71% 软件销售及维护 399,238,854.78 6.62% 356,079,566.76 8.50% 12.12% 广告及互联网业务 3,462,167,776.46 57.43% 2,024,860,750.64 48.36% 70.98% 推广服务 基金销售及其他交 易手续费等其他业 217,035,615.80 3.60% 189,976,886.28 4.55% 14.24% 务 分地区 国内 6,006,704,272.27 99.63% 4,167,574,383.08 99.54% 44.13% 国外 22,281,694.21 0.37% 19,220,266.98 0.46% 15.93% 分销售模式 线下 399,238,854.78 6.62% 356,079,566.76 8.50% 12.12% 线上 5,629,747,111.70 93.38% 3,830,715,083.30 91.50% 46.96% 注：报告期内增值电信服务较去年增长20.71%，主要是由于报告期内证券市场回暖，投资者需求增加所致；报告期内广 告及互联网业务推广服务较去年增长70.98%，主要系由于同花顺网站与APP用户活跃度提升，公司大力拓展生活、消 费、科技类客户，同时证券、基金等金融客户需求有所增加，公司广告及互联网推广服务收入相应增长。 公司需遵守《深圳证券交易所上市公司自律监管指引第3号——行业信息披露》中的“软件与信息技术服务业”的披露要 求 单位：元 2025年度 2024年度 第一季度 第二季度 第三季度 第四季度 第一季度 第二季度 第三季度 第四季度 营业收入 748,187,189.04 1,031,218,094.62 1,481,455,636.27 2,768,125,046.55 618,822,422.15 770,621,545.03 945,276,373.89 1,852,074,308.99 归属于上市公 司股东的净利 120,393,590.22 381,465,497.49 704,341,323.90 1,998,881,591.08 103,866,228.77 259,026,405.89 288,071,258.99 1,172,302,796.38 润 归属于上市公 司股东的扣除 112,534,527.21 371,860,623.63 686,163,143.04 1,880,451,601.55 98,960,278.13 245,458,185.78 286,618,620.89 1,133,859,253.12 非经常性损益 的净利润 经营活动产生 的现金流量净 313,291,816.68 827,699,141.91 1,054,893,203.14 1,578,352,335.97 -50,498,687.45 354,815,101.94 350,549,656.79 1,660,640,740.99 额 （2） 占公司营业收入或营业利润10%以上的行业、产品、地区、销售模式的情况 适用 □不适用 17
浙江核新同花顺网络信息股份有限公司2025年年度报告全文 公司需遵守《深圳证券交易所上市公司自律监管指引第3号——行业信息披露》中的“软件与信息技术服务业”的披露要 求 单位：元 营业收入比上年 营业成本比上年 毛利率比上年同 营业收入 营业成本 毛利率 同期增减 同期增减 期增减 分产品 增值电信服务 1,950,543,719.44 282,301,179.60 85.53% 20.71% 11.74% 1.16% 软件销售及维护 399,238,854.78 59,484,318.78 85.10% 12.12% 2.10% 1.46% 广告及互联网业 3,462,167,776.46 135,339,231.16 96.09% 70.98% 23.09% 1.52% 务推广服务 基金销售及其他 交易手续费等其 217,035,615.80 32,659,495.03 84.95% 14.24% 44.84% -3.18% 他业务 公司主营业务数据统计口径在报告期发生调整的情况下，公司最近1年按报告期末口径调整后的主营业务数据 □适用 不适用 （3） 公司实物销售收入是否大于劳务收入 □是 否 （4） 公司已签订的重大销售合同、重大采购合同截至本报告期的履行情况 □适用 不适用 （5） 营业成本构成 单位：元 2025年 2024年 行业分类 项目 同比增减 金额 占营业成本比重 金额 占营业成本比重 互联网金融信息 员工薪酬 213,618,842.30 41.90% 184,430,125.51 41.59% 15.83% 服务 互联网金融信息 信息费及托管费 262,594,062.25 51.51% 225,711,487.97 50.90% 16.34% 服务 互联网金融信息 结算手续费及其 33,571,320.02 6.59% 33,256,222.43 7.51% 0.95% 服务 他 （6） 报告期内合并范围是否发生变动 是 □否 报告期内子公司杭州核新软件公司向第三方转让其持有的猎金信息公司全部股权，转让价款79,735.64元，于2025年10 月13日完成工商变更登记，本报告期末猎金信息公司不再纳入合并报表范围。 （7） 公司报告期内业务、产品或服务发生重大变化或调整有关情况 □适用 不适用 18
浙江核新同花顺网络信息股份有限公司2025年年度报告全文 （8） 主要销售客户和主要供应商情况 公司主要销售客户情况 前五名客户合计销售金额（元） 1,518,072,368.38 前五名客户合计销售金额占年度销售总额比例 25.17% 前五名客户销售额中关联方销售额占年度销售总额比例 0.00% 公司前5大客户资料 序号 客户名称 销售额（元） 占年度销售总额比例 1 客户名称一 384,750,062.99 6.38% 2 客户名称二 348,631,390.30 5.78% 3 客户名称三 319,549,906.75 5.30% 4 客户名称四 313,633,096.83 5.20% 5 客户名称五 151,507,911.51 2.51% 合计 -- 1,518,072,368.38 25.17% 主要客户其他情况说明 □适用 不适用 公司主要供应商情况 前五名供应商合计采购金额（元） 189,659,656.16 前五名供应商合计采购金额占年度采购总额比例 37.21% 前五名供应商采购额中关联方采购额占年度采购总额比例 0.00% 公司前5名供应商资料 序号 供应商名称 采购额（元） 占年度采购总额比例 1 供应商一 65,544,838.57 12.86% 2 供应商二 65,490,035.05 12.85% 3 供应商三 33,389,576.02 6.55% 4 供应商四 13,829,867.10 2.71% 5 供应商五 11,405,339.42 2.24% 合计 -- 189,659,656.16 37.21% 主要供应商其他情况说明 □适用 不适用 报告期内公司贸易业务收入占营业收入比例超过10% □适用 不适用 3、费用 单位：元 2025年 2024年 同比增减 重大变动说明 主要系加大营销推广力 销售费用 759,240,273.21 592,058,501.29 28.24% 度，相应营销费用及销售 人员薪酬增加所致 管理费用 245,080,887.72 221,376,791.84 10.71% 主要系银行存款利息收入 财务费用 -124,843,719.94 -205,924,675.68 39.37% 减少所致 研发费用 1,145,077,195.39 1,193,243,542.03 -4.04% 19
浙江核新同花顺网络信息股份有限公司2025年年度报告全文 主要系收到政府补助增加 其他收益 192,103,614.54 76,329,585.00 151.68% 所致 税金及附加 83,400,470.01 74,144,530.31 12.48% 所得税费用 398,576,945.68 141,666,065.80 181.35% 主要系利润总额增长所致 4、研发投入 适用 □不适用 项目进 预计对公司未来发展的 主要研发项目名称 项目目的 拟达到的目标 展 影响 加大证券行情交易系统的极速化、 智能化、全品种覆盖升级探索，运 打造行业领先的全栈式极速 用 FPGA 硬件加速、云原生分布式 行情与智能交易体系，持续 架构、人工智能智能算法、全链路 适配资本市场全面注册制改 持续巩固公司在证券行 低延迟优化等先进技术，优化系统 革、衍生品市场扩容、港股 情交易领域的领先地 全栈低延迟证券行情与 核心架构与功能模块；大幅提升证 通交易扩容的发展趋势，助 位，大幅提升机构客户 进行中 智能交易系统升级项目 券行情传输速度、交易系统响应效 力券商等合作机构实现金融 渗透率与合作深度，全 率与运行稳定性，丰富全市场、全 数字化、智能化转型升级， 面提高公司证券行情系 品种交易功能，提升系统的扩展 全面满足个人投资者、专业 统的核心市场竞争力。 性、兼容性与合规适配能力，满足 量化机构、持牌金融机构的 不同客群、不同环境下的全场景证 差异化交易需求。 券交易需求。 深度研究金融垂直大模型、多模态 打造全场景、全模态、千人 生成式 AI、智能语音、数字人、 千面的智能金融信息服务体 进一步拉大公司在金融 自然语言交互等前沿技术在金融信 系，为不同类型的投资者与 信息服务领域的技术与 基于金融专属大模型的 息服务行业的深度应用，重构金融 机构客户提供更便捷、交互 产品领先优势，提升用 智能金融信息服务平台 信息生产、加工、分发、交互全链 进行中 更智能、内容更精准、服务 户粘性与付费转化率， 升级项目 路流程，进一步提升金融信息服务 更个性化的金融资讯、数据 持续拓宽公司金融信息 的智能化、精准化、个性化水平， 解读、市场研判与投研支持 服务的业务边界与覆盖 适配全类型客群的金融信息获取与 服务，实现用户服务体验的 范围。 解读需求。 全面升级。 基于金融大模型、量化投研技术、 多因子资产定价模型、宏观经济预 打造覆盖全市场投资品种、 全面丰富公司智能投顾 测算法，构建覆盖投资前市场研 全风险等级、全用户层级的 产品与服务体系，大幅 判、投资中决策辅助、投资后组合 智能投顾产品矩阵，实现从 提升高净值客户与机构 全生命周期智能投顾与 管理的全生命周期智能投顾体系， 进行中 单一策略推荐到全周期资产 客户的服务能力，持续 资产配置平台研发项目 为不同风险偏好、资金规模、投资 配置服务的全面升级，满足 提高公司投顾业务的产 周期的投资者，提供适配的投资决 投资者多元化、专业化的财 品竞争力与市场占有 策辅助、大类资产配置方案、投资 富管理与投资决策需求。 率。 组合动态管理与风险预警服务。 深化 AI 大模型、精细化用户画像 技术、全维度基金评价体系、宏观 量化预测模型在基金理财领域的落 完成爱基金平台的智能化、 持续提高公司基金销售 地应用，结合投资者的风险偏好、 场景化、全周期升级，打造 业务的市场竞争力与用 投资目标、持仓周期，为投资者提 集基金筛选、智能配置、风 户规模，增强基金业务 爱基金全场景智能化财 供个性化的基金产品筛选、资产配 险预警、投资者教育、持仓 进行中 的盈利水平与用户粘 富管理平台升级项目 置推荐与持仓优化服务；并结合市 陪伴于一体的一站式基金理 性，进一步巩固公司在 场走势、宏观经济环境与标的基本 财服务平台，为不同类型的 第三方基金销售领域的 面变化，为投资者提供全周期的风 投资者提供更适配、更专业 头部地位。 险控制建议与实时预警，降低投资 的财富管理解决方案。 风险，同时优化平台交易体验、运 营效率与全流程合规管理能力。 20
浙江核新同花顺网络信息股份有限公司2025年年度报告全文 通过大数据分布式架构、隐私计 算、知识图谱、多模态数据融合、 实时数仓等先进技术，对公司拥有 打造行业领先的金融数据中 全面提高公司大数据业 的全量金融市场数据、宏观经济数 台与智能化应用产品矩阵， 务的技术壁垒与市场竞 据、产业产业链数据、上市公司全 实现多源异构数据的高效融 金融大数据智能化治理 争力，大幅拓宽 B 端数 维度数据、市场舆情数据进行全链 进行中 合与深度价值挖掘，为金融 与全场景应用项目 据服务的市场空间，打 路智能化治理，构建标准化、高价 机构、产业企业、监管机构 造公司稳定的业绩增长 值、高时效的金融数据资产体系， 等客户提供多场景、定制化 新曲线。 拓展数据在投研分析、风险管理、 的数据解决方案。 合规管控、企业经营等多场景的智 能化应用。 持续深耕金融领域专属大模型、多 模态生成式 AI、自然语言理解与 交互、计算机视觉、智能语音、端 打造具备行业领先水平的金 全面筑牢公司在金融 AI 侧 AI 推理等核心前沿技术，重点 金融垂直大模型与通用 融专属大模型体系与通用 AI 领域的技术护城河，持 突破金融大模型的专业投研能力、 进行中 AI 技术应用项目 技术底座，推出更多大模型 续孵化新的盈利增长 合规风控能力、逻辑推理能力、实 应用产品。 点。 时性优化与国产化适配，构建自主 可控的金融 AI 技术底座，孵化创 新型 AI 产品与行业解决方案。 公司研发人员情况 2025年 2024年 变动比例 研发人员数量（人） 3,141 3,105 1.16% 研发人员数量占比 61.75% 60.97% 0.78% 研发人员学历 本科 2,138 2,151 -0.60% 硕士 853 826 3.27% 博士 128 103 24.27% 大专及以下 22 25 -12.00% 研发人员年龄构成 30岁以下 2,056 2,226 -7.64% 30~40岁 1,034 839 23.24% 40 ~50岁 46 35 31.43% 50岁以上 5 5 0.00% 近三年公司研发投入金额及占营业收入的比例 2025年 2024年 2023年 研发投入金额（元） 1,145,077,195.39 1,193,243,542.03 1,179,239,106.34 研发投入占营业收入比例 18.99% 28.50% 33.09% 公司研发人员构成发生重大变化的原因及影响 □适用 不适用 研发投入总额占营业收入的比重较上年发生显著变化的原因 适用 □不适用 研发投入总额占营业收入的比重较上年减少9.51%，主要系公司研发投入总额保持稳定，通过研发流程AI 工具规模化应 用，大幅提升研发效能，同时营业收入增长较快所致。 研发投入资本化率大幅变动的原因及其合理性说明 □适用 不适用 21
浙江核新同花顺网络信息股份有限公司2025年年度报告全文 5、现金流 单位：元 项目 2025年 2024年 同比增减 经营活动现金流入小计 7,035,213,469.89 5,170,435,423.30 36.07% 经营活动现金流出小计 3,260,976,972.19 2,854,928,611.03 14.22% 经营活动产生的现金流量净额 3,774,236,497.70 2,315,506,812.27 63.00% 投资活动现金流入小计 367,107,901.85 298,224,269.53 23.10% 投资活动现金流出小计 479,839,315.54 417,671,532.32 14.88% 投资活动产生的现金流量净额 -112,731,413.69 -119,447,262.79 5.62% 筹资活动现金流出小计 1,666,560,000.00 1,310,909,123.90 27.13% 筹资活动产生的现金流量净额 -1,666,560,000.00 -1,310,909,123.90 -27.13% 现金及现金等价物净增加额 1,970,038,924.81 900,259,924.47 118.83% 相关数据同比发生重大变动的主要影响因素说明 适用 □不适用 经营活动产生的现金流量净额比去年增加63.00%，主要系报告期内业务规模扩大，销售收款大幅增加所致；筹资活动产 生的现金流量净额比去年下降27.13%，主要系报告期内支付的现金分红较多所致。 报告期内公司经营活动产生的现金净流量与本年度净利润存在重大差异的原因说明 适用 □不适用 经营活动产生的现金净流量与本期净利润的差异主要系公司金融信息服务收入须按照用户服务期限分期确认所致。 五、非主营业务情况 适用 □不适用 单位：元 金额 占利润总额比例 形成原因说明 是否具有可持续性 软件产品之增值税超税 主要系增值税超税负退 其他收益 192,103,614.54 5.33% 负返还具有可持续性， 税、政府补助等 其余不具有可持续性 六、资产及负债状况分析 1、资产构成重大变动情况 单位：元 2025年末 2025年初 比重增减 重大变动说明 金额 占总资产比例 金额 占总资产比例 主要系经营利润 货币资金 14,036,333,777.03 88.65% 9,199,697,806.06 83.81% 4.84% 结余及基金代销 结算款增加所致 固定资产 585,713,054.38 3.70% 631,769,496.83 5.76% -2.06% 在建工程 778,016,979.96 4.91% 626,252,320.68 5.71% -0.80% 境外资产占比较高 22
浙江核新同花顺网络信息股份有限公司2025年年度报告全文 □适用 不适用 2、以公允价值计量的资产和负债 适用 □不适用 单位：元 计入权益的 本期公允价 本期计提的 本期购买金 本期出售金 项目 期初数 累计公允价 其他变动 期末数 值变动损益 减值 额 额 值变动 金融资产 1.交易性金融 资产（不含衍 50,000,000.00 50,000,000.00 生金融资产） 2.其他权益工 6,827,243.23 -141,623.91 6,685,619.32 具投资 上述合计 56,827,243.23 -141,623.91 50,000,000.00 6,685,619.32 金融负债 1.应付账款 161,541,411.33 204,675,818.82 2.其他应付款 821,174,754.21 3,640,292,582.10 上述合计 982,716,165.54 3,844,968,400.92 报告期内公司主要资产计量属性是否发生重大变化 □是 否 3、截至报告期末的资产权利受限情况 项目 期末账面价值 受限原因 基金销售结算资金、基金代理销售代收业务保证金、保 货币资金 4,000,852,393.69 险业务保证金、履约保函保证金和不能提前支取的三个 月以上定期存款及计提的利息收入 合计 4,000,852,393.69 七、投资状况分析 1、总体情况 适用 □不适用 报告期投资额（元） 上年同期投资额（元） 变动幅度 479,839,315.54 417,671,532.32 14.88% 2、报告期内获取的重大的股权投资情况 □适用 不适用 3、报告期内正在进行的重大的非股权投资情况 □适用 不适用 23
浙江核新同花顺网络信息股份有限公司2025年年度报告全文 4、金融资产投资 （1） 证券投资情况 □适用 不适用 公司报告期不存在证券投资。 （2） 衍生品投资情况 □适用 不适用 公司报告期不存在衍生品投资。 八、重大资产和股权出售 1、出售重大资产情况 □适用 不适用 公司报告期未出售重大资产。 2、出售重大股权情况 □适用 不适用 九、主要控股参股公司分析 适用 □不适用 主要子公司及对公司净利润影响达10%以上的参股公司情况 单位：元 公司名 公司类 主要业务 注册资本 总资产 净资产 营业收入 营业利润 净利润 称 型 杭州核 新软件 电子计算机软件、硬件, 子公司 30,000,000 2,490,111,274.63 2,153,454,536.71 2,187,397,234.58 2,351,741,561.62 2,063,068,829.56 技术有 计算机信息技术、广告等 限公司 浙江同 应用软件开发、技术开 花顺智 发、服务、转让、推广， 能科技 子公司 300,000,000 2,504,747,866.51 1,994,572,313.24 808,981,383.02 440,754,315.22 440,539,509.70 国内广告，互联网信息服 有限公 务、电信增值业务 司 浙江同 花顺智 技术开发、服务、转让、 富软件 子公司 推广，国内广告，互联网 10,000,000 530,891,333.81 385,003,624.00 726,211,709.36 457,067,423.36 456,917,439.64 有限公 信息服务、电信增值业务 司 报告期内取得和处置子公司的情况 适用 □不适用 公司名称 报告期内取得和处置子公司方式 对整体生产经营和业绩的影响 杭州猎金信息技术有限公司 转让 0 24
浙江核新同花顺网络信息股份有限公司2025年年度报告全文 十、公司控制的结构化主体情况 □适用 不适用 十一、公司未来发展的展望 1、2026年度经营计划 2026年公司将继续围绕战略目标稳健发展，在面对诸多挑战的同时，做好以下规划： （1）深耕金融信息服务主业，精准把握资本市场新机遇 公司坚定聚焦金融信息服务核心赛道，紧紧把握资本市场深化改革方向与投资者需求升级趋势。面 向个人投资者，着力构建分层化、场景化的服务体系，强化内容专业性与服务适配性，提升投资者教育 与陪伴服务的深度与温度；面向机构客户，深度响应资产管理、财富管理、风险管理等领域的专业化需 求，提供模块化、可扩展的解决方案支持。积极把握指数化投资蓬勃发展、主被动策略协同深化等行业 动向，优化产品矩阵与服务内涵；在合规稳健前提下，审慎推进全球化布局，系统研判区域市场特征与 监管环境，以本地化思维推动服务适配与价值传递，逐步增强全球服务能力。 （2）强化科技引领，构建智能化产品新体系 公司将持续加大研发投入，推动“问财”大模型技术体系迭代升级。在基础能力层面，强化文本生成、 逻辑推理、多模态理解与智能体协同能力，提升对公告、研报、舆情、财报等非结构化数据的解析精度； 在应用场景层面，深化“边思考、边查询、边执行”的智能体工作流，支持复杂投研任务的自主规划与动 态优化。重点推进 iFinD 平台向“资管 AI 助理”全面演进，将专业投研逻辑封装为可复用的智能体模块， 显著压缩公告整理、报告生成、数据校验等高频工作耗时。同步实现大模型在风险预警、合规审查、代 码生成、音视频生成等场景的落地，推动技术能力转化为可持续的商业价值与行业影响力。 （3）拓展多元化业务场景，打造可持续增长新引擎 公司将系统推进人工智能技术与金融业务的深度融合。优化智能投顾、投资助手、社区互动等功能 体验，强化用户留存与价值转化；重点构建“大模型+智能投研”、“大模型+风险管理”、“大模型+营销赋 能”等产品，服务资管机构数字化转型。积极响应监管倡导的“高质量发展”主线，配合费率改革与业绩 基准强化要求，协助基金公司提升产品透明度与投资者获得感。同时，探索人工智能技术在办公协同、 多语种服务、合规科技等泛金融场景的延伸应用，拓宽技术价值边界。通过组建跨部门解决方案团队， 深入理解客户业务痛点，提供端到端定制化服务，实现技术能力与商业价值的高效转化。 （4）强化营销推广，拓展市场新空间 公司将优化以用户为中心的精准营销体系，强化对不同区域、不同客群需求的洞察与响应能力。推 动营销策略与产品创新、服务优化的协同联动，通过专业化内容输出、场景化互动体验、全渠道触达等 25",windowed_extraction_review_required
300033.SZ,AR_300033_SZ_2025,r_and_d,9,20,"浙江核新同花顺网络信息股份有限公司2025年年度报告全文 第三节 管理层讨论与分析 一、报告期内公司从事的主要业务 （一）公司主营业务及经营情况 公司是国内领先的互联网金融信息服务提供商，围绕资本市场生态打造“AI+金融信息服务”一体化 平台，服务对象覆盖证券公司、基金公司、银行、保险机构、政府部门、研究机构、上市公司等机构客 户及广大个人投资者。依托长期积累的金融数据资源、技术能力与用户基础，公司持续推进人工智能技 术与主营业务深度融合，加快向AI驱动型金融科技平台转型升级。 报告期内，公司立足主业稳步推进年度经营计划，持续加大人工智能研发投入，强化自研大模型能 力建设，提升模型在金融专业场景中的准确性与应用深度，推动产品智能化升级。同时积极布局人工智 能产业生态，探索模型能力输出及场景合作机会，培育新增量业务。 报告期内，公司收入主要来源于增值电信服务、软件销售及技术维护服务、广告及互联网推广服务 以及基金代销及其他交易服务。公司围绕“流量入口—数据能力—产品服务—交易转化”形成商业闭环， 收入结构多元、协同效应显著。 公司围绕“数据、模型、场景、流量”构建核心能力体系，形成机构端与个人端双轮驱动的业务格局。 面向机构端，公司为证券、基金、银行、保险等金融机构提供 AI 应用产品、系统建设及维护服务、 金融数据服务和智能推广服务，涵盖投研辅助与决策支持系统、数据终端及接口服务、智能营销解决方 案及运维支持，助力客户提升投研效率、风险管理能力和数字化运营水平。通过持续优化大模型在金融 垂直场景中的适配能力，公司不断增强产品智能化水平和差异化竞争优势。 面向个人端，公司依托网站及移动应用平台，为投资者提供基于 AI 的投资助理、金融资讯、行情 分析工具、策略辅助及理财产品交易服务。通过将大模型能力嵌入内容生成、智能问答、策略分析与产 品推荐等环节，持续优化用户体验，提升活跃度与付费转化率，增强平台黏性与生态协同效应。 报告期内公司实现营业收入 6,028,985,966.48元，比上年同期增加 44.00%；实现归属于股东的净利 润 3,205,082,002.69元，比上年同期增长 75.79%。报告期内公司实现营业收入和净利润增长，主要由于 公司加大人工智能等领域的投入力度，推进产品与大模型技术融合创新，优化核心产品竞争力与用户体 验，公司各项业务取得了较快增长；同时，国内资本市场活跃度持续回升，投资者信心较强，市场交投 活跃度明显提升，投资者对金融信息服务需求增强；另外，由于同花顺网站与 APP 用户活跃度提升， 公司大力拓展生活、消费、科技类客户，同时证券、基金等金融客户需求有所增加，公司广告及互联网 推广服务收入相应增长。 9
浙江核新同花顺网络信息股份有限公司2025年年度报告全文 1、强化人工智能核心技术攻关，提升大模型金融应用能力 报告期内，公司围绕人工智能核心技术持续投入，重点提升大模型在金融场景等垂域中的应用水平。 通过优化模型架构和训练策略，采用混合精度训练、梯度检查点及分布式并行等技术手段，在控制算力 成本的同时提升训练效率与推理性能，实现模型能力与资源投入的有效平衡。公司持续增强模型多模态 理解能力，提高其在复杂金融语境下的信息处理与分析能力，进一步提升在风险识别、数据解析和智能 问答等场景中的应用效果。与此同时，公司进一步深化与高校及科研机构的产学研协同创新，围绕金融 知识建模、逻辑推理优化及领域微调等方向开展联合攻关，加快科研成果向实际应用转化。 报告期内，公司自主构建并开源金融大语言模型评测基准 （BizFinBench），涵盖10万余条中文金 融问答数据，从数值计算、逻辑推理、信息抽取、预测识别及知识问答等维度系统评估模型能力，为金 融大模型性能优化与行业应用提供标准化参考。 2、深化人工智能与金融业务融合，驱动服务模式升级 报告期内，公司持续推进人工智能技术与金融信息服务全流程融合，推动信息获取、数据分析与决 策支持环节的智能化升级。面向个人投资者，公司提升“问财”投资助手智能化水平，优化智能问答、策 略生成及风险提示功能，提高交互效率与内容精准度。面向金融机构客户，iFinD 终端强化数据处理、 研报生成和合规校验能力，提升专业机构的研究与运营效率。 在技术应用层面，公司坚持效果与安全并重，通过引入检索增强生成（RAG）、优化提示词工程 及构建领域知识库等方式，降低模型幻觉风险，提升输出结果的准确性与专业性。 同时，公司积极参与行业技术规范研究与交流，推动金融人工智能在准确性、可解释性和安全性方 面的标准建设，助力行业规范化、可持续发展。 3、打造智能化互联网财富管理平台，完善全链条服务生态 公司持续推进智能化互联网财富管理平台建设，构建覆盖多元资产类别和全生命周期需求的综合服 务体系。平台整合股票、ETF、基金、个人养老金、期货、保险等产品资源，依托用户画像与行为分析 技术，提供差异化、场景化的资产配置建议与服务支持，提升服务精准度与客户体验。 在业务拓展方面，公司紧跟公募基金市场发展趋势，积极把握 ETF 规模持续扩容带来的业务机遇， 优化基金销售流程与服务体验。加强与基金管理人的协同合作，完善交易支持与信息披露机制，通过专 题内容、策略解读等形式普及 ETF 投资知识，引导投资者理性投资、长期配置，持续提升财富管理服 务的专业能力与客户价值创造水平。 4、优化营销服务与品牌建设体系，进一步提升品牌价值与市场影响力 10
浙江核新同花顺网络信息股份有限公司2025年年度报告全文 报告期内，公司依托大数据分析和人工智能技术赋能，持续优化客户触达策略与内容匹配机制，提 升营销资源配置效率和转化效果。严格落实金融营销合规要求，完善销售流程管理和从业人员培训体系， 常态化开展法规学习与职业道德教育，强化合规经营和客户权益保护。 在品牌建设方面，公司聚焦专业价值输出，通过持续开展投资者教育、行业趋势解读等内容建设， 强化理性投资理念传播，提升品牌专业形象与社会认知度。 在海外业务拓展方面，公司坚持本地化运营策略，结合不同区域监管环境和客户需求制定差异化发 展方案，努力提升国际化服务能力与品牌影响力。 5、完善人才引进培养与创新激励机制，筑牢可持续发展根基 报告期内公司构建与业务战略相匹配的人才发展体系，动态优化组织架构与岗位配置。依托国家级 博士后工作站、省级重点企业研究院、省级高新技术企业研发中心等创新载体，完善技术研发人才的梯 队建设与能力提升路径；深化校企协同育人机制，通过共建课程体系、实训基地、联合课题等方式，促 进理论教学与产业实践深度融合，加速复合型金融科技人才培养。建立常态化技术交流机制，支持研发 人员参与国内外学术研讨，跟踪技术前沿动态；同步优化绩效评价与创新激励政策，激发团队内生动力， 为技术突破与业务创新提供持续人才保障。 6、健全内部控制与风险管理体系，提高公司治理水平 报告期内，公司持续健全内部控制制度体系，优化风险识别、评估与应对机制。定期开展合规培训 与专项检查，强化全员风险意识与责任落实。在公司治理层面，严格规范股东会、董事会、审计委员会 运作程序，提升决策科学性与透明度。针对信息系统稳定性，加强基础设施冗余设计与应急响应能力建 设，完善监控预警与故障恢复流程，确保服务连续性与数据安全。将合规要求嵌入业务流程各环节，筑 牢稳健经营的制度根基。 7、加强信息披露与投资者关系管理，提升资本市场沟通效能 报告期内公司严格按照国家法律法规及相关规范性文件的要求，规范信息披露工作，提升信息披露 工作的整体质量，确保信息披露的及时性、真实性、准确性和完整性。通过业绩说明会、互动易平台答 疑、接听投资者来电等多渠道保持高效透明沟通，及时传递公司经营情况。注重中小投资者权益保护， 优化咨询反馈机制与服务响应流程，持续巩固公司在资本市场的专业、可信形象。 （二）公司行业地位和优势 公司是国内领先的互联网金融信息服务提供商，也是网上证券交易系统的重要供应商之一。深耕行 业三十余年，公司在产品体系、客户基础、商业模式、品牌影响力、技术研发和数据资源等方面形成了 较为稳固的综合竞争优势。 11
浙江核新同花顺网络信息股份有限公司2025年年度报告全文 公司围绕金融产业链上下游构建了较为完善的产品与服务体系，覆盖个人投资者与专业机构客户， 能够满足多层次、多场景的金融信息与交易服务需求。依托庞大且活跃的用户基础，公司持续完善平台 生态布局，增强产业链协同效应，提升商业模式的稳定性与延展性。 在人工智能加速融入金融行业的背景下，公司依托长期积累的高质量金融数据资源和规模化应用场 景，推动大模型及相关智能技术在投研支持、智能问答、风险提示、合规校验等领域的落地应用，不断 提升产品智能化水平与服务效率。通过持续加大研发投入，公司强化数据治理、算法优化与系统工程能 力，逐步形成面向金融垂直领域的技术能力和应用壁垒。 同时，公司具备成熟的数据处理体系和合规运营经验，在行业监管要求不断提升的环境下，能够兼 顾技术创新与风险控制，提升服务的安全性、稳定性与专业性。凭借稳健经营形成的品牌信誉、完善的 产业生态布局以及持续升级的技术能力，公司在金融数字化与智能化转型进程中具备持续提升市场竞争 力的基础。 二、报告期内公司所处行业情况 公司需遵守《深圳证券交易所上市公司自律监管指引第3号——行业信息披露》中的“软件与信息技术服务业”的披露要 求 （一）行业发展背景与机遇 （1）软件与信息技术服务业的战略地位 软件与信息技术服务业是关系国民经济和社会发展全局的基础性、战略性、先导性产业，对经济社 会发展具有重要的支撑和引领作用。根据工业和信息化部的统计数据显示，2025 年我国软件和信息技 术服务收入达到 154,831亿元，同比增长 13.2%；利润总额为 18,848亿元，同比增长 7.3%。在“人工智 能+""行动深入实施背景下，软件技术与各行业融合深度拓展，不仅提升全要素生产率，更在培育产业新 赛道、优化资源配置效率方面发挥系统性作用。 （2）互联网金融信息服务业的快速发展 作为软件技术赋能金融的关键接口，互联网金融信息服务业在资本市场深化改革与居民财富管理需 求升级双重驱动下实现内涵式发展。随着我国证券市场进入快速发展时期，互联网金融信息服务行业迎 来了黄金发展的机遇。该行业属于新兴行业，随着经营模式和盈利模式的持续演化，行业逐步形成了从 数据采集、处理到智能化信息加工整合的完整产业链。受益于居民财富的持续增长与投资者对金融信息 需求的增加，我国互联网金融信息服务市场容量不断扩展。行业的发展主要受以下两大因素影响：一是 互联网环境，包括基础设施建设、技术革新、产业政策、用户数量、支付习惯和网络安全；二是金融证 券市场，包括投资者数量、市场监管环境、证券市场趋势及交投活跃度。 12
浙江核新同花顺网络信息股份有限公司2025年年度报告全文 （二）行业面临的机遇与挑战 （1）资本市场制度建设深化拓展行业空间 我国政府多次明确提出要“活跃资本市场，提振投资者信心”。2025 年 1 月中央金融办、中国证监 会、财政部、人力资源社会保障部、中国人民银行、金融监管总局联合印发《关于推动中长期资金入市 工作的实施方案》，对市场稳定起到了有力支撑作用，推动市场回稳向好，持续优化资本市场生态。投 资者结构改善、市场透明度提升与交易机制完善，共同催生对专业、深度、可信赖金融信息服务的旺盛 需求，为行业服务内涵深化与场景拓展提供坚实土壤。 （2）技术演进重塑服务逻辑与能力边界 大模型技术在参数效率、推理精度与领域适配性方面取得显著进展，结合提示工程优化与领域知识 注入，显著提升金融文本理解、逻辑推理与内容生成能力。AI Agent通过任务分解、工具调用与自主规 划，实现从信息检索到策略建议的端到端服务闭环，在资讯整合、动态分析、交互服务等环节提升处理 效率与服务连贯性。技术进步不仅降低智能化应用门槛，更推动服务模式从“人找信息”向“信息适配人” 转变，强化服务的主动性、个性化与专业深度，为行业高质量发展提供底层技术支撑。人工智能技术发 展呈现快速迭代特征，模型架构、训练范式持续演进，对企业技术前瞻性判断与持续研发投入提出更高 要求。中小机构在高端算法人才储备、高质量训练数据获取、算力资源保障等方面面临现实约束，独立 开展前沿技术攻关难度较大。行业应推动技术能力普惠化与标准化，降低创新门槛，同时注重技术应用 与业务价值的精准对接，避免资源错配。 （3）产业政策体系协同构筑发展新优势 2024年 10月，国务院印发《关于金融支持经济高质量发展的若干意见》（国发〔2024〕22号）， 系统部署科技金融、绿色金融、普惠金融、养老金融、数字金融“五篇大文章”。2025 年 3 月，《政府 工作报告》强调“深化大数据、人工智能研发应用，持续推进‘人工智能+'行动”。工业和信息化部、国家 数据局《“数据要素×""三年行动计划（2024—2026 年）》进入攻坚实施阶段，2025 年在金融领域落地 “数据要素×投研分析”“数据要素×风险防控”等 15 个重点场景。多层次政策体系从技术攻关、数据流通、 标准建设、人才培育等维度提供系统性支撑，引导行业资源向关键环节集聚，强化产业链协同创新效能。 （4）市场竞争深化与服务差异化需求迫切 随着市场参与者增多，服务同质化现象显现，单纯信息聚合难以形成持久竞争力。投资者对服务的 专业深度、响应时效、个性化程度要求不断提高。在监管倡导“回归服务本源”背景下，企业需深耕垂直 场景，强化内容专业性与服务温度。中国证券业协会、中国互联网金融协会持续完善《金融信息服务质 量评价指南》，引导机构建立以用户价值为中心的服务体系。通过“技术+内容+生态”融合创新，打造 13
浙江核新同花顺网络信息股份有限公司2025年年度报告全文 差异化优势；结合用户生命周期提供全旅程陪伴式服务，强化投资者适当性管理与金融知识普及，提升 用户信任与黏性。企业需强化内容生产体系的专业性与权威性，深化对细分客群需求的理解，将技术能 力转化为可感知的服务价值。同时，需在提升效率的同时增强用户信任与黏性，构建以用户价值为中心 的可持续服务生态。 （5）网络安全与数据合规要求持续趋严 金融行业作为关键信息基础设施重要组成部分，面临日益复杂的网络安全威胁与严格的数据治理要 求。《网络安全法》《数据安全法》《个人信息保护法》及金融行业数据安全标准构成严密监管框架， 对企业数据采集、存储、处理、共享全链条提出精细化合规要求。跨境数据流动、第三方合作中的数据 责任界定、用户授权管理等环节风险凸显，企业需持续加大安全投入，构建覆盖技术、管理、流程的立 体化防护体系，并强化与监管机构、行业组织的协同联动，将合规能力转化为核心竞争力。 （6）数据要素价值系统性释放 数据作为新型生产要素，其价值实现机制取得实质性突破，成为行业提质增效的核心驱动力。在国 家数据局统筹推动与“数据二十条”政策框架深化落实下，数据确权、流通、交易、应用全链条制度体系 加速完善。在决策支持层面，多源异构数据的融合分析显著提升市场研判的前瞻性与科学性，助力投资 逻辑构建与策略优化；在服务优化层面，基于用户行为特征的数据建模推动服务内容精准匹配与动态调 优，增强服务响应的时效性与适配度；在风险防控层面，跨维度数据关联分析强化风险识别的敏锐度与 处置的协同性，筑牢业务安全屏障。数据要素与算法、算力的协同耦合，正系统性重塑行业服务逻辑与 价值创造路径，为高质量发展注入持续动能。 随着政策支持、技术革新以及市场需求的共同推动，互联网金融信息服务行业正迎来前所未有的发 展机遇。企业需坚持“技术赋能、合规为基、服务为本”，持续强化核心技术自主可控能力，深化数据要 素合规高效利用，完善人工智能应用治理框架，在筑牢安全底线的前提下推动服务创新，为资本市场高 质量发展与居民财富稳健增长提供坚实支撑。 三、核心竞争力分析 公司是国内领先的互联网金融信息服务提供商。公司拥有三十余年金融信息服务行业经验，在产品、 客户资源、技术、人力资源、数据资源、品牌认可度、管理团队等方面拥有独特而明显的竞争优势。 1、产品体系与创新能力优势 公司构建了覆盖金融产业链上下游的产品与服务体系。面向机构客户，提供网上交易系统及维护、 金融数据服务、智能推广等产品与解决方案；面向个人投资者，提供投资助理、金融资讯、投研分析工 14
浙江核新同花顺网络信息股份有限公司2025年年度报告全文 具、理财产品交易及投资社区等综合服务。产品结构完善、形态多元，能够满足不同层级客户的多样化 需求。 在人工智能技术加速发展的背景下，公司持续推进“大模型+金融”应用落地，已在智能投顾、智能 客服、智能投研、代码生成、法律咨询、办公助手、翻译等场景推出相关产品，推动金融服务效率与智 能化水平提升。 报告期内，公司持续迭代升级个人投资助理“问财”，通过多模态基座能力提升和智能体架构优化， 重构分析与决策流程，覆盖选股、诊股、策略验证、组合分析及风险管理等核心环节，进一步提升投资 决策支持能力与服务效率。依托“问财”大模型能力，公司同步推出数据可视化智能体，并荣获 2025 年 中国设计智造奖。该产品强化了复杂数据的表达与交互能力，拓展了在金融分析及公共服务等领域的应 用场景。持续积累的产品体验与用户基础，为公司推动智能化创新和场景延展提供了坚实支撑。 2、客户资源与生态优势 公司业务平台覆盖证券市场多类客户群体。在机构端，公司业务服务覆盖国内 90%以上证券公司， 并拓展至公募基金、私募基金、银行、保险公司、政府部门、科研院所及上市公司等机构客户；在个人 端，公司拥有规模庞大且活跃的用户群体。 广泛的机构合作基础与活跃的个人投资者群体构成了较为完整的产业生态，为产品创新与技术迭代 提供真实应用环境与反馈机制，增强市场响应能力。 3、技术与工程化能力优势 公司是国内领先的互联网金融信息服务提供商及金融智能化解决方案供应商，始终保持技术与应用 的创新，近三年研发经费占公司总收入的 15%以上。公司积极与国内外知名院校开展产学研合作，建 立了多个研发平台，包括国家级博士后工作站、省级重点企业研究院和高新技术企业研发中心等。凭借 持续的技术积累与探索，公司在技术储备和研发能力方面处于行业领先地位。公司较早布局移动互联网、 云计算、大数据、智能搜索、语音语义、图形图像及生成式人工智能等领域，拥有一支成熟、稳定的技 术研发团队。强大的技术实力使公司在行业中保持领先地位，并引领行业高质量发展。 4、人力资源优势 公司十分重视人力资源建设，注重人才的引进、培养和开发，通过内部培养和外部引进相结合的方 式，不断扩充和优化人才，形成了一支专业素质过硬、朝气蓬勃的人才队伍。公司的研发团队，具有丰 富的工作经验，有较强的稳定性和凝聚力，对市场现状、客户需求、核心技术和发展趋势有着深刻的了 解，可以准确把握市场动向，确保公司的长期稳健发展。公司人才队伍不断壮大，人才结构不断升级。 截至报告期末，公司共有 3,141 名研发人员，其中博士学历 128 人（含在站博士后 43 人），为公 司解决金融信息服务创新、人工智能技术研发关键问题，引领公司技术创新，人力资源优势明显。 15
浙江核新同花顺网络信息股份有限公司2025年年度报告全文 5、数据资源与数据治理优势 公司拥有业内领先、规模庞大、历史数据丰富的数据库资源，涵盖了互联网用户数据、新闻资讯、 宏观经济数据、行业经济数据、企业研究报告、企业信息、上市公司信息披露、招投标等结构化和非结 构化数据，以及交易所、信息公司、政府部门、科研机构、高等院校、宏观经济研究机构和专业行业数 据公司等机构提供的授权数据。这些数据不仅满足了客户多样化的需求，还为公司人工智能算法训练、 AI大模型训练提供了数据基础。 6、品牌与市场认可优势 作为中国最早从事互联网金融信息服务的企业之一，公司通过多年的技术、经验和客户资源积累， 较为准确地把握了市场发展趋势和客户需求，开发出了拥有较高市场影响力和广泛客户基础的优势产品。 公司一直持续稳健的经营，坚持为市场提供优质服务，在业内积累了较高的口碑和知名度，树立了良好 的品牌形象。行业新进入者难以在短时间内树立品牌优势并获得客户的认可。 7、管理团队优势 公司的管理团队专注于互联网金融信息服务行业三十余年，具有丰富的管理经验、不断进取的开拓 精神和强烈的责任心、使命感，能够敏锐感知客户和市场的变化并迅速做出反应。在公司多年的发展过 程中，公司的高层和核心技术人员从来没有出现过重大变动。高效的管理团队成为公司的核心竞争力之 一。 8、报告期内公司主要知识产权情况 （1）商标 截至2025年12月31日，公司及下属子公司共拥有275项商标。 （2）著作权 截至2025年12月31日，公司及下属子公司共获得587项软件著作权。 （3）发明专利 截至2025年12月31日，公司及下属子公司共获得136项发明专利授权(包含31项美国专利)。 四、主营业务分析 1、概述 参见第三节“管理层讨论与分析”中“一、报告期内公司从事的主要业务”相关内容。 16
浙江核新同花顺网络信息股份有限公司2025年年度报告全文 2、收入与成本 （1） 营业收入构成 营业收入整体情况 单位：元 2025年 2024年 同比增减 金额 占营业收入比重 金额 占营业收入比重 营业收入合计 6,028,985,966.48 100.00% 4,186,794,650.06 100.00% 44.00% 分行业 互联网金融信息服 6,028,985,966.48 100.00% 4,186,794,650.06 100.00% 44.00% 务 分产品 增值电信服务 1,950,543,719.44 32.35% 1,615,877,446.38 38.59% 20.71% 软件销售及维护 399,238,854.78 6.62% 356,079,566.76 8.50% 12.12% 广告及互联网业务 3,462,167,776.46 57.43% 2,024,860,750.64 48.36% 70.98% 推广服务 基金销售及其他交 易手续费等其他业 217,035,615.80 3.60% 189,976,886.28 4.55% 14.24% 务 分地区 国内 6,006,704,272.27 99.63% 4,167,574,383.08 99.54% 44.13% 国外 22,281,694.21 0.37% 19,220,266.98 0.46% 15.93% 分销售模式 线下 399,238,854.78 6.62% 356,079,566.76 8.50% 12.12% 线上 5,629,747,111.70 93.38% 3,830,715,083.30 91.50% 46.96% 注：报告期内增值电信服务较去年增长20.71%，主要是由于报告期内证券市场回暖，投资者需求增加所致；报告期内广 告及互联网业务推广服务较去年增长70.98%，主要系由于同花顺网站与APP用户活跃度提升，公司大力拓展生活、消 费、科技类客户，同时证券、基金等金融客户需求有所增加，公司广告及互联网推广服务收入相应增长。 公司需遵守《深圳证券交易所上市公司自律监管指引第3号——行业信息披露》中的“软件与信息技术服务业”的披露要 求 单位：元 2025年度 2024年度 第一季度 第二季度 第三季度 第四季度 第一季度 第二季度 第三季度 第四季度 营业收入 748,187,189.04 1,031,218,094.62 1,481,455,636.27 2,768,125,046.55 618,822,422.15 770,621,545.03 945,276,373.89 1,852,074,308.99 归属于上市公 司股东的净利 120,393,590.22 381,465,497.49 704,341,323.90 1,998,881,591.08 103,866,228.77 259,026,405.89 288,071,258.99 1,172,302,796.38 润 归属于上市公 司股东的扣除 112,534,527.21 371,860,623.63 686,163,143.04 1,880,451,601.55 98,960,278.13 245,458,185.78 286,618,620.89 1,133,859,253.12 非经常性损益 的净利润 经营活动产生 的现金流量净 313,291,816.68 827,699,141.91 1,054,893,203.14 1,578,352,335.97 -50,498,687.45 354,815,101.94 350,549,656.79 1,660,640,740.99 额 （2） 占公司营业收入或营业利润10%以上的行业、产品、地区、销售模式的情况 适用 □不适用 17
浙江核新同花顺网络信息股份有限公司2025年年度报告全文 公司需遵守《深圳证券交易所上市公司自律监管指引第3号——行业信息披露》中的“软件与信息技术服务业”的披露要 求 单位：元 营业收入比上年 营业成本比上年 毛利率比上年同 营业收入 营业成本 毛利率 同期增减 同期增减 期增减 分产品 增值电信服务 1,950,543,719.44 282,301,179.60 85.53% 20.71% 11.74% 1.16% 软件销售及维护 399,238,854.78 59,484,318.78 85.10% 12.12% 2.10% 1.46% 广告及互联网业 3,462,167,776.46 135,339,231.16 96.09% 70.98% 23.09% 1.52% 务推广服务 基金销售及其他 交易手续费等其 217,035,615.80 32,659,495.03 84.95% 14.24% 44.84% -3.18% 他业务 公司主营业务数据统计口径在报告期发生调整的情况下，公司最近1年按报告期末口径调整后的主营业务数据 □适用 不适用 （3） 公司实物销售收入是否大于劳务收入 □是 否 （4） 公司已签订的重大销售合同、重大采购合同截至本报告期的履行情况 □适用 不适用 （5） 营业成本构成 单位：元 2025年 2024年 行业分类 项目 同比增减 金额 占营业成本比重 金额 占营业成本比重 互联网金融信息 员工薪酬 213,618,842.30 41.90% 184,430,125.51 41.59% 15.83% 服务 互联网金融信息 信息费及托管费 262,594,062.25 51.51% 225,711,487.97 50.90% 16.34% 服务 互联网金融信息 结算手续费及其 33,571,320.02 6.59% 33,256,222.43 7.51% 0.95% 服务 他 （6） 报告期内合并范围是否发生变动 是 □否 报告期内子公司杭州核新软件公司向第三方转让其持有的猎金信息公司全部股权，转让价款79,735.64元，于2025年10 月13日完成工商变更登记，本报告期末猎金信息公司不再纳入合并报表范围。 （7） 公司报告期内业务、产品或服务发生重大变化或调整有关情况 □适用 不适用 18
浙江核新同花顺网络信息股份有限公司2025年年度报告全文 （8） 主要销售客户和主要供应商情况 公司主要销售客户情况 前五名客户合计销售金额（元） 1,518,072,368.38 前五名客户合计销售金额占年度销售总额比例 25.17% 前五名客户销售额中关联方销售额占年度销售总额比例 0.00% 公司前5大客户资料 序号 客户名称 销售额（元） 占年度销售总额比例 1 客户名称一 384,750,062.99 6.38% 2 客户名称二 348,631,390.30 5.78% 3 客户名称三 319,549,906.75 5.30% 4 客户名称四 313,633,096.83 5.20% 5 客户名称五 151,507,911.51 2.51% 合计 -- 1,518,072,368.38 25.17% 主要客户其他情况说明 □适用 不适用 公司主要供应商情况 前五名供应商合计采购金额（元） 189,659,656.16 前五名供应商合计采购金额占年度采购总额比例 37.21% 前五名供应商采购额中关联方采购额占年度采购总额比例 0.00% 公司前5名供应商资料 序号 供应商名称 采购额（元） 占年度采购总额比例 1 供应商一 65,544,838.57 12.86% 2 供应商二 65,490,035.05 12.85% 3 供应商三 33,389,576.02 6.55% 4 供应商四 13,829,867.10 2.71% 5 供应商五 11,405,339.42 2.24% 合计 -- 189,659,656.16 37.21% 主要供应商其他情况说明 □适用 不适用 报告期内公司贸易业务收入占营业收入比例超过10% □适用 不适用 3、费用 单位：元 2025年 2024年 同比增减 重大变动说明 主要系加大营销推广力 销售费用 759,240,273.21 592,058,501.29 28.24% 度，相应营销费用及销售 人员薪酬增加所致 管理费用 245,080,887.72 221,376,791.84 10.71% 主要系银行存款利息收入 财务费用 -124,843,719.94 -205,924,675.68 39.37% 减少所致 研发费用 1,145,077,195.39 1,193,243,542.03 -4.04% 19
浙江核新同花顺网络信息股份有限公司2025年年度报告全文 主要系收到政府补助增加 其他收益 192,103,614.54 76,329,585.00 151.68% 所致 税金及附加 83,400,470.01 74,144,530.31 12.48% 所得税费用 398,576,945.68 141,666,065.80 181.35% 主要系利润总额增长所致 4、研发投入 适用 □不适用 项目进 预计对公司未来发展的 主要研发项目名称 项目目的 拟达到的目标 展 影响 加大证券行情交易系统的极速化、 智能化、全品种覆盖升级探索，运 打造行业领先的全栈式极速 用 FPGA 硬件加速、云原生分布式 行情与智能交易体系，持续 架构、人工智能智能算法、全链路 适配资本市场全面注册制改 持续巩固公司在证券行 低延迟优化等先进技术，优化系统 革、衍生品市场扩容、港股 情交易领域的领先地 全栈低延迟证券行情与 核心架构与功能模块；大幅提升证 通交易扩容的发展趋势，助 位，大幅提升机构客户 进行中 智能交易系统升级项目 券行情传输速度、交易系统响应效 力券商等合作机构实现金融 渗透率与合作深度，全 率与运行稳定性，丰富全市场、全 数字化、智能化转型升级， 面提高公司证券行情系 品种交易功能，提升系统的扩展 全面满足个人投资者、专业 统的核心市场竞争力。 性、兼容性与合规适配能力，满足 量化机构、持牌金融机构的 不同客群、不同环境下的全场景证 差异化交易需求。 券交易需求。 深度研究金融垂直大模型、多模态 打造全场景、全模态、千人 生成式 AI、智能语音、数字人、 千面的智能金融信息服务体 进一步拉大公司在金融 自然语言交互等前沿技术在金融信 系，为不同类型的投资者与 信息服务领域的技术与 基于金融专属大模型的 息服务行业的深度应用，重构金融 机构客户提供更便捷、交互 产品领先优势，提升用 智能金融信息服务平台 信息生产、加工、分发、交互全链 进行中 更智能、内容更精准、服务 户粘性与付费转化率， 升级项目 路流程，进一步提升金融信息服务 更个性化的金融资讯、数据 持续拓宽公司金融信息 的智能化、精准化、个性化水平， 解读、市场研判与投研支持 服务的业务边界与覆盖 适配全类型客群的金融信息获取与 服务，实现用户服务体验的 范围。 解读需求。 全面升级。 基于金融大模型、量化投研技术、 多因子资产定价模型、宏观经济预 打造覆盖全市场投资品种、 全面丰富公司智能投顾 测算法，构建覆盖投资前市场研 全风险等级、全用户层级的 产品与服务体系，大幅 判、投资中决策辅助、投资后组合 智能投顾产品矩阵，实现从 提升高净值客户与机构 全生命周期智能投顾与 管理的全生命周期智能投顾体系， 进行中 单一策略推荐到全周期资产 客户的服务能力，持续 资产配置平台研发项目 为不同风险偏好、资金规模、投资 配置服务的全面升级，满足 提高公司投顾业务的产 周期的投资者，提供适配的投资决 投资者多元化、专业化的财 品竞争力与市场占有 策辅助、大类资产配置方案、投资 富管理与投资决策需求。 率。 组合动态管理与风险预警服务。 深化 AI 大模型、精细化用户画像 技术、全维度基金评价体系、宏观 量化预测模型在基金理财领域的落 完成爱基金平台的智能化、 持续提高公司基金销售 地应用，结合投资者的风险偏好、 场景化、全周期升级，打造 业务的市场竞争力与用 投资目标、持仓周期，为投资者提 集基金筛选、智能配置、风 户规模，增强基金业务 爱基金全场景智能化财 供个性化的基金产品筛选、资产配 险预警、投资者教育、持仓 进行中 的盈利水平与用户粘 富管理平台升级项目 置推荐与持仓优化服务；并结合市 陪伴于一体的一站式基金理 性，进一步巩固公司在 场走势、宏观经济环境与标的基本 财服务平台，为不同类型的 第三方基金销售领域的 面变化，为投资者提供全周期的风 投资者提供更适配、更专业 头部地位。 险控制建议与实时预警，降低投资 的财富管理解决方案。 风险，同时优化平台交易体验、运 营效率与全流程合规管理能力。 20",windowed_extraction_review_required
300033.SZ,AR_300033_SZ_2025,management_discussion,3,14,"浙江核新同花顺网络信息股份有限公司2025年年度报告全文 目录 第一节 重要提示、目录和释义 ..................................................................................................................................... 2 第二节 公司简介和主要财务指标 ................................................................................................................................. 6 第三节 管理层讨论与分析 ............................................................................................................................................ 9 第四节 公司治理、环境和社会 ..................................................................................................................................... 30 第五节 重要事项 ......................................................................................................................................................... 46 第六节 股份变动及股东情况 ........................................................................................................................................ 52 第七节 债券相关情况 .................................................................................................................................................. 58 第八节 财务报告 ......................................................................................................................................................... 59 3
浙江核新同花顺网络信息股份有限公司2025年年度报告全文 备查文件目录 一、载有法定代表人易峥先生、主管会计工作负责人杜烈康先生、会计机构负责人贾海明先生签名并盖章的财务报 表； 二、载有会计师事务所盖章、注册会计师签名并盖章的审计报告原件； 三、报告期内公开披露过的所有公司文件的正本及公告的原稿。 4
浙江核新同花顺网络信息股份有限公司2025年年度报告全文 释义 释义项 指 释义内容 公司、本公司、股份公司、同花顺股份 指 浙江核新同花顺网络信息股份有限公司 浙江核新同花顺网络信息股份有限公司 股东会、公司股东会 指 股东会 浙江核新同花顺网络信息股份有限公司 董事会、公司董事会 指 董事会 深交所 指 深圳证券交易所 上证所 指 上海证券交易所 核新软件公司 指 杭州核新软件技术有限公司 杭州凯士顺 指 杭州凯士顺科技有限公司 同花顺网络科技公司 指 浙江同花顺网络科技有限公司 同花顺数据开发公司 指 杭州同花顺数据开发有限公司 核新保险经纪公司 指 浙江核新同花顺保险经纪有限公司 同花顺基金销售公司 指 浙江同花顺基金销售有限公司 同花顺云软件公司 指 浙江同花顺云软件有限公司 同花顺投资公司 指 浙江同花顺投资有限公司 同花顺人工智能公司 指 浙江同花顺人工智能资产管理有限公司 核新金融公司 指 美国核新金融信息服务公司 同花顺香港公司 指 同花顺国际（香港）有限公司 猎金信息公司 指 杭州猎金信息技术有限公司 同顺传媒公司 指 杭州同顺传媒科技有限公司 记财软件公司 指 杭州同花顺记财软件有限公司 星锐网讯公司 指 杭州星锐网讯科技有限公司 智能科技公司 指 浙江同花顺智能科技有限公司 智富软件公司 指 浙江同花顺智富软件有限公司 互联信息公司 指 浙江同花顺互联信息技术有限公司 杭京科技公司 指 北京杭京科技有限公司 同信征信公司 指 浙江同信企业征信服务有限公司 核睿医疗公司 指 浙江核睿医疗科技有限公司 杭数科技公司 指 上海杭数科技有限公司 数据智能公司 指 同花顺数据智能（香港）有限公司 核新国际公司 指 核新国际（新加坡）有限公司 同花顺美国公司 指 同花顺国际（美国）有限公司 报告期 指 2025年度 元/万元/亿元 指 人民币元/万元/亿元 5
浙江核新同花顺网络信息股份有限公司2025年年度报告全文 第二节 公司简介和主要财务指标 一、公司信息 股票简称 同花顺 股票代码 300033 公司的中文名称 浙江核新同花顺网络信息股份有限公司 公司的中文简称 同花顺 公司的外文名称（如有） Hithink RoyalFlush Information Network Co.,Ltd. 公司的外文名称缩写（如有） ROYALFLUSH INFO 公司的法定代表人 易峥 注册地址 杭州市余杭区五常街道同顺街18号 注册地址的邮政编码 310023 公司上市时注册地址为杭州市西湖区教工路276号德雅花园5幢20号；2011年8月1日变 公司注册地址历史变更情况 更为杭州市文二路202号802室；2014年1月3日变更为杭州市文二西路1号901室；2016 年4月12日变更为杭州市余杭区五常街道同顺街18号 办公地址 杭州市余杭区五常街道同顺街18号 办公地址的邮政编码 310023 公司网址 www.10jqka.com.cn 电子信箱 myhexin@myhexin.com 二、联系人和联系方式 董事会秘书 证券事务代表 姓名 朱志峰 唐俊克 联系地址 杭州市余杭区五常街道同顺街18号 杭州市余杭区五常街道同顺街18号 电话 0571-88852766 0571-88852766 传真 0571-88911818-8001 0571-88911818-8001 电子信箱 myhexin@myhexin.com myhexin@myhexin.com 三、信息披露及备置地点 公司披露年度报告的证券交易所网站 深圳证券交易所：http://www.szse.cn 公司披露年度报告的媒体名称及网址 《证券时报》、巨潮资讯网：www.cninfo.com.cn 浙江省杭州市余杭区五常街道同顺街18号，浙江核新同花顺 公司年度报告备置地点 网络信息股份有限公司董事会办公室 四、其他有关资料 公司聘请的会计师事务所 会计师事务所名称 天健会计师事务所（特殊普通合伙） 会计师事务所办公地址 杭州市江干区钱江路1366号华润大厦B座28楼 签字会计师姓名 尉建清、俞金波 公司聘请的报告期内履行持续督导职责的保荐机构 6
浙江核新同花顺网络信息股份有限公司2025年年度报告全文 □适用 不适用 公司聘请的报告期内履行持续督导职责的财务顾问 □适用 不适用 五、主要会计数据和财务指标 公司是否需追溯调整或重述以前年度会计数据 □是 否 2025年 2024年 本年比上年增减 2023年 营业收入（元） 6,028,985,966.48 4,186,794,650.06 44.00% 3,564,260,219.05 归属于上市公司股东的 3,205,082,002.69 1,823,266,690.03 75.79% 1,402,468,555.23 净利润（元） 归属于上市公司股东的 扣除非经常性损益的净 3,051,009,895.43 1,764,896,337.92 72.87% 1,368,922,316.80 利润（元） 经营活动产生的现金流 3,774,236,497.70 2,315,506,812.27 63.00% 1,591,901,414.82 量净额（元） 基本每股收益（元/股） 5.96 3.39 75.81% 2.61 稀释每股收益（元/股） 5.96 3.39 75.81% 2.61 加权平均净资产收益率 38.54% 24.80% 13.74% 20.19% 2025年末 2024年末 本年末比上年末增减 2023年末 资产总额（元） 15,832,994,333.52 10,976,501,567.53 44.24% 9,844,860,690.35 归属于上市公司股东的 9,491,716,450.29 7,974,107,473.75 19.03% 7,319,141,467.32 净资产（元） 公司最近三个会计年度扣除非经常性损益前后净利润孰低者均为负值，且最近一年审计报告显示公司持续经营能力存在 不确定性 □是 否 公司报告期内经审计利润总额、净利润、扣除非经常性损益后的净利润三者孰低为负值 □是 否 六、分季度主要财务指标 单位：元 第一季度 第二季度 第三季度 第四季度 营业收入 748,187,189.04 1,031,218,094.62 1,481,455,636.27 2,768,125,046.55 归属于上市公司股东的 120,393,590.22 381,465,497.49 704,341,323.90 1,998,881,591.08 净利润 归属于上市公司股东的 扣除非经常性损益的净 112,534,527.21 371,860,623.63 686,163,143.04 1,880,451,601.55 利润 经营活动产生的现金流 313,291,816.68 827,699,141.91 1,054,893,203.14 1,578,352,335.97 量净额 上述财务指标或其加总数是否与公司已披露季度报告、半年度报告相关财务指标存在重大差异 □是 否 7
浙江核新同花顺网络信息股份有限公司2025年年度报告全文 七、境内外会计准则下会计数据差异 1、同时按照国际会计准则与按照中国会计准则披露的财务报告中净利润和净资产差异情况 □适用 不适用 公司报告期不存在按照国际会计准则与按照中国会计准则披露的财务报告中净利润和净资产差异情况。 2、同时按照境外会计准则与按照中国会计准则披露的财务报告中净利润和净资产差异情况 □适用 不适用 公司报告期不存在按照境外会计准则与按照中国会计准则披露的财务报告中净利润和净资产差异情况。 八、非经常性损益项目及金额 适用 □不适用 单位：元 项目 2025年金额 2024年金额 2023年金额 说明 非流动性资产处置损益 （包括已计提资产减值 -589,200.51 -754,726.73 -613,322.12 准备的冲销部分） 计入当期损益的政府补 助（与公司正常经营业 务密切相关，符合国家 政策规定、按照确定的 166,579,528.68 61,236,282.94 45,451,033.90 标准享有、对公司损益 产生持续影响的政府补 助除外） 除上述各项之外的其他 -7,896,323.45 -1,194,967.91 -10,226,601.26 营业外收入和支出 减：所得税影响额 4,021,912.24 916,086.76 1,065,744.33 少数股东权益影响 -14.78 149.43 -872.24 额（税后） 合计 154,072,107.26 58,370,352.11 33,546,238.43 -- 其他符合非经常性损益定义的损益项目的具体情况： □适用 不适用 公司不存在其他符合非经常性损益定义的损益项目的具体情况。 将《公开发行证券的公司信息披露解释性公告第1号——非经常性损益》中列举的非经常性损益项目界定为经常性损益 项目的情况说明 □适用 不适用 公司不存在将《公开发行证券的公司信息披露解释性公告第1号——非经常性损益》中列举的非经常性损益项目界定为 经常性损益的项目的情形。 8
浙江核新同花顺网络信息股份有限公司2025年年度报告全文 第三节 管理层讨论与分析 一、报告期内公司从事的主要业务 （一）公司主营业务及经营情况 公司是国内领先的互联网金融信息服务提供商，围绕资本市场生态打造“AI+金融信息服务”一体化 平台，服务对象覆盖证券公司、基金公司、银行、保险机构、政府部门、研究机构、上市公司等机构客 户及广大个人投资者。依托长期积累的金融数据资源、技术能力与用户基础，公司持续推进人工智能技 术与主营业务深度融合，加快向AI驱动型金融科技平台转型升级。 报告期内，公司立足主业稳步推进年度经营计划，持续加大人工智能研发投入，强化自研大模型能 力建设，提升模型在金融专业场景中的准确性与应用深度，推动产品智能化升级。同时积极布局人工智 能产业生态，探索模型能力输出及场景合作机会，培育新增量业务。 报告期内，公司收入主要来源于增值电信服务、软件销售及技术维护服务、广告及互联网推广服务 以及基金代销及其他交易服务。公司围绕“流量入口—数据能力—产品服务—交易转化”形成商业闭环， 收入结构多元、协同效应显著。 公司围绕“数据、模型、场景、流量”构建核心能力体系，形成机构端与个人端双轮驱动的业务格局。 面向机构端，公司为证券、基金、银行、保险等金融机构提供 AI 应用产品、系统建设及维护服务、 金融数据服务和智能推广服务，涵盖投研辅助与决策支持系统、数据终端及接口服务、智能营销解决方 案及运维支持，助力客户提升投研效率、风险管理能力和数字化运营水平。通过持续优化大模型在金融 垂直场景中的适配能力，公司不断增强产品智能化水平和差异化竞争优势。 面向个人端，公司依托网站及移动应用平台，为投资者提供基于 AI 的投资助理、金融资讯、行情 分析工具、策略辅助及理财产品交易服务。通过将大模型能力嵌入内容生成、智能问答、策略分析与产 品推荐等环节，持续优化用户体验，提升活跃度与付费转化率，增强平台黏性与生态协同效应。 报告期内公司实现营业收入 6,028,985,966.48元，比上年同期增加 44.00%；实现归属于股东的净利 润 3,205,082,002.69元，比上年同期增长 75.79%。报告期内公司实现营业收入和净利润增长，主要由于 公司加大人工智能等领域的投入力度，推进产品与大模型技术融合创新，优化核心产品竞争力与用户体 验，公司各项业务取得了较快增长；同时，国内资本市场活跃度持续回升，投资者信心较强，市场交投 活跃度明显提升，投资者对金融信息服务需求增强；另外，由于同花顺网站与 APP 用户活跃度提升， 公司大力拓展生活、消费、科技类客户，同时证券、基金等金融客户需求有所增加，公司广告及互联网 推广服务收入相应增长。 9
浙江核新同花顺网络信息股份有限公司2025年年度报告全文 1、强化人工智能核心技术攻关，提升大模型金融应用能力 报告期内，公司围绕人工智能核心技术持续投入，重点提升大模型在金融场景等垂域中的应用水平。 通过优化模型架构和训练策略，采用混合精度训练、梯度检查点及分布式并行等技术手段，在控制算力 成本的同时提升训练效率与推理性能，实现模型能力与资源投入的有效平衡。公司持续增强模型多模态 理解能力，提高其在复杂金融语境下的信息处理与分析能力，进一步提升在风险识别、数据解析和智能 问答等场景中的应用效果。与此同时，公司进一步深化与高校及科研机构的产学研协同创新，围绕金融 知识建模、逻辑推理优化及领域微调等方向开展联合攻关，加快科研成果向实际应用转化。 报告期内，公司自主构建并开源金融大语言模型评测基准 （BizFinBench），涵盖10万余条中文金 融问答数据，从数值计算、逻辑推理、信息抽取、预测识别及知识问答等维度系统评估模型能力，为金 融大模型性能优化与行业应用提供标准化参考。 2、深化人工智能与金融业务融合，驱动服务模式升级 报告期内，公司持续推进人工智能技术与金融信息服务全流程融合，推动信息获取、数据分析与决 策支持环节的智能化升级。面向个人投资者，公司提升“问财”投资助手智能化水平，优化智能问答、策 略生成及风险提示功能，提高交互效率与内容精准度。面向金融机构客户，iFinD 终端强化数据处理、 研报生成和合规校验能力，提升专业机构的研究与运营效率。 在技术应用层面，公司坚持效果与安全并重，通过引入检索增强生成（RAG）、优化提示词工程 及构建领域知识库等方式，降低模型幻觉风险，提升输出结果的准确性与专业性。 同时，公司积极参与行业技术规范研究与交流，推动金融人工智能在准确性、可解释性和安全性方 面的标准建设，助力行业规范化、可持续发展。 3、打造智能化互联网财富管理平台，完善全链条服务生态 公司持续推进智能化互联网财富管理平台建设，构建覆盖多元资产类别和全生命周期需求的综合服 务体系。平台整合股票、ETF、基金、个人养老金、期货、保险等产品资源，依托用户画像与行为分析 技术，提供差异化、场景化的资产配置建议与服务支持，提升服务精准度与客户体验。 在业务拓展方面，公司紧跟公募基金市场发展趋势，积极把握 ETF 规模持续扩容带来的业务机遇， 优化基金销售流程与服务体验。加强与基金管理人的协同合作，完善交易支持与信息披露机制，通过专 题内容、策略解读等形式普及 ETF 投资知识，引导投资者理性投资、长期配置，持续提升财富管理服 务的专业能力与客户价值创造水平。 4、优化营销服务与品牌建设体系，进一步提升品牌价值与市场影响力 10
浙江核新同花顺网络信息股份有限公司2025年年度报告全文 报告期内，公司依托大数据分析和人工智能技术赋能，持续优化客户触达策略与内容匹配机制，提 升营销资源配置效率和转化效果。严格落实金融营销合规要求，完善销售流程管理和从业人员培训体系， 常态化开展法规学习与职业道德教育，强化合规经营和客户权益保护。 在品牌建设方面，公司聚焦专业价值输出，通过持续开展投资者教育、行业趋势解读等内容建设， 强化理性投资理念传播，提升品牌专业形象与社会认知度。 在海外业务拓展方面，公司坚持本地化运营策略，结合不同区域监管环境和客户需求制定差异化发 展方案，努力提升国际化服务能力与品牌影响力。 5、完善人才引进培养与创新激励机制，筑牢可持续发展根基 报告期内公司构建与业务战略相匹配的人才发展体系，动态优化组织架构与岗位配置。依托国家级 博士后工作站、省级重点企业研究院、省级高新技术企业研发中心等创新载体，完善技术研发人才的梯 队建设与能力提升路径；深化校企协同育人机制，通过共建课程体系、实训基地、联合课题等方式，促 进理论教学与产业实践深度融合，加速复合型金融科技人才培养。建立常态化技术交流机制，支持研发 人员参与国内外学术研讨，跟踪技术前沿动态；同步优化绩效评价与创新激励政策，激发团队内生动力， 为技术突破与业务创新提供持续人才保障。 6、健全内部控制与风险管理体系，提高公司治理水平 报告期内，公司持续健全内部控制制度体系，优化风险识别、评估与应对机制。定期开展合规培训 与专项检查，强化全员风险意识与责任落实。在公司治理层面，严格规范股东会、董事会、审计委员会 运作程序，提升决策科学性与透明度。针对信息系统稳定性，加强基础设施冗余设计与应急响应能力建 设，完善监控预警与故障恢复流程，确保服务连续性与数据安全。将合规要求嵌入业务流程各环节，筑 牢稳健经营的制度根基。 7、加强信息披露与投资者关系管理，提升资本市场沟通效能 报告期内公司严格按照国家法律法规及相关规范性文件的要求，规范信息披露工作，提升信息披露 工作的整体质量，确保信息披露的及时性、真实性、准确性和完整性。通过业绩说明会、互动易平台答 疑、接听投资者来电等多渠道保持高效透明沟通，及时传递公司经营情况。注重中小投资者权益保护， 优化咨询反馈机制与服务响应流程，持续巩固公司在资本市场的专业、可信形象。 （二）公司行业地位和优势 公司是国内领先的互联网金融信息服务提供商，也是网上证券交易系统的重要供应商之一。深耕行 业三十余年，公司在产品体系、客户基础、商业模式、品牌影响力、技术研发和数据资源等方面形成了 较为稳固的综合竞争优势。 11
浙江核新同花顺网络信息股份有限公司2025年年度报告全文 公司围绕金融产业链上下游构建了较为完善的产品与服务体系，覆盖个人投资者与专业机构客户， 能够满足多层次、多场景的金融信息与交易服务需求。依托庞大且活跃的用户基础，公司持续完善平台 生态布局，增强产业链协同效应，提升商业模式的稳定性与延展性。 在人工智能加速融入金融行业的背景下，公司依托长期积累的高质量金融数据资源和规模化应用场 景，推动大模型及相关智能技术在投研支持、智能问答、风险提示、合规校验等领域的落地应用，不断 提升产品智能化水平与服务效率。通过持续加大研发投入，公司强化数据治理、算法优化与系统工程能 力，逐步形成面向金融垂直领域的技术能力和应用壁垒。 同时，公司具备成熟的数据处理体系和合规运营经验，在行业监管要求不断提升的环境下，能够兼 顾技术创新与风险控制，提升服务的安全性、稳定性与专业性。凭借稳健经营形成的品牌信誉、完善的 产业生态布局以及持续升级的技术能力，公司在金融数字化与智能化转型进程中具备持续提升市场竞争 力的基础。 二、报告期内公司所处行业情况 公司需遵守《深圳证券交易所上市公司自律监管指引第3号——行业信息披露》中的“软件与信息技术服务业”的披露要 求 （一）行业发展背景与机遇 （1）软件与信息技术服务业的战略地位 软件与信息技术服务业是关系国民经济和社会发展全局的基础性、战略性、先导性产业，对经济社 会发展具有重要的支撑和引领作用。根据工业和信息化部的统计数据显示，2025 年我国软件和信息技 术服务收入达到 154,831亿元，同比增长 13.2%；利润总额为 18,848亿元，同比增长 7.3%。在“人工智 能+""行动深入实施背景下，软件技术与各行业融合深度拓展，不仅提升全要素生产率，更在培育产业新 赛道、优化资源配置效率方面发挥系统性作用。 （2）互联网金融信息服务业的快速发展 作为软件技术赋能金融的关键接口，互联网金融信息服务业在资本市场深化改革与居民财富管理需 求升级双重驱动下实现内涵式发展。随着我国证券市场进入快速发展时期，互联网金融信息服务行业迎 来了黄金发展的机遇。该行业属于新兴行业，随着经营模式和盈利模式的持续演化，行业逐步形成了从 数据采集、处理到智能化信息加工整合的完整产业链。受益于居民财富的持续增长与投资者对金融信息 需求的增加，我国互联网金融信息服务市场容量不断扩展。行业的发展主要受以下两大因素影响：一是 互联网环境，包括基础设施建设、技术革新、产业政策、用户数量、支付习惯和网络安全；二是金融证 券市场，包括投资者数量、市场监管环境、证券市场趋势及交投活跃度。 12
浙江核新同花顺网络信息股份有限公司2025年年度报告全文 （二）行业面临的机遇与挑战 （1）资本市场制度建设深化拓展行业空间 我国政府多次明确提出要“活跃资本市场，提振投资者信心”。2025 年 1 月中央金融办、中国证监 会、财政部、人力资源社会保障部、中国人民银行、金融监管总局联合印发《关于推动中长期资金入市 工作的实施方案》，对市场稳定起到了有力支撑作用，推动市场回稳向好，持续优化资本市场生态。投 资者结构改善、市场透明度提升与交易机制完善，共同催生对专业、深度、可信赖金融信息服务的旺盛 需求，为行业服务内涵深化与场景拓展提供坚实土壤。 （2）技术演进重塑服务逻辑与能力边界 大模型技术在参数效率、推理精度与领域适配性方面取得显著进展，结合提示工程优化与领域知识 注入，显著提升金融文本理解、逻辑推理与内容生成能力。AI Agent通过任务分解、工具调用与自主规 划，实现从信息检索到策略建议的端到端服务闭环，在资讯整合、动态分析、交互服务等环节提升处理 效率与服务连贯性。技术进步不仅降低智能化应用门槛，更推动服务模式从“人找信息”向“信息适配人” 转变，强化服务的主动性、个性化与专业深度，为行业高质量发展提供底层技术支撑。人工智能技术发 展呈现快速迭代特征，模型架构、训练范式持续演进，对企业技术前瞻性判断与持续研发投入提出更高 要求。中小机构在高端算法人才储备、高质量训练数据获取、算力资源保障等方面面临现实约束，独立 开展前沿技术攻关难度较大。行业应推动技术能力普惠化与标准化，降低创新门槛，同时注重技术应用 与业务价值的精准对接，避免资源错配。 （3）产业政策体系协同构筑发展新优势 2024年 10月，国务院印发《关于金融支持经济高质量发展的若干意见》（国发〔2024〕22号）， 系统部署科技金融、绿色金融、普惠金融、养老金融、数字金融“五篇大文章”。2025 年 3 月，《政府 工作报告》强调“深化大数据、人工智能研发应用，持续推进‘人工智能+'行动”。工业和信息化部、国家 数据局《“数据要素×""三年行动计划（2024—2026 年）》进入攻坚实施阶段，2025 年在金融领域落地 “数据要素×投研分析”“数据要素×风险防控”等 15 个重点场景。多层次政策体系从技术攻关、数据流通、 标准建设、人才培育等维度提供系统性支撑，引导行业资源向关键环节集聚，强化产业链协同创新效能。 （4）市场竞争深化与服务差异化需求迫切 随着市场参与者增多，服务同质化现象显现，单纯信息聚合难以形成持久竞争力。投资者对服务的 专业深度、响应时效、个性化程度要求不断提高。在监管倡导“回归服务本源”背景下，企业需深耕垂直 场景，强化内容专业性与服务温度。中国证券业协会、中国互联网金融协会持续完善《金融信息服务质 量评价指南》，引导机构建立以用户价值为中心的服务体系。通过“技术+内容+生态”融合创新，打造 13
浙江核新同花顺网络信息股份有限公司2025年年度报告全文 差异化优势；结合用户生命周期提供全旅程陪伴式服务，强化投资者适当性管理与金融知识普及，提升 用户信任与黏性。企业需强化内容生产体系的专业性与权威性，深化对细分客群需求的理解，将技术能 力转化为可感知的服务价值。同时，需在提升效率的同时增强用户信任与黏性，构建以用户价值为中心 的可持续服务生态。 （5）网络安全与数据合规要求持续趋严 金融行业作为关键信息基础设施重要组成部分，面临日益复杂的网络安全威胁与严格的数据治理要 求。《网络安全法》《数据安全法》《个人信息保护法》及金融行业数据安全标准构成严密监管框架， 对企业数据采集、存储、处理、共享全链条提出精细化合规要求。跨境数据流动、第三方合作中的数据 责任界定、用户授权管理等环节风险凸显，企业需持续加大安全投入，构建覆盖技术、管理、流程的立 体化防护体系，并强化与监管机构、行业组织的协同联动，将合规能力转化为核心竞争力。 （6）数据要素价值系统性释放 数据作为新型生产要素，其价值实现机制取得实质性突破，成为行业提质增效的核心驱动力。在国 家数据局统筹推动与“数据二十条”政策框架深化落实下，数据确权、流通、交易、应用全链条制度体系 加速完善。在决策支持层面，多源异构数据的融合分析显著提升市场研判的前瞻性与科学性，助力投资 逻辑构建与策略优化；在服务优化层面，基于用户行为特征的数据建模推动服务内容精准匹配与动态调 优，增强服务响应的时效性与适配度；在风险防控层面，跨维度数据关联分析强化风险识别的敏锐度与 处置的协同性，筑牢业务安全屏障。数据要素与算法、算力的协同耦合，正系统性重塑行业服务逻辑与 价值创造路径，为高质量发展注入持续动能。 随着政策支持、技术革新以及市场需求的共同推动，互联网金融信息服务行业正迎来前所未有的发 展机遇。企业需坚持“技术赋能、合规为基、服务为本”，持续强化核心技术自主可控能力，深化数据要 素合规高效利用，完善人工智能应用治理框架，在筑牢安全底线的前提下推动服务创新，为资本市场高 质量发展与居民财富稳健增长提供坚实支撑。 三、核心竞争力分析 公司是国内领先的互联网金融信息服务提供商。公司拥有三十余年金融信息服务行业经验，在产品、 客户资源、技术、人力资源、数据资源、品牌认可度、管理团队等方面拥有独特而明显的竞争优势。 1、产品体系与创新能力优势 公司构建了覆盖金融产业链上下游的产品与服务体系。面向机构客户，提供网上交易系统及维护、 金融数据服务、智能推广等产品与解决方案；面向个人投资者，提供投资助理、金融资讯、投研分析工 14",windowed_extraction_review_required
300059.SZ,AR_300059_SZ_2025,business_overview,11,22,"300059 东方财富信息股份有限公司2025年年度报告全文 力建设，积极探索大模型在各金融场景的应用。公司自主研发妙想大模型，凭借数据特色和算法优势， 聚焦于核心金融场景，不断优化金融垂直能力，向整个东方财富生态输入妙想 AI 能力，进一步完善互联 网财富管理生态建设。强大的技术研发力量、核心技术储备以及金融领域人工智能的创新，为公司后续 持续发展奠定了更加坚实的技术基础。 3、业务场景优势 公司持续构建和不断完善以“东方财富网”为核心的互联网财富管理生态圈，为海量用户提供集财 经资讯、证券、基金、期货、社交服务等一站式互联网财富管理服务。公司凭借互联网财富管理生态体 系，能够一站式满足投资者不同需求，形成了公司独特的业务场景优势，为公司持续发展构筑了深厚的 护城河。 4、海量数据优势 从最初的财经门户到如今的互联网财富管理综合运营商，公司构建了完善的金融数据库，拥有海量、 及时、全面的金融数据，覆盖宏观、行业、沪深京上市公司、新三板、股票、基金、理财、债券、期货、 期权、指数、外汇、美股、港股等领域，为个人用户、金融业投资机构、研究机构、学术机构、政府部 门等不同用户，提供专业、及时、全面、智能的金融数据服务；同时，公司在基于互联网向海量用户长 期提供资讯、社交、交易等服务过程中，在安全合规前提下，积累沉淀了海量数据，与金融数据库共同 组成了公司海量数据资源优势，为公司围绕用户需求、提升产品服务能力和用户体验提供了有力保障。 5、品牌价值优势 公司依托于“东方财富”树立的品牌知名度和投资者认可度，形成了公司强大的品牌优势，同时公 司通过持续优化服务效能与加强品牌推广力度，进一步增强用户粘性、提升用户体验，进一步提高品牌 美誉度和认知度，巩固品牌价值优势，积极促进公司各项业务的有序开展。 6、管理团队优势 公司积极推行“以人为本”的人才战略，通过内部培养和外部引进，不断扩充和培养骨干队伍，形 成了以创业团队为核心，以资深经理人为骨干的管理团队，主要管理人员具有丰富的管理经验、互联网 技术开发经验、金融领域研究从业经验和市场运营推广经验，对互联网服务行业的相关技术、发展历程 及未来趋势具有深刻理解。同时，公司不断完善考核激励制度，先后推出多期股权激励计划，激励和稳 定核心团队，吸引和招募优秀的外部人才。 （二）报告期末公司拥有的商标、软件著作权、发明专利、非专利技术等情况 1、商标 截至报告期末，公司及子公司共获得注册的商标290项。 2、软件著作权 截至报告期末，公司及子公司获得国家版权局登记的软件著作权637项。 3、专利技术 截至报告期末，公司及子公司拥有发明专利32项。 4、非专利技术 截至报告期末，公司及子公司拥有非专利技术543项。 四、主营业务分析 1、概述 报告期内，我国经济在转型中持续向好，高质量发展扎实推进。在一系列深化投融资综合改革政策 的引领下，市场信心显著提振，公司坚定聚焦主业，始终坚持以用户需求为中心，保持战略定力，充分 把握资本市场高质量发展及新一轮科技革命的双重机遇，着力提升研发动力、产品实力、服务能力，迈 11
300059 东方财富信息股份有限公司2025年年度报告全文 入高质量发展新阶段。报告期内，公司实现营业总收入 160.68 亿元，同比增长 38.46%；实现归属于上市 公司股东净利润120.85亿元，同比增长25.75%。 报告期内，东方财富证券积极把握市场机遇，坚持以用户为中心，夯实零售经纪业务基础，经纪业 务股基交易额38.46万亿元2。报告期内，东方财富证券获批上市证券做市业务资质，着力推进上市基金做 市业务，积极布局北交所、科创板股票做市业务，稳定发展银行间和交易所债券做市业务，持续拓宽服 务覆盖面，不断提升做市服务质效。同时，东方财富证券加强机构客群、企业客群的服务，稳步推进财 富管理和资产管理业务，积极构建上市公司服务新生态，各项业务持续合规稳健发展，营业收入和净利 润同比实现稳步增长，资本实力进一步增强。 报告期内，天天基金持续深化科技驱动服务革新理念，着力构建覆盖用户全生命周期的数智化服务 体系。通过 AI 应用深度拓展与平台功能交互逻辑持续优化，打造全链路服务矩阵，为用户构建智能对话、 智能选基、智能投资三位一体的价值共生体系，推动财富管理服务向更智能、更贴心、更有温度持续迭 代升级。截至报告期末，天天基金共上线 164 家公募基金管理人 21,930只基金产品3，非货币市场公募基 金保有规模7,701.33亿元，权益类基金保有规模4,456.17亿元。报告期内，公司互联网金融电子商务平台 共计实现基金认（申）购（含定投）交易257,671,982笔，基金销售额为26,055.84亿元，其中非货币型基 金共计实现认（申）购（含定投）交易166,662,521笔，销售额为15,814.26亿元。 报告期内，妙想 AI 能力全面融入赋能公司各产品各业务条线，以 AI+功能重塑用户一站式财富管理 体验，进一步巩固和提升公司市场地位。妙想大模型上线东方财富旗下各产品端，将专业普惠的 AI 服务 触达惠及广大用户。妙想投研助理深度聚焦投研全流程痛点，AI 研究员以专业的思维链，端到端完成投 研相关日常研究任务；上线深度研究+可视化报告功能，通过多 Agent 协作自主完成金融研究全流程，研 究过程可追溯、可查看；支持将研究成果一键生成逻辑清晰、格式规范的动态网页。报告期内，妙想大 模型技术能力进一步提升，垂类 Agentic 能力深度适配金融业务逻辑与专业场景，具备智能理解与规划、 多轮工具调用能力，为妙想 AI 产品提供技术支撑；多模态能力可对视觉信息进行精准理解，在回答中实 现图文结合输出，丰富用户信息获取方式与交互体验。报告期内，公司荣获“2025 福布斯中国人工智能 科技企业”、“2025世界人工智能大会卓越人工智能引领者奖SAIL Top30”、2025年“数据要素”大赛 全国总决赛二等奖等荣誉。 报告期内，公司持续加大投资者回报力度，坚持每年实施现金分红，分红水平较往年进一步提升。 报告期内，公司完成 2024 年限制性股票激励计划首次授予限制性股票的第一个归属期限制性股票归属工 作，并向198名限制性股票激励对象授予了预留限制性股票，有效激励和稳定核心团队，夯实公司高质量 可持续发展人才基础。报告期内，公司坚持可持续稳健经营，深入推进 ESG 相关工作，积极贯彻落实 《上市公司治理准则》《关于新〈公司法〉配套制度规则实施相关过渡期安排》等规定，优化公司治理 架构，完善多项公司基础性制度，强化内部运营管理，持续提升治理水平，推动企业与社会、环境协调 可持续发展。 2、收入与成本 （1） 营业总收入构成 营业总收入整体情况 2 数据来源：交易所提供及东方财富证券统计 3 按照独立基金代码统计 12
300059 东方财富信息股份有限公司2025年年度报告全文 单位：元 2025年 2024年 同比增减 金额 占营业总收入比重 金额 占营业总收入比重 营业总收入合计 16,067,741,039.51 100% 11,604,343,090.16 100% 38.46% 分行业 证券业 12,535,471,036.46 78.02% 8,493,612,633.32 73.19% 47.59% 信息技术服务业 3,527,509,133.65 21.95% 3,105,168,705.16 26.76% 13.60% 其他 4,760,869.40 0.03% 5,561,751.68 0.05% -14.40% 分产品 证券服务 12,535,471,036.46 78.02% 8,493,612,633.32 73.19% 47.59% 金融电子商务服务 3,182,040,383.70 19.80% 2,841,371,321.01 24.49% 11.99% 金融数据服务 240,327,781.69 1.50% 191,981,245.64 1.65% 25.18% 其他 109,901,837.66 0.68% 77,377,890.19 0.67% 42.03% 分地区 中国大陆 15,824,704,792.91 98.49% 11,418,643,086.39 98.40% 38.59% 其他地区 243,036,246.60 1.51% 185,700,003.77 1.60% 30.88% 公司需遵守《深圳证券交易所上市公司自律监管指引第3号——行业信息披露》中的“软件与信息技术服务业”的披露要 求 单位：元 2025年度 2024年度 第一季度 第二季度 第三季度 第四季度 第一季度 第二季度 第三季度 第四季度 营业总收入 3,485,587,013.94 3,370,780,510.96 4,732,581,590.06 4,478,791,924.55 2,455,935,755.21 2,489,046,342.56 2,358,616,904.43 4,300,744,087.96 归属于上市 公司股东的 2,715,030,716.13 2,852,341,359.13 3,529,877,797.06 2,987,345,074.90 1,953,787,436.07 2,102,004,755.35 1,985,981,554.20 3,568,346,998.02 净利润 （2） 占公司营业总收入或营业利润10%以上的行业、产品、地区、销售模式的情况 适用 □不适用 单位：元 营业总收入比 营业成本比上 毛利率比上 营业总收入 营业成本 毛利率 上年同期增减 年同期增减 年同期增减 分客户所处行业 证券业 12,535,471,036.46 47.59% 信息技术服务业 3,527,509,133.65 540,718,614.13 84.67% 13.60% 9.04% 0.64% 分产品 证券服务 12,535,471,036.46 47.59% 金融电子商务服务 3,182,040,383.70 222,453,446.25 93.01% 11.99% 9.33% 0.17% 分地区 中国大陆 15,824,704,792.91 548,085,104.95 96.54% 38.59% 10.39% 0.89% 其他地区 243,036,246.60 30.88% 公司主营业务数据统计口径在报告期发生调整的情况下，公司最近1年按报告期末口径调整后的主营业务数据 13
300059 东方财富信息股份有限公司2025年年度报告全文 □适用 不适用 （3） 公司实物销售收入是否大于劳务收入 □是 否 （4） 公司已签订的重大销售合同、重大采购合同截至本报告期的履行情况 □适用 不适用 （5） 营业成本构成 单位：元 2025年 2024年 行业分类 项目 同比增减 金额 占营业成本比重 金额 占营业成本比重 网络技术及信 信息技术服务业 308,164,379.11 56.23% 280,974,555.17 56.59% 9.68% 息数据费 信息技术服务业 服务器折旧费 110,898,703.03 20.23% 116,677,293.72 23.50% -4.95% 信息技术服务业 结算手续费等 114,779,430.91 20.94% 92,672,407.93 18.67% 23.86% （6） 报告期内合并范围是否发生变动 是 □否 本年合并范围内新增1家全资子公司，为上海胜祝商业管理有限公司。本年合并范围内减少2家全资子公司，为Eastmoney Sea Holdings PTE. LTD.和Hafoo Securities (Singapore) PTE. LTD.。本年合并范围内新增10只结构化主体，减少5只结构化 主体。于2025年12月31日，共有49只产品因本公司享有的可变回报重大而纳入本公司财务报表的合并范围。 （7） 公司报告期内业务、产品或服务发生重大变化或调整有关情况 □适用 不适用 （8） 主要销售客户和主要供应商情况 公司主要销售客户情况 前五名客户合计销售金额（元） 922,605,814.85 前五名客户合计销售金额占年度销售总额比例 5.74% 前五名客户销售额中关联方销售额占年度销售总额比例 0.00% 公司前5大客户资料 序号 客户名称 销售额（元） 占年度销售总额比例 1 客户一 252,297,282.29 1.57% 2 客户二 208,177,422.65 1.30% 3 客户三 168,265,645.65 1.05% 4 客户四 151,201,410.76 0.94% 5 客户五 142,664,053.50 0.89% 合计 -- 922,605,814.85 5.74% 14
300059 东方财富信息股份有限公司2025年年度报告全文 主要客户其他情况说明 适用 □不适用 前五名客户与公司不存在关联关系，公司董事、高级管理人员、持股5%以上股东、实际控制人与其他关联方在主要客户 中没有直接或间接拥有权益。 公司主要供应商情况 前五名供应商合计采购金额（元） 486,525,767.84 前五名供应商合计采购金额占年度采购总额比例 25.84% 前五名供应商采购额中关联方采购额占年度采购总额比例 0.00% 公司前5名供应商资料 序号 供应商名称 采购额（元） 占年度采购总额比例 1 供应商一 128,999,572.60 6.85% 2 供应商二 110,958,978.18 5.89% 3 供应商三 99,591,835.89 5.29% 4 供应商四 85,084,441.62 4.52% 5 供应商五 61,890,939.55 3.29% 合计 -- 486,525,767.84 25.84% 主要供应商其他情况说明 适用 □不适用 前五名供应商与公司不存在关联关系，公司董事、高级管理人员、持股5%以上股东、实际控制人与其他关联方在主要供 应商中没有直接或间接拥有权益。 报告期内公司贸易业务收入占营业收入比例超过10% □适用 不适用 3、费用 单位：元 2025年 2024年 同比增减 重大变动说明 销售费用 384,984,747.38 321,858,255.84 19.61% 管理费用 2,721,420,204.02 2,329,548,830.58 16.82% 研发费用 1,066,549,339.24 1,142,623,276.82 -6.66% 财务费用 -93,939,280.91 -150,760,107.50 -37.69% 利息收入与利息支出均同比减少 4、研发投入 适用 □不适用 预计对公司未来发展 主要研发项目名称 项目目的 项目进展 拟达到的目标 的影响 面向投资、投研领域的复杂金融 全面赋能公司产品应 妙想金融大模型后训 提升大模型及其产品 应用场景，全面训练并提升妙想 已完成 用生态，提升产品服 练项目 应用的金融垂类能力 大模型的核心金融能力 务能力 15
300059 东方财富信息股份有限公司2025年年度报告全文 面向金融机构的新一 利用自研妙想大模型全面赋能 提升金融终端智能化 提升公司产品创新性 代数据终端智能化研 Choice金融终端，进一步适配主 已完成 和信创水平 和用户满意度 发项目 流信创操作系统 妙想投研助理创新研 聚焦投研全流程痛点，推出一系 提升机构投研工作效 提升公司产品创新性 已完成 发项目 列新型智能化提效工具 率 和市场竞争力 实现跨场景、高效率 构建一套基于AI大模型的框架系 的用户行为感知与智 行为驱动智能场景策 统，实时识别与分析用户行为， 提升用户体验和用户 已完成 能响应，推动智能化 略引擎系统项目 并提供个性化的智能应用与策略 满意度 服务的场景化落地与 推荐 规模化应用 构建创新性的智能财经数据多模 助力用户高效决策， 东方财富财经多模态 态交互引擎生态系统，整合多维 已完成 满足用户对财经信息 提升产品服务能力 智算引擎 度数据，为投资者提供全面、深 深度挖掘核心需求 度的财经数据分析服务 为个人用户、机构用 智能全媒体内容流聚 构建以人工智能为驱动的内容生 提升用户体验和用户 已完成 户等提供全财经领域 合平台 态体系 满意度 信息支持 构建一个集成文本、图像、音频 提升内容生产效率与 等多模态信息的视频内容自动生 端到端多模态视频合 多样性，满足用户对 增强公司产品服务能 成平台，支持财经资讯、市场解 已完成 成平台项目 动态可视化信息的需 力并提升用户体验 读等视频内容的快速生产与高效 求 分发 打造全生命周期数据 通过构建智能驱动的数据处理体 治理能力与生态级协 天天基金数据智算中 系，满足基金市场规模扩大、产 提升公司产品服务能 已完成 同服务，保障系统稳 枢 品类型丰富、业务创新需求增长 力和用户体验 定性、数据精准度与 带来的挑战 安全性 构建智能金融服务平台，打造多 提供多场景智能分析 天天基金智能体应用 场景金融大模型能力体系，为用 服务，满足投资者多 提升公司产品服务能 已完成 编排平台 户提供专业、及时、可理解的金 场景的金融信息获取 力，增强用户粘性 融数据解读与投资决策支持 需求 面向全球证券市场，构建低时延 提升海外市场证券交 哈富证券低时延策略 提升公司产品服务能 策略交易平台，满足投资者算法 已完成 易体验，满足投资者 计算平台 力和用户体验 交易诉求，赋能精准决策 对算法交易的诉求 公司研发人员情况 2025年 2024年 变动比例 研发人员数量（人） 1,973 1,868 5.62% 研发人员数量占比 30.81% 33.60% -2.79% 研发人员学历 本科及以下 1,499 1,416 5.86% 硕士 469 449 4.45% 博士 5 3 66.67% 研发人员年龄构成 30岁以下 842 847 -0.59% 30~40岁 959 906 5.85% 40岁以上 172 115 49.57% 近三年公司研发投入金额及占营业总收入的比例 2025年 2024年 2023年 研发投入金额（元） 1,066,549,339.24 1,142,623,276.82 1,080,649,176.70 研发投入占营业总收入比例 6.64% 9.85% 9.75% 16
300059 东方财富信息股份有限公司2025年年度报告全文 研发支出资本化的金额（元） 0.00 0.00 0.00 资本化研发支出占研发投入的比例 0.00% 0.00% 0.00% 资本化研发支出占当期净利润的比重 0.00% 0.00% 0.00% 公司研发人员构成发生重大变化的原因及影响 □适用 不适用 研发投入总额占营业总收入的比重较上年发生显著变化的原因 □适用 不适用 研发投入资本化率大幅变动的原因及其合理性说明 □适用 不适用 5、现金流 单位：元 项目 2025年 2024年 同比增减 经营活动现金流入小计 52,374,548,669.37 76,719,683,162.77 -31.73% 经营活动现金流出小计 62,596,794,314.51 32,131,810,271.34 94.81% 经营活动产生的现金流量净额 -10,222,245,645.14 44,587,872,891.43 -122.93% 投资活动现金流入小计 48,848,485,101.51 35,898,150,223.10 36.08% 投资活动现金流出小计 45,851,821,253.83 42,290,382,500.89 8.42% 投资活动产生的现金流量净额 2,996,663,847.68 -6,392,232,277.79 146.88% 筹资活动现金流入小计 63,869,970,894.69 49,513,972,847.44 28.99% 筹资活动现金流出小计 39,857,158,582.24 36,974,408,532.62 7.80% 筹资活动产生的现金流量净额 24,012,812,312.45 12,539,564,314.82 91.50% 现金及现金等价物净增加额 16,722,199,005.43 50,777,292,295.60 -67.07% 相关数据同比发生重大变动的主要影响因素说明 适用 □不适用 （1）报告期内，经营活动产生的现金流量净额同比减少，主要原因是为交易目的而持有的金融资产净增加额同比增加、代 理买卖证券收到的现金净额减少。 （2）报告期内，投资活动产生的现金流量净额同比增加，主要原因是收回投资所收到的现金同比增加。 （3）报告期内，筹资活动产生的现金流量净额同比增加，主要原因是发行债券收到的现金同比增加。 报告期内公司经营活动产生的现金净流量与本年度净利润存在重大差异的原因说明 适用 □不适用 报告期内，公司经营活动产生的现金流量净额与本年度净利润存在较大差异，主要与公司所处行业的现金流特点相关。公 司的客户交易结算资金、融出资金、购买和处置金融资产等业务涉及较大现金流量，但与净利润关联度不高。 五、非主营业务情况 □适用 不适用 六、资产及负债状况分析 1、资产构成重大变动情况 单位：元 17
300059 东方财富信息股份有限公司2025年年度报告全文 2025年末 2025年初 比重增减 金额 占总资产比例 金额 占总资产比例 货币资金 124,282,846,610.66 31.63% 101,258,983,590.34 33.05% -1.42% 结算备付金 19,577,227,926.13 4.98% 21,178,930,668.24 6.91% -1.93% 融出资金 80,846,899,699.99 20.58% 58,857,796,131.56 19.21% 1.37% 交易性金融资产 109,505,146,380.99 27.87% 73,548,964,309.34 24.01% 3.86% 应收账款 920,964,216.86 0.23% 737,866,444.91 0.24% -0.01% 其他应收款 21,715,182,461.41 5.53% 9,194,113,993.63 3.00% 2.53% 长期股权投资 324,427,092.69 0.08% 323,245,154.48 0.11% -0.03% 投资性房地产 333,191,299.26 0.08% 0.08% 固定资产 2,727,604,469.25 0.69% 2,316,167,738.48 0.76% -0.07% 在建工程 7,619,864.80 0.00% 804,353,031.11 0.26% -0.26% 使用权资产 160,078,401.52 0.04% 142,991,262.32 0.05% -0.01% 短期借款 7,014,472,966.55 1.79% 5,531,145,905.63 1.81% -0.02% 应付短期融资券 34,058,779,145.20 8.67% 15,884,621,772.43 5.18% 3.49% 合同负债 183,505,378.26 0.05% 166,985,568.45 0.05% 0.00% 卖出回购金融资产款 39,991,810,411.33 10.18% 32,744,714,619.28 10.69% -0.51% 代理买卖证券款 141,082,176,957.66 35.90% 111,778,622,367.41 36.48% -0.58% 一年内到期的非流动负债 13,151,025,321.87 3.35% 15,825,632,762.64 5.17% -1.82% 应付债券 27,939,491,808.28 7.11% 18,850,795,382.92 6.15% 0.96% 租赁负债 100,785,768.81 0.03% 84,106,829.26 0.03% 0.00% 境外资产占比较高 □适用 不适用 2、以公允价值计量的资产和负债 适用 □不适用 单位：万元 计入权益的 本期公允价 本期计提 本期购买 本期出售 项目 期初数 本期公允价 其他变动 期末数 值变动损益 的减值 金额 金额 值变动 金融资产 1.交易性金 融资产（不 7,354,896.43 8,774.51 477,329,318.04 473,742,430.84 -43.50 10,950,514.64 含衍生金融 资产） 2.衍生金融 13,012.35 373.41 68.12 71.40 -2,485.79 10,896.69 资产 3. 其他债权 投资/一年内 1,130,644.83 -15,403.29 -199.92 855,928.42 1,149,627.75 -332.50 821,209.71 到期的其他 债权投资 4.其他权益 987,710.17 -10,789.26 157,196.01 591,572.54 542,544.38 工具投资 18
300059 东方财富信息股份有限公司2025年年度报告全文 5.其他非流 45,070.60 -10,701.97 12,000.14 5,954.63 40,414.14 动金融资产 上述合计 9,531,334.38 -1,554.05 -26,192.55 -199.92 478,354,510.73 475,489,657.16 -2,861.79 12,365,579.56 金融负债 1、交易性 金融负债(不 629,051.69 -15,755.16 26,101,542.55 25,349,477.45 1,396,871.95 含衍生金融 负债) 2、衍生金 11,526.07 -10,731.43 31.16 176.00 -6,183.37 15,929.29 融负债 3、其他非 -23.87 7,000.00 5,000.00 - 2,023.87 流动负债 上述合计 640,577.76 -26,510.46 26,108,573.71 25,354,653.45 -6,183.37 1,414,825.11 注：其他变动主要是衍生金融工具无负债结算及外币资产汇率变动的影响。 报告期内公司主要资产计量属性是否发生重大变化 □是 否 3、截至报告期末的资产权利受限情况 单位：元 项目 期末账面金额 受限类型 受限原因 卖出回购交易质押/转让、债券借贷、 交易性金融资产 38,868,451,589.70 质押/转让、保证金 衍生业务保证金 其他债权投资/一年内 3,332,417,613.74 质押 卖出回购交易质押、债券借贷 到期的其他债权投资 其他权益工具投资 2,864,567,135.00 质押 卖出回购交易质押、债券借贷 货币资金 37,241,835.99 使用受限、保证金 一般风险准备金及其他 合计 45,102,678,174.43 七、投资状况分析 1、总体情况 适用 □不适用 报告期投资额（元） 上年同期投资额（元） 变动幅度 45,851,821,253.83 42,290,382,500.89 8.42% 2、报告期内获取的重大的股权投资情况 □适用 不适用 3、报告期内正在进行的重大的非股权投资情况 适用 □不适用 单位：元 19
300059 东方财富信息股份有限公司2025年年度报告全文 未达到计 是否为 截至报告期末 投资项目 本报告期 划进度和 项目名称 投资方式 固定资 累计实际投入 资金来源 项目进度 涉及行业 投入金额 预计收益 产投资 金额 的原因 嘉定新城 办公楼及 自有资金及 中心B16-1 自建 是 67,797,345.16 812,524,711.86 100.00% 不适用 配套 银行贷款 地块项目 合计 -- -- -- 67,797,345.16 812,524,711.86 -- -- -- 4、金融资产投资 （1） 证券投资情况 适用 □不适用 单位：万元 本期公允 计入权益的 证券 证券 最初投资 会计计量 期初账 本期购买 本期出售 报告期 期末账面 会计核算 资金 证券简称 价值变动 累计公允价 品种 代码 成本 模式 面价值 金额 金额 损益 价值 科目 来源 损益 值变动 东财沪深 公允价值 交易性金 基金 023423 13,500.00 13,500.00 13,500.00 251.83 300E 计量 融资产 自有 东财 公允价值 交易性金 资金 基金 023863 6,000.00 6,000.00 6,000.00 1.85 A500A 计量 融资产 合计 19,500.00 19,500.00 19,500.00 253.68 -- -- 注：上表未包括主营业务为金融类业务的子公司的证券投资。 （2） 衍生品投资情况 □适用 不适用 公司报告期不存在衍生品投资（主营业务为金融类业务的子公司的衍生品投资除外）。 八、重大资产和股权出售 1、出售重大资产情况 □适用 不适用 公司报告期未出售重大资产。 2、出售重大股权情况 □适用 不适用 九、主要控股参股公司分析 适用 □不适用 主要子公司及对公司净利润影响达10%以上的参股公司情况 单位：亿元 20
300059 东方财富信息股份有限公司2025年年度报告全文 公司名称 公司类型 主要业务 注册资本 总资产 净资产 营业总收入 营业利润 净利润 东方财富证券 子公司 证券经纪、融资融券业务等 127.00 3,320.82 747.48 136.72 101.98 88.78 天天基金 子公司 基金销售 3.38 296.44 18.88 32.03 2.39 1.80 报告期内取得和处置子公司的情况 适用 □不适用 相关情况具体请见本报告“财务报告附注九、合并范围的变更”。 十、公司控制的结构化主体情况 适用 □不适用 本年合并范围内新增10只结构化主体，减少5只结构化主体。于2025年12月31日，共有49只产品因本公司享有的可变 回报重大而纳入本公司财务报表的合并范围。公司纳入合并范围的结构化主体主要为本公司之子公司作为管理人或投资者 的资产管理计划、基金等。公司参与该等结构化主体的相关活动享有的可变回报影响重大，并且有能力运用对该等结构化 主体的权力影响其回报金额。 十一、公司未来发展的展望 （一）未来发展战略 公司始终坚持以用户为中心，打造一站式互联网财富管理生态圈，为用户创造更多价值。 （二）2026年度经营计划 2026 年，公司将持续保持战略定力，秉持长期主义理念，把握资本市场发展机遇，以用户需求为中 心，依托科技赋能财富管理业务，推动财富管理服务向智能化转型。公司将持续探索大数据、人工智能 等新技术在产品与服务中的落地应用，不断拓展科技渗透的深度与广度，优化产品及服务体验，进一步 巩固核心竞争优势，全方位推进公司高质量发展。 1、拥抱人工智能时代，巩固核心竞争优势 公司秉持“以人为本”理念，积极引进和培育研发技术创新团队，不断探索行业前沿科技。未来， 公司将继续加大人工智能研发技术投入，向精细化、专业化、智慧化进阶，以自研金融大模型为核心引 擎，持续提升妙想大模型的产品及服务能力。通过搭建多元算力网络、丰富业务数据资源库，完善垂类 模型训练及推理体系，构建智能化、一体化的金融服务生态；借助人工智能在各业务场景的应用，提升 产品服务质量与效率，给用户带来更加个性化、更主动的全周期 AI 优质服务体验。同时，公司持续提升 金融数据的全面性与实时性，基于行业需求增强业务前瞻性，不断探索AI+金融创新模式，进一步巩固和 提升核心竞争优势。 2、深耕数字金融领域，优化综合服务生态 公司持续拓展和优化财富管理生态圈，打造个性化、智能化、专业化的全方位财富管理服务体系， 不断提升金融服务水平和综合竞争实力。东方财富证券聚焦财富管理与资管业务，致力于成为领先的创 新互联网券商，持续推进资管业务创新及产品线建设，以大类资产配置为方向，不断丰富产品体系，满 足不同客户的资产配置需求。同时，不断完善机构客户综合服务解决方案，在研究、做市等业务领域积 累市场口碑，提升公司综合金融品牌影响力。 3、深化智慧服务能力，推动基金销售发展 21
300059 东方财富信息股份有限公司2025年年度报告全文 公司将坚持以用户需求为中心，持续推动天天基金财富管理服务从“智能化”向“智慧化”升级， 多维度打造专业、高端、智慧、有温度的服务体验。公司将深化前瞻 AI 落地应用，强化个性化需求与精 准服务相匹配，全面提升用户体验；同时升级全链路财富管理服务，加强与基金投顾机构合作，构建投 前、投中、投后一体化的陪伴式服务；并积极打造开放共生的财富管理生态，与合作伙伴共同创新，致 力成为用户终身信赖的财富伙伴。 4、聚焦主业练好内功，完善财富管理生态圈 自成立以来，公司始终坚守“用户第一、正直敬业、合作创新”的核心价值观，深耕互联网财富管 理领域，依托内源式创新发展模式，围绕核心主业强化前沿研究与业务探索，不断提升一体化财富管理 服务效能，精准响应投资者多元化、高品质的财富管理诉求。作为金融科技企业，公司始终以技术创新 为核心驱动力，紧跟行业技术前沿，抢抓人工智能发展窗口期，大力推进智能金融领域的技术攻关与规 模化应用，持续构建开放协同的互联网财富管理生态圈，赋能金融产业数字化、智能化转型，不断增强 市场竞争力与行业引领力。 5、持续完善公司治理，夯实长期投资价值 公司将公司治理与内控体系建设作为发展基石，恪守诚信合规准则，坚持规范运作。通过深化内控 合规建设，打造现代化、高效化、规范化治理架构，全面提升治理能力与运营质效，为高质量发展筑牢 根基，增强长期投资吸引力。同时，公司秉持可持续发展理念，积极践行社会责任，实现企业价值与社 会价值、生态价值的有机统一与协同共进。 6、积极开展投资者沟通，践行投资者为本理念 公司在聚焦主营业务高质量发展的同时，高度重视投资者关系管理体系建设，着力构建多元化、便 捷化、高效化的投资者沟通渠道。依托公司官方网站投资者关系专栏、“财富号”自媒体平台、投资者 咨询热线及邮箱、网上业绩说明会、股东会等多种载体形式，与各类投资者开展沟通交流，全面传递公 司经营实况、发展战略与核心经营理念，增进投资者对公司的认知度与价值认同感，合理引导并稳定市 场预期，切实将投资者为本的核心理念贯穿经营管理全过程。 （三）公司可能面临的行业风险 1、行业及业务受资本市场景气度波动影响的风险 公司所提供的一站式互联网财富管理服务，与资本市场的景气度具有较高的相关性，一旦资本市场 景气度下降，市场活跃度和投资者热情均会受到直接影响，可能抑制投资者对互联网财富管理服务的市 场需求，进而影响公司整体业务的盈利能力。 应对措施：公司将积极推进和实施公司整体战略，坚持以用户需求为中心，进一步加强战略投入， 强化技术和产品的研发创新，不断拓展和完善生态圈服务的内容，进一步提高综合服务能力、质量和水 平，持续提升用户体验，巩固和增强用户规模优势和用户黏性优势，提高公司整体竞争实力。未来，随 着财富管理生态圈的逐步完善，公司所提供的专业服务，将更加丰富和多元，各业务板块之间协同效应 将大大增强，资本市场景气度波动对公司业务带来的影响也将会降低。 2、互联网信息传输及交易系统安全运行风险 公司商业模式的持续运作和盈利模式的有效实施，有赖于公司互联网信息传输及交易系统的安全运 行。如果出现互联网系统安全运行问题，可能造成公司网站、APP 产品不能正常访问，部分用户不能正 常使用等后果，进而降低用户体验和满意度，甚至给公司品牌形象带来不利影响。 22",windowed_extraction_review_required
300059.SZ,AR_300059_SZ_2025,core_competitiveness,10,21,"300059 东方财富信息股份有限公司2025年年度报告全文 申购费、销售服务费率水平，规范公募基金销售市场秩序，探索建立适合中国国情、市情的公募基金发 展新模式，引导行业从“重规模”向“重投资者回报”转型，推动构建投资者与财富管理机构互信共赢 的良性发展生态。 在宏观经济环境回暖和政策有力托底的双重驱动下，我国财富管理市场呈现出一系列积极变化。一 是财富管理市场规模持续扩容。截至 2025 年末，银行理财市场存续规模 33.29 万亿元，较年初增长 11.15%，公募基金管理规模37.71万亿元，较年初增长14.86%。二是居民资产配置权益化趋势持续增强。 在今年以科技股为主线的结构化行情助推下，居民对权益类资产的配置偏好进一步提升，增量资金持续 涌入新质生产力相关赛道，有效赋能实体经济发展。三是买方投顾生态加速形成。专业投顾队伍持续壮 大，证券投资顾问人数达 9.6万人，专业化、定制化、个性化资产配置服务供给日益丰富，居民对买方投 顾模式的认知度和认可度也在稳步提升。四是个人养老金释放长期动能。个人养老金制度在全国范围内 的推广实施，为资本市场带来了更多长期、稳定的增量资金。截至 2025 年末，存续个人养老金基金总规 模185.70亿元，较2024年底的91.41亿元增长约103%。 （3）科技革命加速行业转型步伐，构筑数智金融新生态 持续深化数字化转型、构建数字金融服务生态，是金融行业做好数字金融大文章、精准赋能实体经 济高质量发展的必由之路。当前，新一轮科技革命和产业变革深入发展，人工智能作为引领未来的战略 性技术，已成为驱动传统产业转型升级、加快培育新质生产力的重要引擎。2025 年 7 月，国务院常务会 议审议通过《关于深入实施“人工智能+”行动的意见》，明确提出要“加快从数字赋能的互联网服务向 智能驱动的新型服务方式演进，在金融等领域广泛应用新一代智能终端、智能体”，为深化金融行业数 字化转型锚定方向。 过去一年，国内人工智能技术取得突破性进展，部分国产大模型实现开源，显著降低了大模型本地 部署成本，成为大模型在金融领域规模化落地的关键拐点，金融行业数智化转型呈现双向突破的鲜明态 势。一方面，AI战略布局加速推进。金融机构更加积极拥抱 AI变革，普遍将人工智能提升至公司战略高 度，系统谋划并推进 AI 相关布局。另一方面，应用场景纵深延展。大模型及智能体与金融业务场景加速 融合，应用重心正由办公、客服等基础支持场景，向投研、投顾、量化交易等核心业务领域拓展，“AI+ 金融”的能力边界不断延拓、价值持续彰显。 三、核心竞争力分析 东方财富是中国领先的互联网财富管理综合运营商，经过多年发展和积累，形成了自身核心竞争力 优势，为公司未来可持续健康发展奠定了坚实基础。 （一）主要核心竞争力 1、用户资源优势 经过多年的发展，公司构建了以“东方财富网”为核心的互联网财富管理生态圈，聚集了海量用户 资源和用户黏性优势，在垂直财经领域始终保持领先地位。同时，公司积极推进和完善一站式互联网财 富管理生态圈建设，不断加强战略投入，延伸和完善服务链条，持续拓展服务范围，提升整体服务能力 和质量，巩固和提升用户访问量和用户黏性方面的优势。拥有海量用户资源是本公司核心的竞争优势， 为公司持续健康发展奠定了坚实基础。 2、研发技术优势 公司一直致力于金融科技领域的探索和实践，以科技赋能金融，引领行业前沿技术发展，助力金融 产业升级。公司培养了一支人员稳定、技术领先的技术研发团队。公司充分发挥多年来积累的研发技术 优势，自主研发了一系列网络核心技术，拥有充实的 AI 技术能力，包括自然语言处理、图像处理、语音 识别和多模态融合技术，同时公司密切跟踪行业前沿技术发展，持续加强生成式AI、交互式AI等领域能 10
300059 东方财富信息股份有限公司2025年年度报告全文 力建设，积极探索大模型在各金融场景的应用。公司自主研发妙想大模型，凭借数据特色和算法优势， 聚焦于核心金融场景，不断优化金融垂直能力，向整个东方财富生态输入妙想 AI 能力，进一步完善互联 网财富管理生态建设。强大的技术研发力量、核心技术储备以及金融领域人工智能的创新，为公司后续 持续发展奠定了更加坚实的技术基础。 3、业务场景优势 公司持续构建和不断完善以“东方财富网”为核心的互联网财富管理生态圈，为海量用户提供集财 经资讯、证券、基金、期货、社交服务等一站式互联网财富管理服务。公司凭借互联网财富管理生态体 系，能够一站式满足投资者不同需求，形成了公司独特的业务场景优势，为公司持续发展构筑了深厚的 护城河。 4、海量数据优势 从最初的财经门户到如今的互联网财富管理综合运营商，公司构建了完善的金融数据库，拥有海量、 及时、全面的金融数据，覆盖宏观、行业、沪深京上市公司、新三板、股票、基金、理财、债券、期货、 期权、指数、外汇、美股、港股等领域，为个人用户、金融业投资机构、研究机构、学术机构、政府部 门等不同用户，提供专业、及时、全面、智能的金融数据服务；同时，公司在基于互联网向海量用户长 期提供资讯、社交、交易等服务过程中，在安全合规前提下，积累沉淀了海量数据，与金融数据库共同 组成了公司海量数据资源优势，为公司围绕用户需求、提升产品服务能力和用户体验提供了有力保障。 5、品牌价值优势 公司依托于“东方财富”树立的品牌知名度和投资者认可度，形成了公司强大的品牌优势，同时公 司通过持续优化服务效能与加强品牌推广力度，进一步增强用户粘性、提升用户体验，进一步提高品牌 美誉度和认知度，巩固品牌价值优势，积极促进公司各项业务的有序开展。 6、管理团队优势 公司积极推行“以人为本”的人才战略，通过内部培养和外部引进，不断扩充和培养骨干队伍，形 成了以创业团队为核心，以资深经理人为骨干的管理团队，主要管理人员具有丰富的管理经验、互联网 技术开发经验、金融领域研究从业经验和市场运营推广经验，对互联网服务行业的相关技术、发展历程 及未来趋势具有深刻理解。同时，公司不断完善考核激励制度，先后推出多期股权激励计划，激励和稳 定核心团队，吸引和招募优秀的外部人才。 （二）报告期末公司拥有的商标、软件著作权、发明专利、非专利技术等情况 1、商标 截至报告期末，公司及子公司共获得注册的商标290项。 2、软件著作权 截至报告期末，公司及子公司获得国家版权局登记的软件著作权637项。 3、专利技术 截至报告期末，公司及子公司拥有发明专利32项。 4、非专利技术 截至报告期末，公司及子公司拥有非专利技术543项。 四、主营业务分析 1、概述 报告期内，我国经济在转型中持续向好，高质量发展扎实推进。在一系列深化投融资综合改革政策 的引领下，市场信心显著提振，公司坚定聚焦主业，始终坚持以用户需求为中心，保持战略定力，充分 把握资本市场高质量发展及新一轮科技革命的双重机遇，着力提升研发动力、产品实力、服务能力，迈 11
300059 东方财富信息股份有限公司2025年年度报告全文 入高质量发展新阶段。报告期内，公司实现营业总收入 160.68 亿元，同比增长 38.46%；实现归属于上市 公司股东净利润120.85亿元，同比增长25.75%。 报告期内，东方财富证券积极把握市场机遇，坚持以用户为中心，夯实零售经纪业务基础，经纪业 务股基交易额38.46万亿元2。报告期内，东方财富证券获批上市证券做市业务资质，着力推进上市基金做 市业务，积极布局北交所、科创板股票做市业务，稳定发展银行间和交易所债券做市业务，持续拓宽服 务覆盖面，不断提升做市服务质效。同时，东方财富证券加强机构客群、企业客群的服务，稳步推进财 富管理和资产管理业务，积极构建上市公司服务新生态，各项业务持续合规稳健发展，营业收入和净利 润同比实现稳步增长，资本实力进一步增强。 报告期内，天天基金持续深化科技驱动服务革新理念，着力构建覆盖用户全生命周期的数智化服务 体系。通过 AI 应用深度拓展与平台功能交互逻辑持续优化，打造全链路服务矩阵，为用户构建智能对话、 智能选基、智能投资三位一体的价值共生体系，推动财富管理服务向更智能、更贴心、更有温度持续迭 代升级。截至报告期末，天天基金共上线 164 家公募基金管理人 21,930只基金产品3，非货币市场公募基 金保有规模7,701.33亿元，权益类基金保有规模4,456.17亿元。报告期内，公司互联网金融电子商务平台 共计实现基金认（申）购（含定投）交易257,671,982笔，基金销售额为26,055.84亿元，其中非货币型基 金共计实现认（申）购（含定投）交易166,662,521笔，销售额为15,814.26亿元。 报告期内，妙想 AI 能力全面融入赋能公司各产品各业务条线，以 AI+功能重塑用户一站式财富管理 体验，进一步巩固和提升公司市场地位。妙想大模型上线东方财富旗下各产品端，将专业普惠的 AI 服务 触达惠及广大用户。妙想投研助理深度聚焦投研全流程痛点，AI 研究员以专业的思维链，端到端完成投 研相关日常研究任务；上线深度研究+可视化报告功能，通过多 Agent 协作自主完成金融研究全流程，研 究过程可追溯、可查看；支持将研究成果一键生成逻辑清晰、格式规范的动态网页。报告期内，妙想大 模型技术能力进一步提升，垂类 Agentic 能力深度适配金融业务逻辑与专业场景，具备智能理解与规划、 多轮工具调用能力，为妙想 AI 产品提供技术支撑；多模态能力可对视觉信息进行精准理解，在回答中实 现图文结合输出，丰富用户信息获取方式与交互体验。报告期内，公司荣获“2025 福布斯中国人工智能 科技企业”、“2025世界人工智能大会卓越人工智能引领者奖SAIL Top30”、2025年“数据要素”大赛 全国总决赛二等奖等荣誉。 报告期内，公司持续加大投资者回报力度，坚持每年实施现金分红，分红水平较往年进一步提升。 报告期内，公司完成 2024 年限制性股票激励计划首次授予限制性股票的第一个归属期限制性股票归属工 作，并向198名限制性股票激励对象授予了预留限制性股票，有效激励和稳定核心团队，夯实公司高质量 可持续发展人才基础。报告期内，公司坚持可持续稳健经营，深入推进 ESG 相关工作，积极贯彻落实 《上市公司治理准则》《关于新〈公司法〉配套制度规则实施相关过渡期安排》等规定，优化公司治理 架构，完善多项公司基础性制度，强化内部运营管理，持续提升治理水平，推动企业与社会、环境协调 可持续发展。 2、收入与成本 （1） 营业总收入构成 营业总收入整体情况 2 数据来源：交易所提供及东方财富证券统计 3 按照独立基金代码统计 12
300059 东方财富信息股份有限公司2025年年度报告全文 单位：元 2025年 2024年 同比增减 金额 占营业总收入比重 金额 占营业总收入比重 营业总收入合计 16,067,741,039.51 100% 11,604,343,090.16 100% 38.46% 分行业 证券业 12,535,471,036.46 78.02% 8,493,612,633.32 73.19% 47.59% 信息技术服务业 3,527,509,133.65 21.95% 3,105,168,705.16 26.76% 13.60% 其他 4,760,869.40 0.03% 5,561,751.68 0.05% -14.40% 分产品 证券服务 12,535,471,036.46 78.02% 8,493,612,633.32 73.19% 47.59% 金融电子商务服务 3,182,040,383.70 19.80% 2,841,371,321.01 24.49% 11.99% 金融数据服务 240,327,781.69 1.50% 191,981,245.64 1.65% 25.18% 其他 109,901,837.66 0.68% 77,377,890.19 0.67% 42.03% 分地区 中国大陆 15,824,704,792.91 98.49% 11,418,643,086.39 98.40% 38.59% 其他地区 243,036,246.60 1.51% 185,700,003.77 1.60% 30.88% 公司需遵守《深圳证券交易所上市公司自律监管指引第3号——行业信息披露》中的“软件与信息技术服务业”的披露要 求 单位：元 2025年度 2024年度 第一季度 第二季度 第三季度 第四季度 第一季度 第二季度 第三季度 第四季度 营业总收入 3,485,587,013.94 3,370,780,510.96 4,732,581,590.06 4,478,791,924.55 2,455,935,755.21 2,489,046,342.56 2,358,616,904.43 4,300,744,087.96 归属于上市 公司股东的 2,715,030,716.13 2,852,341,359.13 3,529,877,797.06 2,987,345,074.90 1,953,787,436.07 2,102,004,755.35 1,985,981,554.20 3,568,346,998.02 净利润 （2） 占公司营业总收入或营业利润10%以上的行业、产品、地区、销售模式的情况 适用 □不适用 单位：元 营业总收入比 营业成本比上 毛利率比上 营业总收入 营业成本 毛利率 上年同期增减 年同期增减 年同期增减 分客户所处行业 证券业 12,535,471,036.46 47.59% 信息技术服务业 3,527,509,133.65 540,718,614.13 84.67% 13.60% 9.04% 0.64% 分产品 证券服务 12,535,471,036.46 47.59% 金融电子商务服务 3,182,040,383.70 222,453,446.25 93.01% 11.99% 9.33% 0.17% 分地区 中国大陆 15,824,704,792.91 548,085,104.95 96.54% 38.59% 10.39% 0.89% 其他地区 243,036,246.60 30.88% 公司主营业务数据统计口径在报告期发生调整的情况下，公司最近1年按报告期末口径调整后的主营业务数据 13
300059 东方财富信息股份有限公司2025年年度报告全文 □适用 不适用 （3） 公司实物销售收入是否大于劳务收入 □是 否 （4） 公司已签订的重大销售合同、重大采购合同截至本报告期的履行情况 □适用 不适用 （5） 营业成本构成 单位：元 2025年 2024年 行业分类 项目 同比增减 金额 占营业成本比重 金额 占营业成本比重 网络技术及信 信息技术服务业 308,164,379.11 56.23% 280,974,555.17 56.59% 9.68% 息数据费 信息技术服务业 服务器折旧费 110,898,703.03 20.23% 116,677,293.72 23.50% -4.95% 信息技术服务业 结算手续费等 114,779,430.91 20.94% 92,672,407.93 18.67% 23.86% （6） 报告期内合并范围是否发生变动 是 □否 本年合并范围内新增1家全资子公司，为上海胜祝商业管理有限公司。本年合并范围内减少2家全资子公司，为Eastmoney Sea Holdings PTE. LTD.和Hafoo Securities (Singapore) PTE. LTD.。本年合并范围内新增10只结构化主体，减少5只结构化 主体。于2025年12月31日，共有49只产品因本公司享有的可变回报重大而纳入本公司财务报表的合并范围。 （7） 公司报告期内业务、产品或服务发生重大变化或调整有关情况 □适用 不适用 （8） 主要销售客户和主要供应商情况 公司主要销售客户情况 前五名客户合计销售金额（元） 922,605,814.85 前五名客户合计销售金额占年度销售总额比例 5.74% 前五名客户销售额中关联方销售额占年度销售总额比例 0.00% 公司前5大客户资料 序号 客户名称 销售额（元） 占年度销售总额比例 1 客户一 252,297,282.29 1.57% 2 客户二 208,177,422.65 1.30% 3 客户三 168,265,645.65 1.05% 4 客户四 151,201,410.76 0.94% 5 客户五 142,664,053.50 0.89% 合计 -- 922,605,814.85 5.74% 14
300059 东方财富信息股份有限公司2025年年度报告全文 主要客户其他情况说明 适用 □不适用 前五名客户与公司不存在关联关系，公司董事、高级管理人员、持股5%以上股东、实际控制人与其他关联方在主要客户 中没有直接或间接拥有权益。 公司主要供应商情况 前五名供应商合计采购金额（元） 486,525,767.84 前五名供应商合计采购金额占年度采购总额比例 25.84% 前五名供应商采购额中关联方采购额占年度采购总额比例 0.00% 公司前5名供应商资料 序号 供应商名称 采购额（元） 占年度采购总额比例 1 供应商一 128,999,572.60 6.85% 2 供应商二 110,958,978.18 5.89% 3 供应商三 99,591,835.89 5.29% 4 供应商四 85,084,441.62 4.52% 5 供应商五 61,890,939.55 3.29% 合计 -- 486,525,767.84 25.84% 主要供应商其他情况说明 适用 □不适用 前五名供应商与公司不存在关联关系，公司董事、高级管理人员、持股5%以上股东、实际控制人与其他关联方在主要供 应商中没有直接或间接拥有权益。 报告期内公司贸易业务收入占营业收入比例超过10% □适用 不适用 3、费用 单位：元 2025年 2024年 同比增减 重大变动说明 销售费用 384,984,747.38 321,858,255.84 19.61% 管理费用 2,721,420,204.02 2,329,548,830.58 16.82% 研发费用 1,066,549,339.24 1,142,623,276.82 -6.66% 财务费用 -93,939,280.91 -150,760,107.50 -37.69% 利息收入与利息支出均同比减少 4、研发投入 适用 □不适用 预计对公司未来发展 主要研发项目名称 项目目的 项目进展 拟达到的目标 的影响 面向投资、投研领域的复杂金融 全面赋能公司产品应 妙想金融大模型后训 提升大模型及其产品 应用场景，全面训练并提升妙想 已完成 用生态，提升产品服 练项目 应用的金融垂类能力 大模型的核心金融能力 务能力 15
300059 东方财富信息股份有限公司2025年年度报告全文 面向金融机构的新一 利用自研妙想大模型全面赋能 提升金融终端智能化 提升公司产品创新性 代数据终端智能化研 Choice金融终端，进一步适配主 已完成 和信创水平 和用户满意度 发项目 流信创操作系统 妙想投研助理创新研 聚焦投研全流程痛点，推出一系 提升机构投研工作效 提升公司产品创新性 已完成 发项目 列新型智能化提效工具 率 和市场竞争力 实现跨场景、高效率 构建一套基于AI大模型的框架系 的用户行为感知与智 行为驱动智能场景策 统，实时识别与分析用户行为， 提升用户体验和用户 已完成 能响应，推动智能化 略引擎系统项目 并提供个性化的智能应用与策略 满意度 服务的场景化落地与 推荐 规模化应用 构建创新性的智能财经数据多模 助力用户高效决策， 东方财富财经多模态 态交互引擎生态系统，整合多维 已完成 满足用户对财经信息 提升产品服务能力 智算引擎 度数据，为投资者提供全面、深 深度挖掘核心需求 度的财经数据分析服务 为个人用户、机构用 智能全媒体内容流聚 构建以人工智能为驱动的内容生 提升用户体验和用户 已完成 户等提供全财经领域 合平台 态体系 满意度 信息支持 构建一个集成文本、图像、音频 提升内容生产效率与 等多模态信息的视频内容自动生 端到端多模态视频合 多样性，满足用户对 增强公司产品服务能 成平台，支持财经资讯、市场解 已完成 成平台项目 动态可视化信息的需 力并提升用户体验 读等视频内容的快速生产与高效 求 分发 打造全生命周期数据 通过构建智能驱动的数据处理体 治理能力与生态级协 天天基金数据智算中 系，满足基金市场规模扩大、产 提升公司产品服务能 已完成 同服务，保障系统稳 枢 品类型丰富、业务创新需求增长 力和用户体验 定性、数据精准度与 带来的挑战 安全性 构建智能金融服务平台，打造多 提供多场景智能分析 天天基金智能体应用 场景金融大模型能力体系，为用 服务，满足投资者多 提升公司产品服务能 已完成 编排平台 户提供专业、及时、可理解的金 场景的金融信息获取 力，增强用户粘性 融数据解读与投资决策支持 需求 面向全球证券市场，构建低时延 提升海外市场证券交 哈富证券低时延策略 提升公司产品服务能 策略交易平台，满足投资者算法 已完成 易体验，满足投资者 计算平台 力和用户体验 交易诉求，赋能精准决策 对算法交易的诉求 公司研发人员情况 2025年 2024年 变动比例 研发人员数量（人） 1,973 1,868 5.62% 研发人员数量占比 30.81% 33.60% -2.79% 研发人员学历 本科及以下 1,499 1,416 5.86% 硕士 469 449 4.45% 博士 5 3 66.67% 研发人员年龄构成 30岁以下 842 847 -0.59% 30~40岁 959 906 5.85% 40岁以上 172 115 49.57% 近三年公司研发投入金额及占营业总收入的比例 2025年 2024年 2023年 研发投入金额（元） 1,066,549,339.24 1,142,623,276.82 1,080,649,176.70 研发投入占营业总收入比例 6.64% 9.85% 9.75% 16
300059 东方财富信息股份有限公司2025年年度报告全文 研发支出资本化的金额（元） 0.00 0.00 0.00 资本化研发支出占研发投入的比例 0.00% 0.00% 0.00% 资本化研发支出占当期净利润的比重 0.00% 0.00% 0.00% 公司研发人员构成发生重大变化的原因及影响 □适用 不适用 研发投入总额占营业总收入的比重较上年发生显著变化的原因 □适用 不适用 研发投入资本化率大幅变动的原因及其合理性说明 □适用 不适用 5、现金流 单位：元 项目 2025年 2024年 同比增减 经营活动现金流入小计 52,374,548,669.37 76,719,683,162.77 -31.73% 经营活动现金流出小计 62,596,794,314.51 32,131,810,271.34 94.81% 经营活动产生的现金流量净额 -10,222,245,645.14 44,587,872,891.43 -122.93% 投资活动现金流入小计 48,848,485,101.51 35,898,150,223.10 36.08% 投资活动现金流出小计 45,851,821,253.83 42,290,382,500.89 8.42% 投资活动产生的现金流量净额 2,996,663,847.68 -6,392,232,277.79 146.88% 筹资活动现金流入小计 63,869,970,894.69 49,513,972,847.44 28.99% 筹资活动现金流出小计 39,857,158,582.24 36,974,408,532.62 7.80% 筹资活动产生的现金流量净额 24,012,812,312.45 12,539,564,314.82 91.50% 现金及现金等价物净增加额 16,722,199,005.43 50,777,292,295.60 -67.07% 相关数据同比发生重大变动的主要影响因素说明 适用 □不适用 （1）报告期内，经营活动产生的现金流量净额同比减少，主要原因是为交易目的而持有的金融资产净增加额同比增加、代 理买卖证券收到的现金净额减少。 （2）报告期内，投资活动产生的现金流量净额同比增加，主要原因是收回投资所收到的现金同比增加。 （3）报告期内，筹资活动产生的现金流量净额同比增加，主要原因是发行债券收到的现金同比增加。 报告期内公司经营活动产生的现金净流量与本年度净利润存在重大差异的原因说明 适用 □不适用 报告期内，公司经营活动产生的现金流量净额与本年度净利润存在较大差异，主要与公司所处行业的现金流特点相关。公 司的客户交易结算资金、融出资金、购买和处置金融资产等业务涉及较大现金流量，但与净利润关联度不高。 五、非主营业务情况 □适用 不适用 六、资产及负债状况分析 1、资产构成重大变动情况 单位：元 17
300059 东方财富信息股份有限公司2025年年度报告全文 2025年末 2025年初 比重增减 金额 占总资产比例 金额 占总资产比例 货币资金 124,282,846,610.66 31.63% 101,258,983,590.34 33.05% -1.42% 结算备付金 19,577,227,926.13 4.98% 21,178,930,668.24 6.91% -1.93% 融出资金 80,846,899,699.99 20.58% 58,857,796,131.56 19.21% 1.37% 交易性金融资产 109,505,146,380.99 27.87% 73,548,964,309.34 24.01% 3.86% 应收账款 920,964,216.86 0.23% 737,866,444.91 0.24% -0.01% 其他应收款 21,715,182,461.41 5.53% 9,194,113,993.63 3.00% 2.53% 长期股权投资 324,427,092.69 0.08% 323,245,154.48 0.11% -0.03% 投资性房地产 333,191,299.26 0.08% 0.08% 固定资产 2,727,604,469.25 0.69% 2,316,167,738.48 0.76% -0.07% 在建工程 7,619,864.80 0.00% 804,353,031.11 0.26% -0.26% 使用权资产 160,078,401.52 0.04% 142,991,262.32 0.05% -0.01% 短期借款 7,014,472,966.55 1.79% 5,531,145,905.63 1.81% -0.02% 应付短期融资券 34,058,779,145.20 8.67% 15,884,621,772.43 5.18% 3.49% 合同负债 183,505,378.26 0.05% 166,985,568.45 0.05% 0.00% 卖出回购金融资产款 39,991,810,411.33 10.18% 32,744,714,619.28 10.69% -0.51% 代理买卖证券款 141,082,176,957.66 35.90% 111,778,622,367.41 36.48% -0.58% 一年内到期的非流动负债 13,151,025,321.87 3.35% 15,825,632,762.64 5.17% -1.82% 应付债券 27,939,491,808.28 7.11% 18,850,795,382.92 6.15% 0.96% 租赁负债 100,785,768.81 0.03% 84,106,829.26 0.03% 0.00% 境外资产占比较高 □适用 不适用 2、以公允价值计量的资产和负债 适用 □不适用 单位：万元 计入权益的 本期公允价 本期计提 本期购买 本期出售 项目 期初数 本期公允价 其他变动 期末数 值变动损益 的减值 金额 金额 值变动 金融资产 1.交易性金 融资产（不 7,354,896.43 8,774.51 477,329,318.04 473,742,430.84 -43.50 10,950,514.64 含衍生金融 资产） 2.衍生金融 13,012.35 373.41 68.12 71.40 -2,485.79 10,896.69 资产 3. 其他债权 投资/一年内 1,130,644.83 -15,403.29 -199.92 855,928.42 1,149,627.75 -332.50 821,209.71 到期的其他 债权投资 4.其他权益 987,710.17 -10,789.26 157,196.01 591,572.54 542,544.38 工具投资 18
300059 东方财富信息股份有限公司2025年年度报告全文 5.其他非流 45,070.60 -10,701.97 12,000.14 5,954.63 40,414.14 动金融资产 上述合计 9,531,334.38 -1,554.05 -26,192.55 -199.92 478,354,510.73 475,489,657.16 -2,861.79 12,365,579.56 金融负债 1、交易性 金融负债(不 629,051.69 -15,755.16 26,101,542.55 25,349,477.45 1,396,871.95 含衍生金融 负债) 2、衍生金 11,526.07 -10,731.43 31.16 176.00 -6,183.37 15,929.29 融负债 3、其他非 -23.87 7,000.00 5,000.00 - 2,023.87 流动负债 上述合计 640,577.76 -26,510.46 26,108,573.71 25,354,653.45 -6,183.37 1,414,825.11 注：其他变动主要是衍生金融工具无负债结算及外币资产汇率变动的影响。 报告期内公司主要资产计量属性是否发生重大变化 □是 否 3、截至报告期末的资产权利受限情况 单位：元 项目 期末账面金额 受限类型 受限原因 卖出回购交易质押/转让、债券借贷、 交易性金融资产 38,868,451,589.70 质押/转让、保证金 衍生业务保证金 其他债权投资/一年内 3,332,417,613.74 质押 卖出回购交易质押、债券借贷 到期的其他债权投资 其他权益工具投资 2,864,567,135.00 质押 卖出回购交易质押、债券借贷 货币资金 37,241,835.99 使用受限、保证金 一般风险准备金及其他 合计 45,102,678,174.43 七、投资状况分析 1、总体情况 适用 □不适用 报告期投资额（元） 上年同期投资额（元） 变动幅度 45,851,821,253.83 42,290,382,500.89 8.42% 2、报告期内获取的重大的股权投资情况 □适用 不适用 3、报告期内正在进行的重大的非股权投资情况 适用 □不适用 单位：元 19
300059 东方财富信息股份有限公司2025年年度报告全文 未达到计 是否为 截至报告期末 投资项目 本报告期 划进度和 项目名称 投资方式 固定资 累计实际投入 资金来源 项目进度 涉及行业 投入金额 预计收益 产投资 金额 的原因 嘉定新城 办公楼及 自有资金及 中心B16-1 自建 是 67,797,345.16 812,524,711.86 100.00% 不适用 配套 银行贷款 地块项目 合计 -- -- -- 67,797,345.16 812,524,711.86 -- -- -- 4、金融资产投资 （1） 证券投资情况 适用 □不适用 单位：万元 本期公允 计入权益的 证券 证券 最初投资 会计计量 期初账 本期购买 本期出售 报告期 期末账面 会计核算 资金 证券简称 价值变动 累计公允价 品种 代码 成本 模式 面价值 金额 金额 损益 价值 科目 来源 损益 值变动 东财沪深 公允价值 交易性金 基金 023423 13,500.00 13,500.00 13,500.00 251.83 300E 计量 融资产 自有 东财 公允价值 交易性金 资金 基金 023863 6,000.00 6,000.00 6,000.00 1.85 A500A 计量 融资产 合计 19,500.00 19,500.00 19,500.00 253.68 -- -- 注：上表未包括主营业务为金融类业务的子公司的证券投资。 （2） 衍生品投资情况 □适用 不适用 公司报告期不存在衍生品投资（主营业务为金融类业务的子公司的衍生品投资除外）。 八、重大资产和股权出售 1、出售重大资产情况 □适用 不适用 公司报告期未出售重大资产。 2、出售重大股权情况 □适用 不适用 九、主要控股参股公司分析 适用 □不适用 主要子公司及对公司净利润影响达10%以上的参股公司情况 单位：亿元 20
300059 东方财富信息股份有限公司2025年年度报告全文 公司名称 公司类型 主要业务 注册资本 总资产 净资产 营业总收入 营业利润 净利润 东方财富证券 子公司 证券经纪、融资融券业务等 127.00 3,320.82 747.48 136.72 101.98 88.78 天天基金 子公司 基金销售 3.38 296.44 18.88 32.03 2.39 1.80 报告期内取得和处置子公司的情况 适用 □不适用 相关情况具体请见本报告“财务报告附注九、合并范围的变更”。 十、公司控制的结构化主体情况 适用 □不适用 本年合并范围内新增10只结构化主体，减少5只结构化主体。于2025年12月31日，共有49只产品因本公司享有的可变 回报重大而纳入本公司财务报表的合并范围。公司纳入合并范围的结构化主体主要为本公司之子公司作为管理人或投资者 的资产管理计划、基金等。公司参与该等结构化主体的相关活动享有的可变回报影响重大，并且有能力运用对该等结构化 主体的权力影响其回报金额。 十一、公司未来发展的展望 （一）未来发展战略 公司始终坚持以用户为中心，打造一站式互联网财富管理生态圈，为用户创造更多价值。 （二）2026年度经营计划 2026 年，公司将持续保持战略定力，秉持长期主义理念，把握资本市场发展机遇，以用户需求为中 心，依托科技赋能财富管理业务，推动财富管理服务向智能化转型。公司将持续探索大数据、人工智能 等新技术在产品与服务中的落地应用，不断拓展科技渗透的深度与广度，优化产品及服务体验，进一步 巩固核心竞争优势，全方位推进公司高质量发展。 1、拥抱人工智能时代，巩固核心竞争优势 公司秉持“以人为本”理念，积极引进和培育研发技术创新团队，不断探索行业前沿科技。未来， 公司将继续加大人工智能研发技术投入，向精细化、专业化、智慧化进阶，以自研金融大模型为核心引 擎，持续提升妙想大模型的产品及服务能力。通过搭建多元算力网络、丰富业务数据资源库，完善垂类 模型训练及推理体系，构建智能化、一体化的金融服务生态；借助人工智能在各业务场景的应用，提升 产品服务质量与效率，给用户带来更加个性化、更主动的全周期 AI 优质服务体验。同时，公司持续提升 金融数据的全面性与实时性，基于行业需求增强业务前瞻性，不断探索AI+金融创新模式，进一步巩固和 提升核心竞争优势。 2、深耕数字金融领域，优化综合服务生态 公司持续拓展和优化财富管理生态圈，打造个性化、智能化、专业化的全方位财富管理服务体系， 不断提升金融服务水平和综合竞争实力。东方财富证券聚焦财富管理与资管业务，致力于成为领先的创 新互联网券商，持续推进资管业务创新及产品线建设，以大类资产配置为方向，不断丰富产品体系，满 足不同客户的资产配置需求。同时，不断完善机构客户综合服务解决方案，在研究、做市等业务领域积 累市场口碑，提升公司综合金融品牌影响力。 3、深化智慧服务能力，推动基金销售发展 21",windowed_extraction_review_required
300059.SZ,AR_300059_SZ_2025,r_and_d,15,26,"300059 东方财富信息股份有限公司2025年年度报告全文 主要客户其他情况说明 适用 □不适用 前五名客户与公司不存在关联关系，公司董事、高级管理人员、持股5%以上股东、实际控制人与其他关联方在主要客户 中没有直接或间接拥有权益。 公司主要供应商情况 前五名供应商合计采购金额（元） 486,525,767.84 前五名供应商合计采购金额占年度采购总额比例 25.84% 前五名供应商采购额中关联方采购额占年度采购总额比例 0.00% 公司前5名供应商资料 序号 供应商名称 采购额（元） 占年度采购总额比例 1 供应商一 128,999,572.60 6.85% 2 供应商二 110,958,978.18 5.89% 3 供应商三 99,591,835.89 5.29% 4 供应商四 85,084,441.62 4.52% 5 供应商五 61,890,939.55 3.29% 合计 -- 486,525,767.84 25.84% 主要供应商其他情况说明 适用 □不适用 前五名供应商与公司不存在关联关系，公司董事、高级管理人员、持股5%以上股东、实际控制人与其他关联方在主要供 应商中没有直接或间接拥有权益。 报告期内公司贸易业务收入占营业收入比例超过10% □适用 不适用 3、费用 单位：元 2025年 2024年 同比增减 重大变动说明 销售费用 384,984,747.38 321,858,255.84 19.61% 管理费用 2,721,420,204.02 2,329,548,830.58 16.82% 研发费用 1,066,549,339.24 1,142,623,276.82 -6.66% 财务费用 -93,939,280.91 -150,760,107.50 -37.69% 利息收入与利息支出均同比减少 4、研发投入 适用 □不适用 预计对公司未来发展 主要研发项目名称 项目目的 项目进展 拟达到的目标 的影响 面向投资、投研领域的复杂金融 全面赋能公司产品应 妙想金融大模型后训 提升大模型及其产品 应用场景，全面训练并提升妙想 已完成 用生态，提升产品服 练项目 应用的金融垂类能力 大模型的核心金融能力 务能力 15
300059 东方财富信息股份有限公司2025年年度报告全文 面向金融机构的新一 利用自研妙想大模型全面赋能 提升金融终端智能化 提升公司产品创新性 代数据终端智能化研 Choice金融终端，进一步适配主 已完成 和信创水平 和用户满意度 发项目 流信创操作系统 妙想投研助理创新研 聚焦投研全流程痛点，推出一系 提升机构投研工作效 提升公司产品创新性 已完成 发项目 列新型智能化提效工具 率 和市场竞争力 实现跨场景、高效率 构建一套基于AI大模型的框架系 的用户行为感知与智 行为驱动智能场景策 统，实时识别与分析用户行为， 提升用户体验和用户 已完成 能响应，推动智能化 略引擎系统项目 并提供个性化的智能应用与策略 满意度 服务的场景化落地与 推荐 规模化应用 构建创新性的智能财经数据多模 助力用户高效决策， 东方财富财经多模态 态交互引擎生态系统，整合多维 已完成 满足用户对财经信息 提升产品服务能力 智算引擎 度数据，为投资者提供全面、深 深度挖掘核心需求 度的财经数据分析服务 为个人用户、机构用 智能全媒体内容流聚 构建以人工智能为驱动的内容生 提升用户体验和用户 已完成 户等提供全财经领域 合平台 态体系 满意度 信息支持 构建一个集成文本、图像、音频 提升内容生产效率与 等多模态信息的视频内容自动生 端到端多模态视频合 多样性，满足用户对 增强公司产品服务能 成平台，支持财经资讯、市场解 已完成 成平台项目 动态可视化信息的需 力并提升用户体验 读等视频内容的快速生产与高效 求 分发 打造全生命周期数据 通过构建智能驱动的数据处理体 治理能力与生态级协 天天基金数据智算中 系，满足基金市场规模扩大、产 提升公司产品服务能 已完成 同服务，保障系统稳 枢 品类型丰富、业务创新需求增长 力和用户体验 定性、数据精准度与 带来的挑战 安全性 构建智能金融服务平台，打造多 提供多场景智能分析 天天基金智能体应用 场景金融大模型能力体系，为用 服务，满足投资者多 提升公司产品服务能 已完成 编排平台 户提供专业、及时、可理解的金 场景的金融信息获取 力，增强用户粘性 融数据解读与投资决策支持 需求 面向全球证券市场，构建低时延 提升海外市场证券交 哈富证券低时延策略 提升公司产品服务能 策略交易平台，满足投资者算法 已完成 易体验，满足投资者 计算平台 力和用户体验 交易诉求，赋能精准决策 对算法交易的诉求 公司研发人员情况 2025年 2024年 变动比例 研发人员数量（人） 1,973 1,868 5.62% 研发人员数量占比 30.81% 33.60% -2.79% 研发人员学历 本科及以下 1,499 1,416 5.86% 硕士 469 449 4.45% 博士 5 3 66.67% 研发人员年龄构成 30岁以下 842 847 -0.59% 30~40岁 959 906 5.85% 40岁以上 172 115 49.57% 近三年公司研发投入金额及占营业总收入的比例 2025年 2024年 2023年 研发投入金额（元） 1,066,549,339.24 1,142,623,276.82 1,080,649,176.70 研发投入占营业总收入比例 6.64% 9.85% 9.75% 16
300059 东方财富信息股份有限公司2025年年度报告全文 研发支出资本化的金额（元） 0.00 0.00 0.00 资本化研发支出占研发投入的比例 0.00% 0.00% 0.00% 资本化研发支出占当期净利润的比重 0.00% 0.00% 0.00% 公司研发人员构成发生重大变化的原因及影响 □适用 不适用 研发投入总额占营业总收入的比重较上年发生显著变化的原因 □适用 不适用 研发投入资本化率大幅变动的原因及其合理性说明 □适用 不适用 5、现金流 单位：元 项目 2025年 2024年 同比增减 经营活动现金流入小计 52,374,548,669.37 76,719,683,162.77 -31.73% 经营活动现金流出小计 62,596,794,314.51 32,131,810,271.34 94.81% 经营活动产生的现金流量净额 -10,222,245,645.14 44,587,872,891.43 -122.93% 投资活动现金流入小计 48,848,485,101.51 35,898,150,223.10 36.08% 投资活动现金流出小计 45,851,821,253.83 42,290,382,500.89 8.42% 投资活动产生的现金流量净额 2,996,663,847.68 -6,392,232,277.79 146.88% 筹资活动现金流入小计 63,869,970,894.69 49,513,972,847.44 28.99% 筹资活动现金流出小计 39,857,158,582.24 36,974,408,532.62 7.80% 筹资活动产生的现金流量净额 24,012,812,312.45 12,539,564,314.82 91.50% 现金及现金等价物净增加额 16,722,199,005.43 50,777,292,295.60 -67.07% 相关数据同比发生重大变动的主要影响因素说明 适用 □不适用 （1）报告期内，经营活动产生的现金流量净额同比减少，主要原因是为交易目的而持有的金融资产净增加额同比增加、代 理买卖证券收到的现金净额减少。 （2）报告期内，投资活动产生的现金流量净额同比增加，主要原因是收回投资所收到的现金同比增加。 （3）报告期内，筹资活动产生的现金流量净额同比增加，主要原因是发行债券收到的现金同比增加。 报告期内公司经营活动产生的现金净流量与本年度净利润存在重大差异的原因说明 适用 □不适用 报告期内，公司经营活动产生的现金流量净额与本年度净利润存在较大差异，主要与公司所处行业的现金流特点相关。公 司的客户交易结算资金、融出资金、购买和处置金融资产等业务涉及较大现金流量，但与净利润关联度不高。 五、非主营业务情况 □适用 不适用 六、资产及负债状况分析 1、资产构成重大变动情况 单位：元 17
300059 东方财富信息股份有限公司2025年年度报告全文 2025年末 2025年初 比重增减 金额 占总资产比例 金额 占总资产比例 货币资金 124,282,846,610.66 31.63% 101,258,983,590.34 33.05% -1.42% 结算备付金 19,577,227,926.13 4.98% 21,178,930,668.24 6.91% -1.93% 融出资金 80,846,899,699.99 20.58% 58,857,796,131.56 19.21% 1.37% 交易性金融资产 109,505,146,380.99 27.87% 73,548,964,309.34 24.01% 3.86% 应收账款 920,964,216.86 0.23% 737,866,444.91 0.24% -0.01% 其他应收款 21,715,182,461.41 5.53% 9,194,113,993.63 3.00% 2.53% 长期股权投资 324,427,092.69 0.08% 323,245,154.48 0.11% -0.03% 投资性房地产 333,191,299.26 0.08% 0.08% 固定资产 2,727,604,469.25 0.69% 2,316,167,738.48 0.76% -0.07% 在建工程 7,619,864.80 0.00% 804,353,031.11 0.26% -0.26% 使用权资产 160,078,401.52 0.04% 142,991,262.32 0.05% -0.01% 短期借款 7,014,472,966.55 1.79% 5,531,145,905.63 1.81% -0.02% 应付短期融资券 34,058,779,145.20 8.67% 15,884,621,772.43 5.18% 3.49% 合同负债 183,505,378.26 0.05% 166,985,568.45 0.05% 0.00% 卖出回购金融资产款 39,991,810,411.33 10.18% 32,744,714,619.28 10.69% -0.51% 代理买卖证券款 141,082,176,957.66 35.90% 111,778,622,367.41 36.48% -0.58% 一年内到期的非流动负债 13,151,025,321.87 3.35% 15,825,632,762.64 5.17% -1.82% 应付债券 27,939,491,808.28 7.11% 18,850,795,382.92 6.15% 0.96% 租赁负债 100,785,768.81 0.03% 84,106,829.26 0.03% 0.00% 境外资产占比较高 □适用 不适用 2、以公允价值计量的资产和负债 适用 □不适用 单位：万元 计入权益的 本期公允价 本期计提 本期购买 本期出售 项目 期初数 本期公允价 其他变动 期末数 值变动损益 的减值 金额 金额 值变动 金融资产 1.交易性金 融资产（不 7,354,896.43 8,774.51 477,329,318.04 473,742,430.84 -43.50 10,950,514.64 含衍生金融 资产） 2.衍生金融 13,012.35 373.41 68.12 71.40 -2,485.79 10,896.69 资产 3. 其他债权 投资/一年内 1,130,644.83 -15,403.29 -199.92 855,928.42 1,149,627.75 -332.50 821,209.71 到期的其他 债权投资 4.其他权益 987,710.17 -10,789.26 157,196.01 591,572.54 542,544.38 工具投资 18
300059 东方财富信息股份有限公司2025年年度报告全文 5.其他非流 45,070.60 -10,701.97 12,000.14 5,954.63 40,414.14 动金融资产 上述合计 9,531,334.38 -1,554.05 -26,192.55 -199.92 478,354,510.73 475,489,657.16 -2,861.79 12,365,579.56 金融负债 1、交易性 金融负债(不 629,051.69 -15,755.16 26,101,542.55 25,349,477.45 1,396,871.95 含衍生金融 负债) 2、衍生金 11,526.07 -10,731.43 31.16 176.00 -6,183.37 15,929.29 融负债 3、其他非 -23.87 7,000.00 5,000.00 - 2,023.87 流动负债 上述合计 640,577.76 -26,510.46 26,108,573.71 25,354,653.45 -6,183.37 1,414,825.11 注：其他变动主要是衍生金融工具无负债结算及外币资产汇率变动的影响。 报告期内公司主要资产计量属性是否发生重大变化 □是 否 3、截至报告期末的资产权利受限情况 单位：元 项目 期末账面金额 受限类型 受限原因 卖出回购交易质押/转让、债券借贷、 交易性金融资产 38,868,451,589.70 质押/转让、保证金 衍生业务保证金 其他债权投资/一年内 3,332,417,613.74 质押 卖出回购交易质押、债券借贷 到期的其他债权投资 其他权益工具投资 2,864,567,135.00 质押 卖出回购交易质押、债券借贷 货币资金 37,241,835.99 使用受限、保证金 一般风险准备金及其他 合计 45,102,678,174.43 七、投资状况分析 1、总体情况 适用 □不适用 报告期投资额（元） 上年同期投资额（元） 变动幅度 45,851,821,253.83 42,290,382,500.89 8.42% 2、报告期内获取的重大的股权投资情况 □适用 不适用 3、报告期内正在进行的重大的非股权投资情况 适用 □不适用 单位：元 19
300059 东方财富信息股份有限公司2025年年度报告全文 未达到计 是否为 截至报告期末 投资项目 本报告期 划进度和 项目名称 投资方式 固定资 累计实际投入 资金来源 项目进度 涉及行业 投入金额 预计收益 产投资 金额 的原因 嘉定新城 办公楼及 自有资金及 中心B16-1 自建 是 67,797,345.16 812,524,711.86 100.00% 不适用 配套 银行贷款 地块项目 合计 -- -- -- 67,797,345.16 812,524,711.86 -- -- -- 4、金融资产投资 （1） 证券投资情况 适用 □不适用 单位：万元 本期公允 计入权益的 证券 证券 最初投资 会计计量 期初账 本期购买 本期出售 报告期 期末账面 会计核算 资金 证券简称 价值变动 累计公允价 品种 代码 成本 模式 面价值 金额 金额 损益 价值 科目 来源 损益 值变动 东财沪深 公允价值 交易性金 基金 023423 13,500.00 13,500.00 13,500.00 251.83 300E 计量 融资产 自有 东财 公允价值 交易性金 资金 基金 023863 6,000.00 6,000.00 6,000.00 1.85 A500A 计量 融资产 合计 19,500.00 19,500.00 19,500.00 253.68 -- -- 注：上表未包括主营业务为金融类业务的子公司的证券投资。 （2） 衍生品投资情况 □适用 不适用 公司报告期不存在衍生品投资（主营业务为金融类业务的子公司的衍生品投资除外）。 八、重大资产和股权出售 1、出售重大资产情况 □适用 不适用 公司报告期未出售重大资产。 2、出售重大股权情况 □适用 不适用 九、主要控股参股公司分析 适用 □不适用 主要子公司及对公司净利润影响达10%以上的参股公司情况 单位：亿元 20
300059 东方财富信息股份有限公司2025年年度报告全文 公司名称 公司类型 主要业务 注册资本 总资产 净资产 营业总收入 营业利润 净利润 东方财富证券 子公司 证券经纪、融资融券业务等 127.00 3,320.82 747.48 136.72 101.98 88.78 天天基金 子公司 基金销售 3.38 296.44 18.88 32.03 2.39 1.80 报告期内取得和处置子公司的情况 适用 □不适用 相关情况具体请见本报告“财务报告附注九、合并范围的变更”。 十、公司控制的结构化主体情况 适用 □不适用 本年合并范围内新增10只结构化主体，减少5只结构化主体。于2025年12月31日，共有49只产品因本公司享有的可变 回报重大而纳入本公司财务报表的合并范围。公司纳入合并范围的结构化主体主要为本公司之子公司作为管理人或投资者 的资产管理计划、基金等。公司参与该等结构化主体的相关活动享有的可变回报影响重大，并且有能力运用对该等结构化 主体的权力影响其回报金额。 十一、公司未来发展的展望 （一）未来发展战略 公司始终坚持以用户为中心，打造一站式互联网财富管理生态圈，为用户创造更多价值。 （二）2026年度经营计划 2026 年，公司将持续保持战略定力，秉持长期主义理念，把握资本市场发展机遇，以用户需求为中 心，依托科技赋能财富管理业务，推动财富管理服务向智能化转型。公司将持续探索大数据、人工智能 等新技术在产品与服务中的落地应用，不断拓展科技渗透的深度与广度，优化产品及服务体验，进一步 巩固核心竞争优势，全方位推进公司高质量发展。 1、拥抱人工智能时代，巩固核心竞争优势 公司秉持“以人为本”理念，积极引进和培育研发技术创新团队，不断探索行业前沿科技。未来， 公司将继续加大人工智能研发技术投入，向精细化、专业化、智慧化进阶，以自研金融大模型为核心引 擎，持续提升妙想大模型的产品及服务能力。通过搭建多元算力网络、丰富业务数据资源库，完善垂类 模型训练及推理体系，构建智能化、一体化的金融服务生态；借助人工智能在各业务场景的应用，提升 产品服务质量与效率，给用户带来更加个性化、更主动的全周期 AI 优质服务体验。同时，公司持续提升 金融数据的全面性与实时性，基于行业需求增强业务前瞻性，不断探索AI+金融创新模式，进一步巩固和 提升核心竞争优势。 2、深耕数字金融领域，优化综合服务生态 公司持续拓展和优化财富管理生态圈，打造个性化、智能化、专业化的全方位财富管理服务体系， 不断提升金融服务水平和综合竞争实力。东方财富证券聚焦财富管理与资管业务，致力于成为领先的创 新互联网券商，持续推进资管业务创新及产品线建设，以大类资产配置为方向，不断丰富产品体系，满 足不同客户的资产配置需求。同时，不断完善机构客户综合服务解决方案，在研究、做市等业务领域积 累市场口碑，提升公司综合金融品牌影响力。 3、深化智慧服务能力，推动基金销售发展 21
300059 东方财富信息股份有限公司2025年年度报告全文 公司将坚持以用户需求为中心，持续推动天天基金财富管理服务从“智能化”向“智慧化”升级， 多维度打造专业、高端、智慧、有温度的服务体验。公司将深化前瞻 AI 落地应用，强化个性化需求与精 准服务相匹配，全面提升用户体验；同时升级全链路财富管理服务，加强与基金投顾机构合作，构建投 前、投中、投后一体化的陪伴式服务；并积极打造开放共生的财富管理生态，与合作伙伴共同创新，致 力成为用户终身信赖的财富伙伴。 4、聚焦主业练好内功，完善财富管理生态圈 自成立以来，公司始终坚守“用户第一、正直敬业、合作创新”的核心价值观，深耕互联网财富管 理领域，依托内源式创新发展模式，围绕核心主业强化前沿研究与业务探索，不断提升一体化财富管理 服务效能，精准响应投资者多元化、高品质的财富管理诉求。作为金融科技企业，公司始终以技术创新 为核心驱动力，紧跟行业技术前沿，抢抓人工智能发展窗口期，大力推进智能金融领域的技术攻关与规 模化应用，持续构建开放协同的互联网财富管理生态圈，赋能金融产业数字化、智能化转型，不断增强 市场竞争力与行业引领力。 5、持续完善公司治理，夯实长期投资价值 公司将公司治理与内控体系建设作为发展基石，恪守诚信合规准则，坚持规范运作。通过深化内控 合规建设，打造现代化、高效化、规范化治理架构，全面提升治理能力与运营质效，为高质量发展筑牢 根基，增强长期投资吸引力。同时，公司秉持可持续发展理念，积极践行社会责任，实现企业价值与社 会价值、生态价值的有机统一与协同共进。 6、积极开展投资者沟通，践行投资者为本理念 公司在聚焦主营业务高质量发展的同时，高度重视投资者关系管理体系建设，着力构建多元化、便 捷化、高效化的投资者沟通渠道。依托公司官方网站投资者关系专栏、“财富号”自媒体平台、投资者 咨询热线及邮箱、网上业绩说明会、股东会等多种载体形式，与各类投资者开展沟通交流，全面传递公 司经营实况、发展战略与核心经营理念，增进投资者对公司的认知度与价值认同感，合理引导并稳定市 场预期，切实将投资者为本的核心理念贯穿经营管理全过程。 （三）公司可能面临的行业风险 1、行业及业务受资本市场景气度波动影响的风险 公司所提供的一站式互联网财富管理服务，与资本市场的景气度具有较高的相关性，一旦资本市场 景气度下降，市场活跃度和投资者热情均会受到直接影响，可能抑制投资者对互联网财富管理服务的市 场需求，进而影响公司整体业务的盈利能力。 应对措施：公司将积极推进和实施公司整体战略，坚持以用户需求为中心，进一步加强战略投入， 强化技术和产品的研发创新，不断拓展和完善生态圈服务的内容，进一步提高综合服务能力、质量和水 平，持续提升用户体验，巩固和增强用户规模优势和用户黏性优势，提高公司整体竞争实力。未来，随 着财富管理生态圈的逐步完善，公司所提供的专业服务，将更加丰富和多元，各业务板块之间协同效应 将大大增强，资本市场景气度波动对公司业务带来的影响也将会降低。 2、互联网信息传输及交易系统安全运行风险 公司商业模式的持续运作和盈利模式的有效实施，有赖于公司互联网信息传输及交易系统的安全运 行。如果出现互联网系统安全运行问题，可能造成公司网站、APP 产品不能正常访问，部分用户不能正 常使用等后果，进而降低用户体验和满意度，甚至给公司品牌形象带来不利影响。 22
300059 东方财富信息股份有限公司2025年年度报告全文 应对措施：互联网系统安全稳定运行重于泰山，公司始终把它放在最重要的位置。公司会扎扎实实 优化数据库本地与异地灾备管理，强化应急预警及处置机制，加大科技应用及拓展，完善内部软硬件管 理规范，严格执行内部实时监控流程，以持续保障信息系统与网络系统稳定运行。 3、宏观经济及行业政策风险 一方面，国家宏观调控措施、宏观政策、利率、汇率的变动及调整等与资本市场的走势密切相关， 直接影响资本市场景气度，进而影响公司业务具体经营；另一方面，证券行业、基金行业是高度受监管 的行业，监管部门出台的监管政策会直接影响公司相关业务经营活动，若公司在日常经营中未能及时主 动适应政策法规的变化，会在一定程度上影响公司业务发展及盈利能力。 应对措施：公司致力于构建人与财富的金融生态圈，提供集财经、证券、基金、期货、社交服务等 一站式互联网财富管理服务，为用户创造更多价值。公司会积极支持和响应各项惠民行业政策，严格按 照相关要求规范开展各项业务，持续加强产品服务创新，大力提升产品竞争力和吸引力，扩大用户规模 基础；同时围绕主营业务，以用户需求为中心，进一步拓展和延伸公司服务链，打造业务发展新引擎。 4、行业竞争进一步加剧的风险 鉴于行业广阔的发展前景、国内资本市场的进一步健全开放和相关政策的出台，行业的参与者将越 来越多，相关费率市场化程度会越来越高，行业竞争将会进一步加剧，缺乏竞争力和核心优势的企业将 会被市场淘汰，如果公司不能紧跟行业发展形势，提高公司的竞争力和核心优势，可能将无法适应激烈 的行业竞争。 应对措施：公司将进一步立足于整体战略定位，持续加大研发投入和科技应用，紧密跟踪行业发展 趋势和前沿创新技术，进一步巩固和强化公司在用户访问量、用户黏性及技术方面的核心竞争优势，进 一步夯实公司可持续健康发展的基础。 5、法律合规风险 随着行业发展的进一步深入，监管行业发展的法律、法规等将会越来越规范和完善，相关监管力度 会不断加强。对于政策及法律尚未明确的领域，若在经营中不能适应政策的变化，违反相关法律法规和 政策的有关规定，可能会受到监管机构罚款、暂停或取消业务资格等行政处罚。 应对措施：公司一直坚持规范运作，严格按照相关法律法规和政策规定开展公司业务。公司将进一 步加强落实主动合规意识和全面风险管理工作，深化全员合规理念，不断完善全面风险管理体系与风险 管理机制，保障公司合规风险管控能力与业务发展相适应。同时，公司积极跟踪和研究行业相关政策及 变化，以用户需求为中心，根据市场发展情况，在政策允许和条件成熟时，积极把握新的机遇，努力实 现公司的整体战略目标。 十二、报告期内接待调研、沟通、采访等活动登记表 适用 □不适用 接待时间 接待地点 接待方式 接待对象 谈论的主要内容及提供的资料 调研的基本情况索引 网络平台 2025年04月03日 线上 在线投资者 公司2024年度经营及业绩情况 http://irm.cninfo.com.cn/ 线上交流 十三、市值管理制度和估值提升计划的制定落实情况 公司是否制定了市值管理制度。 是 □否 23
300059 东方财富信息股份有限公司2025年年度报告全文 公司是否披露了估值提升计划。 □是 否 公司已制定《东方财富信息股份有限公司市值管理制度》。报告期内，公司严格执行相关制度，认真做好经营管理，持续 提升公司投资价值。 十四、“质量回报双提升”行动方案贯彻落实情况 公司是否披露了“质量回报双提升”行动方案公告。 是 □否 公司“质量回报双提升”行动方案贯彻落实情况见公司于2026年3月20日披露的《公司关于质量回报双提升行动方案的 进展公告》。 24
300059 东方财富信息股份有限公司2025年年度报告全文 第四节 公司治理、环境和社会 一、公司治理的基本状况 报告期内，公司严格按照《公司法》《证券法》《上市公司治理准则》《上市公司信息披露管理办 法》《深圳证券交易所创业板股票上市规则》《深圳证券交易所上市公司自律监管指引第2号——创业板 上市公司规范运作》《上市公司独立董事管理办法》等法律法规、规范性文件及监管部门的相关规定和 要求，不断完善公司的法人治理结构，坚持规范运作，建立健全公司内部控制制度，有效防范风险，严 格履行信息披露义务，积极开展投资者关系管理，有效推进 ESG 建设，保障全体股东合法权利，持续提 升公司治理水平。 报告期内，为全面贯彻落实新《公司法》，进一步完善公司治理结构，提升公司规范运作水平，根 据《公司法》《证券法》《上市公司章程指引》《上市公司治理准则》《关于新〈公司法〉配套制度规 则实施相关过渡期安排》等法律法规、规范性文件的规定，结合公司实际情况，公司修订了《公司章程》 《公司股东会议事规则》《公司董事会议事规则》等制度，并对组织架构作出调整，不再设置监事会和 合规总监，撤销内控合规部，其部分职能并入审计监察部；同时，公司整合法务及合规力量，组建法律 合规部。报告期内，公司制定了《公司董事、高级管理人员薪酬管理制度》《公司董事、高级管理人员 离职管理制度》，废止了《公司监事会议事规则》《公司银行间债券市场非金融企业债务融资工具信息 披露事务管理制度》。 （一）股东与股东会 公司严格按照《公司法》《证券法》《上市公司股东会规则》《公司章程》《公司股东会议事规则》 等相关法律法规、规范性文件和公司规章制度的有关规定和要求，规范股东会召集、召开、表决程序， 平等对待所有股东，确保股东能够充分行使自己的股东权利，并承担相应的义务。报告期内，公司共召 开2次股东会，均由公司董事会召集召开，经见证律师进行现场见证并出具法律意见书，所有议案均获表 决通过。 （二）公司与控股股东 公司控股股东、实际控制人严格按照《上市公司治理准则》《深圳证券交易所创业板股票上市规则》 《深圳证券交易所上市公司自律监管指引第2号——创业板上市公司规范运作》《公司章程》等相关规定 和要求，严格规范自身的行为，依法行使其权利并承担相应义务，不存在利用其控制权损害上市公司及 其他股东的合法权益的情形，不存在超越公司股东会直接或间接干预公司的决策和经营活动的行为，未 损害公司及其他股东的利益。公司拥有独立完整的主营业务和自主经营能力，在业务、人员、资产、机 构、财务上均独立于控股股东、实际控制人，公司董事会和内部机构独立运作，独立行使经营管理权， 不存在与控股股东、实际控制人及其关联人存在机构混同等影响公司独立经营的情形。公司不存在控股 股东占用公司资金或为控股股东提供担保的情形。 （三）董事与董事会 公司第六届董事会由6名董事组成，其中独立董事2名，达到公司董事总数的1/3。公司于2025年12 月15日召开公司2025年第一次临时股东会及第七届董事会第一次会议，圆满完成了第七届董事会的换届 选举及高级管理人员的聘任工作。公司第七届董事会由6名董事组成，其中独立董事2名，职工代表董事 1 名。公司董事会的人数及人员构成及选聘程序等符合法律、法规和《公司章程》的要求。报告期内，公 司共召开6次董事会会议，董事会会议的召集、召开程序符合法律法规和《公司章程》的规定。 25
300059 东方财富信息股份有限公司2025年年度报告全文 公司董事会下设的战略与可持续发展委员会、提名委员会、薪酬与考核委员会、审计委员会四个专 门委员会，对公司董事会负责，并配套制定各专门委员会工作细则，明确权责、决策程序和议事规则， 保障董事会决策的客观性和科学性。 全体董事按照有关法律法规、规范性文件和公司规章制度的有关规定和要求，出席公司董事会、董 事会专门委员会和股东会，公司各项重大事项经各位董事慎重研判后做出决定，确保了董事会决策科学 高效、程序合法合规。全体董事忠实、勤勉、谨慎履职，规范有序开展有关工作，同时积极参加相关培 训，不断提高履职能力。独立董事自聘任以来均积极履行独立董事职权，按期出席董事会，认真审阅董 事会材料，利用自身的专业知识对审议事项作出公正判断，独立、客观、审慎地行使表决权，依据有关 法律法规和《公司章程》认真履行相应的权利和义务，积极参与公司重大事项决策，切实维护全体股东， 尤其是中小股东的合法权益，保证公司的规范运作。 （四）绩效考核与激励机制 公司董事会下设薪酬与考核委员会，建立并逐步完善公正、有效的高级管理人员的绩效评价标准和 激励约束机制，将股东利益、公司利益和核心团队个人利益紧密绑定，助力员工与企业实现共赢发展及 长远的可持续经营。 公司依据《公司员工绩效管理制度》，着力打造具有特色的绩效管理体系，面向全体员工实行“企 业文化价值观360评估”与“业绩评估”双轨并行的考核模式，构建从“绩效目标制定”、“绩效回顾”、 “绩效评估”到“绩效结果应用”的全流程闭环绩效管理机制，将“文化传递、团队赋能、用户第一、 协同共赢”四位一体的考核理念融入实践，始终致力于为员工提供“多元包容、人尽其才”的职场生态 环境，切实为员工实现自我价值提供有力支撑。 （五）内部控制与审计监督 公司建立由董事会负最终责任、管理层直接领导、内部控制职能部门统筹协调、内部审计部门检查 监督、业务单位具体执行的内部控制体系。董事会负责内部控制的建立健全和有效实施，审议公司主要 内部控制管理制度，督促、检查和评价各项内部控制制度的建立与执行情况，对内部控制的有效性负最 终责任。董事会下设立审计委员会，负责审核公司财务信息及其披露，监督及评估内外部审计工作和内 部控制，行使《公司法》规定的监事会的职权等。经营管理层组织领导公司内部控制的日常运行，建立 健全内部控制机制和内部控制制度，及时整改内部控制存在的缺陷和问题。内部审计机构对公司各部门 及控股子公司开展内部审计，实现审计范围全覆盖。 报告期内，公司进一步完善内部控制制度，结合风险评估结果拓宽审计范围、提高审计频率，并通 过内部控制自评、专项内部审计、跨部门协作等方式强化风险识别、防范与处置，形成监督合力；以数 字化建设为支撑，运用信息化、智能化手段辅助审计监督，推动风险管理由事后审计向事前预警转变， 全面提升管理智能化与风险管控水平。 （六）信息披露与投资者关系 公司严格按照《公司法》《证券法》《上市公司治理准则》《上市公司信息披露管理办法》《上市 公司投资者关系管理工作指引》等相关要求，制定《公司信息披露管理办法》《公司内幕信息知情人登 记管理制度》《公司重大信息内部报告制度》等规章制度，保障公司内部重大信息得到快速收集、传递 和有效管理，确保信息披露真实、准确、及时、公平，维护上市公司及投资者的合法权益。截至报告期 末，公司在深圳证券交易所上市公司信息披露工作考核中，连续 9 年获得“A”评级。报告期内，公司严 格按照《深圳证券交易所上市公司自律监管指引第5号——信息披露事务管理》《公司内幕信息知情人登 记管理制度》等有关要求，严格控制内幕信息知情人范围，真实、准确、完整地登记内幕信息知情人信 息，并及时向其提示保密义务和内幕交易防范要求，并及时向交易所报备。 26",windowed_extraction_review_required
300059.SZ,AR_300059_SZ_2025,management_discussion,3,14,"300059 东方财富信息股份有限公司2025年年度报告全文 目录 第一节 重要提示、目录和释义 ......................................................................................................... 2 第二节 公司简介和主要财务指标 ..................................................................................................... 6 第三节 管理层讨论与分析 ................................................................................................................. 9 第四节 公司治理、环境和社会 ......................................................................................................... 25 第五节 重要事项 ................................................................................................................................. 43 第六节 股份变动及股东情况 ............................................................................................................. 52 第七节 债券相关情况 ......................................................................................................................... 57 第八节 财务报告 ................................................................................................................................. 65 3
300059 东方财富信息股份有限公司2025年年度报告全文 备查文件目录 一、载有法定代表人其实、主管会计工作负责人程慧、会计机构负责人徐翘楚签名并盖 章的财务报表； 二、载有会计师事务所盖章、注册会计师签名并盖章的审计报告原件； 三、报告期内公开披露过的所有公司文件的正本及公告的原稿。 以上备查文件的备置地点：公司董事会秘书办公室 4
300059 东方财富信息股份有限公司2025年年度报告全文 释义 释义项 指 释义内容 中国证监会 指 中国证券监督管理委员会 深交所 指 深圳证券交易所 公司股东大会/股东会 指 东方财富信息股份有限公司股东大会/股东会 公司董事/董事会 指 东方财富信息股份有限公司的董事/董事会 公司监事/监事会 指 东方财富信息股份有限公司的监事/监事会 东方财富、公司、本公司 指 东方财富信息股份有限公司 东方财富网 指 网址为“www.eastmoney.com”、“www.18.com.cn”的网站 天天基金网 指 网址为“www.1234567.com.cn”的网站 东方财富证券、同信证券 指 东方财富证券股份有限公司 天天基金 指 上海天天基金销售有限公司 东财投资咨询 指 上海东方财富证券投资咨询有限公司 东财香港 指 东方财富（香港）有限公司 东财置业 指 上海东方财富置业有限公司 东财保险经纪 指 东财保险经纪有限公司 东方财富期货 指 上海东方财富期货有限公司 哈富证券 指 哈富证券有限公司 漫道数字 指 上海漫道数字信息技术股份有限公司 《公司法》 指 《中华人民共和国公司法》 《证券法》 指 《中华人民共和国证券法》 报告期 指 2025年1月1日-2025年12月31日 报告期末 指 2025年12月31日 元、万元、亿元 指 人民币元、人民币万元、人民币亿元 注：本报告中若出现总数与各分项数值之和尾数差异的情况，均属四舍五入原因所致。 5
300059 东方财富信息股份有限公司2025年年度报告全文 第二节 公司简介和主要财务指标 一、公司信息 股票简称 东方财富 股票代码 300059 公司的中文名称 东方财富信息股份有限公司 公司的中文简称 东方财富 公司的外文名称 East Money Information Co.,Ltd. 公司的外文名称缩写 EASTMONEY 公司的法定代表人 其实 注册地址 上海市嘉定区宝安公路2999号1幢 注册地址的邮政编码 201801 公司注册地址历史变更情况 公司自2010年3月上市以来，注册地址未发生变更 办公地址 上海市徐汇区宛平南路88号东方财富大厦 办公地址的邮政编码 200030 公司网址 www.eastmoney.com 电子信箱 dongmi@eastmoney.com 二、联系人和联系方式 董事会秘书 证券事务代表 姓名 杨浩 黄丽鸣 联系地址 上海市徐汇区宛平南路88号东方财富大厦 上海市徐汇区宛平南路88号东方财富大厦 电话 021-54660526 021-54660526 传真 021-54660501 021-54660501 电子信箱 dongmi@eastmoney.com dongmi@eastmoney.com 三、信息披露及备置地点 公司披露年度报告的证券交易所网站 深圳证券交易所网站（www.szse.cn） 公司披露年度报告的媒体名称及网址 《中国证券报》《上海证券报》《证券时报》、巨潮资讯网（www.cninfo.com.cn） 公司年度报告备置地点 公司董事会秘书办公室 四、其他有关资料 公司聘请的会计师事务所 会计师事务所名称 安永华明会计师事务所（特殊普通合伙） 会计师事务所办公地址 中国北京市东城区东长安街1号东方广场安永大楼17层01-12室 签字会计师姓名 朱宝钦、陈芸 公司聘请的报告期内履行持续督导职责的保荐机构 □适用 不适用 6
300059 东方财富信息股份有限公司2025年年度报告全文 公司聘请的报告期内履行持续督导职责的财务顾问 □适用 不适用 五、主要会计数据和财务指标 公司是否需追溯调整或重述以前年度会计数据 □是 否 本年比上年 2025年 2024年 2023年 增减 营业总收入（元） 16,067,741,039.51 11,604,343,090.16 38.46% 11,081,439,282.37 归属于上市公司股东的净利润（元） 12,084,594,947.22 9,610,120,743.64 25.75% 8,193,469,277.99 归属于上市公司股东的扣除非经常性 11,653,886,754.89 9,253,228,906.81 25.94% 7,861,598,966.25 损益的净利润（元） 经营活动产生的现金流量净额（元） -10,222,245,645.14 44,587,872,891.43 -122.93% -3,137,724,690.98 基本每股收益（元/股） 0.7650 0.6087 25.68% 0.5168 稀释每股收益（元/股） 0.7647 0.6086 25.65% 0.5168 加权平均净资产收益率 14.03% 12.64% 1.39% 11.94% 本年末比上 2025年末 2024年末 2023年末 年末增减 资产总额（元） 392,933,744,976.20 306,369,357,347.30 28.25% 239,578,320,552.16 归属于上市公司股东的净资产（元） 91,875,470,955.31 80,727,090,522.63 13.81% 71,962,860,559.82 注：公司营业总收入不包括证券业务产生的投资收益及公允价值变动损益。 公司最近三个会计年度扣除非经常性损益前后净利润孰低者均为负值，且最近一年审计报告显示公司持续经营能力存在不 确定性 □是 否 公司报告期内经审计利润总额、净利润、扣除非经常性损益后的净利润三者孰低为负值 □是 否 六、分季度主要财务指标 单位：元 第一季度 第二季度 第三季度 第四季度 营业总收入 3,485,587,013.94 3,370,780,510.96 4,732,581,590.06 4,478,791,924.55 归属于上市公司股东的净利润 2,715,030,716.13 2,852,341,359.13 3,529,877,797.06 2,987,345,074.90 归属于上市公司股东的扣除非经常性 2,698,447,664.45 2,553,297,048.98 3,434,042,450.95 2,968,099,590.51 损益的净利润 经营活动产生的现金流量净额 -4,565,866,155.58 9,193,521,928.14 -11,212,959,095.62 -3,636,942,322.08 上述财务指标或其加总数是否与公司已披露季度报告、半年度报告相关财务指标存在重大差异 □是 否 7
300059 东方财富信息股份有限公司2025年年度报告全文 七、境内外会计准则下会计数据差异 1、同时按照国际会计准则与按照中国会计准则披露的财务报告中净利润和净资产差异情况 □适用 不适用 公司报告期不存在按照国际会计准则与按照中国会计准则披露的财务报告中净利润和净资产差异情况。 2、同时按照境外会计准则与按照中国会计准则披露的财务报告中净利润和净资产差异情况 □适用 不适用 公司报告期不存在按照境外会计准则与按照中国会计准则披露的财务报告中净利润和净资产差异情况。 八、非经常性损益项目及金额 适用 □不适用 单位：元 项目 2025年金额 2024年金额 2023年金额 非流动性资产处置损益（包括已计提资产减值准备的 1,078,169.85 491,701.92 -1,464,428.44 冲销部分） 计入当期损益的政府补助（与公司正常经营业务密切 相关，符合国家政策规定、按照确定的标准享有、对 419,592,402.82 398,600,448.47 358,371,433.36 公司损益产生持续影响的政府补助除外） 除同公司正常经营业务相关的有效套期保值业务外， 非金融企业持有金融资产和金融负债产生的公允价值 97,960,276.41 40,165,227.74 25,331,564.65 变动损益以及处置金融资产和金融负债产生的损益 单独进行减值测试的应收款项减值准备转回 2,327,163.10 4,793,326.22 7,097,466.88 除上述各项之外的其他营业外收入和支出 -19,112,426.94 -31,009,887.56 -18,449,508.53 其他符合非经常性损益定义的损益项目 6,175,544.19 5,227,698.73 16,930,742.61 减：所得税影响额 77,312,937.10 61,376,678.69 55,946,958.79 合计 430,708,192.33 356,891,836.83 331,870,311.74 其他符合非经常性损益定义的损益项目的具体情况： 适用 □不适用 其他符合非经常性损益定义的损益项目为企业收到的代扣代缴个人所得税手续费返还等。 将《公开发行证券的公司信息披露解释性公告第1号——非经常性损益》中列举的非经常性损益项目界定为经常性损益项 目的情况说明 □适用 不适用 公司不存在将《公开发行证券的公司信息披露解释性公告第1号——非经常性损益》中列举的非经常性损益项目界定为经 常性损益的项目的情形。 8
300059 东方财富信息股份有限公司2025年年度报告全文 第三节 管理层讨论与分析 一、报告期内公司从事的主要业务 报告期内，公司主要业务有证券业务、金融电子商务服务业务、金融数据服务业务等。具体服务内 容： 证券业务：主要依托构建的互联网财富管理生态圈，通过拥有相关业务牌照的东方财富证券、东方 财富期货等公司，为海量用户提供证券、期货经纪等服务。 金融电子商务服务业务：主要通过天天基金，为用户提供基金销售服务。天天基金依托以“东方财 富网”为核心的互联网财富管理生态圈所形成的用户资源优势和品牌形象优势，向用户提供一站式互联 网基金理财服务。 金融数据服务业务：主要以智能金融数据终端为载体，通过 PC 端、移动端，向海量用户提供专业化 金融数据服务。 二、报告期内公司所处行业情况 （1）资本市场向新向优发展，证券业开启高质量发展新征程 当前，我国宏观经济正处于结构深度调整、新旧动能转换的关键阶段，资本市场作为现代金融体系 的核心组成部分，在优化资源配置、支持科技创新、推动产业结构升级等方面发挥着重要作用。过去一 年，监管部门紧扣防风险、强监管、促高质量发展主线，持续推动新“国九条”和资本市场“1+N”政策 文件落地见效。在投资端，出台《关于推动中长期资金入市工作的实施方案》，通过制度性改革系统解 决各类中长期资金入市“堵点”，提高中长期资金入市规模比例；在融资端，启动科创板“1+6”专项改 革，在科创板设置科创成长层，正式启用创业板第三套上市标准，为优质未盈利企业打通专属上市通道， 更好发挥资本市场在服务新质生产力发展中的重要作用。随着政策红利的稳步释放，资本市场呈现向新 向优的良好发展态势。2025年，A股主要指数均实现大幅上涨，上证指数期间突破 4000点，创十年新高。 市场活跃度显著增强，全年成交额达 420 万亿元，较 2024 年增长超六成。上市公司质量稳步提升，A 股 市场上市公司总数突破 5,400 家，总市值跃升至 108.75 万亿元1。市场科技属性显著增强，科创板、创业 板、北交所新上市公司中高新技术企业占比均超过九成。 在更加稳定、透明、可预期的制度环境中，证券行业迎来高质量发展新阶段。一方面，证券公司锚 定功能性定位，精准对接国家战略，持续发挥资源整合、估值定价等专业能力优势，更好地支持科技创 新企业全生命周期融资、助力传统产业转型升级，让金融活水精准灌溉实体经济。另一方面，证券公司 坚持做优做强主责主业，通过并购重组、提升专业服务能力等方式，加速从同质化、牌照驱动的传统发 展模式，向差异化、能力驱动的高质量发展范式转型。 （2）市场回暖叠加政策托底，居民财富管理市场焕发新活力 2025 年，面对外部环境急剧变化、国内困难挑战增多的复杂严峻形势，我国实施更加积极有为的宏 观政策，有效化解外部环境变化的不利影响，保持了总体平稳、稳中有进的发展态势，经济社会发展主 要目标任务圆满实现，“十四五”胜利收官。2025 年，我国国内生产总值（GDP）140.2 万亿元，比上年 增长 5.0%，经济运行的稳定性协调性进一步增强；全国居民人均可支配收入 43,377 元，比上年名义增长 5.0%，居民财富持续积累，消费潜能稳步释放。政策层面，中国证监会发布《推动公募基金高质量发展 行动方案》《公开募集证券投资基金销售费用管理规定》等一系列重要政策，合理调降公募基金认购费、 1 数据来源：东方财富Choice数据 9
300059 东方财富信息股份有限公司2025年年度报告全文 申购费、销售服务费率水平，规范公募基金销售市场秩序，探索建立适合中国国情、市情的公募基金发 展新模式，引导行业从“重规模”向“重投资者回报”转型，推动构建投资者与财富管理机构互信共赢 的良性发展生态。 在宏观经济环境回暖和政策有力托底的双重驱动下，我国财富管理市场呈现出一系列积极变化。一 是财富管理市场规模持续扩容。截至 2025 年末，银行理财市场存续规模 33.29 万亿元，较年初增长 11.15%，公募基金管理规模37.71万亿元，较年初增长14.86%。二是居民资产配置权益化趋势持续增强。 在今年以科技股为主线的结构化行情助推下，居民对权益类资产的配置偏好进一步提升，增量资金持续 涌入新质生产力相关赛道，有效赋能实体经济发展。三是买方投顾生态加速形成。专业投顾队伍持续壮 大，证券投资顾问人数达 9.6万人，专业化、定制化、个性化资产配置服务供给日益丰富，居民对买方投 顾模式的认知度和认可度也在稳步提升。四是个人养老金释放长期动能。个人养老金制度在全国范围内 的推广实施，为资本市场带来了更多长期、稳定的增量资金。截至 2025 年末，存续个人养老金基金总规 模185.70亿元，较2024年底的91.41亿元增长约103%。 （3）科技革命加速行业转型步伐，构筑数智金融新生态 持续深化数字化转型、构建数字金融服务生态，是金融行业做好数字金融大文章、精准赋能实体经 济高质量发展的必由之路。当前，新一轮科技革命和产业变革深入发展，人工智能作为引领未来的战略 性技术，已成为驱动传统产业转型升级、加快培育新质生产力的重要引擎。2025 年 7 月，国务院常务会 议审议通过《关于深入实施“人工智能+”行动的意见》，明确提出要“加快从数字赋能的互联网服务向 智能驱动的新型服务方式演进，在金融等领域广泛应用新一代智能终端、智能体”，为深化金融行业数 字化转型锚定方向。 过去一年，国内人工智能技术取得突破性进展，部分国产大模型实现开源，显著降低了大模型本地 部署成本，成为大模型在金融领域规模化落地的关键拐点，金融行业数智化转型呈现双向突破的鲜明态 势。一方面，AI战略布局加速推进。金融机构更加积极拥抱 AI变革，普遍将人工智能提升至公司战略高 度，系统谋划并推进 AI 相关布局。另一方面，应用场景纵深延展。大模型及智能体与金融业务场景加速 融合，应用重心正由办公、客服等基础支持场景，向投研、投顾、量化交易等核心业务领域拓展，“AI+ 金融”的能力边界不断延拓、价值持续彰显。 三、核心竞争力分析 东方财富是中国领先的互联网财富管理综合运营商，经过多年发展和积累，形成了自身核心竞争力 优势，为公司未来可持续健康发展奠定了坚实基础。 （一）主要核心竞争力 1、用户资源优势 经过多年的发展，公司构建了以“东方财富网”为核心的互联网财富管理生态圈，聚集了海量用户 资源和用户黏性优势，在垂直财经领域始终保持领先地位。同时，公司积极推进和完善一站式互联网财 富管理生态圈建设，不断加强战略投入，延伸和完善服务链条，持续拓展服务范围，提升整体服务能力 和质量，巩固和提升用户访问量和用户黏性方面的优势。拥有海量用户资源是本公司核心的竞争优势， 为公司持续健康发展奠定了坚实基础。 2、研发技术优势 公司一直致力于金融科技领域的探索和实践，以科技赋能金融，引领行业前沿技术发展，助力金融 产业升级。公司培养了一支人员稳定、技术领先的技术研发团队。公司充分发挥多年来积累的研发技术 优势，自主研发了一系列网络核心技术，拥有充实的 AI 技术能力，包括自然语言处理、图像处理、语音 识别和多模态融合技术，同时公司密切跟踪行业前沿技术发展，持续加强生成式AI、交互式AI等领域能 10
300059 东方财富信息股份有限公司2025年年度报告全文 力建设，积极探索大模型在各金融场景的应用。公司自主研发妙想大模型，凭借数据特色和算法优势， 聚焦于核心金融场景，不断优化金融垂直能力，向整个东方财富生态输入妙想 AI 能力，进一步完善互联 网财富管理生态建设。强大的技术研发力量、核心技术储备以及金融领域人工智能的创新，为公司后续 持续发展奠定了更加坚实的技术基础。 3、业务场景优势 公司持续构建和不断完善以“东方财富网”为核心的互联网财富管理生态圈，为海量用户提供集财 经资讯、证券、基金、期货、社交服务等一站式互联网财富管理服务。公司凭借互联网财富管理生态体 系，能够一站式满足投资者不同需求，形成了公司独特的业务场景优势，为公司持续发展构筑了深厚的 护城河。 4、海量数据优势 从最初的财经门户到如今的互联网财富管理综合运营商，公司构建了完善的金融数据库，拥有海量、 及时、全面的金融数据，覆盖宏观、行业、沪深京上市公司、新三板、股票、基金、理财、债券、期货、 期权、指数、外汇、美股、港股等领域，为个人用户、金融业投资机构、研究机构、学术机构、政府部 门等不同用户，提供专业、及时、全面、智能的金融数据服务；同时，公司在基于互联网向海量用户长 期提供资讯、社交、交易等服务过程中，在安全合规前提下，积累沉淀了海量数据，与金融数据库共同 组成了公司海量数据资源优势，为公司围绕用户需求、提升产品服务能力和用户体验提供了有力保障。 5、品牌价值优势 公司依托于“东方财富”树立的品牌知名度和投资者认可度，形成了公司强大的品牌优势，同时公 司通过持续优化服务效能与加强品牌推广力度，进一步增强用户粘性、提升用户体验，进一步提高品牌 美誉度和认知度，巩固品牌价值优势，积极促进公司各项业务的有序开展。 6、管理团队优势 公司积极推行“以人为本”的人才战略，通过内部培养和外部引进，不断扩充和培养骨干队伍，形 成了以创业团队为核心，以资深经理人为骨干的管理团队，主要管理人员具有丰富的管理经验、互联网 技术开发经验、金融领域研究从业经验和市场运营推广经验，对互联网服务行业的相关技术、发展历程 及未来趋势具有深刻理解。同时，公司不断完善考核激励制度，先后推出多期股权激励计划，激励和稳 定核心团队，吸引和招募优秀的外部人才。 （二）报告期末公司拥有的商标、软件著作权、发明专利、非专利技术等情况 1、商标 截至报告期末，公司及子公司共获得注册的商标290项。 2、软件著作权 截至报告期末，公司及子公司获得国家版权局登记的软件著作权637项。 3、专利技术 截至报告期末，公司及子公司拥有发明专利32项。 4、非专利技术 截至报告期末，公司及子公司拥有非专利技术543项。 四、主营业务分析 1、概述 报告期内，我国经济在转型中持续向好，高质量发展扎实推进。在一系列深化投融资综合改革政策 的引领下，市场信心显著提振，公司坚定聚焦主业，始终坚持以用户需求为中心，保持战略定力，充分 把握资本市场高质量发展及新一轮科技革命的双重机遇，着力提升研发动力、产品实力、服务能力，迈 11
300059 东方财富信息股份有限公司2025年年度报告全文 入高质量发展新阶段。报告期内，公司实现营业总收入 160.68 亿元，同比增长 38.46%；实现归属于上市 公司股东净利润120.85亿元，同比增长25.75%。 报告期内，东方财富证券积极把握市场机遇，坚持以用户为中心，夯实零售经纪业务基础，经纪业 务股基交易额38.46万亿元2。报告期内，东方财富证券获批上市证券做市业务资质，着力推进上市基金做 市业务，积极布局北交所、科创板股票做市业务，稳定发展银行间和交易所债券做市业务，持续拓宽服 务覆盖面，不断提升做市服务质效。同时，东方财富证券加强机构客群、企业客群的服务，稳步推进财 富管理和资产管理业务，积极构建上市公司服务新生态，各项业务持续合规稳健发展，营业收入和净利 润同比实现稳步增长，资本实力进一步增强。 报告期内，天天基金持续深化科技驱动服务革新理念，着力构建覆盖用户全生命周期的数智化服务 体系。通过 AI 应用深度拓展与平台功能交互逻辑持续优化，打造全链路服务矩阵，为用户构建智能对话、 智能选基、智能投资三位一体的价值共生体系，推动财富管理服务向更智能、更贴心、更有温度持续迭 代升级。截至报告期末，天天基金共上线 164 家公募基金管理人 21,930只基金产品3，非货币市场公募基 金保有规模7,701.33亿元，权益类基金保有规模4,456.17亿元。报告期内，公司互联网金融电子商务平台 共计实现基金认（申）购（含定投）交易257,671,982笔，基金销售额为26,055.84亿元，其中非货币型基 金共计实现认（申）购（含定投）交易166,662,521笔，销售额为15,814.26亿元。 报告期内，妙想 AI 能力全面融入赋能公司各产品各业务条线，以 AI+功能重塑用户一站式财富管理 体验，进一步巩固和提升公司市场地位。妙想大模型上线东方财富旗下各产品端，将专业普惠的 AI 服务 触达惠及广大用户。妙想投研助理深度聚焦投研全流程痛点，AI 研究员以专业的思维链，端到端完成投 研相关日常研究任务；上线深度研究+可视化报告功能，通过多 Agent 协作自主完成金融研究全流程，研 究过程可追溯、可查看；支持将研究成果一键生成逻辑清晰、格式规范的动态网页。报告期内，妙想大 模型技术能力进一步提升，垂类 Agentic 能力深度适配金融业务逻辑与专业场景，具备智能理解与规划、 多轮工具调用能力，为妙想 AI 产品提供技术支撑；多模态能力可对视觉信息进行精准理解，在回答中实 现图文结合输出，丰富用户信息获取方式与交互体验。报告期内，公司荣获“2025 福布斯中国人工智能 科技企业”、“2025世界人工智能大会卓越人工智能引领者奖SAIL Top30”、2025年“数据要素”大赛 全国总决赛二等奖等荣誉。 报告期内，公司持续加大投资者回报力度，坚持每年实施现金分红，分红水平较往年进一步提升。 报告期内，公司完成 2024 年限制性股票激励计划首次授予限制性股票的第一个归属期限制性股票归属工 作，并向198名限制性股票激励对象授予了预留限制性股票，有效激励和稳定核心团队，夯实公司高质量 可持续发展人才基础。报告期内，公司坚持可持续稳健经营，深入推进 ESG 相关工作，积极贯彻落实 《上市公司治理准则》《关于新〈公司法〉配套制度规则实施相关过渡期安排》等规定，优化公司治理 架构，完善多项公司基础性制度，强化内部运营管理，持续提升治理水平，推动企业与社会、环境协调 可持续发展。 2、收入与成本 （1） 营业总收入构成 营业总收入整体情况 2 数据来源：交易所提供及东方财富证券统计 3 按照独立基金代码统计 12
300059 东方财富信息股份有限公司2025年年度报告全文 单位：元 2025年 2024年 同比增减 金额 占营业总收入比重 金额 占营业总收入比重 营业总收入合计 16,067,741,039.51 100% 11,604,343,090.16 100% 38.46% 分行业 证券业 12,535,471,036.46 78.02% 8,493,612,633.32 73.19% 47.59% 信息技术服务业 3,527,509,133.65 21.95% 3,105,168,705.16 26.76% 13.60% 其他 4,760,869.40 0.03% 5,561,751.68 0.05% -14.40% 分产品 证券服务 12,535,471,036.46 78.02% 8,493,612,633.32 73.19% 47.59% 金融电子商务服务 3,182,040,383.70 19.80% 2,841,371,321.01 24.49% 11.99% 金融数据服务 240,327,781.69 1.50% 191,981,245.64 1.65% 25.18% 其他 109,901,837.66 0.68% 77,377,890.19 0.67% 42.03% 分地区 中国大陆 15,824,704,792.91 98.49% 11,418,643,086.39 98.40% 38.59% 其他地区 243,036,246.60 1.51% 185,700,003.77 1.60% 30.88% 公司需遵守《深圳证券交易所上市公司自律监管指引第3号——行业信息披露》中的“软件与信息技术服务业”的披露要 求 单位：元 2025年度 2024年度 第一季度 第二季度 第三季度 第四季度 第一季度 第二季度 第三季度 第四季度 营业总收入 3,485,587,013.94 3,370,780,510.96 4,732,581,590.06 4,478,791,924.55 2,455,935,755.21 2,489,046,342.56 2,358,616,904.43 4,300,744,087.96 归属于上市 公司股东的 2,715,030,716.13 2,852,341,359.13 3,529,877,797.06 2,987,345,074.90 1,953,787,436.07 2,102,004,755.35 1,985,981,554.20 3,568,346,998.02 净利润 （2） 占公司营业总收入或营业利润10%以上的行业、产品、地区、销售模式的情况 适用 □不适用 单位：元 营业总收入比 营业成本比上 毛利率比上 营业总收入 营业成本 毛利率 上年同期增减 年同期增减 年同期增减 分客户所处行业 证券业 12,535,471,036.46 47.59% 信息技术服务业 3,527,509,133.65 540,718,614.13 84.67% 13.60% 9.04% 0.64% 分产品 证券服务 12,535,471,036.46 47.59% 金融电子商务服务 3,182,040,383.70 222,453,446.25 93.01% 11.99% 9.33% 0.17% 分地区 中国大陆 15,824,704,792.91 548,085,104.95 96.54% 38.59% 10.39% 0.89% 其他地区 243,036,246.60 30.88% 公司主营业务数据统计口径在报告期发生调整的情况下，公司最近1年按报告期末口径调整后的主营业务数据 13
300059 东方财富信息股份有限公司2025年年度报告全文 □适用 不适用 （3） 公司实物销售收入是否大于劳务收入 □是 否 （4） 公司已签订的重大销售合同、重大采购合同截至本报告期的履行情况 □适用 不适用 （5） 营业成本构成 单位：元 2025年 2024年 行业分类 项目 同比增减 金额 占营业成本比重 金额 占营业成本比重 网络技术及信 信息技术服务业 308,164,379.11 56.23% 280,974,555.17 56.59% 9.68% 息数据费 信息技术服务业 服务器折旧费 110,898,703.03 20.23% 116,677,293.72 23.50% -4.95% 信息技术服务业 结算手续费等 114,779,430.91 20.94% 92,672,407.93 18.67% 23.86% （6） 报告期内合并范围是否发生变动 是 □否 本年合并范围内新增1家全资子公司，为上海胜祝商业管理有限公司。本年合并范围内减少2家全资子公司，为Eastmoney Sea Holdings PTE. LTD.和Hafoo Securities (Singapore) PTE. LTD.。本年合并范围内新增10只结构化主体，减少5只结构化 主体。于2025年12月31日，共有49只产品因本公司享有的可变回报重大而纳入本公司财务报表的合并范围。 （7） 公司报告期内业务、产品或服务发生重大变化或调整有关情况 □适用 不适用 （8） 主要销售客户和主要供应商情况 公司主要销售客户情况 前五名客户合计销售金额（元） 922,605,814.85 前五名客户合计销售金额占年度销售总额比例 5.74% 前五名客户销售额中关联方销售额占年度销售总额比例 0.00% 公司前5大客户资料 序号 客户名称 销售额（元） 占年度销售总额比例 1 客户一 252,297,282.29 1.57% 2 客户二 208,177,422.65 1.30% 3 客户三 168,265,645.65 1.05% 4 客户四 151,201,410.76 0.94% 5 客户五 142,664,053.50 0.89% 合计 -- 922,605,814.85 5.74% 14",windowed_extraction_review_required
600446.SH,AR_600446_SH_2025,business_overview,16,27,"深圳市金证科技股份有限公司2025年年度报告 在产品上，公司能够为金融机构客户提供全流程、前中后台兼备的整体解决方案，并提供售 前、售中、售后全流程跟进服务；公司的核心交易系统、投资管理系统、TA系统等核心软件产 品在行业内有深厚的客户基础。 在品牌上，金融科技行业具备较高行业壁垒，其业务处理复杂度高，容错率低，对IT系统要 求严苛。公司具有20余年金融领域的业务系统开发及服务工作经验，专注金融领域自主知识产权 技术研发，对市场情况、客户需求理解深刻。同时公司产品稳定、质控严格、开发流程规范，有 大量成功的服务案例，让公司在业内获得了良好的品牌声誉及广泛的市场认可度。 五、报告期内主要经营情况 报告期内，公司实现营业收入24.19亿元，同比减少48.46%；实现归属于上市公司股东的净 利润-1.68亿元，实现归属于上市公司股东的扣除非经常性损益的净利润-2.03亿元。报告期末， 公司总资产54.59亿元，同比上年度末减少5.53%；归属于上市公司股东的净资产35.89亿元，同 比上年度末减少1.63%。 (一) 主营业务分析 1、 利润表及现金流量表相关科目变动分析表 单位：元 币种：人民币 科目 本期数 上年同期数 变动比例（%） 营业收入 2,418,857,503.49 4,693,117,962.98 -48.46 营业成本 1,469,308,379.33 3,602,182,426.60 -59.21 销售费用 147,723,406.47 176,939,355.72 -16.51 管理费用 381,361,497.06 403,189,634.42 -5.41 财务费用 8,230,424.46 1,199,440.86 586.19 研发费用 484,102,285.64 533,501,086.60 -9.26 经营活动产生的现金流量净额 322,784,600.27 770,352,669.60 -58.10 投资活动产生的现金流量净额 -491,643,709.85 -968,787,500.49 不适用 筹资活动产生的现金流量净额 -85,744,579.64 -611,192,186.82 不适用 营业收入变动原因说明：主要系IT设备分销业务、数字经济业务收入下降所致。 营业成本变动原因说明：主要系IT设备分销业务、数字经济业务成本下降所致。 销售费用变动原因说明：主要系本期人员减少，职工薪酬及差旅费下降所致。 管理费用变动原因说明：无重大变化。 财务费用变动原因说明：主要系计入财务费用的理财收益减少所致。 研发费用变动原因说明：无重大变化。 经营活动产生的现金流量净额变动原因说明：主要系IT设备分销业务收缩规模影响所致。 投资活动产生的现金流量净额变动原因说明：主要系本期收回投资收到的现金比上年同期增加所 致。 筹资活动产生的现金流量净额变动原因说明：主要系本期偿还债务支付的现金比上年同期减少所 致。 本期公司业务类型、利润构成或利润来源发生重大变动的详细说明 □适用 √不适用 16/212
深圳市金证科技股份有限公司2025年年度报告 2、 收入和成本分析 √适用 □不适用 详见以下内容 (1). 主营业务分行业、分产品、分地区、分销售模式情况 单位：元 币种：人民币 主营业务分行业情况 营业收 营业成 毛利率比 毛利率 入比上 本比上 分行业 营业收入 营业成本 上年增减 （%） 年增减 年增减 （%） （%） （%） 增加4.88 金融行业 1,798,041,459.82 981,214,789.59 45.43 -22.10 -28.50 个百分点 增加6.58 其中：证券经纪软件业务 572,175,973.45 67,338,931.08 88.23 15.48 -25.92 个百分点 减少0.70 资管机构软件业务 120,947,548.22 32,022,832.89 73.52 -9.20 -6.75 个百分点 增加4.23 银行软件业务 149,083,455.77 124,826,163.42 16.27 -71.37 -72.75 个百分点 增加12.23 综合金融软件业务 24,008,980.71 9,579,433.57 60.10 -7.04 -28.85 个百分点 减少11.76 定制服务业务 931,825,501.67 747,447,428.63 19.79 -17.75 -3.61 个百分点 增加14.85 非金融行业 619,816,402.14 487,387,165.58 21.37 -73.92 -78.06 个百分点 增加16.63 其中：数字经济业务 130,079,606.19 101,107,560.69 22.27 -42.55 -52.67 个百分点 增加9.86 IT设备分销业务 419,581,404.26 359,512,009.37 14.32 -79.73 -81.82 个百分点 减少0.17 科技园租赁业务 70,155,391.69 26,767,595.52 61.85 -12.57 -12.18 个百分点 增加15.98 合计 2,417,857,861.96 1,468,601,955.17 39.26 -48.39 -59.14 个百分点 主营业务分产品情况 营业收 营业成 毛利率比 毛利率 入比上 本比上 分产品 营业收入 营业成本 上年增减 （%） 年增减 年增减 （%） （%） （%） 增加22.22 软件业务 907,674,999.17 264,531,522.11 70.86 -26.19 -58.12 个百分点 增加9.86 硬件业务 419,581,404.26 359,512,009.37 14.32 -79.73 -81.82 个百分点 减少7.00 定制及系统集成服务业务 1,020,446,066.84 817,790,828.17 19.86 -21.79 -14.30 个百分点 减少0.17 科技园租赁业务 70,155,391.69 26,767,595.52 61.85 -12.57 -12.18 个百分点 增加15.98 合计 2,417,857,861.96 1,468,601,955.17 39.26 -48.39 -59.14 个百分点 主营业务分地区情况 17/212
深圳市金证科技股份有限公司2025年年度报告 营业收 营业成 毛利率比 毛利率 入比上 本比上 分地区 营业收入 营业成本 上年增减 （%） 年增减 年增减 （%） （%） （%） 增加6.09 华北分部 207,652,418.26 175,562,050.78 15.45 -63.09 -65.58 个百分点 减少2.68 华东分部 79,553,818.25 53,835,409.76 32.33 -15.91 -12.43 个百分点 增加17.12 中南分部 2,118,775,101.75 1,227,874,120.98 42.05 -47.26 -59.29 个百分点 减少31.81 西南分部 11,876,523.70 11,330,373.65 4.60 15.77 73.68 个百分点 增加15.98 合计 2,417,857,861.96 1,468,601,955.17 39.26 -48.39 -59.14 个百分点 主营业务分销售模式情况 营业收 营业成 毛利率比 毛利率 入比上 本比上 销售模式 营业收入 营业成本 上年增减 （%） 年增减 年增减 （%） （%） （%） 增加15.98 直销 2,417,857,861.96 1,468,601,955.17 39.26 -48.39 -59.14 个百分点 主营业务分行业、分产品、分地区、分销售模式情况的说明 不适用 (2). 产销量情况分析表 □适用 √不适用 (3). 重大采购合同、重大销售合同的履行情况 □适用√不适用 (4). 成本分析表 单位：元 币种：人民币 分行业情况 本期金 本期占 上年同 额较上 总成本 期占总 情况 分行业 成本构成项目 本期金额 上年同期金额 年同期 比例 成本比 说明 变动比 (%) 例(%) 例(%) 硬件采购成本 15,607,379.51 1.06 194,384,870.19 5.41 -91.97 职工薪酬成本 769,125,681.62 52.37 875,642,909.18 24.36 -12.16 金融行 外购劳务及服 193,247,254.02 13.16 299,763,867.00 8.34 -35.53 业 务成本 项目费用 3,234,474.44 0.22 2,441,897.94 0.07 32.46 小计 981,214,789.59 66.81 1,372,233,544.31 38.18 -28.50 硬件采购成本 361,480,992.96 24.61 2,083,286,399.34 57.97 -82.65 非金融 职工薪酬成本 5,952,720.09 0.41 4,672,435.92 0.13 27.40 行业 外购劳务及服 91,534,357.72 6.23 98,696,360.62 2.75 -7.26 18/212
深圳市金证科技股份有限公司2025年年度报告 务成本 折旧摊销 26,767,595.52 1.82 30,480,361.09 0.85 -12.18 项目费用 1,651,499.29 0.11 4,583,236.91 0.13 -63.97 小计 487,387,165.58 33.19 2,221,718,793.88 61.82 -78.06 合计 1,468,601,955.17 100.00 3,593,952,338.19 100.00 -59.14 分产品情况 本期金 本期占 上年同 额较上 总成本 期占总 情况 分产品 成本构成项目 本期金额 上年同期金额 年同期 比例 成本比 说明 变动比 (%) 例(%) 例(%) 硬件采购成本 15,442,607.24 1.05 18,364,331.21 0.51 -15.91 职工薪酬成本 135,727,150.80 9.24 442,429,978.14 12.31 -69.32 软件业 外购劳务及服 111,038,450.61 7.56 168,357,923.82 4.68 -34.05 务 务成本 项目费用 2,323,313.46 0.16 2,441,897.94 0.07 -4.86 小计 264,531,522.11 18.01 631,594,131.11 17.57 -58.12 硬件采购成本 358,060,061.12 24.38 1,973,017,284.38 54.90 -81.85 硬件业 项目费用 1,451,948.25 0.10 4,583,236.91 0.13 -68.32 务 小计 359,512,009.37 24.48 1,977,600,521.29 55.03 -81.82 硬件采购成本 3,585,704.11 0.24 286,289,653.94 7.97 -98.75 定制及 职工薪酬成本 639,351,250.91 43.54 437,885,366.96 12.18 46.01 系统集 外购劳务及服 成服务 174,853,873.15 11.91 230,102,303.80 6.40 -24.01 务成本 业务 小计 817,790,828.17 55.69 954,277,324.70 26.55 -14.30 科技园 折旧摊销 26,767,595.52 1.82 30,480,361.09 0.85 -12.18 租赁业 小计 26,767,595.52 1.82 30,480,361.09 0.85 -12.18 务 合计 1,468,601,955.17 100.00 3,593,952,338.19 100.00 -59.14 成本分析其他情况说明 无 (5). 报告期主要子公司股权变动导致合并范围变化 □适用 √不适用 (6). 公司报告期内业务、产品或服务发生重大变化或调整有关情况 □适用 √不适用 (7). 主要销售客户及主要供应商情况 属于同一控制人控制的客户或供应商视为同一客户或供应商合并列示，受同一国有资产管理机构 实际控制的除外。 下列客户及供应商信息按照同一控制口径合并计算列示的情况说明 不适用 (1). 主要销售客户及主要供应商情况 属于同一控制人控制的客户或供应商视为同一客户或供应商合并列示，受同一国有资产管理机构 19/212
深圳市金证科技股份有限公司2025年年度报告 实际控制的除外。 下列客户及供应商信息按照同一控制口径合并计算列示的情况说明 不适用 A.公司主要销售客户及主要供应商情况 √适用 □不适用 前五名客户销售额42,280.52万元，占年度销售总额17.48%；其中前五名客户销售额中关联方销售 额0.00万元，占年度销售总额0.00% 。 前五名供应商采购额61,105.97万元，占年度采购总额54.46%；其中前五名供应商采购额中关联方 采购额3,857.38万元，占年度采购总额3.44%。 B.报告期内向单个客户的销售比例超过总额的50%、前5名客户中存在新增客户的或严重依赖于 少数客户的情形 □适用 √不适用 报告期内向单个供应商的采购比例超过总额的50%、前5名供应商中存在新增供应商的或严重依 赖于少数供应商的情形 □适用 √不适用 C. 报告期内公司股票被实施退市风险警示或其他风险警示 前五名销售客户 □适用 √不适用 前五名供应商 □适用 √不适用 D. 报告期内公司存在贸易业务收入 √适用 □不适用 单位：万元 币种：人民币 本期营业收入比上年 贸易业务开展情况 本期营业收入 上期营业收入 同期增减（%） IT设备分销业务 41,958.14 206,991.08 -79.73 贸易业务占营业收入比例超过10%前五名销售客户 □适用 √不适用 贸易业务收入占营业收入比例超过10%前五名供应商 □适用 √不适用 其他说明： 无 3、 费用 √适用 □不适用 单位：元 变动比例 费用项目 本期数 上期数 变动原因说明 (%) 主要系本期人员减少，职工 销售费用 147,723,406.47 176,939,355.72 -16.51 薪酬及差旅费下降所致。 20/212
深圳市金证科技股份有限公司2025年年度报告 管理费用 381,361,497.06 403,189,634.42 -5.41 无重大变化 研发费用 484,102,285.64 533,501,086.60 -9.26 无重大变化 主要系计入财务费用的理 财务费用 8,230,424.46 1,199,440.86 586.19 财收益减少所致。 4、 研发投入 (1).研发投入情况表 √适用 □不适用 单位：元 币种：人民币 本期费用化研发投入 484,102,285.64 本期资本化研发投入 16,112,541.14 研发投入合计 500,214,826.78 研发投入总额占营业收入比例（%） 20.68 研发投入资本化的比重（%） 3.22 (2).研发人员情况表 √适用□不适用 公司研发人员的数量 5,103 研发人员数量占公司总人数的比例（%） 78.47 研发人员学历结构 学历结构类别 学历结构人数 博士研究生 硕士研究生 159 本科 4,098 专科 840 高中及以下 6 研发人员年龄结构 年龄结构类别 年龄结构人数 30岁以下（不含30岁） 1,852 30-40岁（含30岁，不含40岁） 2,925 40-50岁（含40岁，不含50岁） 307 50-60岁（含50岁，不含60岁） 16 60岁及以上 3 (3).情况说明 □适用 √不适用 (4).研发人员构成发生重大变化的原因及对公司未来发展的影响 □适用 √不适用 5、 现金流 √适用 □不适用 单位：元 变动比例 现金流量表项目 本期数 上年同期数 变动原因说明 （%） 21/212
深圳市金证科技股份有限公司2025年年度报告 主要系本期销售商品、提供 经营活动现金流入小计 3,590,756,888.59 5,941,177,256.71 -39.56 劳务收到的现金比上年同 期减少所致 主要系本期购买商品、接受 经营活动现金流出小计 3,267,972,288.32 5,170,824,587.11 -36.80 劳务支付的现金比上年同 期减少所致 经营活动产生的现金流 主要系IT设备分销业务收 322,784,600.27 770,352,669.60 -58.10 量净额 缩规模影响所致 主要系本期收回投资收到 投资活动现金流入小计 3,566,767,537.05 2,265,689,845.39 57.43 的现金比上年同期增加所 致 主要系本期投资支付的现 投资活动现金流出小计 4,058,411,246.90 3,234,477,345.88 25.47 金比上年同期增加所致 投资活动产生的现金流 -491,643,709.85 -968,787,500.49 不适用 量净额 主要系本期取得借款收到 筹资活动现金流入小计 776,937,426.58 1,117,240,708.20 -30.46 的现金比上年同期减少所 致 主要系本期偿还债务支付 筹资活动现金流出小计 862,682,006.22 1,728,432,895.02 -50.09 的现金比上年同期减少所 致 筹资活动产生的现金流 -85,744,579.64 -611,192,186.82 不适用 量净额 现金及现金等价物净增 -254,609,299.67 -807,635,428.36 不适用 加额 (二) 非主营业务导致利润重大变化的说明 □适用 √不适用 (三) 资产、负债情况分析 √适用 □不适用 1、 资产及负债状况 单位：元 币种：人民币 本期期 本期期 上期期 末金额 末数占 末数占 较上期 项目名称 本期期末数 总资产 上期期末数 总资产 情况说明 期末变 的比例 的比例 动比例 （%） （%） （%） 主要系购买理财产品及 货币资金 486,381,155.51 8.91 1,618,964,347.86 28.02 -69.96 归还借款影响所致 主要系购买理财增加所 交易性金融资产 1,211,263,686.59 22.19 844,409,338.59 14.61 43.45 致 应收账款 243,769,139.14 4.47 425,424,732.46 7.36 -42.70 主要系收入下降所致 其他应收款 37,512,935.99 0.69 87,074,861.92 1.51 -56.92 主要系往来款减少所致 主要系IT设备分销业务 存货 261,360,450.60 4.79 531,079,202.89 9.19 -50.79 收缩规模影响所致 合同资产 460,741,758.95 8.44 615,525,777.68 10.65 -25.15 主要系收入下降、资产 22/212
深圳市金证科技股份有限公司2025年年度报告 减值损失增加所致 主要系期末持有期间于 一年内到期的非 884,265,572.64 16.20 197,176,712.33 3.41 348.46 一年以内到期的定期存 流动资产 单重分类所致 主要系一年以内的定期 其他流动资产 205,848,730.34 3.77 36,369,581.17 0.63 465.99 存单重分类所致 长期股权投资 607,123,341.30 11.12 596,319,331.61 10.32 1.81 无重大变化 其他非流动金融 主要系购买理财增加所 206,822,428.32 3.79 89,707,599.62 1.55 130.55 资产 致 投资性房地产 476,351,125.21 8.73 490,884,124.42 8.50 -2.96 无重大变化 主要系本期计提折旧所 固定资产 36,050,537.13 0.66 45,046,871.80 0.78 -19.97 致 主要系本期部分办公场 使用权资产 12,933,165.60 0.24 28,155,027.63 0.49 -54.06 地退租所致 主要系本期将研发项目 无形资产 35,182,817.74 0.64 13,693,469.28 0.24 156.93 的开发支出，转入无形 资产所致 主要系本期将一年以上 14,413.2 其他非流动资产 187,148,204.59 3.43 1,289,497.41 0.02 到期的定期存单重分类 7 所致 短期借款 664,588,499.58 12.17 762,638,125.58 13.20 -12.86 无重大变化 主要系本期应付票据到 应付票据 11,427,598.00 0.21 45,365,528.24 0.79 -74.81 期解付所致 主要系IT设备分销业务 应付账款 249,056,969.38 4.56 438,654,822.26 7.59 -43.22 收缩规模影响所致 合同负债 395,629,784.01 7.25 347,757,818.03 6.02 13.77 无重大变化 主要系期末计提的员工 应付职工薪酬 213,277,874.43 3.91 171,058,653.18 2.96 24.68 工资、奖金增加所致 主要系本期支付收购子 其他应付款 49,752,375.27 0.91 64,111,409.97 1.11 -22.40 公司金证财富股权三期 款所致 长期借款 5,000,000.00 0.09 不适用 不适用 无重大变化 主要系本期部分办公场 租赁负债 6,479,065.69 0.12 15,265,489.08 0.26 -57.56 地退租所致 其他说明： 不适用 2、 境外资产情况 √适用□不适用 (1). 资产规模 其中：境外资产161,881,161.40（单位：元 币种：人民币），占总资产的比例为2.97%。 (2). 境外资产占比较高的相关说明 □适用√不适用 23/212
深圳市金证科技股份有限公司2025年年度报告 3、 截至报告期末主要资产受限情况 √适用 □不适用 单位：元 项目 期末余额 受限原因 货币资金 3,428,279.40 银行承兑汇票保证金 货币资金 7,714,248.35 诉讼被司法冻结款项 货币资金 28,000,772.93 履约及保函保证金 货币资金 79,545.85 未年检或未变更信息被银行冻结款项 合计 39,222,846.53 4、 其他说明 □适用 √不适用 (四) 行业经营性信息分析 √适用 □不适用 详见第三节管理层讨论与分析章节。 (五) 投资状况分析 对外股权投资总体分析 √适用 □不适用 一、权益工具投资情况 1．非交易性权益工具投资情况 单位：元 项目 期末余额 期初余额 深圳市联影医疗数据服务有限公司 6,078,252.95 7,609,277.06 河北信创达物联网科技有限公司 431,464.57 431,464.57 证通股份有限公司 36,922,464.83 41,352,200.82 广东全塑智联科技有限公司 钱行科技（北京）有限公司 中融子午（北京）资产管理有限公司 合计 43,432,182.35 49,392,942.45 2．交易性权益工具投资情况 单位：元 项目 期末余额 期初余额 上海君昊虹石创业投资中心（有限合伙） 52,598,657.49 50,150,608.70 深圳市金证基石产业科技有限公司 15,687.25 19,648.68 深圳市兴链人居科技有限公司 11,392.95 126,651.85 上海国君创投证鋆一号股权投资合伙企业（有限合伙） 2,699,044.93 4,657,950.09 山西同仁股权投资合伙企业（有限合伙） 150,000.00 4,000,000.00 青澜科技传媒（深圳）有限公司 507,371.72 395,041.67 深圳粤十数智股份有限公司 四川美好明天科技有限公司 上海国君创投证鋆三号股权投资合伙企业（有限合伙） 合计 55,982,154.34 59,349,900.99 24/212
深圳市金证科技股份有限公司2025年年度报告 二、对外长期股权投资情况 单位：元 本期增减变动 宣告 追 权益法 发放 减值准 期初 其他综 期末 被投资单位 加 减少 下确认 其他权 现金 计提减 其 备期末 余额 合收益 余额 投 投资 的投资 益变动 股利 值准备 他 余额 调整 资 损益 或利 润 一、合营企业 小计 二、联营企业 深圳市丽海弘金科技 1,784,82 -1,784,8 2,126,4 有限公司 3.67 23.67 57.87 广州佳时达软件股份 6,985,3 有限公司 34.46 深圳星网信通科技股 69,834,4 10,498,7 -47,66 157,58 80,443,0 份有限公司 23.55 49.21 4.20 7.90 96.46 深圳金证文体科技有 2,412,31 15,014.2 2,427,32 限公司 0.74 9 5.03 武汉无线飞翔科技有 6,573,84 212,589. 6,786,43 限公司 6.24 37 5.61 深圳优品控股股份有 35,261,5 2,588,01 37,849,5 限公司 77.67 4.72 92.39 深圳市金证优智科技 10,756,6 -3,666,2 4,958,7 12,049, 15,948, 有限公司 53.49 91.87 57.27 118.89 147.02 124,882, 2,305,54 127,187, 港融科技有限公司 099.83 7.98 647.81 武汉优品楚鼎科技有 70,610,4 1,458,85 72,069,2 限公司 17.55 1.95 69.50 珠海金智维人工智能 股份有限公司（原名： 134,659, -42,943, -3,060. 5,544,1 97,257,6 珠海金智维信息科技 893.93 367.78 29 64.17 30.03 有限公司） 深圳市科盾科技有限 2,057,52 54,736.1 2,112,25 2,477,4 公司 1.26 9 7.45 32.95 上海博科维实业有限 3,285,29 208,250. 3,493,54 公司 3.06 77 3.83 广东智慧城市金服科 152,59 技有限公司 2.58 深圳金证数智科技有 6,674,26 -110,677 6,563,58 限公司 3.09 .20 5.89 深圳太古计算机系统 2,626,7 有限公司 73.23 广东塑小满技术有限 1,956,8 公司 36.63 杭州金证智付科技有 1,369,1 限公司 52.26 贵州玖引擎科技有限 6,367,1 公司 04.32 25/212
深圳市金证科技股份有限公司2025年年度报告 深圳金证淘车科技有 1,179,7 限公司 76.56 福建海融海丝电子商 5,773,1 务有限公司 26.11 杭州金证引擎国际科 72,811. 技有限公司 22 贵州中融信应收账款 4,277,1 交易中心有限公司 29.19 四川妥妥递科技有限 4,566,95 317,801. 4,884,75 公司 0.15 20 1.35 捷利交易宝金融科技 54,089,3 18,307,2 1,114,8 27,100, 100,611, 有限公司 13.38 35.15 84.27 328.53 761.33 弈酷软件（深圳）有 2,538,64 -159,054 2,379,59 13,164, 限公司 9.88 .92 4.96 793.53 香港卓信科技有限公 60,271,0 776,706. 61,047,7 司 00.22 49 06.71 北京金证引擎科技有 623,968. -623,968 限公司 14 .14 深圳市淘金智投科技 4,999,38 -2,893,2 570,69 1,100,0 1,576,88 1,100,0 有限公司 9.36 07.11 9.29 00.00 1.54 00.00 深圳市金证丝路数字 183,182. 166,252. 349,435. 科技有限公司 44 78 22 深圳市给力乒乓球俱 89,423.7 89,42 乐部有限公司 6 3.76 四川金证智税科技有 164,330. -81,504. 82,826.1 限公司 20 01 9 山东晶芯能源科技有 限公司 深圳市钐烽科技有限 公司 山东金证智城科技股 份有限公司 深圳恒通云数字科 技有限公司 596,319, 89,42 -15,353, 1,064,1 38,331, 13,149, 607,123, 65,577, 小计 331.61 3.76 144.60 59.78 537.16 118.89 341.30 467.93 596,319, 89,42 -15,353, 1,064,1 38,331, 13,149, 607,123, 65,577, 合计 331.61 3.76 144.60 59.78 537.16 118.89 341.30 467.93 1、 重大的股权投资 □适用 √不适用 2、 重大的非股权投资 □适用 √不适用 3、 以公允价值计量的金融资产 √适用 □不适用 26/212
深圳市金证科技股份有限公司2025年年度报告 单位：元 币种：人民币 计入权益 本期 其 本期公允价 的累计公 计提 本期购买 本期出售/ 他 资产类别 期初数 期末数 值变动损益 允价值变 的减 金额 赎回金额 变 动 值 动 580,000,0 321,471,0 262,149,5 信托产品 3,620,585.81 00.00 02.95 82.86 51,221,60 私募基金 50,657,301.57 564,301.56 0.97 4.10 1,166,065, 3,430,038 3,124,842, 1,484,653 其他 19,352,715.74 -5,960,760 891.08 ,000.00 792.36 ,054.36 .10 1,216,723, 4,010,038 3,446,313, 1,798,024 合计 23,537,603.11 -5,960,760 192.65 ,000.97 795.31 ,241.32 .10 证券投资情况 □适用 √不适用 证券投资情况的说明 □适用 √不适用 私募基金投资情况 √适用 □不适用 2025年1月6日，公司召开第八届董事会2025年第一次会议，审议通过《关于继续持有私 募证券投资基金产品份额的议案》，截至2025年1月，公司共认购5,000万元世纪弘金2号私募 证券投资基金份额。根据当前证券市场情况和基金产品的投资情况，董事会同意继续持有世纪弘 金2号私募证券投资基金份额。具体内容详见公司披露的《关于使用闲置自有资金认购私募证券 投资基金份额的进展公告》（公告编号：2025-002）。 2025年12月12日，公司召开第八届董事会2025年第九次会议，审议通过《关于赎回私募 证券投资基金产品份额的议案》，截至2025年12月，公司共认购5,000万元世纪弘金2号私募 证券投资基金份额。根据当前证券市场情况和基金产品的投资情况，为优化公司资金配置，提升 资金使用效率，董事会同意在私募基金投资标的完成兑付后，赎回世纪弘金2号私募证券投资基 金份额。具体内容详见公司披露的《关于使用闲置自有资金认购私募证券投资基金份额的进展公 告》（公告编号：2025-064）。 截至2026年3月26日，世纪弘金2号私募证券投资基金投资标的已完成兑付，公司将所持 有的份额全部赎回，合计收回投资本金及收益56,085,183.99元，公司已收到全部投资本金及收益。 具体内容详见公司披露的《关于赎回私募证券投资基金份额的公告》（公告编号：2026-005）。 衍生品投资情况 □适用√不适用 4、 报告期内重大资产重组整合的具体进展情况 □适用 √不适用 27/212",windowed_extraction_review_required
600446.SH,AR_600446_SH_2025,core_competitiveness,15,26,"深圳市金证科技股份有限公司2025年年度报告 金智维：参股公司珠海金智维人工智能股份有限公司是一家专注于提供人工智能（“AI”） 数字员工解决方案及企业级智能体解决方案的AI企业。公司通过将AI算法、大语言模型和机器 人流程自动化（RPA）技术与行业场景的深度融合，助力企业加速数智化转型。报告期内，公司正 式向香港联交所提交上市申请。在技术与产品方面，通过将智能体技术与大模型能力相融合，公 司推出Ki-Agent企业级智能体平台，以及配套的企业级智能体解决方案。在持续深化金融行业应 用高频场景的同时，公司向政务智能审批、制造运维、教育管理等非金融领域的智能化场景拓展， 以构建更广泛的行业生态。 金证优智：参股公司金证优智持续推进AI技术研发、创新。公司依托自研垂类大模型，升级 “智遇文档”与“智友Agent”两大平台，实现涵盖投顾、投行、投研、资管、审计、法律合规、 智能制造等多个垂直领域的场景智能体构建和产品落地应用。 星网信通：参股公司星网信通主要面向金融机构、党政机关及大型企事业单位客户，在融合 指挥、智能客服、企业统一通信和ICT基础设施等领域提供信息与通信综合解决方案。在报告期， 星网信通顺应AI应用需求增加的市场趋势，新增AI算法调度平台、AI消防智能体等智能化产品， 增强客户服务能力，有效提升用户使用体验。市场方面，公司拓展“一带一路”业务布局，报告 期成功签约泰国政府储蓄银行（GSB）等重要项目。2025年11月，星网信通正式于全国中小企业 股份转让系统挂牌（股票代码874901），并于2025年12月启动申请公开发行股票并在北交所上 市辅导备案。 四、报告期内核心竞争力分析 √适用 □不适用 公司是国家规划布局内重点软件企业、深圳市高新技术企业，是行业内首家通过CMMI5最 高级别认证企业，在过程组织能力、软件研发能力、质量管理能力等方面保持在较高水平。公司 连续多年跻身中国软件百强行列，先后获得国家火炬计划软件产业基地骨干企业、中国软件自主 品牌20强等荣誉称号，在金融等领域信息化建设中卓有建树。依托二十余年行业深耕，公司已拥 有行业领先的金融科技专家团队以及研发管理机制，并持续沉淀大量行业案例与业务认知。通过 自主知识产权积累及对创新技术的深度应用，公司已经在技术、产品、品牌等多个方面在行业中 建立了领先优势。 在技术上，公司享有1,300余项已登记软件著作权，研发人员占公司总人数比例超过70%， 公司拥有众多行业资深、经验丰富的专家人才，核心技术团队稳定。2025年全年研发投入5.00 亿元，2023年至2025年公司累计研发投入16.28亿元。公司构建起完整的基础技术平台生态链， 在技术产品成熟度、高性能、高可靠和高可用方面均达到国内领先水平，金证开放云原生技术平 台（KOCA）成为公司得以保证科技先进性的统一技术平台。在人工智能领域，公司自主研发金 融领域特定场景大语言模型K-GPT、代码大模型K-CODE及开发应用平台，推动技术创新和业务 创新的双向赋能。 15/212
深圳市金证科技股份有限公司2025年年度报告 在产品上，公司能够为金融机构客户提供全流程、前中后台兼备的整体解决方案，并提供售 前、售中、售后全流程跟进服务；公司的核心交易系统、投资管理系统、TA系统等核心软件产 品在行业内有深厚的客户基础。 在品牌上，金融科技行业具备较高行业壁垒，其业务处理复杂度高，容错率低，对IT系统要 求严苛。公司具有20余年金融领域的业务系统开发及服务工作经验，专注金融领域自主知识产权 技术研发，对市场情况、客户需求理解深刻。同时公司产品稳定、质控严格、开发流程规范，有 大量成功的服务案例，让公司在业内获得了良好的品牌声誉及广泛的市场认可度。 五、报告期内主要经营情况 报告期内，公司实现营业收入24.19亿元，同比减少48.46%；实现归属于上市公司股东的净 利润-1.68亿元，实现归属于上市公司股东的扣除非经常性损益的净利润-2.03亿元。报告期末， 公司总资产54.59亿元，同比上年度末减少5.53%；归属于上市公司股东的净资产35.89亿元，同 比上年度末减少1.63%。 (一) 主营业务分析 1、 利润表及现金流量表相关科目变动分析表 单位：元 币种：人民币 科目 本期数 上年同期数 变动比例（%） 营业收入 2,418,857,503.49 4,693,117,962.98 -48.46 营业成本 1,469,308,379.33 3,602,182,426.60 -59.21 销售费用 147,723,406.47 176,939,355.72 -16.51 管理费用 381,361,497.06 403,189,634.42 -5.41 财务费用 8,230,424.46 1,199,440.86 586.19 研发费用 484,102,285.64 533,501,086.60 -9.26 经营活动产生的现金流量净额 322,784,600.27 770,352,669.60 -58.10 投资活动产生的现金流量净额 -491,643,709.85 -968,787,500.49 不适用 筹资活动产生的现金流量净额 -85,744,579.64 -611,192,186.82 不适用 营业收入变动原因说明：主要系IT设备分销业务、数字经济业务收入下降所致。 营业成本变动原因说明：主要系IT设备分销业务、数字经济业务成本下降所致。 销售费用变动原因说明：主要系本期人员减少，职工薪酬及差旅费下降所致。 管理费用变动原因说明：无重大变化。 财务费用变动原因说明：主要系计入财务费用的理财收益减少所致。 研发费用变动原因说明：无重大变化。 经营活动产生的现金流量净额变动原因说明：主要系IT设备分销业务收缩规模影响所致。 投资活动产生的现金流量净额变动原因说明：主要系本期收回投资收到的现金比上年同期增加所 致。 筹资活动产生的现金流量净额变动原因说明：主要系本期偿还债务支付的现金比上年同期减少所 致。 本期公司业务类型、利润构成或利润来源发生重大变动的详细说明 □适用 √不适用 16/212
深圳市金证科技股份有限公司2025年年度报告 2、 收入和成本分析 √适用 □不适用 详见以下内容 (1). 主营业务分行业、分产品、分地区、分销售模式情况 单位：元 币种：人民币 主营业务分行业情况 营业收 营业成 毛利率比 毛利率 入比上 本比上 分行业 营业收入 营业成本 上年增减 （%） 年增减 年增减 （%） （%） （%） 增加4.88 金融行业 1,798,041,459.82 981,214,789.59 45.43 -22.10 -28.50 个百分点 增加6.58 其中：证券经纪软件业务 572,175,973.45 67,338,931.08 88.23 15.48 -25.92 个百分点 减少0.70 资管机构软件业务 120,947,548.22 32,022,832.89 73.52 -9.20 -6.75 个百分点 增加4.23 银行软件业务 149,083,455.77 124,826,163.42 16.27 -71.37 -72.75 个百分点 增加12.23 综合金融软件业务 24,008,980.71 9,579,433.57 60.10 -7.04 -28.85 个百分点 减少11.76 定制服务业务 931,825,501.67 747,447,428.63 19.79 -17.75 -3.61 个百分点 增加14.85 非金融行业 619,816,402.14 487,387,165.58 21.37 -73.92 -78.06 个百分点 增加16.63 其中：数字经济业务 130,079,606.19 101,107,560.69 22.27 -42.55 -52.67 个百分点 增加9.86 IT设备分销业务 419,581,404.26 359,512,009.37 14.32 -79.73 -81.82 个百分点 减少0.17 科技园租赁业务 70,155,391.69 26,767,595.52 61.85 -12.57 -12.18 个百分点 增加15.98 合计 2,417,857,861.96 1,468,601,955.17 39.26 -48.39 -59.14 个百分点 主营业务分产品情况 营业收 营业成 毛利率比 毛利率 入比上 本比上 分产品 营业收入 营业成本 上年增减 （%） 年增减 年增减 （%） （%） （%） 增加22.22 软件业务 907,674,999.17 264,531,522.11 70.86 -26.19 -58.12 个百分点 增加9.86 硬件业务 419,581,404.26 359,512,009.37 14.32 -79.73 -81.82 个百分点 减少7.00 定制及系统集成服务业务 1,020,446,066.84 817,790,828.17 19.86 -21.79 -14.30 个百分点 减少0.17 科技园租赁业务 70,155,391.69 26,767,595.52 61.85 -12.57 -12.18 个百分点 增加15.98 合计 2,417,857,861.96 1,468,601,955.17 39.26 -48.39 -59.14 个百分点 主营业务分地区情况 17/212
深圳市金证科技股份有限公司2025年年度报告 营业收 营业成 毛利率比 毛利率 入比上 本比上 分地区 营业收入 营业成本 上年增减 （%） 年增减 年增减 （%） （%） （%） 增加6.09 华北分部 207,652,418.26 175,562,050.78 15.45 -63.09 -65.58 个百分点 减少2.68 华东分部 79,553,818.25 53,835,409.76 32.33 -15.91 -12.43 个百分点 增加17.12 中南分部 2,118,775,101.75 1,227,874,120.98 42.05 -47.26 -59.29 个百分点 减少31.81 西南分部 11,876,523.70 11,330,373.65 4.60 15.77 73.68 个百分点 增加15.98 合计 2,417,857,861.96 1,468,601,955.17 39.26 -48.39 -59.14 个百分点 主营业务分销售模式情况 营业收 营业成 毛利率比 毛利率 入比上 本比上 销售模式 营业收入 营业成本 上年增减 （%） 年增减 年增减 （%） （%） （%） 增加15.98 直销 2,417,857,861.96 1,468,601,955.17 39.26 -48.39 -59.14 个百分点 主营业务分行业、分产品、分地区、分销售模式情况的说明 不适用 (2). 产销量情况分析表 □适用 √不适用 (3). 重大采购合同、重大销售合同的履行情况 □适用√不适用 (4). 成本分析表 单位：元 币种：人民币 分行业情况 本期金 本期占 上年同 额较上 总成本 期占总 情况 分行业 成本构成项目 本期金额 上年同期金额 年同期 比例 成本比 说明 变动比 (%) 例(%) 例(%) 硬件采购成本 15,607,379.51 1.06 194,384,870.19 5.41 -91.97 职工薪酬成本 769,125,681.62 52.37 875,642,909.18 24.36 -12.16 金融行 外购劳务及服 193,247,254.02 13.16 299,763,867.00 8.34 -35.53 业 务成本 项目费用 3,234,474.44 0.22 2,441,897.94 0.07 32.46 小计 981,214,789.59 66.81 1,372,233,544.31 38.18 -28.50 硬件采购成本 361,480,992.96 24.61 2,083,286,399.34 57.97 -82.65 非金融 职工薪酬成本 5,952,720.09 0.41 4,672,435.92 0.13 27.40 行业 外购劳务及服 91,534,357.72 6.23 98,696,360.62 2.75 -7.26 18/212
深圳市金证科技股份有限公司2025年年度报告 务成本 折旧摊销 26,767,595.52 1.82 30,480,361.09 0.85 -12.18 项目费用 1,651,499.29 0.11 4,583,236.91 0.13 -63.97 小计 487,387,165.58 33.19 2,221,718,793.88 61.82 -78.06 合计 1,468,601,955.17 100.00 3,593,952,338.19 100.00 -59.14 分产品情况 本期金 本期占 上年同 额较上 总成本 期占总 情况 分产品 成本构成项目 本期金额 上年同期金额 年同期 比例 成本比 说明 变动比 (%) 例(%) 例(%) 硬件采购成本 15,442,607.24 1.05 18,364,331.21 0.51 -15.91 职工薪酬成本 135,727,150.80 9.24 442,429,978.14 12.31 -69.32 软件业 外购劳务及服 111,038,450.61 7.56 168,357,923.82 4.68 -34.05 务 务成本 项目费用 2,323,313.46 0.16 2,441,897.94 0.07 -4.86 小计 264,531,522.11 18.01 631,594,131.11 17.57 -58.12 硬件采购成本 358,060,061.12 24.38 1,973,017,284.38 54.90 -81.85 硬件业 项目费用 1,451,948.25 0.10 4,583,236.91 0.13 -68.32 务 小计 359,512,009.37 24.48 1,977,600,521.29 55.03 -81.82 硬件采购成本 3,585,704.11 0.24 286,289,653.94 7.97 -98.75 定制及 职工薪酬成本 639,351,250.91 43.54 437,885,366.96 12.18 46.01 系统集 外购劳务及服 成服务 174,853,873.15 11.91 230,102,303.80 6.40 -24.01 务成本 业务 小计 817,790,828.17 55.69 954,277,324.70 26.55 -14.30 科技园 折旧摊销 26,767,595.52 1.82 30,480,361.09 0.85 -12.18 租赁业 小计 26,767,595.52 1.82 30,480,361.09 0.85 -12.18 务 合计 1,468,601,955.17 100.00 3,593,952,338.19 100.00 -59.14 成本分析其他情况说明 无 (5). 报告期主要子公司股权变动导致合并范围变化 □适用 √不适用 (6). 公司报告期内业务、产品或服务发生重大变化或调整有关情况 □适用 √不适用 (7). 主要销售客户及主要供应商情况 属于同一控制人控制的客户或供应商视为同一客户或供应商合并列示，受同一国有资产管理机构 实际控制的除外。 下列客户及供应商信息按照同一控制口径合并计算列示的情况说明 不适用 (1). 主要销售客户及主要供应商情况 属于同一控制人控制的客户或供应商视为同一客户或供应商合并列示，受同一国有资产管理机构 19/212
深圳市金证科技股份有限公司2025年年度报告 实际控制的除外。 下列客户及供应商信息按照同一控制口径合并计算列示的情况说明 不适用 A.公司主要销售客户及主要供应商情况 √适用 □不适用 前五名客户销售额42,280.52万元，占年度销售总额17.48%；其中前五名客户销售额中关联方销售 额0.00万元，占年度销售总额0.00% 。 前五名供应商采购额61,105.97万元，占年度采购总额54.46%；其中前五名供应商采购额中关联方 采购额3,857.38万元，占年度采购总额3.44%。 B.报告期内向单个客户的销售比例超过总额的50%、前5名客户中存在新增客户的或严重依赖于 少数客户的情形 □适用 √不适用 报告期内向单个供应商的采购比例超过总额的50%、前5名供应商中存在新增供应商的或严重依 赖于少数供应商的情形 □适用 √不适用 C. 报告期内公司股票被实施退市风险警示或其他风险警示 前五名销售客户 □适用 √不适用 前五名供应商 □适用 √不适用 D. 报告期内公司存在贸易业务收入 √适用 □不适用 单位：万元 币种：人民币 本期营业收入比上年 贸易业务开展情况 本期营业收入 上期营业收入 同期增减（%） IT设备分销业务 41,958.14 206,991.08 -79.73 贸易业务占营业收入比例超过10%前五名销售客户 □适用 √不适用 贸易业务收入占营业收入比例超过10%前五名供应商 □适用 √不适用 其他说明： 无 3、 费用 √适用 □不适用 单位：元 变动比例 费用项目 本期数 上期数 变动原因说明 (%) 主要系本期人员减少，职工 销售费用 147,723,406.47 176,939,355.72 -16.51 薪酬及差旅费下降所致。 20/212
深圳市金证科技股份有限公司2025年年度报告 管理费用 381,361,497.06 403,189,634.42 -5.41 无重大变化 研发费用 484,102,285.64 533,501,086.60 -9.26 无重大变化 主要系计入财务费用的理 财务费用 8,230,424.46 1,199,440.86 586.19 财收益减少所致。 4、 研发投入 (1).研发投入情况表 √适用 □不适用 单位：元 币种：人民币 本期费用化研发投入 484,102,285.64 本期资本化研发投入 16,112,541.14 研发投入合计 500,214,826.78 研发投入总额占营业收入比例（%） 20.68 研发投入资本化的比重（%） 3.22 (2).研发人员情况表 √适用□不适用 公司研发人员的数量 5,103 研发人员数量占公司总人数的比例（%） 78.47 研发人员学历结构 学历结构类别 学历结构人数 博士研究生 硕士研究生 159 本科 4,098 专科 840 高中及以下 6 研发人员年龄结构 年龄结构类别 年龄结构人数 30岁以下（不含30岁） 1,852 30-40岁（含30岁，不含40岁） 2,925 40-50岁（含40岁，不含50岁） 307 50-60岁（含50岁，不含60岁） 16 60岁及以上 3 (3).情况说明 □适用 √不适用 (4).研发人员构成发生重大变化的原因及对公司未来发展的影响 □适用 √不适用 5、 现金流 √适用 □不适用 单位：元 变动比例 现金流量表项目 本期数 上年同期数 变动原因说明 （%） 21/212
深圳市金证科技股份有限公司2025年年度报告 主要系本期销售商品、提供 经营活动现金流入小计 3,590,756,888.59 5,941,177,256.71 -39.56 劳务收到的现金比上年同 期减少所致 主要系本期购买商品、接受 经营活动现金流出小计 3,267,972,288.32 5,170,824,587.11 -36.80 劳务支付的现金比上年同 期减少所致 经营活动产生的现金流 主要系IT设备分销业务收 322,784,600.27 770,352,669.60 -58.10 量净额 缩规模影响所致 主要系本期收回投资收到 投资活动现金流入小计 3,566,767,537.05 2,265,689,845.39 57.43 的现金比上年同期增加所 致 主要系本期投资支付的现 投资活动现金流出小计 4,058,411,246.90 3,234,477,345.88 25.47 金比上年同期增加所致 投资活动产生的现金流 -491,643,709.85 -968,787,500.49 不适用 量净额 主要系本期取得借款收到 筹资活动现金流入小计 776,937,426.58 1,117,240,708.20 -30.46 的现金比上年同期减少所 致 主要系本期偿还债务支付 筹资活动现金流出小计 862,682,006.22 1,728,432,895.02 -50.09 的现金比上年同期减少所 致 筹资活动产生的现金流 -85,744,579.64 -611,192,186.82 不适用 量净额 现金及现金等价物净增 -254,609,299.67 -807,635,428.36 不适用 加额 (二) 非主营业务导致利润重大变化的说明 □适用 √不适用 (三) 资产、负债情况分析 √适用 □不适用 1、 资产及负债状况 单位：元 币种：人民币 本期期 本期期 上期期 末金额 末数占 末数占 较上期 项目名称 本期期末数 总资产 上期期末数 总资产 情况说明 期末变 的比例 的比例 动比例 （%） （%） （%） 主要系购买理财产品及 货币资金 486,381,155.51 8.91 1,618,964,347.86 28.02 -69.96 归还借款影响所致 主要系购买理财增加所 交易性金融资产 1,211,263,686.59 22.19 844,409,338.59 14.61 43.45 致 应收账款 243,769,139.14 4.47 425,424,732.46 7.36 -42.70 主要系收入下降所致 其他应收款 37,512,935.99 0.69 87,074,861.92 1.51 -56.92 主要系往来款减少所致 主要系IT设备分销业务 存货 261,360,450.60 4.79 531,079,202.89 9.19 -50.79 收缩规模影响所致 合同资产 460,741,758.95 8.44 615,525,777.68 10.65 -25.15 主要系收入下降、资产 22/212
深圳市金证科技股份有限公司2025年年度报告 减值损失增加所致 主要系期末持有期间于 一年内到期的非 884,265,572.64 16.20 197,176,712.33 3.41 348.46 一年以内到期的定期存 流动资产 单重分类所致 主要系一年以内的定期 其他流动资产 205,848,730.34 3.77 36,369,581.17 0.63 465.99 存单重分类所致 长期股权投资 607,123,341.30 11.12 596,319,331.61 10.32 1.81 无重大变化 其他非流动金融 主要系购买理财增加所 206,822,428.32 3.79 89,707,599.62 1.55 130.55 资产 致 投资性房地产 476,351,125.21 8.73 490,884,124.42 8.50 -2.96 无重大变化 主要系本期计提折旧所 固定资产 36,050,537.13 0.66 45,046,871.80 0.78 -19.97 致 主要系本期部分办公场 使用权资产 12,933,165.60 0.24 28,155,027.63 0.49 -54.06 地退租所致 主要系本期将研发项目 无形资产 35,182,817.74 0.64 13,693,469.28 0.24 156.93 的开发支出，转入无形 资产所致 主要系本期将一年以上 14,413.2 其他非流动资产 187,148,204.59 3.43 1,289,497.41 0.02 到期的定期存单重分类 7 所致 短期借款 664,588,499.58 12.17 762,638,125.58 13.20 -12.86 无重大变化 主要系本期应付票据到 应付票据 11,427,598.00 0.21 45,365,528.24 0.79 -74.81 期解付所致 主要系IT设备分销业务 应付账款 249,056,969.38 4.56 438,654,822.26 7.59 -43.22 收缩规模影响所致 合同负债 395,629,784.01 7.25 347,757,818.03 6.02 13.77 无重大变化 主要系期末计提的员工 应付职工薪酬 213,277,874.43 3.91 171,058,653.18 2.96 24.68 工资、奖金增加所致 主要系本期支付收购子 其他应付款 49,752,375.27 0.91 64,111,409.97 1.11 -22.40 公司金证财富股权三期 款所致 长期借款 5,000,000.00 0.09 不适用 不适用 无重大变化 主要系本期部分办公场 租赁负债 6,479,065.69 0.12 15,265,489.08 0.26 -57.56 地退租所致 其他说明： 不适用 2、 境外资产情况 √适用□不适用 (1). 资产规模 其中：境外资产161,881,161.40（单位：元 币种：人民币），占总资产的比例为2.97%。 (2). 境外资产占比较高的相关说明 □适用√不适用 23/212
深圳市金证科技股份有限公司2025年年度报告 3、 截至报告期末主要资产受限情况 √适用 □不适用 单位：元 项目 期末余额 受限原因 货币资金 3,428,279.40 银行承兑汇票保证金 货币资金 7,714,248.35 诉讼被司法冻结款项 货币资金 28,000,772.93 履约及保函保证金 货币资金 79,545.85 未年检或未变更信息被银行冻结款项 合计 39,222,846.53 4、 其他说明 □适用 √不适用 (四) 行业经营性信息分析 √适用 □不适用 详见第三节管理层讨论与分析章节。 (五) 投资状况分析 对外股权投资总体分析 √适用 □不适用 一、权益工具投资情况 1．非交易性权益工具投资情况 单位：元 项目 期末余额 期初余额 深圳市联影医疗数据服务有限公司 6,078,252.95 7,609,277.06 河北信创达物联网科技有限公司 431,464.57 431,464.57 证通股份有限公司 36,922,464.83 41,352,200.82 广东全塑智联科技有限公司 钱行科技（北京）有限公司 中融子午（北京）资产管理有限公司 合计 43,432,182.35 49,392,942.45 2．交易性权益工具投资情况 单位：元 项目 期末余额 期初余额 上海君昊虹石创业投资中心（有限合伙） 52,598,657.49 50,150,608.70 深圳市金证基石产业科技有限公司 15,687.25 19,648.68 深圳市兴链人居科技有限公司 11,392.95 126,651.85 上海国君创投证鋆一号股权投资合伙企业（有限合伙） 2,699,044.93 4,657,950.09 山西同仁股权投资合伙企业（有限合伙） 150,000.00 4,000,000.00 青澜科技传媒（深圳）有限公司 507,371.72 395,041.67 深圳粤十数智股份有限公司 四川美好明天科技有限公司 上海国君创投证鋆三号股权投资合伙企业（有限合伙） 合计 55,982,154.34 59,349,900.99 24/212
深圳市金证科技股份有限公司2025年年度报告 二、对外长期股权投资情况 单位：元 本期增减变动 宣告 追 权益法 发放 减值准 期初 其他综 期末 被投资单位 加 减少 下确认 其他权 现金 计提减 其 备期末 余额 合收益 余额 投 投资 的投资 益变动 股利 值准备 他 余额 调整 资 损益 或利 润 一、合营企业 小计 二、联营企业 深圳市丽海弘金科技 1,784,82 -1,784,8 2,126,4 有限公司 3.67 23.67 57.87 广州佳时达软件股份 6,985,3 有限公司 34.46 深圳星网信通科技股 69,834,4 10,498,7 -47,66 157,58 80,443,0 份有限公司 23.55 49.21 4.20 7.90 96.46 深圳金证文体科技有 2,412,31 15,014.2 2,427,32 限公司 0.74 9 5.03 武汉无线飞翔科技有 6,573,84 212,589. 6,786,43 限公司 6.24 37 5.61 深圳优品控股股份有 35,261,5 2,588,01 37,849,5 限公司 77.67 4.72 92.39 深圳市金证优智科技 10,756,6 -3,666,2 4,958,7 12,049, 15,948, 有限公司 53.49 91.87 57.27 118.89 147.02 124,882, 2,305,54 127,187, 港融科技有限公司 099.83 7.98 647.81 武汉优品楚鼎科技有 70,610,4 1,458,85 72,069,2 限公司 17.55 1.95 69.50 珠海金智维人工智能 股份有限公司（原名： 134,659, -42,943, -3,060. 5,544,1 97,257,6 珠海金智维信息科技 893.93 367.78 29 64.17 30.03 有限公司） 深圳市科盾科技有限 2,057,52 54,736.1 2,112,25 2,477,4 公司 1.26 9 7.45 32.95 上海博科维实业有限 3,285,29 208,250. 3,493,54 公司 3.06 77 3.83 广东智慧城市金服科 152,59 技有限公司 2.58 深圳金证数智科技有 6,674,26 -110,677 6,563,58 限公司 3.09 .20 5.89 深圳太古计算机系统 2,626,7 有限公司 73.23 广东塑小满技术有限 1,956,8 公司 36.63 杭州金证智付科技有 1,369,1 限公司 52.26 贵州玖引擎科技有限 6,367,1 公司 04.32 25/212
深圳市金证科技股份有限公司2025年年度报告 深圳金证淘车科技有 1,179,7 限公司 76.56 福建海融海丝电子商 5,773,1 务有限公司 26.11 杭州金证引擎国际科 72,811. 技有限公司 22 贵州中融信应收账款 4,277,1 交易中心有限公司 29.19 四川妥妥递科技有限 4,566,95 317,801. 4,884,75 公司 0.15 20 1.35 捷利交易宝金融科技 54,089,3 18,307,2 1,114,8 27,100, 100,611, 有限公司 13.38 35.15 84.27 328.53 761.33 弈酷软件（深圳）有 2,538,64 -159,054 2,379,59 13,164, 限公司 9.88 .92 4.96 793.53 香港卓信科技有限公 60,271,0 776,706. 61,047,7 司 00.22 49 06.71 北京金证引擎科技有 623,968. -623,968 限公司 14 .14 深圳市淘金智投科技 4,999,38 -2,893,2 570,69 1,100,0 1,576,88 1,100,0 有限公司 9.36 07.11 9.29 00.00 1.54 00.00 深圳市金证丝路数字 183,182. 166,252. 349,435. 科技有限公司 44 78 22 深圳市给力乒乓球俱 89,423.7 89,42 乐部有限公司 6 3.76 四川金证智税科技有 164,330. -81,504. 82,826.1 限公司 20 01 9 山东晶芯能源科技有 限公司 深圳市钐烽科技有限 公司 山东金证智城科技股 份有限公司 深圳恒通云数字科 技有限公司 596,319, 89,42 -15,353, 1,064,1 38,331, 13,149, 607,123, 65,577, 小计 331.61 3.76 144.60 59.78 537.16 118.89 341.30 467.93 596,319, 89,42 -15,353, 1,064,1 38,331, 13,149, 607,123, 65,577, 合计 331.61 3.76 144.60 59.78 537.16 118.89 341.30 467.93 1、 重大的股权投资 □适用 √不适用 2、 重大的非股权投资 □适用 √不适用 3、 以公允价值计量的金融资产 √适用 □不适用 26/212",windowed_extraction_review_required
600446.SH,AR_600446_SH_2025,r_and_d,11,22,"深圳市金证科技股份有限公司2025年年度报告 十二、 存在股权激励、员工持股计划的公司可选择披露扣除股份支付影响后的净利润 □适用 √不适用 十三、 采用公允价值计量的项目 √适用 □不适用 单位：元 币种：人民币 对当期利润的 项目名称 期初余额 期末余额 当期变动 影响金额 交易性金融资产 844,409,338.59 1,211,263,686.59 366,854,348.00 22,062,290.89 应收款项融资 36,036,599.66 9,664,294.74 -26,372,304.92 其他非流动金融资产 89,707,599.62 206,822,428.32 117,114,828.70 5,276,423.32 其他权益工具投资 49,392,942.45 43,432,182.35 -5,960,760.10 一年内到期的非流动 197,176,712.33 326,841,649.32 129,664,936.99 6,483,950.69 资产 合计 1,216,723,192.65 1,798,024,241.32 581,301,048.67 33,822,664.90 十四、 其他 □适用 √不适用 第三节 管理层讨论与分析 一、报告期内公司从事的业务情况 2025年，金融科技行业面临复杂的外部环境，尽管行业整体呈现信创需求增加，人工智能等 创新技术驱动业务变革的发展态势，但由于受宏观环境影响，下游金融机构客户IT投入仍趋于保 守，金融IT公司仍面临较大增长压力。在此背景下，公司主动调整战略，果断收缩并清理非金融 科技业务，通过进一步聚焦主业，持续加大核心技术与产品研发投入，积极寻求突破与可持续发 展。报告期内，公司实现营业收入24.19亿元，同比减少48.46%；实现归属于上市公司股东的净 利润-1.68亿元，实现归属于上市公司股东的扣除非经常性损益的净利润-2.03亿元。报告期末， 公司总资产54.59亿元，同比上年度末减少5.53%；归属于上市公司股东的净资产35.89亿元，同 比上年度末减少1.63%。 （一）新一代财富科技信创产品成功拓展多家客户，产品性能获得市场验证 金证基于全域金融积极响应行业信创改造，近年来已完成证券行业全产品、全领域的信创改 造适配，为金融安全筑牢“压舱石”。金证自研开放云原生技术平台KOCA，打造开发、运行、 运维三大支柱体系，具备云原生、微服务、低延时、低代码开发等一系列先进特性，广泛应用于 交易类、清算类、管理类以及其他业务场景。 2025年，公司全力推进全栈信创的新一代核心交易产品落地。2025年第四季度，公司连续中 标头部券商新一代核心交易系统项目，产品获得市场认可。此外，在客户端实现部署的新一代核 11/212
深圳市金证科技股份有限公司2025年年度报告 心交易系统，正逐步完成营业部平稳切换，业务稳定运行，标志着金证新一代核心交易系统FS2.5 具备规模化迁移能力，为后续全量客户迁移奠定坚实基础。 （二）投资科技业务产品成熟度和竞争力得到提升 公司从战略布局深入发展投资科技业务，包括产品研发、市场等体系建设，面向大资管全领 域金融机构提供投资科技产品及解决方案。2025年，投资科技产品领域的A8新一代投资交易系 统，已在客户端实现资管与自营业务的上线。 公司通过整合投资管理、投资研究及投资风控产品，强化了公司在投资管理领域的核心能力。 整体来看，公司已形成涵盖投资交易、数据治理、智能策略、运营管理及信创升级的完整资管科 技能力矩阵，有力支撑金融机构数字化转型向纵深发展。 （三）进一步实现AI产品在应用端布局 公司在AI领域深入推进人工智能平台KOCAAI的研发与应用，重点面向金融行业为投顾、 营销、客服、风控等业务场景提供创新的智能产品及解决方案。在财富管理领域，公司围绕FS2.5 新一代核心交易系统，打造了业务百事通、智能领航员等多个智能体，通过检索专业知识库，大 幅提升业务办理速度。在机构运营领域，产品线深度融合金证AI生态，依托大模型应用平台KOCA AI中枢构建智能体矩阵，通过任务规划引擎、多模态识别等技术，大幅提升开户、审核、数据分 析等业务的效率。在资产管理领域，金证基于A8新一代投资交易系统，构建了智能交易、智能 风控等多个应用场景。 金证通过自主研发与生态合作，开发了代码大模型K-CODE，根据内部试用反馈，该模型能 有效提升全场景下的开发效率。同时，公司在AICoding领域开展实质性探索与实践，希望未来 进一步提升产品研发效率和质量。 报告期内公司新增重要非主营业务的说明 □适用 √不适用 二、报告期内公司所处行业情况 （一）公司所处行业与经营模式 公司主营业务深度聚焦金融科技，深化布局财富科技和投资科技领域基石业务，面向金融体 系及相关领域提供具备自主知识产权的基础技术平台、应用软件产品及信息技术服务，为证券、 基金、银行、保险、信托、期货、支付结算机构、金控集团、交易所、监管单位等行业客户提供 全技术栈、全产品线解决方案；公司在财富科技和投资科技业务领域占据行业领先地位，其证券 交易结算系统、投资管理系统、TA系统等核心软件产品在行业内有深厚的客户基础，持续赋能 金融行业数字化、智能化转型升级。公司是中国证券监督管理委员会备案的信息技术系统服务机 构。 金证股份在构建核心技术高壁垒的基础上，注重创新科技研究与应用，持续推动技术创新和 业务创新的双向赋能。目前，金证已构建起完整的基础技术平台生态链，对云原生、低时延、微 12/212
深圳市金证科技股份有限公司2025年年度报告 服务、高性能计算等前沿技术及其应用保持深入研究。公司的主要业务模式为“软件+服务”，向 客户交付产品及解决方案的同时，向客户提供运营运维、咨询及个性化定制服务。 （二）行业情况 2025年，金融IT行业整体呈现信创化转型加速、AI技术创新驱动业务变革的发展态势，但 同时面临收入增长放缓、行业竞争激烈等挑战。 1、国家信创纵深推进，金融软件国产化生态加速成熟 国家信创战略持续引领软件行业高质量发展。《政府工作报告》进一步强调“推动高水平科 技自立自强”“充分发挥新型举国体制优势”，为信创在金融领域的纵深落地提供了顶层指引。 在此背景下，2025年金融信创由“可用”向“好用”迈进，核心系统替换从大型国有金融机构向 中小银行、券商、保险等全类型机构延伸，覆盖范围从交易、清算、风控等关键业务场景扩展至 数据治理、智能投研、合规科技等新兴领域。 2025年，多家证券公司已开展新一代分布式核心交易系统的部署，实现从集中式架构向分布 式、低时延、云原生技术体系的平稳过渡。在“安全可控”与“性能效能”双重要求驱动下，金 融软件行业正加速完成全栈国产化适配。基于国产技术底座构建的金融软件生态系统日趋成熟， 产业链协同能力显著增强，行业整体进入从“替代”走向“创新引领”的新阶段。 2、新质生产力驱动金融数智化迈向深度融合 2025年，《政府工作报告》再次聚焦“加快发展新质生产力”，明确提出要以科技创新引领 现代化产业体系建设。中共二十届三中全会后续政策部署《关于深入实施“人工智能+”行动的意 见》进一步细化了支持人工智能、大数据等前沿技术赋能传统产业转型升级的制度安排。 在政策与技术双重催化下，人工智能已从辅助工具演进为金融业务的核心生产力要素。大模 型技术在智能客服、投研分析、风险预警、合规审查等场景实现规模化落地，显著提升服务精准 度与运营效率。同时，AI与业务流程的深度耦合，推动产品设计、客户服务和内部管理向自动化、 个性化、智能化跃迁。2025年，行业金融机构将“AI+数据”作为数智化转型的战略支点，通过 构建统一智能中台，打通前中后台数据壁垒，实现从“流程数字化”向“决策智能化”的质变。 随着技术成熟度提升与监管框架完善，人工智能在降低金融服务成本、扩大普惠金融覆盖面、 提升金融安全韧性等方面的价值日益凸显。金融软件作为承载新质生产力的关键载体，正成为驱 动行业高质量发展的核心引擎。 三、经营情况讨论与分析 （一）财富科技 财富科技作为公司核心业务，紧密围绕资本市场发展新趋势，以系统化推进为主线，聚焦证 券核心系统信创化、业务创新与政策热点三大方向。 2025年，公司连续中标多家头部券商的新一代核心交易系统项目，充分验证了FS2.5产品的 市场认可度。已上线的FS2.5项目正稳步推进营业部平稳切换，其中在华兴证券成功实现全栈信 13/212
深圳市金证科技股份有限公司2025年年度报告 创、单轨运行，并一次性完成全量客户切换，系统性能显著提升。报告期公司还为国泰海通证券、 渤海证券、国投证券等客户提供多个产品信创升级服务。 针对政策类热点业务，公司紧跟监管政策动向，为金融行业客户提供完整的解决方案，保障 核心交易系统的合规性。围绕多资产ETF、上海新固定收益平台等业务，公司为多家券商客户提 供了软件升级和技术支持。公司聚力应对“科创成长层”等相关政策调整，积极响应监管要求， 为行业客户实施相关改造方案。 在创新领域，公司聚焦大财富管理和机构服务体系建设，紧抓热点业务机遇，并通过持续优 化迭代配套产品来增强市场竞争力。其中，机构运营产品线深度融合金证AI生态，先后攻坚并落 地多项关键技术成果。同时，公司持续推进债券柜台、机构理财及金佣2.0、QFII、投顾交易、 实时风控等创新产品线的市场拓展与功能优化，报告期与多家券商达成合作，助力客户实现差异 化发展。 （二）投资科技 公司面向大资管全领域金融机构提供全方位资产管理解决方案，核心产品矩阵覆盖资产管理、 财富管理、投研一体化、投资交易、运营管理及风控合规等关键业务环节。2025年，公司围绕“数 据驱动、模型决策、精细管理”的核心思路，持续完善资管科技全产品线布局。通过整合研发、 产品与市场资源，为证券、基金、信托、银行等金融机构提供覆盖投资业务全价值链的科技解决 方案，推动行业数字化转型向纵深发展。 公司持续推进新一代投资交易系统A8的研发与升级，已在客户端实现资管与自营业务上线。 在自营业务领域，报告期内公司中标某券商新一代自营固收交易平台项目，应用场景由大资管行 业进一步拓展至自营投资。 公司同时加强IBOR投资簿记系统的研发与展业，中标国元证券自营业务投资管理平台建设项 目，体现了系统在统一数据底座、提升运营效率方面的价值，为规模化推广奠定了坚实基础。 此外，公司在传统优势产品方面依托实时TA的市场份额及新一代综合理财系统的成熟完善， 推动多家客户进行系统信创升级改造。 （三）其他金融软件及定制化服务业务 在监管科技方向，公司推出FitGO金证－易行IT治控系统，紧扣行业法规基线，构建标准化、 智能化的IT风险防控体系，有效提升金融机构的IT治理水平。 在定制化服务方面，公司聚焦金融领域核心客户，包括中国证券登记结算公司、证券交易所 及大型国央企等。报告期内，新增中标中信证券、国泰海通证券、中证指数等多家重要客户，同 时基石客户合作持续稳固。围绕行业数字化转型成熟度建设，公司自主研发的数字化运营平台 （DMAP）在2025年实现多领域能力升级，解决方案的深度与实用性显著增强。 此外，公司紧跟市场最新技术和业务的发展，在数字人民币应用全面化等WEB3技术应用方面， 积极布局和阶段性投入研发。 （四）其他创新业务 14/212
深圳市金证科技股份有限公司2025年年度报告 金智维：参股公司珠海金智维人工智能股份有限公司是一家专注于提供人工智能（“AI”） 数字员工解决方案及企业级智能体解决方案的AI企业。公司通过将AI算法、大语言模型和机器 人流程自动化（RPA）技术与行业场景的深度融合，助力企业加速数智化转型。报告期内，公司正 式向香港联交所提交上市申请。在技术与产品方面，通过将智能体技术与大模型能力相融合，公 司推出Ki-Agent企业级智能体平台，以及配套的企业级智能体解决方案。在持续深化金融行业应 用高频场景的同时，公司向政务智能审批、制造运维、教育管理等非金融领域的智能化场景拓展， 以构建更广泛的行业生态。 金证优智：参股公司金证优智持续推进AI技术研发、创新。公司依托自研垂类大模型，升级 “智遇文档”与“智友Agent”两大平台，实现涵盖投顾、投行、投研、资管、审计、法律合规、 智能制造等多个垂直领域的场景智能体构建和产品落地应用。 星网信通：参股公司星网信通主要面向金融机构、党政机关及大型企事业单位客户，在融合 指挥、智能客服、企业统一通信和ICT基础设施等领域提供信息与通信综合解决方案。在报告期， 星网信通顺应AI应用需求增加的市场趋势，新增AI算法调度平台、AI消防智能体等智能化产品， 增强客户服务能力，有效提升用户使用体验。市场方面，公司拓展“一带一路”业务布局，报告 期成功签约泰国政府储蓄银行（GSB）等重要项目。2025年11月，星网信通正式于全国中小企业 股份转让系统挂牌（股票代码874901），并于2025年12月启动申请公开发行股票并在北交所上 市辅导备案。 四、报告期内核心竞争力分析 √适用 □不适用 公司是国家规划布局内重点软件企业、深圳市高新技术企业，是行业内首家通过CMMI5最 高级别认证企业，在过程组织能力、软件研发能力、质量管理能力等方面保持在较高水平。公司 连续多年跻身中国软件百强行列，先后获得国家火炬计划软件产业基地骨干企业、中国软件自主 品牌20强等荣誉称号，在金融等领域信息化建设中卓有建树。依托二十余年行业深耕，公司已拥 有行业领先的金融科技专家团队以及研发管理机制，并持续沉淀大量行业案例与业务认知。通过 自主知识产权积累及对创新技术的深度应用，公司已经在技术、产品、品牌等多个方面在行业中 建立了领先优势。 在技术上，公司享有1,300余项已登记软件著作权，研发人员占公司总人数比例超过70%， 公司拥有众多行业资深、经验丰富的专家人才，核心技术团队稳定。2025年全年研发投入5.00 亿元，2023年至2025年公司累计研发投入16.28亿元。公司构建起完整的基础技术平台生态链， 在技术产品成熟度、高性能、高可靠和高可用方面均达到国内领先水平，金证开放云原生技术平 台（KOCA）成为公司得以保证科技先进性的统一技术平台。在人工智能领域，公司自主研发金 融领域特定场景大语言模型K-GPT、代码大模型K-CODE及开发应用平台，推动技术创新和业务 创新的双向赋能。 15/212
深圳市金证科技股份有限公司2025年年度报告 在产品上，公司能够为金融机构客户提供全流程、前中后台兼备的整体解决方案，并提供售 前、售中、售后全流程跟进服务；公司的核心交易系统、投资管理系统、TA系统等核心软件产 品在行业内有深厚的客户基础。 在品牌上，金融科技行业具备较高行业壁垒，其业务处理复杂度高，容错率低，对IT系统要 求严苛。公司具有20余年金融领域的业务系统开发及服务工作经验，专注金融领域自主知识产权 技术研发，对市场情况、客户需求理解深刻。同时公司产品稳定、质控严格、开发流程规范，有 大量成功的服务案例，让公司在业内获得了良好的品牌声誉及广泛的市场认可度。 五、报告期内主要经营情况 报告期内，公司实现营业收入24.19亿元，同比减少48.46%；实现归属于上市公司股东的净 利润-1.68亿元，实现归属于上市公司股东的扣除非经常性损益的净利润-2.03亿元。报告期末， 公司总资产54.59亿元，同比上年度末减少5.53%；归属于上市公司股东的净资产35.89亿元，同 比上年度末减少1.63%。 (一) 主营业务分析 1、 利润表及现金流量表相关科目变动分析表 单位：元 币种：人民币 科目 本期数 上年同期数 变动比例（%） 营业收入 2,418,857,503.49 4,693,117,962.98 -48.46 营业成本 1,469,308,379.33 3,602,182,426.60 -59.21 销售费用 147,723,406.47 176,939,355.72 -16.51 管理费用 381,361,497.06 403,189,634.42 -5.41 财务费用 8,230,424.46 1,199,440.86 586.19 研发费用 484,102,285.64 533,501,086.60 -9.26 经营活动产生的现金流量净额 322,784,600.27 770,352,669.60 -58.10 投资活动产生的现金流量净额 -491,643,709.85 -968,787,500.49 不适用 筹资活动产生的现金流量净额 -85,744,579.64 -611,192,186.82 不适用 营业收入变动原因说明：主要系IT设备分销业务、数字经济业务收入下降所致。 营业成本变动原因说明：主要系IT设备分销业务、数字经济业务成本下降所致。 销售费用变动原因说明：主要系本期人员减少，职工薪酬及差旅费下降所致。 管理费用变动原因说明：无重大变化。 财务费用变动原因说明：主要系计入财务费用的理财收益减少所致。 研发费用变动原因说明：无重大变化。 经营活动产生的现金流量净额变动原因说明：主要系IT设备分销业务收缩规模影响所致。 投资活动产生的现金流量净额变动原因说明：主要系本期收回投资收到的现金比上年同期增加所 致。 筹资活动产生的现金流量净额变动原因说明：主要系本期偿还债务支付的现金比上年同期减少所 致。 本期公司业务类型、利润构成或利润来源发生重大变动的详细说明 □适用 √不适用 16/212
深圳市金证科技股份有限公司2025年年度报告 2、 收入和成本分析 √适用 □不适用 详见以下内容 (1). 主营业务分行业、分产品、分地区、分销售模式情况 单位：元 币种：人民币 主营业务分行业情况 营业收 营业成 毛利率比 毛利率 入比上 本比上 分行业 营业收入 营业成本 上年增减 （%） 年增减 年增减 （%） （%） （%） 增加4.88 金融行业 1,798,041,459.82 981,214,789.59 45.43 -22.10 -28.50 个百分点 增加6.58 其中：证券经纪软件业务 572,175,973.45 67,338,931.08 88.23 15.48 -25.92 个百分点 减少0.70 资管机构软件业务 120,947,548.22 32,022,832.89 73.52 -9.20 -6.75 个百分点 增加4.23 银行软件业务 149,083,455.77 124,826,163.42 16.27 -71.37 -72.75 个百分点 增加12.23 综合金融软件业务 24,008,980.71 9,579,433.57 60.10 -7.04 -28.85 个百分点 减少11.76 定制服务业务 931,825,501.67 747,447,428.63 19.79 -17.75 -3.61 个百分点 增加14.85 非金融行业 619,816,402.14 487,387,165.58 21.37 -73.92 -78.06 个百分点 增加16.63 其中：数字经济业务 130,079,606.19 101,107,560.69 22.27 -42.55 -52.67 个百分点 增加9.86 IT设备分销业务 419,581,404.26 359,512,009.37 14.32 -79.73 -81.82 个百分点 减少0.17 科技园租赁业务 70,155,391.69 26,767,595.52 61.85 -12.57 -12.18 个百分点 增加15.98 合计 2,417,857,861.96 1,468,601,955.17 39.26 -48.39 -59.14 个百分点 主营业务分产品情况 营业收 营业成 毛利率比 毛利率 入比上 本比上 分产品 营业收入 营业成本 上年增减 （%） 年增减 年增减 （%） （%） （%） 增加22.22 软件业务 907,674,999.17 264,531,522.11 70.86 -26.19 -58.12 个百分点 增加9.86 硬件业务 419,581,404.26 359,512,009.37 14.32 -79.73 -81.82 个百分点 减少7.00 定制及系统集成服务业务 1,020,446,066.84 817,790,828.17 19.86 -21.79 -14.30 个百分点 减少0.17 科技园租赁业务 70,155,391.69 26,767,595.52 61.85 -12.57 -12.18 个百分点 增加15.98 合计 2,417,857,861.96 1,468,601,955.17 39.26 -48.39 -59.14 个百分点 主营业务分地区情况 17/212
深圳市金证科技股份有限公司2025年年度报告 营业收 营业成 毛利率比 毛利率 入比上 本比上 分地区 营业收入 营业成本 上年增减 （%） 年增减 年增减 （%） （%） （%） 增加6.09 华北分部 207,652,418.26 175,562,050.78 15.45 -63.09 -65.58 个百分点 减少2.68 华东分部 79,553,818.25 53,835,409.76 32.33 -15.91 -12.43 个百分点 增加17.12 中南分部 2,118,775,101.75 1,227,874,120.98 42.05 -47.26 -59.29 个百分点 减少31.81 西南分部 11,876,523.70 11,330,373.65 4.60 15.77 73.68 个百分点 增加15.98 合计 2,417,857,861.96 1,468,601,955.17 39.26 -48.39 -59.14 个百分点 主营业务分销售模式情况 营业收 营业成 毛利率比 毛利率 入比上 本比上 销售模式 营业收入 营业成本 上年增减 （%） 年增减 年增减 （%） （%） （%） 增加15.98 直销 2,417,857,861.96 1,468,601,955.17 39.26 -48.39 -59.14 个百分点 主营业务分行业、分产品、分地区、分销售模式情况的说明 不适用 (2). 产销量情况分析表 □适用 √不适用 (3). 重大采购合同、重大销售合同的履行情况 □适用√不适用 (4). 成本分析表 单位：元 币种：人民币 分行业情况 本期金 本期占 上年同 额较上 总成本 期占总 情况 分行业 成本构成项目 本期金额 上年同期金额 年同期 比例 成本比 说明 变动比 (%) 例(%) 例(%) 硬件采购成本 15,607,379.51 1.06 194,384,870.19 5.41 -91.97 职工薪酬成本 769,125,681.62 52.37 875,642,909.18 24.36 -12.16 金融行 外购劳务及服 193,247,254.02 13.16 299,763,867.00 8.34 -35.53 业 务成本 项目费用 3,234,474.44 0.22 2,441,897.94 0.07 32.46 小计 981,214,789.59 66.81 1,372,233,544.31 38.18 -28.50 硬件采购成本 361,480,992.96 24.61 2,083,286,399.34 57.97 -82.65 非金融 职工薪酬成本 5,952,720.09 0.41 4,672,435.92 0.13 27.40 行业 外购劳务及服 91,534,357.72 6.23 98,696,360.62 2.75 -7.26 18/212
深圳市金证科技股份有限公司2025年年度报告 务成本 折旧摊销 26,767,595.52 1.82 30,480,361.09 0.85 -12.18 项目费用 1,651,499.29 0.11 4,583,236.91 0.13 -63.97 小计 487,387,165.58 33.19 2,221,718,793.88 61.82 -78.06 合计 1,468,601,955.17 100.00 3,593,952,338.19 100.00 -59.14 分产品情况 本期金 本期占 上年同 额较上 总成本 期占总 情况 分产品 成本构成项目 本期金额 上年同期金额 年同期 比例 成本比 说明 变动比 (%) 例(%) 例(%) 硬件采购成本 15,442,607.24 1.05 18,364,331.21 0.51 -15.91 职工薪酬成本 135,727,150.80 9.24 442,429,978.14 12.31 -69.32 软件业 外购劳务及服 111,038,450.61 7.56 168,357,923.82 4.68 -34.05 务 务成本 项目费用 2,323,313.46 0.16 2,441,897.94 0.07 -4.86 小计 264,531,522.11 18.01 631,594,131.11 17.57 -58.12 硬件采购成本 358,060,061.12 24.38 1,973,017,284.38 54.90 -81.85 硬件业 项目费用 1,451,948.25 0.10 4,583,236.91 0.13 -68.32 务 小计 359,512,009.37 24.48 1,977,600,521.29 55.03 -81.82 硬件采购成本 3,585,704.11 0.24 286,289,653.94 7.97 -98.75 定制及 职工薪酬成本 639,351,250.91 43.54 437,885,366.96 12.18 46.01 系统集 外购劳务及服 成服务 174,853,873.15 11.91 230,102,303.80 6.40 -24.01 务成本 业务 小计 817,790,828.17 55.69 954,277,324.70 26.55 -14.30 科技园 折旧摊销 26,767,595.52 1.82 30,480,361.09 0.85 -12.18 租赁业 小计 26,767,595.52 1.82 30,480,361.09 0.85 -12.18 务 合计 1,468,601,955.17 100.00 3,593,952,338.19 100.00 -59.14 成本分析其他情况说明 无 (5). 报告期主要子公司股权变动导致合并范围变化 □适用 √不适用 (6). 公司报告期内业务、产品或服务发生重大变化或调整有关情况 □适用 √不适用 (7). 主要销售客户及主要供应商情况 属于同一控制人控制的客户或供应商视为同一客户或供应商合并列示，受同一国有资产管理机构 实际控制的除外。 下列客户及供应商信息按照同一控制口径合并计算列示的情况说明 不适用 (1). 主要销售客户及主要供应商情况 属于同一控制人控制的客户或供应商视为同一客户或供应商合并列示，受同一国有资产管理机构 19/212
深圳市金证科技股份有限公司2025年年度报告 实际控制的除外。 下列客户及供应商信息按照同一控制口径合并计算列示的情况说明 不适用 A.公司主要销售客户及主要供应商情况 √适用 □不适用 前五名客户销售额42,280.52万元，占年度销售总额17.48%；其中前五名客户销售额中关联方销售 额0.00万元，占年度销售总额0.00% 。 前五名供应商采购额61,105.97万元，占年度采购总额54.46%；其中前五名供应商采购额中关联方 采购额3,857.38万元，占年度采购总额3.44%。 B.报告期内向单个客户的销售比例超过总额的50%、前5名客户中存在新增客户的或严重依赖于 少数客户的情形 □适用 √不适用 报告期内向单个供应商的采购比例超过总额的50%、前5名供应商中存在新增供应商的或严重依 赖于少数供应商的情形 □适用 √不适用 C. 报告期内公司股票被实施退市风险警示或其他风险警示 前五名销售客户 □适用 √不适用 前五名供应商 □适用 √不适用 D. 报告期内公司存在贸易业务收入 √适用 □不适用 单位：万元 币种：人民币 本期营业收入比上年 贸易业务开展情况 本期营业收入 上期营业收入 同期增减（%） IT设备分销业务 41,958.14 206,991.08 -79.73 贸易业务占营业收入比例超过10%前五名销售客户 □适用 √不适用 贸易业务收入占营业收入比例超过10%前五名供应商 □适用 √不适用 其他说明： 无 3、 费用 √适用 □不适用 单位：元 变动比例 费用项目 本期数 上期数 变动原因说明 (%) 主要系本期人员减少，职工 销售费用 147,723,406.47 176,939,355.72 -16.51 薪酬及差旅费下降所致。 20/212
深圳市金证科技股份有限公司2025年年度报告 管理费用 381,361,497.06 403,189,634.42 -5.41 无重大变化 研发费用 484,102,285.64 533,501,086.60 -9.26 无重大变化 主要系计入财务费用的理 财务费用 8,230,424.46 1,199,440.86 586.19 财收益减少所致。 4、 研发投入 (1).研发投入情况表 √适用 □不适用 单位：元 币种：人民币 本期费用化研发投入 484,102,285.64 本期资本化研发投入 16,112,541.14 研发投入合计 500,214,826.78 研发投入总额占营业收入比例（%） 20.68 研发投入资本化的比重（%） 3.22 (2).研发人员情况表 √适用□不适用 公司研发人员的数量 5,103 研发人员数量占公司总人数的比例（%） 78.47 研发人员学历结构 学历结构类别 学历结构人数 博士研究生 硕士研究生 159 本科 4,098 专科 840 高中及以下 6 研发人员年龄结构 年龄结构类别 年龄结构人数 30岁以下（不含30岁） 1,852 30-40岁（含30岁，不含40岁） 2,925 40-50岁（含40岁，不含50岁） 307 50-60岁（含50岁，不含60岁） 16 60岁及以上 3 (3).情况说明 □适用 √不适用 (4).研发人员构成发生重大变化的原因及对公司未来发展的影响 □适用 √不适用 5、 现金流 √适用 □不适用 单位：元 变动比例 现金流量表项目 本期数 上年同期数 变动原因说明 （%） 21/212
深圳市金证科技股份有限公司2025年年度报告 主要系本期销售商品、提供 经营活动现金流入小计 3,590,756,888.59 5,941,177,256.71 -39.56 劳务收到的现金比上年同 期减少所致 主要系本期购买商品、接受 经营活动现金流出小计 3,267,972,288.32 5,170,824,587.11 -36.80 劳务支付的现金比上年同 期减少所致 经营活动产生的现金流 主要系IT设备分销业务收 322,784,600.27 770,352,669.60 -58.10 量净额 缩规模影响所致 主要系本期收回投资收到 投资活动现金流入小计 3,566,767,537.05 2,265,689,845.39 57.43 的现金比上年同期增加所 致 主要系本期投资支付的现 投资活动现金流出小计 4,058,411,246.90 3,234,477,345.88 25.47 金比上年同期增加所致 投资活动产生的现金流 -491,643,709.85 -968,787,500.49 不适用 量净额 主要系本期取得借款收到 筹资活动现金流入小计 776,937,426.58 1,117,240,708.20 -30.46 的现金比上年同期减少所 致 主要系本期偿还债务支付 筹资活动现金流出小计 862,682,006.22 1,728,432,895.02 -50.09 的现金比上年同期减少所 致 筹资活动产生的现金流 -85,744,579.64 -611,192,186.82 不适用 量净额 现金及现金等价物净增 -254,609,299.67 -807,635,428.36 不适用 加额 (二) 非主营业务导致利润重大变化的说明 □适用 √不适用 (三) 资产、负债情况分析 √适用 □不适用 1、 资产及负债状况 单位：元 币种：人民币 本期期 本期期 上期期 末金额 末数占 末数占 较上期 项目名称 本期期末数 总资产 上期期末数 总资产 情况说明 期末变 的比例 的比例 动比例 （%） （%） （%） 主要系购买理财产品及 货币资金 486,381,155.51 8.91 1,618,964,347.86 28.02 -69.96 归还借款影响所致 主要系购买理财增加所 交易性金融资产 1,211,263,686.59 22.19 844,409,338.59 14.61 43.45 致 应收账款 243,769,139.14 4.47 425,424,732.46 7.36 -42.70 主要系收入下降所致 其他应收款 37,512,935.99 0.69 87,074,861.92 1.51 -56.92 主要系往来款减少所致 主要系IT设备分销业务 存货 261,360,450.60 4.79 531,079,202.89 9.19 -50.79 收缩规模影响所致 合同资产 460,741,758.95 8.44 615,525,777.68 10.65 -25.15 主要系收入下降、资产 22/212",windowed_extraction_review_required
600446.SH,AR_600446_SH_2025,management_discussion,3,14,"深圳市金证科技股份有限公司2025年年度报告 十、重大风险提示 报告期内，公司不存在重大风险事项。公司已在本报告中详细描述可能面对的风险及应对措 施，敬请查阅本报告第三节管理层讨论与分析中“可能面对的风险”内容。 十一、 其他 □适用 √不适用 3/212
深圳市金证科技股份有限公司2025年年度报告 目录 第一节 释义......................................................................................................................................5 第二节 公司简介和主要财务指标..................................................................................................5 第三节 管理层讨论与分析............................................................................................................11 第四节 公司治理、环境和社会....................................................................................................31 第五节 重要事项............................................................................................................................42 第六节 股份变动及股东情况........................................................................................................58 第七节 债券相关情况....................................................................................................................62 第八节 财务报告............................................................................................................................63 载有法定代表人、主管会计负责人、会计机构负责人签名并盖章的会计报表 载有会计师事务所盖章、注册会计师签名并盖章的审计报告原件 备查文件目录 报告期内在中国证监会指定报纸《中国证券报》、《上海证券报》、《证券时 报》上公开披露过的所有公司文件的正文及公告原件 4/212
深圳市金证科技股份有限公司2025年年度报告 第一节 释义 一、 释义 在本报告书中，除非文义另有所指，下列词语具有如下含义： 常用词语释义 元、万元 指 人民币元、人民币万元 报告期 指 2025年1月1日至2025年12月31日 第二节 公司简介和主要财务指标 一、 公司信息 公司的中文名称 深圳市金证科技股份有限公司 公司的中文简称 金证股份 公司的外文名称 SHENZHENKINGDOMSCI-TECHCO.,LTD 公司的外文名称缩写 - 公司的法定代表人 李结义 二、 联系人和联系方式 董事会秘书 证券事务代表 姓名 殷明 陈志生 深圳市南山区高新南五道金证科技 深圳市南山区高新南五道金证科技 联系地址 大楼（8-9楼） 大楼（8-9楼） 电话 0755-86393989 0755-86393989 传真 0755-86393986 0755-86393986 电子信箱 yinming1@szkingdom.com chenzhisheng@szkingdom.com 三、 基本情况简介 公司注册地址 深圳市南山区高新南五道金证科技大楼（8-9楼） 公司注册地址的历史变更情况 无 公司办公地址 深圳市南山区高新南五道金证科技大楼（8-9楼） 公司办公地址的邮政编码 518057 公司网址 http://www.szkingdom.com 电子信箱 jzkj@szkingdom.com 四、 信息披露及备置地点 公司披露年度报告的媒体名称及网址 中国证券报、上海证券报、证券时报 公司披露年度报告的证券交易所网址 http://www.sse.com.cn 公司年度报告备置地点 上海证券交易所与公司董事会办公室 五、 公司股票简况 公司股票简况 股票种类 股票上市交易所 股票简称 股票代码 变更前股票简称 A股 上海证券交易所 金证股份 600446 - 5/212
深圳市金证科技股份有限公司2025年年度报告 六、 其他相关资料 名称 立信会计师事务所（特殊普通合伙） 公司聘请的会计师事务所 办公地址 上海市黄浦区南京路61号四楼 （境内） 签字会计师姓名 李建军、吴健东 七、 近三年主要会计数据和财务指标 (一) 主要会计数据 单位：元 币种：人民币 本期比上年 主要会计数据 2025年 2024年 2023年 同期增减(%) 营业收入 2,418,857,503.49 4,693,117,962.98 -48.46 6,220,952,464.63 扣除与主营业务无关 的业务收入和不具备 2,417,857,861.96 4,684,767,520.97 -48.39 6,216,417,699.96 商业实质的收入后的 营业收入 利润总额 -149,845,331.18 -169,056,614.02 不适用 368,117,683.52 归属于上市公司股东 -168,353,895.22 -202,418,440.19 不适用 369,334,432.41 的净利润 归属于上市公司股东 的扣除非经常性损益 -203,319,009.15 -246,145,956.59 不适用 264,407,677.22 的净利润 经营活动产生的现金 322,784,600.27 770,352,669.60 -58.10 175,099,120.58 流量净额 本期末比上 2025年末 2024年末 年同期末增 2023年末 减（%） 归属于上市公司股东 3,588,540,997.64 3,647,916,401.79 -1.63 3,902,894,866.95 的净资产 总资产 5,458,738,027.91 5,778,493,064.17 -5.53 6,726,345,379.60 (二) 主要财务指标 本期比上年同 主要财务指标 2025年 2024年 2023年 期增减(%) 基本每股收益（元／股） -0.1782 -0.2141 不适用 0.3920 稀释每股收益（元／股） -0.1782 -0.2141 不适用 0.3906 扣除非经常性损益后的基本每股 -0.2152 -0.2604 不适用 0.2806 收益（元／股） 增加0.72个百 加权平均净资产收益率（%） -4.64 -5.36 9.69 分点 扣除非经常性损益后的加权平均 增加0.91个百 -5.61 -6.52 6.93 净资产收益率（%） 分点 报告期末公司前三年主要会计数据和财务指标的说明 √适用 □不适用 6/212
深圳市金证科技股份有限公司2025年年度报告 2025年公司归属于上市公司股东的净利润较上年同期减少亏损，基本每股收益较上年同期增 加0.0359元/股，加权平均净资产收益率较上年同期增加0.72个百分点。 报告期内，相关财务数据变动原因一是公司聚焦金融科技主业，主动收缩IT设备分销业务规 模以及银行机构业务规模，把更多的资源调整到金融科技主业，在维持毛利润水平的情况下，降 低了期间费用；二是公司数字经济板块项目受市场变化影响，回款不确定性增加，导致计提资产 减值损失。 八、 境内外会计准则下会计数据差异 (一) 同时按照国际会计准则与按中国会计准则披露的财务报告中净利润和归属于上市公司股东 的净资产差异情况 □适用 √不适用 (二) 同时按照境外会计准则与按中国会计准则披露的财务报告中净利润和归属于上市公司股东 的净资产差异情况 □适用 √不适用 (三) 境内外会计准则差异的说明： □适用 √不适用 九、 2025年分季度主要财务数据 单位：元 币种：人民币 第一季度 第二季度 第三季度 第四季度 （1-3月份） （4-6月份） （7-9月份） （10-12月份） 营业收入 521,247,483.83 686,513,351.90 563,332,183.65 647,764,484.11 归属于上市公司股东的净 -95,195,955.45 56,362,177.15 -17,699,236.91 -111,820,880.01 利润 归属于上市公司股东的扣 除非经常性损益后的净利 -102,329,104.28 44,408,501.73 -25,969,769.03 -119,428,637.57 润 经营活动产生的现金流量 -20,379,854.65 -23,104,614.29 13,882,930.71 352,386,138.50 净额 季度数据与已披露定期报告数据差异说明 □适用 √不适用 十、 非经常性损益项目和金额 √适用 □不适用 单位：元 币种：人民币 附注（如 非经常性损益项目 2025年金额 2024年金额 2023年金额 适用） 非流动性资产处置损益，包括已计提资产减 -2,466,063.66 462,463.27 38,430,336.76 值准备的冲销部分 计入当期损益的政府补助，但与公司正常经 6,399,076.02 13,826,876.37 14,584,142.04 7/212
深圳市金证科技股份有限公司2025年年度报告 营业务密切相关、符合国家政策规定、按照 确定的标准享有、对公司损益产生持续影响 的政府补助除外 除同公司正常经营业务相关的有效套期保值 业务外，非金融企业持有金融资产和金融负 33,822,664.90 35,688,826.33 39,812,887.42 债产生的公允价值变动损益以及处置金融资 产和金融负债产生的损益 计入当期损益的对非金融企业收取的资金占 用费 委托他人投资或管理资产的损益 对外委托贷款取得的损益 因不可抗力因素，如遭受自然灾害而产生的 各项资产损失 单独进行减值测试的应收款项减值准备转回 3,675,420.37 2,002,456.23 企业取得子公司、联营企业及合营企业的投 资成本小于取得投资时应享有被投资单位可 辨认净资产公允价值产生的收益 同一控制下企业合并产生的子公司期初至合 并日的当期净损益 非货币性资产交换损益 债务重组损益 企业因相关经营活动不再持续而发生的一次 性费用，如安置职工的支出等 因税收、会计等法律、法规的调整对当期损 益产生的一次性影响 因取消、修改股权激励计划一次性确认的股 份支付费用 对于现金结算的股份支付，在可行权日之后， 应付职工薪酬的公允价值变动产生的损益 采用公允价值模式进行后续计量的投资性房 地产公允价值变动产生的损益 交易价格显失公允的交易产生的收益 与公司正常经营业务无关的或有事项产生的 损益 受托经营取得的托管费收入 除上述各项之外的其他营业外收入和支出 -2,017,653.10 -1,097,322.12 32,687,588.71 其他符合非经常性损益定义的损益项目 -6,035,595.83 减：所得税影响额 2,798,818.36 1,087,212.76 16,550,841.20 少数股东权益影响额（税后） 1,649,512.24 32,975.09 4,037,358.54 合计 34,965,113.93 43,727,516.40 104,926,755.19 对公司将《公开发行证券的公司信息披露解释性公告第1号 非经常性损益》未列举的项目认定 —— 为非经常性损益项目且金额重大的，以及将《公开发行证券的公司信息披露解释性公告第1号 —— 非经常性损益》中列举的非经常性损益项目界定为经常性损益的项目，应说明原因。 □适用 √不适用 8/212
深圳市金证科技股份有限公司2025年年度报告 十一、 营业收入扣除情况表 单位：万元 币种：人民币 项目 本年度 具体扣除情况 上年度 具体扣除情况 营业收入金额 241,885.75 469,311.80 营业收入扣除项目合计金额 99.96 835.04 营业收入扣除项目合计金额占营业收入的比重（%） 0.04 / 0.18 / 一、与主营业务无关的业务收入 1. 正常经营之外的其他业务收入。如出租固定资产、 无形资产、包装物，销售材料，用材料进行非货币性 资产交换，经营受托管理业务等实现的收入，以及虽 99.96 835.04 计入主营业务收入，但属于上市公司正常经营之外的 收入。 2. 不具备资质的类金融业务收入，如拆出资金利息 收入；本会计年度以及上一会计年度新增的类金融业 务所产生的收入，如担保、商业保理、小额贷款、融 资租赁、典当等业务形成的收入，为销售主营产品而 开展的融资租赁业务除外。 3. 本会计年度以及上一会计年度新增贸易业务所产 生的收入。 4. 与上市公司现有正常经营业务无关的关联交易产 生的收入。 5. 同一控制下企业合并的子公司期初至合并日的收 入。 6. 未形成或难以形成稳定业务模式的业务所产生的 收入。 与主营业务无关的业务收入小计 99.96 835.04 二、不具备商业实质的收入 9/212
深圳市金证科技股份有限公司2025年年度报告 1. 未显著改变企业未来现金流量的风险、时间分布 或金额的交易或事项产生的收入。 2. 不具有真实业务的交易产生的收入。如以自我交 易的方式实现的虚假收入，利用互联网技术手段或其 他方法构造交易产生的虚假收入等。 3. 交易价格显失公允的业务产生的收入。 4. 本会计年度以显失公允的对价或非交易方式取得 的企业合并的子公司或业务产生的收入。 5. 审计意见中非标准审计意见涉及的收入。 6. 其他不具有商业合理性的交易或事项产生的收 入。 不具备商业实质的收入小计 三、与主营业务无关或不具备商业实质的其他收入 营业收入扣除后金额 241,785.79 468,476.75 10/212
深圳市金证科技股份有限公司2025年年度报告 十二、 存在股权激励、员工持股计划的公司可选择披露扣除股份支付影响后的净利润 □适用 √不适用 十三、 采用公允价值计量的项目 √适用 □不适用 单位：元 币种：人民币 对当期利润的 项目名称 期初余额 期末余额 当期变动 影响金额 交易性金融资产 844,409,338.59 1,211,263,686.59 366,854,348.00 22,062,290.89 应收款项融资 36,036,599.66 9,664,294.74 -26,372,304.92 其他非流动金融资产 89,707,599.62 206,822,428.32 117,114,828.70 5,276,423.32 其他权益工具投资 49,392,942.45 43,432,182.35 -5,960,760.10 一年内到期的非流动 197,176,712.33 326,841,649.32 129,664,936.99 6,483,950.69 资产 合计 1,216,723,192.65 1,798,024,241.32 581,301,048.67 33,822,664.90 十四、 其他 □适用 √不适用 第三节 管理层讨论与分析 一、报告期内公司从事的业务情况 2025年，金融科技行业面临复杂的外部环境，尽管行业整体呈现信创需求增加，人工智能等 创新技术驱动业务变革的发展态势，但由于受宏观环境影响，下游金融机构客户IT投入仍趋于保 守，金融IT公司仍面临较大增长压力。在此背景下，公司主动调整战略，果断收缩并清理非金融 科技业务，通过进一步聚焦主业，持续加大核心技术与产品研发投入，积极寻求突破与可持续发 展。报告期内，公司实现营业收入24.19亿元，同比减少48.46%；实现归属于上市公司股东的净 利润-1.68亿元，实现归属于上市公司股东的扣除非经常性损益的净利润-2.03亿元。报告期末， 公司总资产54.59亿元，同比上年度末减少5.53%；归属于上市公司股东的净资产35.89亿元，同 比上年度末减少1.63%。 （一）新一代财富科技信创产品成功拓展多家客户，产品性能获得市场验证 金证基于全域金融积极响应行业信创改造，近年来已完成证券行业全产品、全领域的信创改 造适配，为金融安全筑牢“压舱石”。金证自研开放云原生技术平台KOCA，打造开发、运行、 运维三大支柱体系，具备云原生、微服务、低延时、低代码开发等一系列先进特性，广泛应用于 交易类、清算类、管理类以及其他业务场景。 2025年，公司全力推进全栈信创的新一代核心交易产品落地。2025年第四季度，公司连续中 标头部券商新一代核心交易系统项目，产品获得市场认可。此外，在客户端实现部署的新一代核 11/212
深圳市金证科技股份有限公司2025年年度报告 心交易系统，正逐步完成营业部平稳切换，业务稳定运行，标志着金证新一代核心交易系统FS2.5 具备规模化迁移能力，为后续全量客户迁移奠定坚实基础。 （二）投资科技业务产品成熟度和竞争力得到提升 公司从战略布局深入发展投资科技业务，包括产品研发、市场等体系建设，面向大资管全领 域金融机构提供投资科技产品及解决方案。2025年，投资科技产品领域的A8新一代投资交易系 统，已在客户端实现资管与自营业务的上线。 公司通过整合投资管理、投资研究及投资风控产品，强化了公司在投资管理领域的核心能力。 整体来看，公司已形成涵盖投资交易、数据治理、智能策略、运营管理及信创升级的完整资管科 技能力矩阵，有力支撑金融机构数字化转型向纵深发展。 （三）进一步实现AI产品在应用端布局 公司在AI领域深入推进人工智能平台KOCAAI的研发与应用，重点面向金融行业为投顾、 营销、客服、风控等业务场景提供创新的智能产品及解决方案。在财富管理领域，公司围绕FS2.5 新一代核心交易系统，打造了业务百事通、智能领航员等多个智能体，通过检索专业知识库，大 幅提升业务办理速度。在机构运营领域，产品线深度融合金证AI生态，依托大模型应用平台KOCA AI中枢构建智能体矩阵，通过任务规划引擎、多模态识别等技术，大幅提升开户、审核、数据分 析等业务的效率。在资产管理领域，金证基于A8新一代投资交易系统，构建了智能交易、智能 风控等多个应用场景。 金证通过自主研发与生态合作，开发了代码大模型K-CODE，根据内部试用反馈，该模型能 有效提升全场景下的开发效率。同时，公司在AICoding领域开展实质性探索与实践，希望未来 进一步提升产品研发效率和质量。 报告期内公司新增重要非主营业务的说明 □适用 √不适用 二、报告期内公司所处行业情况 （一）公司所处行业与经营模式 公司主营业务深度聚焦金融科技，深化布局财富科技和投资科技领域基石业务，面向金融体 系及相关领域提供具备自主知识产权的基础技术平台、应用软件产品及信息技术服务，为证券、 基金、银行、保险、信托、期货、支付结算机构、金控集团、交易所、监管单位等行业客户提供 全技术栈、全产品线解决方案；公司在财富科技和投资科技业务领域占据行业领先地位，其证券 交易结算系统、投资管理系统、TA系统等核心软件产品在行业内有深厚的客户基础，持续赋能 金融行业数字化、智能化转型升级。公司是中国证券监督管理委员会备案的信息技术系统服务机 构。 金证股份在构建核心技术高壁垒的基础上，注重创新科技研究与应用，持续推动技术创新和 业务创新的双向赋能。目前，金证已构建起完整的基础技术平台生态链，对云原生、低时延、微 12/212
深圳市金证科技股份有限公司2025年年度报告 服务、高性能计算等前沿技术及其应用保持深入研究。公司的主要业务模式为“软件+服务”，向 客户交付产品及解决方案的同时，向客户提供运营运维、咨询及个性化定制服务。 （二）行业情况 2025年，金融IT行业整体呈现信创化转型加速、AI技术创新驱动业务变革的发展态势，但 同时面临收入增长放缓、行业竞争激烈等挑战。 1、国家信创纵深推进，金融软件国产化生态加速成熟 国家信创战略持续引领软件行业高质量发展。《政府工作报告》进一步强调“推动高水平科 技自立自强”“充分发挥新型举国体制优势”，为信创在金融领域的纵深落地提供了顶层指引。 在此背景下，2025年金融信创由“可用”向“好用”迈进，核心系统替换从大型国有金融机构向 中小银行、券商、保险等全类型机构延伸，覆盖范围从交易、清算、风控等关键业务场景扩展至 数据治理、智能投研、合规科技等新兴领域。 2025年，多家证券公司已开展新一代分布式核心交易系统的部署，实现从集中式架构向分布 式、低时延、云原生技术体系的平稳过渡。在“安全可控”与“性能效能”双重要求驱动下，金 融软件行业正加速完成全栈国产化适配。基于国产技术底座构建的金融软件生态系统日趋成熟， 产业链协同能力显著增强，行业整体进入从“替代”走向“创新引领”的新阶段。 2、新质生产力驱动金融数智化迈向深度融合 2025年，《政府工作报告》再次聚焦“加快发展新质生产力”，明确提出要以科技创新引领 现代化产业体系建设。中共二十届三中全会后续政策部署《关于深入实施“人工智能+”行动的意 见》进一步细化了支持人工智能、大数据等前沿技术赋能传统产业转型升级的制度安排。 在政策与技术双重催化下，人工智能已从辅助工具演进为金融业务的核心生产力要素。大模 型技术在智能客服、投研分析、风险预警、合规审查等场景实现规模化落地，显著提升服务精准 度与运营效率。同时，AI与业务流程的深度耦合，推动产品设计、客户服务和内部管理向自动化、 个性化、智能化跃迁。2025年，行业金融机构将“AI+数据”作为数智化转型的战略支点，通过 构建统一智能中台，打通前中后台数据壁垒，实现从“流程数字化”向“决策智能化”的质变。 随着技术成熟度提升与监管框架完善，人工智能在降低金融服务成本、扩大普惠金融覆盖面、 提升金融安全韧性等方面的价值日益凸显。金融软件作为承载新质生产力的关键载体，正成为驱 动行业高质量发展的核心引擎。 三、经营情况讨论与分析 （一）财富科技 财富科技作为公司核心业务，紧密围绕资本市场发展新趋势，以系统化推进为主线，聚焦证 券核心系统信创化、业务创新与政策热点三大方向。 2025年，公司连续中标多家头部券商的新一代核心交易系统项目，充分验证了FS2.5产品的 市场认可度。已上线的FS2.5项目正稳步推进营业部平稳切换，其中在华兴证券成功实现全栈信 13/212
深圳市金证科技股份有限公司2025年年度报告 创、单轨运行，并一次性完成全量客户切换，系统性能显著提升。报告期公司还为国泰海通证券、 渤海证券、国投证券等客户提供多个产品信创升级服务。 针对政策类热点业务，公司紧跟监管政策动向，为金融行业客户提供完整的解决方案，保障 核心交易系统的合规性。围绕多资产ETF、上海新固定收益平台等业务，公司为多家券商客户提 供了软件升级和技术支持。公司聚力应对“科创成长层”等相关政策调整，积极响应监管要求， 为行业客户实施相关改造方案。 在创新领域，公司聚焦大财富管理和机构服务体系建设，紧抓热点业务机遇，并通过持续优 化迭代配套产品来增强市场竞争力。其中，机构运营产品线深度融合金证AI生态，先后攻坚并落 地多项关键技术成果。同时，公司持续推进债券柜台、机构理财及金佣2.0、QFII、投顾交易、 实时风控等创新产品线的市场拓展与功能优化，报告期与多家券商达成合作，助力客户实现差异 化发展。 （二）投资科技 公司面向大资管全领域金融机构提供全方位资产管理解决方案，核心产品矩阵覆盖资产管理、 财富管理、投研一体化、投资交易、运营管理及风控合规等关键业务环节。2025年，公司围绕“数 据驱动、模型决策、精细管理”的核心思路，持续完善资管科技全产品线布局。通过整合研发、 产品与市场资源，为证券、基金、信托、银行等金融机构提供覆盖投资业务全价值链的科技解决 方案，推动行业数字化转型向纵深发展。 公司持续推进新一代投资交易系统A8的研发与升级，已在客户端实现资管与自营业务上线。 在自营业务领域，报告期内公司中标某券商新一代自营固收交易平台项目，应用场景由大资管行 业进一步拓展至自营投资。 公司同时加强IBOR投资簿记系统的研发与展业，中标国元证券自营业务投资管理平台建设项 目，体现了系统在统一数据底座、提升运营效率方面的价值，为规模化推广奠定了坚实基础。 此外，公司在传统优势产品方面依托实时TA的市场份额及新一代综合理财系统的成熟完善， 推动多家客户进行系统信创升级改造。 （三）其他金融软件及定制化服务业务 在监管科技方向，公司推出FitGO金证－易行IT治控系统，紧扣行业法规基线，构建标准化、 智能化的IT风险防控体系，有效提升金融机构的IT治理水平。 在定制化服务方面，公司聚焦金融领域核心客户，包括中国证券登记结算公司、证券交易所 及大型国央企等。报告期内，新增中标中信证券、国泰海通证券、中证指数等多家重要客户，同 时基石客户合作持续稳固。围绕行业数字化转型成熟度建设，公司自主研发的数字化运营平台 （DMAP）在2025年实现多领域能力升级，解决方案的深度与实用性显著增强。 此外，公司紧跟市场最新技术和业务的发展，在数字人民币应用全面化等WEB3技术应用方面， 积极布局和阶段性投入研发。 （四）其他创新业务 14/212",windowed_extraction_review_required
300377.SZ,AR_300377_SZ_2025,business_overview,22,33,"深圳市赢时胜信息技术股份有限公司2025年年度报告全文 四、主营业务分析 1、概述 报告期内的主要经营情况参见“二、报告期内公司从事的主要业务” 主要财务数据变动情况 项目 本报告期（元） 上年同期（元） 增减变动幅度 重大变动原因 营业收入 1,373,047,831.21 1,341,741,650.04 2.33%无重大变化 营业成本 794,520,124.89 798,974,671.51 -0.56%无重大变化 销售费用 36,159,441.49 36,179,573.43 -0.06%无重大变化 管理费用 119,632,414.82 143,692,903.90 -16.74%无重大变化 研发费用 418,138,876.89 435,140,638.36 -3.91%无重大变化 财务费用 -1,455,835.07 -1,030,671.31 -41.25%本期租赁利息减少所致 经营活动产 少数大客户因预算控制将本期应 生的现金流 60,333,623.60 103,318,439.31 -41.60% 付的款延期 量净额 投资活动产 本期赎回银行理财产品金额大于 生的现金流 140,223,169.17 -252,746,527.97 155.48% 购买所致 量净额 筹资活动产 生的现金流 -4,863,477.20 -37,792,415.58 87.13%本期支付办公楼租金减少所致 量净额 现金及现金 本期赎回银行理财产品金额大于 等价物净增 195,693,315.54 -187,220,504.27 204.53% 购买所致 加额 2、收入与成本 （1） 营业收入构成 营业收入整体情况 单位：元 2025年 2024年 同比增减 金额 占营业收入比重 金额 占营业收入比重 1,373,047,831.2 1,341,741,650.0 营业收入合计 100% 100% 2.33% 1 4 分行业 1,369,876,111.8 1,321,156,197.5 金融行业 99.77% 98.47% 3.69% 2 0 非金融行业 3,171,719.39 0.23% 20,585,452.54 1.53% -84.59% 分产品 定制软件开发和 674,318,337.90 49.11% 657,025,590.09 48.97% 2.63% 销售 服务费收入 698,729,493.31 50.89% 684,716,059.95 51.03% 2.05% 分地区 华北大区 925,232,275.28 67.39% 956,187,704.14 71.26% -3.24% 华东大区 271,463,500.95 19.77% 222,746,965.23 16.60% 21.87% 华南大区 176,352,054.98 12.84% 162,806,980.67 12.13% 8.32% 22
深圳市赢时胜信息技术股份有限公司2025年年度报告全文 分销售模式 1,373,047,831.2 1,341,741,650.0 直接销售 100.00% 100.00% 2.33% 1 4 公司需遵守《深圳证券交易所上市公司自律监管指引第3号——行业信息披露》中的“软件与信息技术服务业”的披露 要求 单位：元 2025年度 2024年度 第一季度 第二季度 第三季度 第四季度 第一季度 第二季度 第三季度 第四季度 262,553,2 315,519,9 358,442,3 436,532,2 241,988,9 385,254,2 360,450,9 354,047,5 营业收入 20.86 94.71 38.75 76.89 43.50 05.25 90.32 10.97 归属于上 - - - - 市公司股 35,530,51 39,759,53 34,556,42 40,247,41 69,722,88 10,827,82 88,709,00 429,663,3 东的净利 3.09 8.33 0.35 5.41 1.71 1.60 8.25 24.91 润 说明经营季节性（或周期性）发生的原因及波动风险 公司金融软件营业收入和净利润存在较为明显的季节性特征，第1季度营业收入占比较低，3-4季度营业收入占比 相对较高，这是由于金融机构的软件系统采购主要集中在下半年。同时，由于软件企业员工工资性支出、房租物业管理 及水电费用及固定资产摊销等成本比较稳定，造成公司净利润的季节性波动比营业收入的季节性波动更为明显。 （2） 占公司营业收入或营业利润10%以上的行业、产品、地区、销售模式的情况 适用 □不适用 公司需遵守《深圳证券交易所上市公司自律监管指引第3号——行业信息披露》中的“软件与信息技术服务业”的披露 要求 单位：元 营业收入比上 营业成本比上 毛利率比上年 营业收入 营业成本 毛利率 年同期增减 年同期增减 同期增减 分客户所处行业 1,357,986,03 780,699,890. 金融行业 42.51% 2.79% 0.04% 3.86% 4.32 56 15,061,796.8 13,820,234.3 非金融行业 8.24% -26.83% -25.70% -14.54% 9 3 分产品 定制软件开发 674,318,337. 219,808,050. 67.40% 2.63% -5.36% 4.26% 和销售 90 17 698,729,493. 574,712,074. 服务费收入 17.75% 2.05% 1.41% 2.99% 31 72 分地区 925,232,275. 586,835,202. 华北大区 36.57% -3.24% -4.78% 2.89% 28 86 271,463,500. 124,161,031. 华东大区 54.26% 21.87% 18.84% 2.19% 95 14 176,352,054. 83,523,890.8 华南大区 52.64% 8.32% 6.78% 1.32% 98 9 分销售模式 1,373,047,83 794,520,124. 直接销售 42.13% 2.33% -0.56% 4.16% 1.21 80 23
深圳市赢时胜信息技术股份有限公司2025年年度报告全文 公司主营业务数据统计口径在报告期发生调整的情况下，公司最近1年按报告期末口径调整后的主营业务数据 □适用 不适用 （3） 公司实物销售收入是否大于劳务收入 □是 否 （4） 公司已签订的重大销售合同、重大采购合同截至本报告期的履行情况 □适用 不适用 （5） 营业成本构成 行业分类 单位：元 2025年 2024年 行业分类 项目 占营业成本比 占营业成本比 同比增减 金额 金额 重 重 定制软件开发 193,614,721. 225,220,541. 人力成本 24.37% 28.19% -14.03% 和销售 24 85 557,516,469. 543,117,851. 服务费收入 人力成本 70.17% 67.98% 2.65% 27 27 公司需遵守《深圳证券交易所上市公司自律监管指引第3号——行业信息披露》中的“软件与信息技术服务业”的披露 要求 主营业务成本构成 单位：元 本报告期 上年同期 成本构成 同比增减 金额 占营业成本比重 金额 占营业成本比重 人力成本（员工 工资社保公积金 751,131,190.51 94.54% 768,338,393.12 96.17% -2.24% 等） 其他 43,388,934.38 5.46% 28,663,861.19 3.59% 51.37% （6） 报告期内合并范围是否发生变动 □是 否 （7） 公司报告期内业务、产品或服务发生重大变化或调整有关情况 □适用 不适用 （8） 主要销售客户和主要供应商情况 公司主要销售客户情况 前五名客户合计销售金额（元） 480,024,391.79 前五名客户合计销售金额占年度销售总额比例 34.96% 24
深圳市赢时胜信息技术股份有限公司2025年年度报告全文 前五名客户销售额中关联方销售额占年度销售总额比例 0.00% 公司前5大客户资料 序号 客户名称 销售额（元） 占年度销售总额比例 1 客户1 355,843,866.93 25.92% 2 客户2 40,691,161.38 2.96% 3 客户3 34,481,350.22 2.51% 4 客户4 27,428,833.62 2.00% 5 客户5 21,579,179.64 1.57% 合计 -- 480,024,391.79 34.96% 主要客户其他情况说明 □适用 不适用 公司主要供应商情况 前五名供应商合计采购金额（元） 36,659,086.64 前五名供应商合计采购金额占年度采购总额比例 30.80% 前五名供应商采购额中关联方采购额占年度采购总额比例 0.00% 公司前5名供应商资料 序号 供应商名称 采购额（元） 占年度采购总额比例 1 供应商一 13,542,780.20 11.38% 2 供应商二 7,361,900.00 6.19% 3 供应商三 6,255,538.53 5.26% 4 供应商四 5,140,000.00 4.32% 5 供应商五 4,358,867.91 3.66% 合计 -- 36,659,086.64 30.80% 主要供应商其他情况说明 □适用 不适用 报告期内公司贸易业务收入占营业收入比例超过10% □适用 不适用 3、费用 单位：元 2025年 2024年 同比增减 重大变动说明 销售费用 36,159,441.49 36,179,573.43 -0.06% 无重大变化 管理费用 119,632,414.82 143,692,903.90 -16.74% 无重大变化 财务费用 -1,455,835.07 -1,030,671.31 -41.25% 办公楼租赁支出减少 研发费用 418,138,876.89 435,140,638.36 -3.91% 无重大变化 4、研发投入 适用 □不适用 预计对公司未来发展 主要研发项目名称 项目目的 项目进展 拟达到的目标 的影响 赢时胜新一代Y7估值 随着全球化和数字化 进行中 1、技术升级 新一代估值核算系统 25
深圳市赢时胜信息技术股份有限公司2025年年度报告全文 核算系统 加速，金融科技创新 完成信创全栈适配 的建设将显著增强公 和信息技术创新需求 （数据库、中间件、 司的市场竞争力，通 激增。现有估值核算 前端），支持达梦、 过信创适配与开放化 系统架构封闭，需更 OB等国产数据库，并 服务能力吸引头部金 新升级。新一代Y7估 通过华为等权威认 融机构（如银行理 值核算系统建设目标: 证。 财、保险资管）合 突破现有系统瓶颈， 构建微前端+微服务架 作，扩大市场份额。 解决传统估值系统垂 构，实现模块化开发 同时依托全球化支持 直独立、功能局限的 与高效运维，提升系 能力抢占国内资管行 问题，打破系统边 统稳定性与响应速 业国际化先机。系统 界，构建开放化服务 度。 智能化应用与自动化 引擎，满足运营部门 2、核心能力提升 流程，优化用户体 对外服务及跨部门协 实现实时估值核算， 验，进一步巩固客户 同需求。顺应技术趋 支持交易驱动的IBOR 粘性。核心引擎的灵 势，响应信创、云原 （实时交易指标）与 活性与扩展性将支撑 生、微服务等技术变 财务驱动的ABOR（核 公司快速响应新产 革需求，重构系统架 算指标）统一管理， 品、新市场（如跨境 构，提升兼容性、灵 降低数据冗余与人为 投资、复杂衍生品） 活性和可扩展性。深 干预。优化日中估值 需求，并通过数据实 化智能化应用，通过 流程，将部分日终任 时性与全局管理能力 AI技术优化运营效 务前置至日中处理， 赋能投研、风控、绩 率，减少人工干预， 提升系统处理时效。 效分析等增值服务， 实现自动化处理与智 3、智能化应用落地 延伸业务价值链。新 能决策支持。借鉴境 上线AI智能问答、知 一代系统（AI7.0）将 外IBOR/ABOR体系理 识库查询、文本要素 帮助公司树立国内估 念，融合国内业务特 提取功能、自动化报 值核算领域的技术与 点，打造实时性与准 表生成等智能化场 业务创新标杆，巩固 确性兼备的核心引 景，简化用户操作路 公司在资管科技领域 擎，支撑全球化投资 径。 的行业领先地位。 需求。 4、用户体验革新 实现业务场景化管理 分层参数管理（系统 级/客户级、业务/逻 辑参数），提升配置 灵活性与维护效率， 降低操作复杂度。 新一代资金清算7.0 1、功能升级 系统的建设旨在应对 实现全场景自动化运 资管行业企业数字化 营（如标准参数接 转型的迫切需求，通 口、多维度业务方案 新一代系统通过""全场 过技术升级和功能创 模板），支持闭环式 景自动化运营""、""任 新提升系统的敏捷响 场景操作指引，提升 务化业务驱动""、提升 应能力与客户交互体 流程效率。 客户操作效率，优化 验，巩固我司在资管 2、引入智能辅助分析 体验，巩固现有客户 科技领域的核心竞争 功能，缩短操作与决 并吸引新客户。短期 力。同时，由于当前 策时间，显著提高人 内，结合信创需求推 赢时胜新一代Y7资金 市场竞争加剧，现有 效比。 进行中 动客户版本升级，提 清算系统 资金清算系统（4.0 3、性能优化 升产品收入；长期来 版本）已历经十余年 打造24小时无人值守 看，通过头部客户的 发展，需通过技术革 能力，确保系统高可 成功案例，将提升产 新适应智能化新阶 用性与稳定性。构建 品的市场占有率，尤 段，巩固核心产品竞 灵活高效的场景适配 其是数字化需求和信 争力,亟需通过新一代 能力，满足客户多样 创需求迫切的金融机 系统抵御竞争对手的 化需求。 构。 威胁，重新夺回市场 4、管理与体验提升 主导地位，并为公司 建立完备的数字化监 全面智能化转型奠定 控体系，实现全程可 基础。 控的资金管理。 26
深圳市赢时胜信息技术股份有限公司2025年年度报告全文 通过任务化业务驱动 设计优化用户体验， 增强操作直观性与便 捷 1、功能升级： 构建统一信披平台， 实现多资产报告自动 化生成与集中管理， 支持业务数据标准化 管理，提升数据准确 性。打造智能化运营 国内资管业务快速发 能力：核心业务流程 展，信息披露监管政 化处理、在线批注修 策趋严，需通过智能 订、任务全景视图管 新一代信息披露系统 化、自动化技术满足 理，提升协同编报效 将通过高准确性、自 客户对高效协同、风 率与报告管理能力。 动化与智能化功能树 险管控及政策快速响 强化风险管控机制： 立行业标杆，抵御竞 应的迫切需求。现有 多维数据检查、电子 争对手威胁并逐步收 信息披露4.5系统已 化审计/托管直连，降 复流失的头部客户； 赢时胜新一代Y7信息 运行近十年，难以支 进行中 低报告数据风险，解 其高效协同编报、AI 披露系统 撑未来业务高速发 决行业复核痛点。集 辅助及风险管控能力 展，头部客户多采用 成AI能力：AI智能 将提升客户全流程服 友商系统，竞争对手 审核、智能助手与数 务体验，增强客户粘 已推出新一代产品， 智运营分析，赋能全 性与长期合作价值， 威胁我司市场地位， 流程自动化与决策辅 同时推动产品盈利增 亟需建设新一代高度 助。 长。 自动化、智能化的信 2、效能提升：通过自 披系统以保持技术领 动化、协同化功能缩 先性。 短报告编制周期，提 升人效比与客户响应 速度。建立可开放集 成的系统架构，支持 灵活扩展与外部系统 对接，增强客户适配 性。 随着国内资管行业规 1、功能升级与全流程 模扩张与数字化进程 贯通： 加速，资金业务的高 资金台账功能建设： 效协同与全流程风控 覆盖资金收付款的 新一代投资端支付平 能力已成为核心竞争 “计划→执行→结 台7.0的建设将通过 力。当前4.5版本系 果”全链路管理，实 智能化功能与全流程 统以指令管理为核 现业务流、资金流、 闭环管理，有效解决 心，缺乏对资金计划 数据流的三流合一， 现有系统业务管理断 （尤其是收款业务） 消除断点。 点问题，提升客户服 的动态追踪与统筹能 2、全流程自动化：从 务效率与资金风控能 力，导致业务执行与 支付指令生成、对账 赢时胜新一代Y7投资 力。短期内，结合信 资金管控脱节，形成 进行中 到风控审核实现无人 支付系统 创需求推动客户版本 效率瓶颈与风险盲 值守，降低人工干预 升级；长期来看，先 区。亟需通过资金台 率超70%。 进的系统设计将提升 账功能建设，贯通资 3、风险管控与合规性 产品的市场占有率， 金“计划→执行→结 强化： 微服务技术架构实现 果”全链路闭环管 构建实时风险监控体 的账户管理、支付网 理，实现业务流、资 系，通过数字化建模 关将赋能企业资金支 金流、数据流的三流 与预警机制，保障资 付等增值服务。 合一，彻底消除管理 金安全与业务合规。 断点。与此同时，面 4、系统架构优化： 对市场竞争白热化， 采用开放式可扩展架 必须通过打造满足行 构，支持与投资交 27
深圳市赢时胜信息技术股份有限公司2025年年度报告全文 业客户真实需求的系 易、运营管理等外部 统业务架构的新一代 系统无缝对接，提升 系统重构产品竞争 场景适配能力。 力。 1、新建运营工作台， 实现交互模式的升级 资管运营平台为不同 与统一，为用户提供 行业用户提供了一体 满足日常工作需要的 化的运营解决方案， 待办列表、日历、排 新运营一方面解决原 班、常用功能入口等 资管运营平台在交互 标准化功能 上统一和升级的问 围绕公司各核心业务 2、建设工作台--数字 题，同时为公司的核 系统，建设统一的任 化作业看板--运营业 心业务系统，提供可 务管理体系，实现任 务支撑--统一数据的 集成的运营任务管理 务的集中化、可视化 完整功能链路 赢时胜新一代Y7运营 和工作台的组件，帮 办理，建设满足日常 进行中 3、持续积累日常运营 管理系统 助各核心业务系统实 运营活动所需的工具 活动中的业务事件和 现“事找人”模式的 化辅助应用，实现日 运营任务，建立运营 升级，为产品增加差 常运营生产活动全面 业务知识 异化竞争的优势和能 线上化和自动化。 4、实现与公司核心的 力。同时，通过运营 业务系统的集成，实 管理平台熟实现帮助 现操作入口统一、任 运营管理工作的入 务集中管理的要求 口，增加客户的粘性 5、集成AI交互和AI 和开拓客户的合作范 知识库，进一步改变 围。 和提升日常工作交互 体验 AI文档审核平台的落 地与推广，对公司发 展具有战略性、突破 性的深远影响。在金 融合规需求日趋严苛 的行业背景下，该平 随着金融监管体系持 台以“技术重塑信披 续完善、信息披露要 质量，智能守护合规 求日趋严格，叠加企 底线”为核心使命， 业业务规模不断扩 凭借全场景审核能 平台核心覆盖各类高 容，文档审核作为合 力、精准规则体系与 合规要求、高精准度 规管理的核心环节， 持续迭代的知识管理 需求的文档审核场 面临着前所未有的挑 系统，构建起“效 景，包括但不限于： 战。传统人工审核模 率、准确性、合规 信息披露定期报告、 赢时胜AI文档审核平 式已难以平衡效率、 性”三位一体的核心 进行中 基金招募说明书、基 台V1.0 准确性与合规性的三 竞争力，不仅帮助公 金合同、审计报告、 角需求，亟需通过技 司精准切入金融机构 托管协议、产品宣传 术创新破解行业痛 合规审核的高价值赛 物料、法律文件、合 点。AI文档审核平台 道，更能通过为客户 规报告及内部管理文 应运而生，以智能化 提供高效可靠的智能 档等。 技术重构审核流程， 解决方案，树立行业 成为保障文档质量、 内 AI 合规审核的标 规避合规风险的核心 杆形象。同时，这一 支撑工具。 产品的布局，强化了 公司在金融科技领域 的技术壁垒与品牌影 响力，为业务拓展筑 牢根基，助力公司在 数字化转型浪潮中抢 占先机。 赢时胜报表世界系统 在监管报送全流程 已完成 实现监管报表出表逻 新增报表核对功能， 28
深圳市赢时胜信息技术股份有限公司2025年年度报告全文 V1.0-报表核对项目 中，系统支持对外部 辑与第三方系统出表 让客户能比较直观的 报表开展专业化数据 数据的自动化核对， 看到数据间的差异， 核对。通过精准校验 通过比对双方数据一 清晰的标注差额明 数据一致性、自动识 致性，为监管数据合 细，用户使用高效快 别数据差异项、清晰 规性与准确性提供可 捷，大幅提升报表的 标注差额明细，为业 靠依据，保障报送结 核对效率，填补了报 务人员高效比对跨系 果真实、完整、可追 表系统在数据比对工 统数据差异、快速定 溯。 具方面的空白，丰富 位问题根源提供直 了报表系统核心功 观、可靠的数据支 能。 撑，有效提升监管报 送数据质量。 响应中国证监会公募 基础设施公募REITs 信息披露管理办法新 市场是国家重点发展 规，规范信息披露事 的新兴金融板块，增 务管理，加强穿透式 长迅速且监管规则快 实现公募REITs基金 监管，细化基金层面 速完善，在新业务 定期信息披露报告按 赢时胜信息披露系统 披露事项，全面提升 XBRL服务、合规咨询 照最新监管规则进行 V4.5REITs基金政策 信息披露的及时性、 已完成 等方面会有不断增量 变更，满足公募信息 项目 有效性和规范性。助 的新机遇，市场前景 披露政策新规披露要 力新监管规则全面、 广阔，对监管政策的 求。 快速、高质量落地， 高效响应同时也提升 为公募信息披露政策 行业客户对系统的认 提供全面可靠业务与 可，持续为公司业务 产品力支撑。 市场发展做支撑。 1. 完成全栈信创生态 适配，实现对达梦、 OceanBase等主流国 产基础软硬件的全面 响应国家信创国产化 兼容，支持单体、集 战略号召，紧扣资管 本项目以信创建设为 群等多模式灵活部 行业数字化转型核心 战略支点，推动资管 署，打造资管信创标 诉求，基于云原生微 业务场景的技术创新 杆产品。 服务先进技术架构， 与能力升级，依托开 2. 构建场景化、自动 启动资金管理平台的 放化的技术底座助力 化的新一代资管资金 全栈信创资管资金管 建设，助力行业信创 客户生态融合，赋能 运营体系，覆盖行业 理平台项目-资金管理 落地提速。我们也将 已完成 企业级服务能力跃 全业务链路，依托开 V5.5研发 依托云原生技术的标 迁。在稳固公司资管 放式架构赋能资管运 准化、高稳定性等核 领域龙头市场地位的 营一体化，通过经营 心价值，解决业务痛 同时，助力公司业务 数据动态可视化、实 点，提升业务效率与 版图向外拓展，持续 时风险预警等功能提 风控能力，为资管行 领跑行业信创转型浪 升运营效率。以图形 业信创与数字化转型 潮。 化的形式展示功能实 提供可靠支撑。 现降低用户的学习成 本，提高产品的易用 性持续增强产品得竞 争力 聚焦资管行业支付领 整合行业分散支付能 域多通道对接存在的 力，打造统一、智 打造智能动态路由引 接口差异、适配复杂 能、可管控的企业级 擎，实现交易与支付 等行业痛点，依托标 支付中台，支持独立 通道的最优智能匹 准化路由技术，打造 部署与能力输出。同 企业级智能支付项目- 配，全面提升支付交 集中式企业级支付路 已完成 时实现支付数据资产 支付网关V5.5研发 易的处理效率与通道 由中心，通过配置化 化沉淀，构建统一支 资源利用率，为客户 能力屏蔽底层接口差 付数据仓库，通过数 打造极致的支付体 异，破解业务适配难 据洞察赋能客户运营 验。 题，契合专业支付通 决策，助力公司支付 道对接对灵活性、多 业务的标准化、规模 29
深圳市赢时胜信息技术股份有限公司2025年年度报告全文 渠道支持的核心需 化输出，抢占金融支 求，全面提升支付业 付数字化转型的战略 务的接入效率与运营 高地。 体验。 1、打破行业与AI技 术脱节的现状：颠覆 传统模式，将AI技术 与金融资产估值核算 业务深度融合，为端 到端业务流程智能化 奠定坚实的架构基 础。 基于大模型与智能体 2、实现关键业务流程 技术，围绕金融估值 的自主化闭环：通过 推动运营效能与风控 核算高合规、高复杂 内嵌的“感知-决策- 能力的全面升级，确 场景，打造企业级可 执行-监督”动态增强 立公司在金融 AI 数 进化的AI 数字员 闭环，将业务异常处 慧核算数字员工V1.0 字员工与智能估值核 工，构建原生融合、 实施中 理模式从“人工干 研发 算领域的技术领先与 自主闭环、协同高效 预”转变为“秒级感 行业标杆地位，驱动 的智能运营体系，破 知、自动处置”，显 数字化与智能化长期 解 AI 与核心业务脱 著降低人工干预率， 竞争力跃升。 节、流程割裂、人工 提升系统自主运行能 依赖重等行业痛点。 力。 3、达成核心业务场景 的效率跃升：通过多 个数字员工的专业化 分工与协同，实现操 作步骤简化，业务处 理效率几何倍增长， 彻底重塑复杂业务处 理范式。 1、低人工操作成本： 实现纸质单据类手工 业务的自动化与系统 化处理，能够自动识 别多种业务单据， 基于微服务与大模型 2、降低运营操作风 推动运营手工流程向 构建，实现多种业务 险：平台整体要素提 线上化、智能化、自 单据智能提取，人工 取准确率达到95%以 动化转型；依托标准 审核、数据推送一体 上，并打通系统间的 化 AI 接口与灵活扩 智能解析平台V1.0研 化，解决运营人工操 数据链路，避免人工 实施中 展架构，可快速支撑 发 作效率低、风险高、 操作错误，确保业务 新业务、新产品上 非结构化数据难处理 数据处理高效、规 线，助力公司拓展业 等问题。并对接核心 范、精准 务边界、提升市场竞 系统，实现中台化复 3、资源统筹建设：将 争力 用 AI 能力 智能解析能力以组件 化形式构建通用功能 模块，便于未来向其 他业务系统提供AI支 持，实现资源统筹、 避免重复建设。 针对金融信创改造 自动化提效核心目 本项目将打造公司在 中，为确保业务零差 标：实现新线任务全 信创迁移领域的差异 赢时胜估值核算系统 错、数据零丢失，金 流程无人值守自动化 化核心竞争力。通过 V5.5-智能账务校验平 融机构不得不通过延 实施中 调度与执行，将客户 为客户大幅压缩并行 台研发项目 长新旧系统并行周期 新旧系统并行期内人 周期、降低综合投 来充分验证系统稳定 工操作、数据同步及 入，显著提升客户满 性，进而导致项目周 运维投入减少80% 意度。与此同时可大 30
深圳市赢时胜信息技术股份有限公司2025年年度报告全文 期拉长、投入成本激 上，整体信创迁移项 幅降低公司自身项目 增的普遍困境，基于 目交付周期缩短 实施成本与交付风 云原生分布式架构与 30%。 险，进一步巩固公司 AI-Agent技术，构建 在金融资管信创领域 新线任务无人值守自 智能账务校验核心目 的龙头地位，为把握 动化调度体系与全链 标：打造“规则引擎 信创产业深化发展的 路智能账务校验引 + 大模型”双驱动校 历史机遇提供坚实支 擎，实现新旧系统数 验能力，实现全量账 撑。 据自动批量比对、差 务数据自动批量核 异自动识别定位、根 对、差异自动精准定 因智能分析及标准化 位、根因智能深度分 处置结果输出，从根 析并输出可落地处置 本上解决信创切换过 建议，校验准确率达 程中客户 ""并行期 到99.99%，彻底消除 长、投入大、风险高"" 客户并行期账务差错 的核心难题，助力金 风险。 融机构以最低成本、 最短周期、零业务风 险完成核心系统国产 化替代 推动客户估值核算业 解决金融行业多源异 构建支持多格式文档 务智能化升级，深化 构数据处理依赖人 的全栈式智能处理系 AI在金融托管领域的 赢时胜托管营运一体 工、效率低下、易出 统，实现对复杂金融 应用。助力公司从传 化平台建设项目-AI 错的痛点，通过人工 实施中 材料的自动化语义理 统软件提供商向“AI+ 要素智能提取V2.0 智能技术实现非标金 解与要素提取，大幅 金融”解决方案服务 融文档的自动化解析 提升数据处理效率与 商转型，增强客户黏 与处理。 准确性。 性与行业影响力。 应对金融法规与业务 建立“AI智能审查 + 帮助客户实现降本增 的复杂性，提升基金 专业人工复核”的创 效与风险管控的强 赢时胜托管营运一体 合同与法律条款自动 新模式，实现托管合 化，赋能业务决策。 化平台建设项目-合同 研发中 对比的精度与效率， 同条款的自动化比对 提升公司在合规科技 AI智能审核V1.0 精准识别风险，降低 与风险审查，缩短审 领域的服务能力与核 合同履约风险。 核周期。 心竞争力。 打通底层数据通道， 联动行业机构，提升 解决资管与托管机构 利用AI技术进行数据 对账效率，降低操作 赢时胜新一代资产托 之间对账流程复杂、 深度诊断，并通过统 风险，助力全行业实 管系统V5.0-AI智能 反复沟通的行业难 实施中 一对账工作台实现进 现降本增效与风险可 对账机器人项目 题，提升对账效率与 度可视、问题集中处 控的目标，巩固公司 准确性。 理，降低沟通与操作 在资产托管系统领域 成本。 的领先地位。 为应对场外交易 增强公司在托管清算 采用多级账户与资金 （OTC）市场的快速发 服务市场的竞争力， 隔离机制，并基于大 展，构建完整的清算 建立差异化优势。旨 模型技术实现外部指 赢时胜资产托管新场 指令全流程智能化管 在逐步替代现有竞 研发中 令的自动识别与处 外资金清算项目 理体系，满足客户对 品，成为托管银行在 理，构建从指令接收 资金安全、清算效率 数字化转型中的重要 到支付的全流程管控 及合规风控的更高要 技术合作伙伴，提升 与风险监控平台。 求。 市场占有率。 通过实现与FISP系统 将托管系统与国家级 解决场外基金业务线 的直连，公司能够为 金融基础设施（FISP 赢时胜新一代资产托 下流程效率低下的问 客户提供高效、标准 平台）对接，实现开 管系统V5.0-公募基 题，通过与中国结算 的场外基金业务处理 实施中 户、交易、对账等核 金行业(FISP平台)直 FISP系统直连，实现 服务，这有助于巩固 心业务的直通式处理 连项目 业务流程的电子化与 现有客户合作，并成 （STP），减少人工干 自动化闭环。 为拓展相关机构业务 预。 市场的重要基础。 赢时胜指标平台V1.2 秉持指标资产化核心 实施中 旨在构建企业级一站 平台将显著增强公司 31
深圳市赢时胜信息技术股份有限公司2025年年度报告全文 研发 理念，深度融合AI辅 式指标开发与管理平 在数据呈现与决策支 助分析前沿技术，打 台，打造覆盖基础指 持方面的产品能力， 造一站式指标开发与 标、派生指标及复合 为客户提供从数据接 管理平台。该平台旨 指标的统一标准化指 入、治理、资产化到 在助力企业构建标准 标体系。通过推行规 可视化展示的全链路 化、智能化的数据驱 范化定义、标准化开 解决方案。通过降低 动决策体系，通过高 发及可视化配置机 可视化应用构建门 效整合数据资源、优 制，有效降低业务与 槛，可加速公司在金 化决策流程，全面提 技术的沟通壁垒，实 融泛资管行业的市场 升企业决策的科学性 现指标的快速构建、 拓展，提升客户黏性 与精准性，为数字化 敏捷查询与高效共 与项目附加值。同 转型注入强劲动力， 享。平台将实现指标 时，本项目所开发的 赋能企业实现高质量 全生命周期的精细化 指标平台将作为数据 发展与核心竞争力跃 闭环管理，并深度融 中台核心组件，深度 升。 合AI智能助手，显著 融合资管、风控、运 降低数据分析门槛， 营等金融业务场景， 赋能业务人员自主开 市场应用前景广阔。 展深度分析与科学决 有助于巩固公司在金 策。最终，通过指标 融数据服务领域的技 资产的持续沉淀与价 术领先性，助力拓展 值转化，构筑企业可 数据分析、绩效评估 持续积累的核心数据 等高附加值服务，持 能力，全面夯实数字 续为公司业务增长提 化转型的坚实底座。 供支撑。 数据运营监控平台与 既有数据产品实现无 旨在构建全域覆盖、 缝协同，构建起“全 智能高效的企业级数 链路可观测、全流程 据运营全链路监控体 可管控、全周期可优 系，实现对多源数据 化”的数据运营体 接入、处理任务执 系，显著提升公司整 行、数据质量管控及 体解决方案的核心竞 系统资源负载的实时 争力。在金融泛资管 基于全链路数据感知 监测与智能预警。通 强监管、高合规性行 与智能预警技术，构 过建立“监控-预警- 业中，该平台能够有 赢时胜数据监控平台 建企业级数据运营监 处置-优化”的闭环管 实施中 效赋能客户满足监管 V1.0研发 控体系，保障数据服 理机制，显著提升数 机构对数据可靠性、 务的稳定性、可靠性 据故障的响应速度与 可追溯性的严格要 与安全性。 修复效率，有效降低 求，进一步巩固公司 运维成本与业务风 在数据治理领域的专 险。以此全面增强数 业优势，助力拓展数 据服务的连续性与稳 据安全治理、数据运 定性，筑牢客户信任 维服务等高附加值业 基石，为企业数据价 务板块，持续开辟新 值的安全释放提供坚 的市场增长空间，夯 实保障。 实公司在金融数据服 务领域的领先地位。 随着资管行业业务的 当前中国资管行业已 实现多源数据对接、 快速增长，效率问题 迈入规模超150万亿 文档自动分拣，并完 已经是全行业的共性 元的发展新阶段，前 成自动化、智能化的 且急需解决的痛点问 台投资业务的竞争日 结构化抽取，实现线 题，该问题的解决与 趋白热化，而中后台 赢时胜AI智能解析平 上快速审核确认，并 已发布V1.0 智能解析平台方案目 运营效率正逐渐成为 台 进行自动数据推送、 标深度契合，属于行 决定机构核心竞争力 数据重命名、转存。 业强需求，本项目可 的关键变量。在这一 逐步覆盖资管行业手 以成为公司开展智能 行业背景下，资管机 工分拣录入全部业务 化产品业务的茅，快 构日常运营中需处理 场景。 速拓展更多客户群 的业务单据呈现出 32
深圳市赢时胜信息技术股份有限公司2025年年度报告全文 体，并在项目中，深 “种类繁杂、数量庞 入渗透更多业务场 大、格式多样”的复 景，为估值、运营等 杂特征，从基金确认 产品的市场扩展带来 单、同业存单、现券 强大助力，同时加深 买卖成交单、回购成 行业内对公司智能化 交单等交易类单据， 转型的认同感，为更 到各类产品合同、产 多智能化产品的孵 品说明书、托管合同 化、推广起到示范性 等法律文件，再到中 作用。 债上清所兑付通知 单、各类缴费通知等 结算凭证，覆盖交 易、估值、清算、合 规等全业务链条，形 成了贯穿运营全流程 的“文档洪流”。这 些单据作为资管业务 信息传递的核心载 体，其处理质量与效 率直接影响下游估 值、交易等核心系统 的运转效能，成为制 约行业数字化升级的 关键瓶颈。 传统资管业务中，此 类单据的处理长期依 赖人工操作模式，已 难以适配行业规模扩 张与业务复杂度提升 的需求。本项目实现 从多数据源的自动对 接，数据的自动化、 智能化分拣、要素识 别，经人工审核确认 后，完成数据的自动 分拣、转存、重命名 操作，实现全流程全 链路高度自动化智能 化建设，为解决行业 痛点带来新的解决范 式。 应财政部、国家档案 局发布的《会计档案 管理办法》要求补充 电子会计档案系统经 电子会计档案的相关 过更多项目，可成为 系统实现，之后又国 主要是实现记账凭证 产品标准化程度较高 家档案局发布了《电 与原始凭证的自动匹 的系统，是企业财务 子会计档案管理规 配，会计资料的归 数字化转型中的重要 范》，明细技术标准 赢时胜电子会计档案 档、借阅、作废、销 已发布V1.0 工具；为资管行业企 与管理细则。传统纸 管理系统 毁的流程管理。实现 业提供电子会计档案 质档案管理带来的空 会计档案的线上化、 服务的同时，可以成 间占用、检索效率低 数字化管理。 为公司拓展业财一体 下、人力成本攀升、 化、财务数据资产分 异地协作困难等瓶 析等项目的敲门砖。 颈，也已成为制约财 务效率提升的关键因 素。项目目的是响应 政策要求，解决客户 33",windowed_extraction_review_required
300377.SZ,AR_300377_SZ_2025,core_competitiveness,2,13,"深圳市赢时胜信息技术股份有限公司2025年年度报告全文 2025 年年度报告 第一节 重要提示、目录和释义 公司董事会及董事、高级管理人员保证年度报告内容的真实、准确、完 整，不存在虚假记载、误导性陈述或者重大遗漏，并承担个别和连带的法律 责任。 公司负责人唐球、主管会计工作负责人廖拾秀及会计机构负责人(会计主 管人员)张金叶声明：保证本年度报告中财务报告的真实、准确、完整。 所有董事均已出席了审议本报告的董事会会议。 （一）业绩亏损的具体原因 报告期内，公司给各部门压实各项经营指标，主营业务收入实现了小幅 增长 2.37%，主营业务成本较上年基本持平，归属于上市公司股东的净利润 为-526.07 万元，亏损的主要原因是对长期股权投资计提了一定金额的减值 准备。 （二）主营业务、核心竞争力、主要财务指标是否发生重大不利变化， 是否与行业趋势一致 公司坚守金融信息技术服务核心，包括资产管理系统业务、资产托管系 统业务、数据应用系统业务、泛资管运营管理数字化系统业务、资管信息披 露业务、金融行业技术/服务人力资源池业务，以及核心聚焦和攻关落地的 AI 赋能整体解决方案业务等领域。公司在传统优势业务深耕、信创改造落地、 人工智能技术深度融合、生态合作拓展等维度取得多项创新成果，为银行、 2
深圳市赢时胜信息技术股份有限公司2025年年度报告全文 基金、保险资管、证券、全国社保基金等 400 余家金融机构提供专业化、高 效能、高安全的技术服务，以技术创新与生态共建赋能金融行业高质量发展， 持续夯实公司在金融信息技术领域的核心竞争优势。 公司核心竞争力具体体现在细分领域产品研发优势、技术与行业经验积 累、客户资源、产业生态布局等方面。公司的主营业务、核心竞争力未发生 重大不利变化。 报告期内，公司归属于上市公司股东的净利润亏损，主要原 因是对长期股权投资计提减值等因素的影响，不属于与行业趋势严重背离的 情况。 （三）所处行业景气情况，是否存在产能过剩、持续衰退或者技术替代 等情形 2025 年，我国金融行业数字化转型步入深化阶段，金融信息技术创新应 用由外围辅助系统向核心交易场景深度渗透，生成式人工智能成为重构金融 业务逻辑、提升运营效能的核心生产要素，开放协同成为金融科技生态演进 的主流趋势。公司坚守金融信息技术服务核心主业，确立“AI 原生+信创” 双轮驱动的核心技术路径，将前沿人工智能技术与国产化自主可控技术底座 深度融合，推动金融运营模式由传统人工操作、辅助智能阶段，向智能化高 阶形态演进。全年围绕四大核心发展方向统筹经营工作：夯实安全技术底座、 引领核心业务系统信创迭代升级，深度融合大模型技术、以智能化变革重塑 金融业务应用场景，践行开放协同理念、构建新一代“AI 原生+多智能体协 同生态”产品生态，聚焦资产管理与托管业务信息化解决方案赛道。公司在 传统优势业务深耕、信创改造落地、人工智能技术深度融合、生态合作拓展 3
深圳市赢时胜信息技术股份有限公司2025年年度报告全文 等维度取得多项创新成果，为银行、基金、保险资管、证券、全国社保基金 等 400 余家金融机构提供专业化、高效能、高安全的技术服务，以技术创新 与生态共建赋能金融行业高质量发展，持续夯实公司在金融信息技术领域的 核心竞争优势。 公司主营业务市场前景广阔，不存在所处行业整体产能过剩、持续衰退 或者被技术替代的风险。 （四）持续经营能力是否存在重大风险 1、报告期末公司货币资金存量（含理财产品）为 61,423.85 万元，较上 年同期 52,786.10 万元增长 16.36%。截至 2025 年年末公司资产负债率仅为 8.5%，公司财务状况持续良好稳健。 2、公司采取积极措施改善经营业绩。 （1）公司持续进行合理有效的研发投入以提升公司产品线的创新能力和 生命力，在人工智能和信创趋势下，奠定公司产品在业内细分领域的领先优 势，同时加强关注研发回报指标。 （2）公司狠抓内部管理和主营业务回款，加强 PMO 对项目的监管，通 过绩效变革和机制强化，提升内在造血实力，增加经营活动现金和增强抗风 险能力，积极持续落实现金流净额为核心经营指标的战略目标，为公司产品 服务的可持续发展夯实坚实基础，促进公司聚焦主营业务的业绩质量。 （3）公司向管理要效益，以“发展效率、安全效益”为原则进行可持续 性的增效管理。 4
深圳市赢时胜信息技术股份有限公司2025年年度报告全文 公司财务状况良好稳健，信用状况良好，内控管理规范，核心团队人员 稳定，无重大潜在风险。综合以上，公司持续经营能力不存在重大风险。 本年度报告所涉及的经营业绩的预计、未来计划等前瞻性陈述均属于公 司计划性事项，存在一定的不确定性，不构成公司对投资者的实质性承诺， 深圳市赢时胜信息技术股份有限公司 2025 年年度报告全文投资者及相关人士 均应当对此保持足够的风险认识，并且应当理解计划、预测与承诺之间的差 异。 可能对公司未来发展产生不利影响的风险因素主要为技术创新风险、人 才风险、市场竞争风险、业绩季节性波动风险以及应收账款发生坏账的风险 等风险，有关风险因素及对策措施详见本报告“第三节、管理层讨论与分析” 之“十一、公司未来发展的展望”之“（二）公司可能面对的风险”中相关 内容，敬请广大投资者注意投资风险。 公司计划不派发现金红利，不送红股，不以公积金转增股本。 5
深圳市赢时胜信息技术股份有限公司2025年年度报告全文 目录 第一节 重要提示、目录和释义.............................................................................................2 第二节 公司简介和主要财务指标..........................................................................................9 第三节 管理层讨论与分析................................................................................................... 14 第四节 公司治理、环境和社会.............................................................................................43 第五节 重要事项................................................................................................................67 第六节 股份变动及股东情况................................................................................................81 第七节 债券相关情况..........................................................................................................89 第八节 财务报告................................................................................................................90 6
深圳市赢时胜信息技术股份有限公司2025年年度报告全文 备查文件目录 一、载有法定代表人、主管会计工作负责人、会计机构负责人签名并盖章的财务报表； 二、载有会计师事务所盖章、注册会计师签名并盖章的审计报告原件； 三、报告期内公开披露过的所有公司文件的正本及公告的原稿。 7
深圳市赢时胜信息技术股份有限公司2025年年度报告全文 释义 释义项 指 释义内容 公司、赢时胜 指 深圳市赢时胜信息技术股份有限公司 深圳市赢时胜信息技术股份有限公司 股东会、董事会 指 股东会、董事会 证监会 指 中国证券监督管理委员会 深交所 指 深圳证券交易所 立信中联会计师事务所（特殊普通合 立信中联 指 伙） 中审众环会计师事务所（特殊普通合 中审众环 指 伙） 报告期 指 2025年1-12月 上期、上年同期 指 2024年1-12月 元、万元 指 人民币元、人民币万元 《公司法》 指 《中华人民共和国公司法》 《深圳市赢时胜信息技术股份有限公 《公司章程》 指 司公司章程》 上海赢量 指 上海赢量信息科技有限公司 筹远信息 指 筹远（上海）信息科技有限公司 上海赢保 指 上海赢保商业保理有限公司 上海赢志泰 指 上海赢志泰计算机科技有限公司 蒲园供应链 指 上海蒲园供应链管理有限公司 蒲艺园实业 指 上海蒲艺园实业有限公司 匡衡软件 指 匡衡软件（北京）有限公司 赢证数科 指 赢证（上海）数字科技有限公司 赢胜数科 指 深圳市赢胜数据科技有限公司 东吴金科 指 东吴（苏州）金融科技有限公司 阳光恒美信息服务（上海）股份有限 阳光恒美 指 公司 东方金信 指 北京东方金信科技股份有限公司 北京营安 指 北京营安科技有限公司 尚闻科技 指 宁波尚闻科技（集团）有限公司 图灵机器人 指 深圳市图灵机器人有限公司 达烁高科 指 达烁高科（北京）信息技术有限公司 8
深圳市赢时胜信息技术股份有限公司2025年年度报告全文 第二节 公司简介和主要财务指标 一、公司信息 股票简称 赢时胜 股票代码 300377 公司的中文名称 深圳市赢时胜信息技术股份有限公司 公司的中文简称 赢时胜 公司的外文名称（如有） SHENZHEN YSSTECH INFO-TECH CO.,LTD 公司的外文名称缩写（如 YSS 有） 公司的法定代表人 唐球 注册地址 深圳市福田区华富街道莲花一村社区皇岗路5001号深业上城（南区）T2栋3701 注册地址的邮政编码 518035 2003年5月28日，公司注册地址由“深圳市福田区福中路紫玉大厦1栋25J室”变更为 “深圳市福田区深南中路3037号南光捷佳大厦1716室”； 2005年8月10日，公司注册地址变更为“深圳市福田区深南大道4019号航天大厦611 室”； 2009年4月13日，公司注册地址变更为“深圳市福田区深南中路与广深高速公路交界东 公司注册地址历史变更情况 南金运世纪大厦13层13F”； 2013年1月17日，公司注册地址变更为“深圳市福田区深南路与新洲路交汇处东南侧航 天大厦A座611A”； 2018年5月28日，公司注册地址变更为“深圳市福田区华富街道莲花一村社区皇岗路 5001号深业上城(南区)T2栋3701”。 办公地址 深圳市福田区华富街道莲花一村社区皇岗路5001号深业上城（南区）T2栋3701 办公地址的邮政编码 518035 公司网址 www.ysstech.com 电子信箱 ysstech@ysstech.com 二、联系人和联系方式 董事会秘书 证券事务代表 姓名 程霞 朱若诗 深圳市福田区华富街道莲花一村社区 深圳市福田区华富街道莲花一村社区 联系地址 皇岗路5001号深业上城（南区）T2 皇岗路5001号深业上城（南区）T2 栋3701 栋3701 电话 0755-23968617 0755-23968617 传真 0755-88265113 0755-88265113 电子信箱 ysstech@ysstech.com ysstech@ysstech.com 三、信息披露及备置地点 公司披露年度报告的证券交易所网站 深圳证券交易所（http://www.szse.cn/） 《证券时报》《中国证券报》《上海证券报》；巨潮资讯 公司披露年度报告的媒体名称及网址 网（http://www.cninfo.com.cn） 公司年度报告备置地点 公司证券事务部 9
深圳市赢时胜信息技术股份有限公司2025年年度报告全文 四、其他有关资料 公司聘请的会计师事务所 会计师事务所名称 中审众环会计师事务所（特殊普通合伙） 湖北省武汉市武昌区水果湖街道中北路166号长江产业大 会计师事务所办公地址 厦17-18层 签字会计师姓名 肖文涛、肖书月 公司聘请的报告期内履行持续督导职责的保荐机构 □适用 不适用 公司聘请的报告期内履行持续督导职责的财务顾问 □适用 不适用 五、主要会计数据和财务指标 公司是否需追溯调整或重述以前年度会计数据 是 □否 追溯调整或重述原因 会计差错更正 本年比上年增 2024年 2023年 2025年 减 调整前 调整后 调整后 调整前 调整后 营业收入 1,373,047,83 1,341,741,65 1,341,741,65 1,592,143,38 1,592,143,38 2.33% （元） 1.21 0.04 0.04 8.62 8.62 归属于上市公 - - - 67,636,077.7 67,636,077.7 司股东的净利 424,675,117. 443,568,497. 98.81% 5,260,651.89 6 6 润（元） 27 40 归属于上市公 司股东的扣除 - - - 54,261,262.1 54,261,262.1 非经常性损益 22,597,980.8 204,528,170. 208,063,943. 89.14% 9 9 的净利润 1 69 83 （元） 经营活动产生 60,333,623.6 103,318,439. 103,318,439. 101,827,452. 101,827,452. 的现金流量净 -41.60% 0 31 31 19 19 额（元） 基本每股收益 -0.0070 -0.5654 -0.5654 98.76% 0.09 0.09 （元/股） 稀释每股收益 -0.0070 -0.5654 -0.5654 98.76% 0.09 0.09 （元/股） 加权平均净资 -2.11% -15.26% -15.91% 13.80% 2.23% 2.23% 产收益率 本年末比上年 2024年末 2023年末 2025年末 末增减 调整前 调整后 调整后 调整前 调整后 资产总额 2,754,606,20 2,803,803,77 2,788,446,16 3,315,906,17 3,315,906,17 -1.21% （元） 6.17 4.77 7.78 9.35 9.35 归属于上市公 2,493,773,78 2,564,788,27 2,499,034,43 3,008,092,43 3,008,092,43 -0.21% 司股东的净资 8.02 4.41 9.91 4.86 4.86 10
深圳市赢时胜信息技术股份有限公司2025年年度报告全文 产（元） 会计政策变更的原因及会计差错更正的情况 公司对东方金信相关金融资产计提公允价值变动时，未就相应股权公允价值计量获取充分依据，致 使其他非流动金融资产核算不准确，公司重新聘请具备相应资质的独立评估机构，对东方金信股权公允 价值进行专项评估，依据《企业会计准则第 39 号 — 公允价值计量》及评估机构出具的评估结论，重 新认定该金融资产公允价值变动金额，调整公允价值变动收益-15,408,360.00元，并进行相关追溯调 整。 公司对宁波尚闻相关金融资产计提公允价值变动时，未就相应股权公允价值计量获取充分依据，致 使其他非流动金融资产核算不准确，公司重新聘请具备相应资质的独立评估机构，对东方金信股权公允 价值进行专项评估，依据《企业会计准则第 39 号 — 公允价值计量》及评估机构出具的评估结论，重 新认定该金融资产公允价值变动金额，调整公允价值变动收益-1,655,647.77元，并进行相关追溯调整。 公司已对相关非全资子公司的出资实缴情况进行全面核验，严格依据《企业会计准则第 33 号 — 合并财务报表》及公司章程关于利润分配的约定，按实缴出资比例重新计算并确认当期应分配的损益及 少数股东权益，已对前期比较数据进行追溯重述调整。同时，公司已全面梳理并完善子公司利润分配及 合并报表编制内控流程，建立出资比例核验机制与分配方案合规性审批机制，明确区分认缴与实缴比例 的适用边界，严禁在利润分配及报表合并中混淆两者比例，确保同类差错不再发生。 公司最近三个会计年度扣除非经常性损益前后净利润孰低者均为负值，且最近一年审计报告显示公司持续经营能力存在 不确定性 □是 否 公司报告期内经审计利润总额、净利润、扣除非经常性损益后的净利润三者孰低为负值 是 □否 项目 2025年 2024年 备注 营业收入（元） 1,373,047,831.21 1,341,741,650.04 0 投资性房地产出租收入 3,171,719.39 3,572,999.09 与主营业务无关的业务收入 营业收入扣除金额（元） 3,171,719.39 3,572,999.09 0 营业收入扣除后金额（元） 1,369,876,111.82 1,338,168,650.95 0 存在股权激励、员工持股计划的公司，可以披露扣除股份支付影响后的净利润 本期比上年同期增减 主要会计数据 2025年 2024年 2023年 (%) 扣除股份支付影响后 -6,804,931.67 -443,786,612.14 98.46% 70,679,587.50 的净利润（元） 六、分季度主要财务指标 单位：元 第一季度 第二季度 第三季度 第四季度 营业收入 262,553,220.86 315,519,994.71 358,442,338.75 436,532,276.89 11
深圳市赢时胜信息技术股份有限公司2025年年度报告全文 归属于上市公司股东 -69,722,881.71 -10,827,821.60 35,530,513.09 39,759,538.33 的净利润 归属于上市公司股东 的扣除非经常性损益 -70,588,367.65 -15,917,987.72 34,351,834.01 29,556,540.55 的净利润 经营活动产生的现金 -218,867,468.04 -53,163,437.93 59,762,206.57 272,602,323.00 流量净额 上述财务指标或其加总数是否与公司已披露季度报告、半年度报告相关财务指标存在重大差异 □是 否 七、境内外会计准则下会计数据差异 1、同时按照国际会计准则与按照中国会计准则披露的财务报告中净利润和净资产差异情况 □适用 不适用 公司报告期不存在按照国际会计准则与按照中国会计准则披露的财务报告中净利润和净资产差异情况。 2、同时按照境外会计准则与按照中国会计准则披露的财务报告中净利润和净资产差异情况 □适用 不适用 公司报告期不存在按照境外会计准则与按照中国会计准则披露的财务报告中净利润和净资产差异情况。 八、非经常性损益项目及金额 适用 □不适用 单位：元 项目 2025年金额 2024年金额 2023年金额 说明 非流动性资产处置损 益（包括已计提资产 1,437,985.65 -2,711,925.63 8,254,979.07 减值准备的冲销部 分） 计入当期损益的政府 补助（与公司正常经 营业务密切相关，符 合国家政策规定、按 2,310,051.50 2,593,126.95 7,073,232.64 照确定的标准享有、 对公司损益产生持续 影响的政府补助除 外） 除同公司正常经营业 务相关的有效套期保 值业务外，非金融企 业持有金融资产和金 15,313,108.85 -247,894,994.66 690,222.04 融负债产生的公允价 值变动损益以及处置 金融资产和金融负债 产生的损益 委托他人投资或管理 0.08 资产的损益 12
深圳市赢时胜信息技术股份有限公司2025年年度报告全文 单独进行减值测试的 应收款项减值准备转 60,300.00 回 债务重组损益 -935,420.00 除上述各项之外的其 253,230.11 -1,547,811.22 -141,742.95 他营业外收入和支出 其他符合非经常性损 -10,881,434.08 益定义的损益项目 减：所得税影响额 1,961,917.99 -26,096,597.62 2,386,317.48 少数股东权益影 75,429.20 222,692.55 115,557.83 响额（税后） 合计 17,337,328.92 -235,504,553.57 13,374,815.57 -- 其他符合非经常性损益定义的损益项目的具体情况： □适用 不适用 公司不存在其他符合非经常性损益定义的损益项目的具体情况。 将《公开发行证券的公司信息披露解释性公告第1号——非经常性损益》中列举的非经常性损益项目界定为经常性损益 项目的情况说明 □适用 不适用 公司不存在将《公开发行证券的公司信息披露解释性公告第1号——非经常性损益》中列举的非经常性损益项目界定为 经常性损益的项目的情形。 13",windowed_extraction_review_required
300377.SZ,AR_300377_SZ_2025,r_and_d,4,15,"深圳市赢时胜信息技术股份有限公司2025年年度报告全文 等维度取得多项创新成果，为银行、基金、保险资管、证券、全国社保基金 等 400 余家金融机构提供专业化、高效能、高安全的技术服务，以技术创新 与生态共建赋能金融行业高质量发展，持续夯实公司在金融信息技术领域的 核心竞争优势。 公司主营业务市场前景广阔，不存在所处行业整体产能过剩、持续衰退 或者被技术替代的风险。 （四）持续经营能力是否存在重大风险 1、报告期末公司货币资金存量（含理财产品）为 61,423.85 万元，较上 年同期 52,786.10 万元增长 16.36%。截至 2025 年年末公司资产负债率仅为 8.5%，公司财务状况持续良好稳健。 2、公司采取积极措施改善经营业绩。 （1）公司持续进行合理有效的研发投入以提升公司产品线的创新能力和 生命力，在人工智能和信创趋势下，奠定公司产品在业内细分领域的领先优 势，同时加强关注研发回报指标。 （2）公司狠抓内部管理和主营业务回款，加强 PMO 对项目的监管，通 过绩效变革和机制强化，提升内在造血实力，增加经营活动现金和增强抗风 险能力，积极持续落实现金流净额为核心经营指标的战略目标，为公司产品 服务的可持续发展夯实坚实基础，促进公司聚焦主营业务的业绩质量。 （3）公司向管理要效益，以“发展效率、安全效益”为原则进行可持续 性的增效管理。 4
深圳市赢时胜信息技术股份有限公司2025年年度报告全文 公司财务状况良好稳健，信用状况良好，内控管理规范，核心团队人员 稳定，无重大潜在风险。综合以上，公司持续经营能力不存在重大风险。 本年度报告所涉及的经营业绩的预计、未来计划等前瞻性陈述均属于公 司计划性事项，存在一定的不确定性，不构成公司对投资者的实质性承诺， 深圳市赢时胜信息技术股份有限公司 2025 年年度报告全文投资者及相关人士 均应当对此保持足够的风险认识，并且应当理解计划、预测与承诺之间的差 异。 可能对公司未来发展产生不利影响的风险因素主要为技术创新风险、人 才风险、市场竞争风险、业绩季节性波动风险以及应收账款发生坏账的风险 等风险，有关风险因素及对策措施详见本报告“第三节、管理层讨论与分析” 之“十一、公司未来发展的展望”之“（二）公司可能面对的风险”中相关 内容，敬请广大投资者注意投资风险。 公司计划不派发现金红利，不送红股，不以公积金转增股本。 5
深圳市赢时胜信息技术股份有限公司2025年年度报告全文 目录 第一节 重要提示、目录和释义.............................................................................................2 第二节 公司简介和主要财务指标..........................................................................................9 第三节 管理层讨论与分析................................................................................................... 14 第四节 公司治理、环境和社会.............................................................................................43 第五节 重要事项................................................................................................................67 第六节 股份变动及股东情况................................................................................................81 第七节 债券相关情况..........................................................................................................89 第八节 财务报告................................................................................................................90 6
深圳市赢时胜信息技术股份有限公司2025年年度报告全文 备查文件目录 一、载有法定代表人、主管会计工作负责人、会计机构负责人签名并盖章的财务报表； 二、载有会计师事务所盖章、注册会计师签名并盖章的审计报告原件； 三、报告期内公开披露过的所有公司文件的正本及公告的原稿。 7
深圳市赢时胜信息技术股份有限公司2025年年度报告全文 释义 释义项 指 释义内容 公司、赢时胜 指 深圳市赢时胜信息技术股份有限公司 深圳市赢时胜信息技术股份有限公司 股东会、董事会 指 股东会、董事会 证监会 指 中国证券监督管理委员会 深交所 指 深圳证券交易所 立信中联会计师事务所（特殊普通合 立信中联 指 伙） 中审众环会计师事务所（特殊普通合 中审众环 指 伙） 报告期 指 2025年1-12月 上期、上年同期 指 2024年1-12月 元、万元 指 人民币元、人民币万元 《公司法》 指 《中华人民共和国公司法》 《深圳市赢时胜信息技术股份有限公 《公司章程》 指 司公司章程》 上海赢量 指 上海赢量信息科技有限公司 筹远信息 指 筹远（上海）信息科技有限公司 上海赢保 指 上海赢保商业保理有限公司 上海赢志泰 指 上海赢志泰计算机科技有限公司 蒲园供应链 指 上海蒲园供应链管理有限公司 蒲艺园实业 指 上海蒲艺园实业有限公司 匡衡软件 指 匡衡软件（北京）有限公司 赢证数科 指 赢证（上海）数字科技有限公司 赢胜数科 指 深圳市赢胜数据科技有限公司 东吴金科 指 东吴（苏州）金融科技有限公司 阳光恒美信息服务（上海）股份有限 阳光恒美 指 公司 东方金信 指 北京东方金信科技股份有限公司 北京营安 指 北京营安科技有限公司 尚闻科技 指 宁波尚闻科技（集团）有限公司 图灵机器人 指 深圳市图灵机器人有限公司 达烁高科 指 达烁高科（北京）信息技术有限公司 8
深圳市赢时胜信息技术股份有限公司2025年年度报告全文 第二节 公司简介和主要财务指标 一、公司信息 股票简称 赢时胜 股票代码 300377 公司的中文名称 深圳市赢时胜信息技术股份有限公司 公司的中文简称 赢时胜 公司的外文名称（如有） SHENZHEN YSSTECH INFO-TECH CO.,LTD 公司的外文名称缩写（如 YSS 有） 公司的法定代表人 唐球 注册地址 深圳市福田区华富街道莲花一村社区皇岗路5001号深业上城（南区）T2栋3701 注册地址的邮政编码 518035 2003年5月28日，公司注册地址由“深圳市福田区福中路紫玉大厦1栋25J室”变更为 “深圳市福田区深南中路3037号南光捷佳大厦1716室”； 2005年8月10日，公司注册地址变更为“深圳市福田区深南大道4019号航天大厦611 室”； 2009年4月13日，公司注册地址变更为“深圳市福田区深南中路与广深高速公路交界东 公司注册地址历史变更情况 南金运世纪大厦13层13F”； 2013年1月17日，公司注册地址变更为“深圳市福田区深南路与新洲路交汇处东南侧航 天大厦A座611A”； 2018年5月28日，公司注册地址变更为“深圳市福田区华富街道莲花一村社区皇岗路 5001号深业上城(南区)T2栋3701”。 办公地址 深圳市福田区华富街道莲花一村社区皇岗路5001号深业上城（南区）T2栋3701 办公地址的邮政编码 518035 公司网址 www.ysstech.com 电子信箱 ysstech@ysstech.com 二、联系人和联系方式 董事会秘书 证券事务代表 姓名 程霞 朱若诗 深圳市福田区华富街道莲花一村社区 深圳市福田区华富街道莲花一村社区 联系地址 皇岗路5001号深业上城（南区）T2 皇岗路5001号深业上城（南区）T2 栋3701 栋3701 电话 0755-23968617 0755-23968617 传真 0755-88265113 0755-88265113 电子信箱 ysstech@ysstech.com ysstech@ysstech.com 三、信息披露及备置地点 公司披露年度报告的证券交易所网站 深圳证券交易所（http://www.szse.cn/） 《证券时报》《中国证券报》《上海证券报》；巨潮资讯 公司披露年度报告的媒体名称及网址 网（http://www.cninfo.com.cn） 公司年度报告备置地点 公司证券事务部 9
深圳市赢时胜信息技术股份有限公司2025年年度报告全文 四、其他有关资料 公司聘请的会计师事务所 会计师事务所名称 中审众环会计师事务所（特殊普通合伙） 湖北省武汉市武昌区水果湖街道中北路166号长江产业大 会计师事务所办公地址 厦17-18层 签字会计师姓名 肖文涛、肖书月 公司聘请的报告期内履行持续督导职责的保荐机构 □适用 不适用 公司聘请的报告期内履行持续督导职责的财务顾问 □适用 不适用 五、主要会计数据和财务指标 公司是否需追溯调整或重述以前年度会计数据 是 □否 追溯调整或重述原因 会计差错更正 本年比上年增 2024年 2023年 2025年 减 调整前 调整后 调整后 调整前 调整后 营业收入 1,373,047,83 1,341,741,65 1,341,741,65 1,592,143,38 1,592,143,38 2.33% （元） 1.21 0.04 0.04 8.62 8.62 归属于上市公 - - - 67,636,077.7 67,636,077.7 司股东的净利 424,675,117. 443,568,497. 98.81% 5,260,651.89 6 6 润（元） 27 40 归属于上市公 司股东的扣除 - - - 54,261,262.1 54,261,262.1 非经常性损益 22,597,980.8 204,528,170. 208,063,943. 89.14% 9 9 的净利润 1 69 83 （元） 经营活动产生 60,333,623.6 103,318,439. 103,318,439. 101,827,452. 101,827,452. 的现金流量净 -41.60% 0 31 31 19 19 额（元） 基本每股收益 -0.0070 -0.5654 -0.5654 98.76% 0.09 0.09 （元/股） 稀释每股收益 -0.0070 -0.5654 -0.5654 98.76% 0.09 0.09 （元/股） 加权平均净资 -2.11% -15.26% -15.91% 13.80% 2.23% 2.23% 产收益率 本年末比上年 2024年末 2023年末 2025年末 末增减 调整前 调整后 调整后 调整前 调整后 资产总额 2,754,606,20 2,803,803,77 2,788,446,16 3,315,906,17 3,315,906,17 -1.21% （元） 6.17 4.77 7.78 9.35 9.35 归属于上市公 2,493,773,78 2,564,788,27 2,499,034,43 3,008,092,43 3,008,092,43 -0.21% 司股东的净资 8.02 4.41 9.91 4.86 4.86 10
深圳市赢时胜信息技术股份有限公司2025年年度报告全文 产（元） 会计政策变更的原因及会计差错更正的情况 公司对东方金信相关金融资产计提公允价值变动时，未就相应股权公允价值计量获取充分依据，致 使其他非流动金融资产核算不准确，公司重新聘请具备相应资质的独立评估机构，对东方金信股权公允 价值进行专项评估，依据《企业会计准则第 39 号 — 公允价值计量》及评估机构出具的评估结论，重 新认定该金融资产公允价值变动金额，调整公允价值变动收益-15,408,360.00元，并进行相关追溯调 整。 公司对宁波尚闻相关金融资产计提公允价值变动时，未就相应股权公允价值计量获取充分依据，致 使其他非流动金融资产核算不准确，公司重新聘请具备相应资质的独立评估机构，对东方金信股权公允 价值进行专项评估，依据《企业会计准则第 39 号 — 公允价值计量》及评估机构出具的评估结论，重 新认定该金融资产公允价值变动金额，调整公允价值变动收益-1,655,647.77元，并进行相关追溯调整。 公司已对相关非全资子公司的出资实缴情况进行全面核验，严格依据《企业会计准则第 33 号 — 合并财务报表》及公司章程关于利润分配的约定，按实缴出资比例重新计算并确认当期应分配的损益及 少数股东权益，已对前期比较数据进行追溯重述调整。同时，公司已全面梳理并完善子公司利润分配及 合并报表编制内控流程，建立出资比例核验机制与分配方案合规性审批机制，明确区分认缴与实缴比例 的适用边界，严禁在利润分配及报表合并中混淆两者比例，确保同类差错不再发生。 公司最近三个会计年度扣除非经常性损益前后净利润孰低者均为负值，且最近一年审计报告显示公司持续经营能力存在 不确定性 □是 否 公司报告期内经审计利润总额、净利润、扣除非经常性损益后的净利润三者孰低为负值 是 □否 项目 2025年 2024年 备注 营业收入（元） 1,373,047,831.21 1,341,741,650.04 0 投资性房地产出租收入 3,171,719.39 3,572,999.09 与主营业务无关的业务收入 营业收入扣除金额（元） 3,171,719.39 3,572,999.09 0 营业收入扣除后金额（元） 1,369,876,111.82 1,338,168,650.95 0 存在股权激励、员工持股计划的公司，可以披露扣除股份支付影响后的净利润 本期比上年同期增减 主要会计数据 2025年 2024年 2023年 (%) 扣除股份支付影响后 -6,804,931.67 -443,786,612.14 98.46% 70,679,587.50 的净利润（元） 六、分季度主要财务指标 单位：元 第一季度 第二季度 第三季度 第四季度 营业收入 262,553,220.86 315,519,994.71 358,442,338.75 436,532,276.89 11
深圳市赢时胜信息技术股份有限公司2025年年度报告全文 归属于上市公司股东 -69,722,881.71 -10,827,821.60 35,530,513.09 39,759,538.33 的净利润 归属于上市公司股东 的扣除非经常性损益 -70,588,367.65 -15,917,987.72 34,351,834.01 29,556,540.55 的净利润 经营活动产生的现金 -218,867,468.04 -53,163,437.93 59,762,206.57 272,602,323.00 流量净额 上述财务指标或其加总数是否与公司已披露季度报告、半年度报告相关财务指标存在重大差异 □是 否 七、境内外会计准则下会计数据差异 1、同时按照国际会计准则与按照中国会计准则披露的财务报告中净利润和净资产差异情况 □适用 不适用 公司报告期不存在按照国际会计准则与按照中国会计准则披露的财务报告中净利润和净资产差异情况。 2、同时按照境外会计准则与按照中国会计准则披露的财务报告中净利润和净资产差异情况 □适用 不适用 公司报告期不存在按照境外会计准则与按照中国会计准则披露的财务报告中净利润和净资产差异情况。 八、非经常性损益项目及金额 适用 □不适用 单位：元 项目 2025年金额 2024年金额 2023年金额 说明 非流动性资产处置损 益（包括已计提资产 1,437,985.65 -2,711,925.63 8,254,979.07 减值准备的冲销部 分） 计入当期损益的政府 补助（与公司正常经 营业务密切相关，符 合国家政策规定、按 2,310,051.50 2,593,126.95 7,073,232.64 照确定的标准享有、 对公司损益产生持续 影响的政府补助除 外） 除同公司正常经营业 务相关的有效套期保 值业务外，非金融企 业持有金融资产和金 15,313,108.85 -247,894,994.66 690,222.04 融负债产生的公允价 值变动损益以及处置 金融资产和金融负债 产生的损益 委托他人投资或管理 0.08 资产的损益 12
深圳市赢时胜信息技术股份有限公司2025年年度报告全文 单独进行减值测试的 应收款项减值准备转 60,300.00 回 债务重组损益 -935,420.00 除上述各项之外的其 253,230.11 -1,547,811.22 -141,742.95 他营业外收入和支出 其他符合非经常性损 -10,881,434.08 益定义的损益项目 减：所得税影响额 1,961,917.99 -26,096,597.62 2,386,317.48 少数股东权益影 75,429.20 222,692.55 115,557.83 响额（税后） 合计 17,337,328.92 -235,504,553.57 13,374,815.57 -- 其他符合非经常性损益定义的损益项目的具体情况： □适用 不适用 公司不存在其他符合非经常性损益定义的损益项目的具体情况。 将《公开发行证券的公司信息披露解释性公告第1号——非经常性损益》中列举的非经常性损益项目界定为经常性损益 项目的情况说明 □适用 不适用 公司不存在将《公开发行证券的公司信息披露解释性公告第1号——非经常性损益》中列举的非经常性损益项目界定为 经常性损益的项目的情形。 13
深圳市赢时胜信息技术股份有限公司2025年年度报告全文 第三节 管理层讨论与分析 一、报告期内公司从事的主要业务 2025年公司围绕四大核心发展方向统筹经营工作：夯实安全技术底座、引领核心业务系统信创迭 代升级，深度融合大模型技术、以智能化变革重塑金融业务应用场景，践行开放协同理念、构建新一代 “AI原生+多智能体协同生态”产品生态，聚焦资产管理与托管业务信息化解决方案赛道。公司在传统 优势业务深耕、信创改造落地、人工智能技术深度融合、生态合作拓展等维度取得多项创新成果，为银 行、基金、保险资管、证券、全国社保基金等400余家金融机构提供专业化、高效能、高安全的技术服 务，以技术创新与生态共建赋能金融行业高质量发展，持续夯实公司在金融信息技术领域的核心竞争优 势。 1、AI赋能整体解决方案业务板块 公司以AI原生为核心研发理念，聚焦人工智能对金融业务系统的深度赋能，构建金融垂直领域人 工智能落地一体化解决方案，核心聚焦主流大模型的场景化适配与业务融合，不参与大模型研发与供应， 致力于将成熟大模型能力与金融核心业务场景深度耦合。 全业务板块人工智能适配赋能：全面对接主流开源大模型与金融机构自研大模型，完成资产管理、 资产托管、数据应用、泛资管运营、资管信息披露等全业务板块的系统适配与能力嵌入，将人工智能技 术深度融入核算、清算、风控、数据处理、信息披露、运营管理等核心业务环节，实现人工智能与业务 系统的原生融合，替代传统外挂式人工智能应用模式。报告期内，公司为头部公募基金、头部保险资管 完成资产管理全系统AI原生适配，实现估值核算、资金清算全流程人工智能能力嵌入；为大型股份制 银行完成资产托管系统大模型兼容改造，实现多源大模型无缝切换调用。 垂直领域人工智能一体化解决方案：针对金融资管、托管、数据服务、运营管理、信息披露等垂 直领域，构建标准化与定制化相结合的人工智能落地解决方案，覆盖智能核算、智能清算、智能风控、 智能数据提取、智能报表、智能审核、智能运营等全场景，为金融机构提供一站式人工智能业务赋能服 务，降低人工智能应用落地的技术与成本门槛。报告期内，公司为头部保险资管定制资管运营人工智能 一体化解决方案，覆盖非标资产估值、风险监控全场景；为头部券商资管搭建信息披露人工智能智能审 核解决方案，实现定期报告全自动合规校验。 执行式人工智能落地应用：突破传统辅助智能的应用边界，构建“感知-决策-执行”全闭环智能 体系，研发适配各业务场景的智能体数字员工，可自主完成数据处理、账务核算、监督管控、异常排查 等业务操作，实现零人工干预的智能化运营，推动各业务板块迈入人机协同发展新阶段。 2、资产管理系统业务板块 14
深圳市赢时胜信息技术股份有限公司2025年年度报告全文 公司长期深耕资产管理系统业务领域，为证券、基金、保险、银行、信托等金融机构提供资产管理 运营全生命周期信息化服务。公司构建了以证券估值核算系统、TA资金清算系统、资金支付管理系统、 风险指标管理平台和信息披露系统为核心的产品矩阵，全面覆盖资产管理业务的投资交易、财务核算、 资金清算、风险管控及信息披露等关键环节。 2025年，金融行业受政策调整、市场波动与业务转型等多重因素叠加影响，传统资产管理业务面 临多重经营挑战，行业竞争格局持续加剧。在此背景下，公司主动顺应金融科技发展趋势，持续加大新 一代产品及信创、人工智能相关产品的研发投入，在巩固传统产品市场优势的基础上，全面推进“AI 原生+信创”双轮驱动技术落地实践，推动资产管理业务板块高质量发展。 全栈信创夯实自主可控技术底座 公司抢抓金融信创深化发展机遇，将信创升级作为技术底座建设的核心根基，完成与国产芯片、 操作系统及主流国产数据库、中间件的全维度适配，实现底层硬件、操作系统至上层应用的全链条自主 可控，突破核心技术“卡脖子”瓶颈，筑牢金融安全防线。 在底层架构研发层面，公司采用微服务架构与分布式数据库，显著提升系统并发处理能力、容灾 韧性与可扩展性，可支撑未来金融行业海量业务增长需求。截至2025年末，公司已累计交付数十个全 栈信创项目，覆盖公募基金、保险资管、券商资管等金融细分领域，树立了券商资管、公募基金信创单 轨上线的行业标杆。公司持续深化与国内基础设施厂商的战略合作，基于国产硬件与自研分布式技术平 台，完善信创一体机落地应用，为金融机构提供软硬一体化信创解决方案。 AI原生重构业务研发范式 公司摒弃传统“外挂式”“补丁式”人工智能应用模式，确立AI原生研发范式，在需求分析、架 构设计阶段即将大模型逻辑深度嵌入系统内核，赋予系统自主认知、自主决策能力，实现人工智能技术 与业务场景的原生融合，而非单一功能叠加。 公司技术栈具备高度开放性，全面对接并深度融合DeepSeek、Qwen、GLM、LLAMA等主流开源大模 型，同时支持与各类机构自研大模型的深度融合适配，为客户提供灵活多样的智能化解决方案。 公司赢时胜资产管理系统V5.5作为公司核心产品的智能化升级版本，集成多项AI原生功能： ChatFA通过AI驱动的聊天式交互嵌入估值系统，自动化处理初始建账、账务调整等核心业务流程，以 提升运营效率、减少甚至替代手工操作，解放业务人员双手；估值智能体使用Agent工作流方式调用估 值系统各个执行API接口，以实现估值任务自动调度，构建负责执行具体核算、清算、统计分析等操作 的智能体系统；监督智能体通过感知、决策、执行三层框架，自动定位和解决估值中的差异问题，实现 估值过程的无人化监控和自动化处理，减少人工干预，提高业务效率。 执行式人工智能构建智能体数字员工 15",windowed_extraction_review_required
300377.SZ,AR_300377_SZ_2025,management_discussion,5,16,"深圳市赢时胜信息技术股份有限公司2025年年度报告全文 公司财务状况良好稳健，信用状况良好，内控管理规范，核心团队人员 稳定，无重大潜在风险。综合以上，公司持续经营能力不存在重大风险。 本年度报告所涉及的经营业绩的预计、未来计划等前瞻性陈述均属于公 司计划性事项，存在一定的不确定性，不构成公司对投资者的实质性承诺， 深圳市赢时胜信息技术股份有限公司 2025 年年度报告全文投资者及相关人士 均应当对此保持足够的风险认识，并且应当理解计划、预测与承诺之间的差 异。 可能对公司未来发展产生不利影响的风险因素主要为技术创新风险、人 才风险、市场竞争风险、业绩季节性波动风险以及应收账款发生坏账的风险 等风险，有关风险因素及对策措施详见本报告“第三节、管理层讨论与分析” 之“十一、公司未来发展的展望”之“（二）公司可能面对的风险”中相关 内容，敬请广大投资者注意投资风险。 公司计划不派发现金红利，不送红股，不以公积金转增股本。 5
深圳市赢时胜信息技术股份有限公司2025年年度报告全文 目录 第一节 重要提示、目录和释义.............................................................................................2 第二节 公司简介和主要财务指标..........................................................................................9 第三节 管理层讨论与分析................................................................................................... 14 第四节 公司治理、环境和社会.............................................................................................43 第五节 重要事项................................................................................................................67 第六节 股份变动及股东情况................................................................................................81 第七节 债券相关情况..........................................................................................................89 第八节 财务报告................................................................................................................90 6
深圳市赢时胜信息技术股份有限公司2025年年度报告全文 备查文件目录 一、载有法定代表人、主管会计工作负责人、会计机构负责人签名并盖章的财务报表； 二、载有会计师事务所盖章、注册会计师签名并盖章的审计报告原件； 三、报告期内公开披露过的所有公司文件的正本及公告的原稿。 7
深圳市赢时胜信息技术股份有限公司2025年年度报告全文 释义 释义项 指 释义内容 公司、赢时胜 指 深圳市赢时胜信息技术股份有限公司 深圳市赢时胜信息技术股份有限公司 股东会、董事会 指 股东会、董事会 证监会 指 中国证券监督管理委员会 深交所 指 深圳证券交易所 立信中联会计师事务所（特殊普通合 立信中联 指 伙） 中审众环会计师事务所（特殊普通合 中审众环 指 伙） 报告期 指 2025年1-12月 上期、上年同期 指 2024年1-12月 元、万元 指 人民币元、人民币万元 《公司法》 指 《中华人民共和国公司法》 《深圳市赢时胜信息技术股份有限公 《公司章程》 指 司公司章程》 上海赢量 指 上海赢量信息科技有限公司 筹远信息 指 筹远（上海）信息科技有限公司 上海赢保 指 上海赢保商业保理有限公司 上海赢志泰 指 上海赢志泰计算机科技有限公司 蒲园供应链 指 上海蒲园供应链管理有限公司 蒲艺园实业 指 上海蒲艺园实业有限公司 匡衡软件 指 匡衡软件（北京）有限公司 赢证数科 指 赢证（上海）数字科技有限公司 赢胜数科 指 深圳市赢胜数据科技有限公司 东吴金科 指 东吴（苏州）金融科技有限公司 阳光恒美信息服务（上海）股份有限 阳光恒美 指 公司 东方金信 指 北京东方金信科技股份有限公司 北京营安 指 北京营安科技有限公司 尚闻科技 指 宁波尚闻科技（集团）有限公司 图灵机器人 指 深圳市图灵机器人有限公司 达烁高科 指 达烁高科（北京）信息技术有限公司 8
深圳市赢时胜信息技术股份有限公司2025年年度报告全文 第二节 公司简介和主要财务指标 一、公司信息 股票简称 赢时胜 股票代码 300377 公司的中文名称 深圳市赢时胜信息技术股份有限公司 公司的中文简称 赢时胜 公司的外文名称（如有） SHENZHEN YSSTECH INFO-TECH CO.,LTD 公司的外文名称缩写（如 YSS 有） 公司的法定代表人 唐球 注册地址 深圳市福田区华富街道莲花一村社区皇岗路5001号深业上城（南区）T2栋3701 注册地址的邮政编码 518035 2003年5月28日，公司注册地址由“深圳市福田区福中路紫玉大厦1栋25J室”变更为 “深圳市福田区深南中路3037号南光捷佳大厦1716室”； 2005年8月10日，公司注册地址变更为“深圳市福田区深南大道4019号航天大厦611 室”； 2009年4月13日，公司注册地址变更为“深圳市福田区深南中路与广深高速公路交界东 公司注册地址历史变更情况 南金运世纪大厦13层13F”； 2013年1月17日，公司注册地址变更为“深圳市福田区深南路与新洲路交汇处东南侧航 天大厦A座611A”； 2018年5月28日，公司注册地址变更为“深圳市福田区华富街道莲花一村社区皇岗路 5001号深业上城(南区)T2栋3701”。 办公地址 深圳市福田区华富街道莲花一村社区皇岗路5001号深业上城（南区）T2栋3701 办公地址的邮政编码 518035 公司网址 www.ysstech.com 电子信箱 ysstech@ysstech.com 二、联系人和联系方式 董事会秘书 证券事务代表 姓名 程霞 朱若诗 深圳市福田区华富街道莲花一村社区 深圳市福田区华富街道莲花一村社区 联系地址 皇岗路5001号深业上城（南区）T2 皇岗路5001号深业上城（南区）T2 栋3701 栋3701 电话 0755-23968617 0755-23968617 传真 0755-88265113 0755-88265113 电子信箱 ysstech@ysstech.com ysstech@ysstech.com 三、信息披露及备置地点 公司披露年度报告的证券交易所网站 深圳证券交易所（http://www.szse.cn/） 《证券时报》《中国证券报》《上海证券报》；巨潮资讯 公司披露年度报告的媒体名称及网址 网（http://www.cninfo.com.cn） 公司年度报告备置地点 公司证券事务部 9
深圳市赢时胜信息技术股份有限公司2025年年度报告全文 四、其他有关资料 公司聘请的会计师事务所 会计师事务所名称 中审众环会计师事务所（特殊普通合伙） 湖北省武汉市武昌区水果湖街道中北路166号长江产业大 会计师事务所办公地址 厦17-18层 签字会计师姓名 肖文涛、肖书月 公司聘请的报告期内履行持续督导职责的保荐机构 □适用 不适用 公司聘请的报告期内履行持续督导职责的财务顾问 □适用 不适用 五、主要会计数据和财务指标 公司是否需追溯调整或重述以前年度会计数据 是 □否 追溯调整或重述原因 会计差错更正 本年比上年增 2024年 2023年 2025年 减 调整前 调整后 调整后 调整前 调整后 营业收入 1,373,047,83 1,341,741,65 1,341,741,65 1,592,143,38 1,592,143,38 2.33% （元） 1.21 0.04 0.04 8.62 8.62 归属于上市公 - - - 67,636,077.7 67,636,077.7 司股东的净利 424,675,117. 443,568,497. 98.81% 5,260,651.89 6 6 润（元） 27 40 归属于上市公 司股东的扣除 - - - 54,261,262.1 54,261,262.1 非经常性损益 22,597,980.8 204,528,170. 208,063,943. 89.14% 9 9 的净利润 1 69 83 （元） 经营活动产生 60,333,623.6 103,318,439. 103,318,439. 101,827,452. 101,827,452. 的现金流量净 -41.60% 0 31 31 19 19 额（元） 基本每股收益 -0.0070 -0.5654 -0.5654 98.76% 0.09 0.09 （元/股） 稀释每股收益 -0.0070 -0.5654 -0.5654 98.76% 0.09 0.09 （元/股） 加权平均净资 -2.11% -15.26% -15.91% 13.80% 2.23% 2.23% 产收益率 本年末比上年 2024年末 2023年末 2025年末 末增减 调整前 调整后 调整后 调整前 调整后 资产总额 2,754,606,20 2,803,803,77 2,788,446,16 3,315,906,17 3,315,906,17 -1.21% （元） 6.17 4.77 7.78 9.35 9.35 归属于上市公 2,493,773,78 2,564,788,27 2,499,034,43 3,008,092,43 3,008,092,43 -0.21% 司股东的净资 8.02 4.41 9.91 4.86 4.86 10
深圳市赢时胜信息技术股份有限公司2025年年度报告全文 产（元） 会计政策变更的原因及会计差错更正的情况 公司对东方金信相关金融资产计提公允价值变动时，未就相应股权公允价值计量获取充分依据，致 使其他非流动金融资产核算不准确，公司重新聘请具备相应资质的独立评估机构，对东方金信股权公允 价值进行专项评估，依据《企业会计准则第 39 号 — 公允价值计量》及评估机构出具的评估结论，重 新认定该金融资产公允价值变动金额，调整公允价值变动收益-15,408,360.00元，并进行相关追溯调 整。 公司对宁波尚闻相关金融资产计提公允价值变动时，未就相应股权公允价值计量获取充分依据，致 使其他非流动金融资产核算不准确，公司重新聘请具备相应资质的独立评估机构，对东方金信股权公允 价值进行专项评估，依据《企业会计准则第 39 号 — 公允价值计量》及评估机构出具的评估结论，重 新认定该金融资产公允价值变动金额，调整公允价值变动收益-1,655,647.77元，并进行相关追溯调整。 公司已对相关非全资子公司的出资实缴情况进行全面核验，严格依据《企业会计准则第 33 号 — 合并财务报表》及公司章程关于利润分配的约定，按实缴出资比例重新计算并确认当期应分配的损益及 少数股东权益，已对前期比较数据进行追溯重述调整。同时，公司已全面梳理并完善子公司利润分配及 合并报表编制内控流程，建立出资比例核验机制与分配方案合规性审批机制，明确区分认缴与实缴比例 的适用边界，严禁在利润分配及报表合并中混淆两者比例，确保同类差错不再发生。 公司最近三个会计年度扣除非经常性损益前后净利润孰低者均为负值，且最近一年审计报告显示公司持续经营能力存在 不确定性 □是 否 公司报告期内经审计利润总额、净利润、扣除非经常性损益后的净利润三者孰低为负值 是 □否 项目 2025年 2024年 备注 营业收入（元） 1,373,047,831.21 1,341,741,650.04 0 投资性房地产出租收入 3,171,719.39 3,572,999.09 与主营业务无关的业务收入 营业收入扣除金额（元） 3,171,719.39 3,572,999.09 0 营业收入扣除后金额（元） 1,369,876,111.82 1,338,168,650.95 0 存在股权激励、员工持股计划的公司，可以披露扣除股份支付影响后的净利润 本期比上年同期增减 主要会计数据 2025年 2024年 2023年 (%) 扣除股份支付影响后 -6,804,931.67 -443,786,612.14 98.46% 70,679,587.50 的净利润（元） 六、分季度主要财务指标 单位：元 第一季度 第二季度 第三季度 第四季度 营业收入 262,553,220.86 315,519,994.71 358,442,338.75 436,532,276.89 11
深圳市赢时胜信息技术股份有限公司2025年年度报告全文 归属于上市公司股东 -69,722,881.71 -10,827,821.60 35,530,513.09 39,759,538.33 的净利润 归属于上市公司股东 的扣除非经常性损益 -70,588,367.65 -15,917,987.72 34,351,834.01 29,556,540.55 的净利润 经营活动产生的现金 -218,867,468.04 -53,163,437.93 59,762,206.57 272,602,323.00 流量净额 上述财务指标或其加总数是否与公司已披露季度报告、半年度报告相关财务指标存在重大差异 □是 否 七、境内外会计准则下会计数据差异 1、同时按照国际会计准则与按照中国会计准则披露的财务报告中净利润和净资产差异情况 □适用 不适用 公司报告期不存在按照国际会计准则与按照中国会计准则披露的财务报告中净利润和净资产差异情况。 2、同时按照境外会计准则与按照中国会计准则披露的财务报告中净利润和净资产差异情况 □适用 不适用 公司报告期不存在按照境外会计准则与按照中国会计准则披露的财务报告中净利润和净资产差异情况。 八、非经常性损益项目及金额 适用 □不适用 单位：元 项目 2025年金额 2024年金额 2023年金额 说明 非流动性资产处置损 益（包括已计提资产 1,437,985.65 -2,711,925.63 8,254,979.07 减值准备的冲销部 分） 计入当期损益的政府 补助（与公司正常经 营业务密切相关，符 合国家政策规定、按 2,310,051.50 2,593,126.95 7,073,232.64 照确定的标准享有、 对公司损益产生持续 影响的政府补助除 外） 除同公司正常经营业 务相关的有效套期保 值业务外，非金融企 业持有金融资产和金 15,313,108.85 -247,894,994.66 690,222.04 融负债产生的公允价 值变动损益以及处置 金融资产和金融负债 产生的损益 委托他人投资或管理 0.08 资产的损益 12
深圳市赢时胜信息技术股份有限公司2025年年度报告全文 单独进行减值测试的 应收款项减值准备转 60,300.00 回 债务重组损益 -935,420.00 除上述各项之外的其 253,230.11 -1,547,811.22 -141,742.95 他营业外收入和支出 其他符合非经常性损 -10,881,434.08 益定义的损益项目 减：所得税影响额 1,961,917.99 -26,096,597.62 2,386,317.48 少数股东权益影 75,429.20 222,692.55 115,557.83 响额（税后） 合计 17,337,328.92 -235,504,553.57 13,374,815.57 -- 其他符合非经常性损益定义的损益项目的具体情况： □适用 不适用 公司不存在其他符合非经常性损益定义的损益项目的具体情况。 将《公开发行证券的公司信息披露解释性公告第1号——非经常性损益》中列举的非经常性损益项目界定为经常性损益 项目的情况说明 □适用 不适用 公司不存在将《公开发行证券的公司信息披露解释性公告第1号——非经常性损益》中列举的非经常性损益项目界定为 经常性损益的项目的情形。 13
深圳市赢时胜信息技术股份有限公司2025年年度报告全文 第三节 管理层讨论与分析 一、报告期内公司从事的主要业务 2025年公司围绕四大核心发展方向统筹经营工作：夯实安全技术底座、引领核心业务系统信创迭 代升级，深度融合大模型技术、以智能化变革重塑金融业务应用场景，践行开放协同理念、构建新一代 “AI原生+多智能体协同生态”产品生态，聚焦资产管理与托管业务信息化解决方案赛道。公司在传统 优势业务深耕、信创改造落地、人工智能技术深度融合、生态合作拓展等维度取得多项创新成果，为银 行、基金、保险资管、证券、全国社保基金等400余家金融机构提供专业化、高效能、高安全的技术服 务，以技术创新与生态共建赋能金融行业高质量发展，持续夯实公司在金融信息技术领域的核心竞争优 势。 1、AI赋能整体解决方案业务板块 公司以AI原生为核心研发理念，聚焦人工智能对金融业务系统的深度赋能，构建金融垂直领域人 工智能落地一体化解决方案，核心聚焦主流大模型的场景化适配与业务融合，不参与大模型研发与供应， 致力于将成熟大模型能力与金融核心业务场景深度耦合。 全业务板块人工智能适配赋能：全面对接主流开源大模型与金融机构自研大模型，完成资产管理、 资产托管、数据应用、泛资管运营、资管信息披露等全业务板块的系统适配与能力嵌入，将人工智能技 术深度融入核算、清算、风控、数据处理、信息披露、运营管理等核心业务环节，实现人工智能与业务 系统的原生融合，替代传统外挂式人工智能应用模式。报告期内，公司为头部公募基金、头部保险资管 完成资产管理全系统AI原生适配，实现估值核算、资金清算全流程人工智能能力嵌入；为大型股份制 银行完成资产托管系统大模型兼容改造，实现多源大模型无缝切换调用。 垂直领域人工智能一体化解决方案：针对金融资管、托管、数据服务、运营管理、信息披露等垂 直领域，构建标准化与定制化相结合的人工智能落地解决方案，覆盖智能核算、智能清算、智能风控、 智能数据提取、智能报表、智能审核、智能运营等全场景，为金融机构提供一站式人工智能业务赋能服 务，降低人工智能应用落地的技术与成本门槛。报告期内，公司为头部保险资管定制资管运营人工智能 一体化解决方案，覆盖非标资产估值、风险监控全场景；为头部券商资管搭建信息披露人工智能智能审 核解决方案，实现定期报告全自动合规校验。 执行式人工智能落地应用：突破传统辅助智能的应用边界，构建“感知-决策-执行”全闭环智能 体系，研发适配各业务场景的智能体数字员工，可自主完成数据处理、账务核算、监督管控、异常排查 等业务操作，实现零人工干预的智能化运营，推动各业务板块迈入人机协同发展新阶段。 2、资产管理系统业务板块 14
深圳市赢时胜信息技术股份有限公司2025年年度报告全文 公司长期深耕资产管理系统业务领域，为证券、基金、保险、银行、信托等金融机构提供资产管理 运营全生命周期信息化服务。公司构建了以证券估值核算系统、TA资金清算系统、资金支付管理系统、 风险指标管理平台和信息披露系统为核心的产品矩阵，全面覆盖资产管理业务的投资交易、财务核算、 资金清算、风险管控及信息披露等关键环节。 2025年，金融行业受政策调整、市场波动与业务转型等多重因素叠加影响，传统资产管理业务面 临多重经营挑战，行业竞争格局持续加剧。在此背景下，公司主动顺应金融科技发展趋势，持续加大新 一代产品及信创、人工智能相关产品的研发投入，在巩固传统产品市场优势的基础上，全面推进“AI 原生+信创”双轮驱动技术落地实践，推动资产管理业务板块高质量发展。 全栈信创夯实自主可控技术底座 公司抢抓金融信创深化发展机遇，将信创升级作为技术底座建设的核心根基，完成与国产芯片、 操作系统及主流国产数据库、中间件的全维度适配，实现底层硬件、操作系统至上层应用的全链条自主 可控，突破核心技术“卡脖子”瓶颈，筑牢金融安全防线。 在底层架构研发层面，公司采用微服务架构与分布式数据库，显著提升系统并发处理能力、容灾 韧性与可扩展性，可支撑未来金融行业海量业务增长需求。截至2025年末，公司已累计交付数十个全 栈信创项目，覆盖公募基金、保险资管、券商资管等金融细分领域，树立了券商资管、公募基金信创单 轨上线的行业标杆。公司持续深化与国内基础设施厂商的战略合作，基于国产硬件与自研分布式技术平 台，完善信创一体机落地应用，为金融机构提供软硬一体化信创解决方案。 AI原生重构业务研发范式 公司摒弃传统“外挂式”“补丁式”人工智能应用模式，确立AI原生研发范式，在需求分析、架 构设计阶段即将大模型逻辑深度嵌入系统内核，赋予系统自主认知、自主决策能力，实现人工智能技术 与业务场景的原生融合，而非单一功能叠加。 公司技术栈具备高度开放性，全面对接并深度融合DeepSeek、Qwen、GLM、LLAMA等主流开源大模 型，同时支持与各类机构自研大模型的深度融合适配，为客户提供灵活多样的智能化解决方案。 公司赢时胜资产管理系统V5.5作为公司核心产品的智能化升级版本，集成多项AI原生功能： ChatFA通过AI驱动的聊天式交互嵌入估值系统，自动化处理初始建账、账务调整等核心业务流程，以 提升运营效率、减少甚至替代手工操作，解放业务人员双手；估值智能体使用Agent工作流方式调用估 值系统各个执行API接口，以实现估值任务自动调度，构建负责执行具体核算、清算、统计分析等操作 的智能体系统；监督智能体通过感知、决策、执行三层框架，自动定位和解决估值中的差异问题，实现 估值过程的无人化监控和自动化处理，减少人工干预，提高业务效率。 执行式人工智能构建智能体数字员工 15
深圳市赢时胜信息技术股份有限公司2025年年度报告全文 公司实现由“辅助智能”向“执行式人工智能”的关键跨越，研发智能体数字员工解决方案，依 托MCP协议调用系统工具、RAG检索自有知识库、业务日历驱动自主工作等自研核心技术，突破传统规 则引擎应用局限，构建“感知-决策-执行”完整职能闭环。该类数字员工可自主操作业务系统、解析复 杂业务文档、精准提取核心业务要素，自主完成任务流程规划、执行策略制定及异常排查，全程实现零 人工干预，高效完成数据处理、核心账务核算、监督管控等重复性高、专业性强的工作。 公司围绕金融资产管理高合规、高复杂场景，正在打造企业级可进化的AI数字员工平台，构建原 生融合、自主闭环、协同高效的智能运营体系。通过内嵌的“感知-决策-执行-监督”动态增强闭环， 将业务异常处理模式从“人工干预”转变为“秒级感知、自动处置”，显著降低人工干预率，实现关键 业务流程的自主化闭环。在某头部金融机构落地的核算系列数字员工，简化业务操作流程，提升运营效 率，降低人工操作风险，推动资管运营领域迈入“人机共生”发展新阶段。 业务布局适配行业变革趋势 公司研发团队持续跟踪金融行业政策变动与业务创新趋势，快速响应监管要求与业务创新需求， 保障多项行业重要业务变更平稳落地，确保公司产品与服务贴合行业发展节奏。 公司持续拓展优质客户资源，巩固在基金、保险资管、全国社保基金、头部券商等优势领域的市场 地位，提升产品服务市场覆盖率与客户满意度，以专业化技术能力与高效能服务水平，实现业务规模稳 步扩张与服务质量持续提升。 3、资产托管系统业务板块 资产托管业务板块为公司核心支柱业务，稳居国内资产托管技术产品服务领域领先地位，在国有 及股份制银行市场占据较高市场份额。依托长期技术积累与业务实践，公司构建全资产、全品类、高稳 定性的资产托管系统平台，为各类金融机构提供从基础托管服务至生态增值服务的一站式系统解决方案， 覆盖托管业务核算、监督、清算、报表等全流程，助力托管机构提升运营效率、强化风险管控、满足监 管合规要求。2025年，该板块以核心产品为基础，全面推进全栈信创落地与数智托管创新，深度融合 人工智能技术，推动资产托管行业数字化、智能化革新，持续巩固行业领先优势。 AI深度赋能托管价值链：公司将人工智能技术深度融入托管业务价值链，成功将大模型应用于文 件处理、风险监控、数据核对与信息提取等业务场景。报告期内，成功中标头部城商行资产托管全渠道 智能作业平台项目，体现了市场对公司技术方案的认可。赢时胜文件智能平台在头部托管银行上线部署， 实现了托管文件“全渠道、集约化、自动化”的智能管理，为行业提供了可复制、可扩展的数字化转型 路径。 全栈信创实现自主可控：本板块持续推进全栈信息技术应用创新，已完成与国产主流芯片、操作 系统、数据库、中间件的全栈深度适配与性能调优。通过聚焦数据架构治理、系统性能与风险监控等关 键领域，有效保障了国产化环境下托管系统的稳定运行，并缓解了业务峰值压力。报告期内，公司发布 16",windowed_extraction_review_required
300674.SZ,AR_300674_SZ_2025,business_overview,17,28,"2025年年度报告全文 公司为高新技术企业，拥有 CMMI5认证、TMMi5认证、ISO9001质量管理体系认证、ISO27001 信息安全管理体系认证、ISO20000信息技术服务管理体系认证、ISO22301业务连续性管理体系认证、 ISO14001环境管理体系认证、ISO45001职业健康安全管理体系。公司参与制定了工信部的《软件研发 成本度量规范》（SJ/T11463-2013）和北京市地方标准《信息化项目软件开发费用测算规范》 （DB11/T1010-2013）。2025年，公司在持续巩固现有资质体系的同时，成功拓展了能源管理体系资质， 荣获中国电子联合会颁发的全国首批CS5级（杰出级）认证，该资质是信息系统建设和服务领域的最高 等级评价，标志着宇信科技在行业内的技术实力和服务水平已处于全国领先地位。 4、核心管理团队行业积淀深厚，与时俱进的创新能力 人才是企业重要资源，更是金融软件和解决方案企业最重要的核心竞争力。金融科技行业属于技术 和业务密集型产业，融合了软件、金融两个行业领域的专业技术知识。公司自成立以来高度重视人才队 伍建设，随着企业不断发展，公司已建立了一支专业知识匹配、管理经验丰富、年龄结构合理的高素质 复合型人才队伍。公司管理团队及核心技术人员均具有丰富的银行信息化行业从业经验，对行业未来的 发展方向有着较为准确的判断和认识。与此同时，公司制定了具有行业竞争力的薪酬体系及有效的激励 机制，在保证现有员工稳定工作的基础上不断扩充公司人才队伍，满足企业未来发展需要。 四、主营业务分析 1、概述 2025年是公司坚定锚定“AI+全球化+Web3”三大战略，开启战略升级之年。公司进一步明确自身 在AI时代金融新基建“总架构师”定位，聚焦“双轮驱动、创新融合、原研引领”为核心的实施路径， 构建面向长期主义的核心竞争力，为客户和投资者创造可持续价值。  双轮驱动，坚定推行金融深耕与智能升级并行 过去二十余年，公司深度参与并见证了中国金融业的信息化变革，助力金融机构将核心业务从纸质 化搬进数字化系统，完成了金融基础设施的初步构建。站在新一轮技术变革起点，金融行业正从“数字 化”向“智能化”跃迁，公司将凭借在金融场景的理解、数据的积累与客户的信任，坚持“金融深耕” 与“智能升级”并进，助力金融机构完成AI智能化跃迁。 2025年，公司“双轮驱动”路径成效不断显现。在传统金融领域，持续夯实金融IT主航道，继续 深度服务银行与非银机构，巩固在核心系统、信贷、风控、数币等领域市场领导地位，业务质量和盈利 17
2025年年度报告全文 能力得到提升。报告期内，实现扣非归母净利润4.15亿元，同比增长18.77%；实现剔除股份支付的扣 非归母净利润4.71亿元，同比增长26.26%；报告期内国有大行、股份制银行、政策性银行及大型城商 行累计贡献主营业务收入 57.39%，中小银行和农信社贡献 29.63%，非银金融机构及其他客户贡献 12.98%。 公司经营质量稳步提升的同时，主营业务健康程度保持强劲。报告期内，实现经营活动产生的现金 流量净额6.21亿元，印证了公司既有业务的市场领导力，也为公司新方向战略探索与持续投入提供了 坚实的资金保障，成为支撑公司长期发展的“压舱石”。 在智能升级领域，公司全面拥抱AI，推动发展模式进化，AI硬件、AI软件及AI Agent相关业务 收入实现快速增长，成为新的增长引擎。通过多层次AI工具和AI能力提升，报告期内综合毛利率达到 32.10%，同比提升3.08%，其中，银行IT解决方案毛利率同比增加2.94%，非银IT解决方案毛利率同 比增加10.69%。与此同时，公司基于自主研发的金融AI应用技术底座，一方面与腾讯、百度、华为等 生态伙伴建立深度合作，另一方面持续推进DeepSeek、阿里通义千问、智谱GLM5等开源模型的适配调 优。在此基础上，通过深度整合国产算力，完成与华为、海光、寒武纪、沐曦等算力厂商的适配，公司 构建起打通算力、模型与金融场景的AI开放生态。公司快速向“金融智能解决方案提供商”转型，将 大模型能力深度嵌入金融机构的“水电煤”基础设施中。  创新融合，将AI深度融入金融科技全业务版图与核心流程 金融科技行业沉淀的私域闭环数据、复杂业务场景know-how、丰富的监管合规经验以及完整的本 地业务工作流嵌入能力，共同构筑了立体化、高壁垒的护城河。基于这一认知，公司围绕“创新融合” 战略，从流程智能化再造、业务创新化赋能、数币全球化开拓三个维度，全面推动AI与金融场景的深 度融合，拓宽自身业务边界。 报告期内，公司对核心系统进行AI原生改造，开展智能体平台化输出能力，对金融业务流程实施 智能化再造，将信贷审批、财富管理、风控等模块从“规则驱动”升级为“模型驱动”。在信贷领域， 2025年公司与近百家金融机构探讨了智能体落地方案，并帮助其中30余家完成了场景验证，10余家实 现了上线部署。公司在银行各类信贷系统应用层和算力、大模型及基础AI层之间新增两层智能体—— 在信贷业务场景智能体层，面向贷前准入、审批、贷后、风控等全流程岗位构建各种业务场景智能体； 在信贷业务公共智能体层，涵盖用于支持客户、授信等微观层面分析，支持行业、区域等中观层面分析， 支持经济金融、监管法规等宏观层面分析的智能体。 18
2025年年度报告全文 在业务创新化赋能方面，公司聚焦营销、风控、运营、监管等金融核心场景，落地AI Agent应用， 大幅提升业务效率与风控精度。在数字银行领域，公司主要产品已全面融合AI大模型，形成“AI+数字 银行”产品升级，推出“手机银行App+AI助手”、“企微营销平台+AI助手”、“策略平台+AI助手” 多个产品，为客户提供更高效的服务力、生产力和创造力；在数据资产领域，突破AI Agent技术在数 据生产、加工、服务及消费环节的场景化落地，实现从“工具赋能”向“智能体协作”的范式跃迁；公 司开发了能自动执行的智能运营、智能理赔等应用侧智能产品，探索全新的金融服务模式，提升自身市 场竞争力。 在数币全球化开拓方面，公司基于与央行及各大行在数字人民币领域的深厚合作，积极探索“智能 合约”的高级应用场景，将AI技术融入数字人民币全链路服务，结合Web3技术探索数币智能合约、可 编程支付等创新应用。报告期内，公司成功中标并落地实施境外某银行数字货币项目，负责完成数字钱 包与银行账户体系的对接，以及智能合约应用场景的建设工作。该项目已于2025年第四季度顺利投产， 并进入监管沙盒验证阶段。公司将依托境外数字货币项目布局，将“AI+数币”成熟的解决方案向全球 输出。  践行全球化，系统性输出中国金融科技最佳实践 根据灼识咨询报告，当前全球金融服务的普惠性仍有巨大提升空间。东南亚、中东等新兴市场的金 融机构在数字化与智能化转型方面虽尚处起步阶段，但已展现出强劲的需求，为金融科技解决方案供应 商提供了广阔的市场空间。中国头部金融科技企业凭借在本土市场积累的深厚技术积淀、成熟的产品体 系及一站式服务能力，已成为全球金融科技领域的重要引领者。中国金融科技龙头企业正以东南亚、中 东等新兴市场为突破口，通过技术输出、模式创新与本土化适配，将“中国金融科技最佳实践”成功复 制到国际市场，为推动全球金融科技普惠发展、完善金融服务生态贡献中国智慧与力量。 中国金融科技出海的优势，源自复杂金融场景中长期积累的最佳实践，以及面向前沿技术持续迸发 的创新应用动力。报告期内，公司全力执行全球化战略成果显著，成功拓展至欧洲市场，外资银行和海 外客户营业收入实现5828.00万元，聚焦两大方向加速推进全球化业务。 一是数字化升级与替代，针对海外金融机构传统系统，以自研整体解决方案替代其陈旧架构，提升 运营效率与安全性。报告期内，某跨国银行香港和国际分行新一代核心银行系统项目，自上半年正式进 入系统测试阶段后，下半年成功完成两家国际分行上线；在港澳深耕区完成多个数据项目实施交付，持 续巩固区域基本盘；欧洲标杆项目成效显著，某国有银行伦敦分行数据平台成功上线，实现国产数据平 19
2025年年度报告全文 台在海外监管环境下的首次规模化落地；数字银行核心产品矩阵加速海外渗透，落地案例持续增加、收 入份额稳步提升。 二是创新赋能与业务模式输出，将国内已验证的先进金融科技方案，尤其是AI应用、数字法币等 创新业务系统性输出，助力海外特别是新兴市场与发展中国家客户实现跨越式数智化发展。报告期内， 公司以印尼联合运营为支点，形成可复制的数字化运营经验，向越南、非洲等新兴市场延伸布局；依托 大模型与智能体技术中标海外企业AI项目，复杂智能体构建能力进一步提升；与境外某数字钱包公司 合作研发数币对接产品，为海内外银行快速构建数币服务能力提供技术支撑。 全球化是中国金融科技企业核心能力与战略布局的必然延伸，作为中国金融科技领军者，公司已形 成“港澳深耕、东南亚布局、欧洲突破、中东及非洲探索”的梯次化市场开拓，尤其是在“一带一路” 沿线国家和地区，与战略合作伙伴形成联合方案赋能数智化转型升级，核心能力在海外市场实现从“落 地”到“溢出”。公司将继续夯实海外能力，将全球化作为未来三年明确的增量市场与战略支柱。  原研引领，以AI原生重构金融科技核心能力 作为科技企业，保持行业引领能力不仅需要构筑自主、坚实的技术根基，更需要系统性构建自我演 进的持续能力。报告期内，公司研发投入3.66亿元，占公司营业收入10.09%，公司过去五年一直保持 研发投入占收入10%以上，为公司产品解决方案持续不断发展注入动能。截至报告期末，公司软件著作 权增至842件，专利数增至71件，围绕AI“技术+场景+算力”打造三位一体的研发体系和人才梯队， 确保创新能力的自主可控与持续引领。 在技术层面，报告期内公司持续加强 AI 研究院建设，实施领军人才引聚计划，招募和吸引顶尖 AI+金融科技专家，持续扩充具备前沿视野与核心技术实力的研发团队；开展内部优秀人才选拔与培养， 让更多原有业务骨干掌握大模型应用与研发技能，激活组织的内生创新活力；启动“AI赋能软件专项 工程”，将大模型能力深度融入软件开发全流程，提升研发效能与智能化水平；探索前沿高级别项目， 围绕AI代理、多模态交互等方向开展研究，为下一代金融科技产品储备技术能力。 在场景层面，公司深化与大模型生态伙伴的协同合作，沉淀金融行业知识库与模型能力，推动通用 大模型能力与金融业务场景深度融合；发挥与金融机构长期合作积累的客户信任优势，与国有大行、股 份制银行及非银机构共研共创，推动AI智能体在真实业务场景中快速落地验证。通过“共研+共建+共 推”模式，让真正有业务场景价值的应用加速落地，实现技术与商业价值的双向转化。 20
2025年年度报告全文 在算力层面，公司将持续投入专项资源搭建面向金融行业的专属算力集群，筑牢AI技术底座。在 此基础上，依托生态伙伴深度合作，打造金融垂类大模型服务体系，实现大模型在金融细分场景的快速 适配与高效落地。通过构建服务于金融行业的专属算力池与模型微调平台，不仅保障公司自身业务的 AI算力需求，未来将进一步以模型即服务（MaaS）的模式向行业开放，助力更多金融机构快速构建大 模型应用能力，释放业务场景价值。 AI原生能力不仅重构金融科技的核心能力，更在重构钱包、支付、算力调用等行动权限的底层逻 辑，这催生了Web4时代到来。在这一新趋势下，公司前瞻布局AI时代的支付基础设施，探索互联网权 限体系从Web3的“数据所有权”向Web4的“代理行动权”演进。Web4的演进是赋予AI以行动权—— 使其能够完成支付、调用工具、实现代理间协作，逐步成为数字经济中新的“消费者”主体。在这一市 场想象空间打开的同时，也催生出AI代理的责任控制与资产储备等关键命题，即身份与授权、支付与 钱包和储备与信用。公司前瞻布局WEB3技术、现实世界资产及AI代理数据真实性等方向，探索Web4 和AI时代的支付基础设施构建。公司已在Web3支付领域开展系统性研究与验证，推进从技术探索到场 景落地的关键一步。依托公司在债券信用清结算金融基础设施领域的建设经验，积极推进代币债券业务 的设计、实现与运营模式研究；同时，基于信贷产品与数据业务的深厚积累，开展资产数字化融资解决 方案研究，推动数据可信在实体资产数字化中的价值落地；围绕代币化存款开展关键技术研发，涵盖代 币化存款交易的跨行结算机制，以支持基于代币化货币的7×24小时全天候结算能力。  行稳致远，以长期主义书写金融科技新篇章 我们深知，真正长期前行的能力，离不开稳健的资源保障与清醒的风险管控。为此，我们坚持健康 的经营现金流与严谨审慎的财务政策，确保在可控范围内持续加大战略性创新投入。面对AI技术落地 应用过程中固有的不确定性，公司AI研究院将与行业龙头聚焦金融垂直场景，最大化降低试错成本， 提升研发成果的转化效率。报告期内，公司已实施战略性资金投入，用于加快推进研发、搭建算力基础 设施与AI试点。 2025年上半年，为推进AI和Web3技术投入和出海战略，提升国际化品牌形象与全球竞争力，公 司筹划发行H股股票并计划在香港联交所上市，体现公司资本战略与业务战略的高度协同，有助于持续 打造企业核心竞争力，为下一阶段的技术引领与业务爆发积蓄势能。 我们坚信，AI与金融科技的深度融合，正从根本上重塑全球金融行业的竞争格局与演进路径。作 为这一变革的深度参与者与推动者，宇信科技目标清晰且坚定——致力于成为AI时代金融新基建“总 21
2025年年度报告全文 架构师”，并成为全球金融机构在数字化转型与智能化升级进程中的首选伙伴。面向未来，我们已做好 准备，将以持续的引领力，与行业一道共同书写金融科技的下一个十年。 报告期内主要完成工作如下： （1）聚焦“AI+全球化+Web3”，四大产品线全面突破 ①AI赋能信贷业务持续领跑，深度嵌入高频场景赢得客户认可 2025年，公司信贷业务线继续保持行业领先优势，接连斩获多个新客户综合信贷系统建设订单， 同时一批重大项目顺利实现投产交付，巩固公司在信贷系统领域的市场地位。在AI智能体应用落地方 面，智能尽调、智能审批等系列产品已在多家金融机构落地应用，覆盖国有大型银行，并深度嵌入材料 识别、信息提取、报告生成、审查准入、审批辅助等高频信贷场景。实际应用效果充分验证了技术价值， 赢得了客户的高度满意。此外，发布新版特殊资产系统产品，深度融合AI能力，推动特殊资产管理智 能化升级，构建连接资产方、资金方、服务方、管理方的生态化经营平台，助力银行实现回收率提升与 管理成本优化的双重目标。 ②数据业务产品线完成AI原生重构，海外新签订单额实现翻倍增长 2025年，数据业务线重点突破AIAgent技术在数据生产、加工、服务及消费环节的场景化落地， 实现从“工具赋能”向“智能体协作”的范式跃迁。同时，全面启动业务交付模式变革，研发新一代智 能交付引擎，将传统“需求-开发-交付”的线性流程，转变为“智能理解-自动编排-人机协同”的敏捷 模式，显著降低定制化开发成本，提升交付效率与客户自助服务能力；“星辰”ChatBI数据智能分析 产品完成从试点到规模化的关键跨越，在国有大行完成全行级推广，实现单部门到多部门的用数模式变 革，客户侧数据分析效率大幅度提升，真正实现“零代码、对话式”的数据消费新体验；数据智能平台 建设通过标准化产品+轻量化交付模式，在股份制银行、城商行、农商行市场份额持续领先；成功新拓 大型银行数据运营项目，消费贷款风控数据服务项目运营稳定，实现从“平台建设”到“持续运营”的 服务升级；“星链”平台在信贷风控、精准营销、反欺诈等场景形成标准化数据产品包，已服务并支持 千万级数据产品在线调用服务；在知识沉淀方面，构建覆盖信贷、风控、营销、运营等金融领域的专业 数据分析知识库，形成差异化竞争壁垒。 22
2025年年度报告全文 2025年，数据业务线海外新签约金额较2024年实现翻倍增长，标志着公司数据业务国际化进入规 模化发展阶段。某大型国有银行海外分行数据平台项目成功上线并稳定运营，实现国产数据平台在海外 监管环境下的首次规模化落地，为后续海外复制推广树立标杆；建立适配GDPR、 Basel协议等国际监 管要求的数据产品标准方案，夯实海外交付能力；与信弈数、北极九章、微言科技联合打造“数据+算 法+场景”端到端解决方案，并在国有大行成功落地；与华为云、腾讯云、星环科技、南大通用围绕分 布式数据库、实时计算引擎领域开展技术攻关，提升数据智能产品在大数据量下的AI服务性能。 ③连续中标“一表通”等重点金融监管项目， AI+监管场景在多家金融机构落地应用 报告期内，公司监管合规业务线保持强劲发展态势。受监管政策持续推动，公司连续中标多个一表 通、监管集市、可信区、一体机等重点项目，中标金额再创历史新高，进一步巩固了在监管合规领域的 行业领先地位；在人工智能技术赋能方面，监管数据自动解析、监管口径智能问答、监管数据交互查询 等创新场景已在多家金融机构落地应用，展现出广阔的应用前景；此外，成功中标某政策性银行数字化 内控平台项目，有效延伸了在数字化监管、智能合规领域的能力布局，为公司监管业务的纵深发展奠定 坚实基础。 ④数字银行能力全面拥抱AI大模型，加速海外市场拓展 2025年，公司在数字银行领域实现能力跃升，历时两年打造的“体系化建设+业务运营”能力闭环， 持续释放市场价值。年内先后中标某全国性股份制银行及多家城商行的数字化综合运营项目，覆盖策略 运营平台、积分权益平台、企微平台等领域的系统建设与运营陪跑服务，充分展示了公司在数字银行领 域强劲的市场竞争力。 在AI场景应用方面，数字银行核心产品已全面融合AI大模型能力，实现“AI+数字银行”的产品 体系升级，已在多家城商行、农商行及外资银行成功落地。未来数字银行将持续推动全系产品及运营能 力与AI技术深度融合，一方面为客户提供更加高效智能的服务体验，另一方面也为公司自身注入更强 的生产力和创造力。 报告期内，数字银行业务线在海外市场拓展实现突破性进展。公司在港澳、东南亚、中东及非洲等 重点区域，与战略合作伙伴联合定制解决方案，深度参与“一带一路”沿线国家和地区的数字化转型升 级。随着海外版手机银行超级App、AI手机银行助手、企业网银、数字钱包及积分权益平台等核心产 品落地案例的持续增加，公司数字银行产品线海外收入份额将持续扩大。 23
2025年年度报告全文 ⑤智能金融业务线紧跟海外及AI趋势，Web3领域深化场景应用 2025年，智能金融业务产品线在数字法币及Web3领域取得关键突破。在数字货币领域，依托1.0 阶段深度参与数字人民币建设的全链路经验积累，公司积极响应出海战略，成功中标并顺利投产境外某 银行数字货币系统一期项目，助力其在区域市场构建数字货币业务先发优势，标志着公司实现了从国内 数币方案提供商向全球数字货币生态联接者的战略跃迁；在Web3领域，公司同步推进双向布局：一方 面，与境外某数字钱包公司合作研发数币对接产品，助力银行快速打通账户体系与数币体系，具备敏捷 的数字货币服务能力；另一方面，自主研发基于公链的智能合约消费红包产品，应对数字货币普及进程 中涌现的场景应用需求。 在金融基础设施领域，公司持续为多家机构提供稳定可靠的技术服务，进一步巩固自身领先地位。 在某客户年度供应商综合考评中，公司在细分领域评分位列榜首，为后续深化核心系统合作奠定了坚实 的信任基础。同时，积极跟踪海外央行的需求，聚焦解决方案与产品能力建设，寻求为更多国家提供金 融基础设施建设的机会，拓展国际化布局。在人工智能方面，紧密跟进大模型及AI工具的技术演进， 自主研发适配实施开发工作的内部AI工具，已在多个项目中试点应用，取得良好成效，在特定环节工 作中显著提升开发效率。 （2）创新运营业务：多点突破，服务能力及价值持续增强 ①零售信贷转型持续深化，运营模式价值进一步凸显 报告期内，公司持续推进自营零售信贷数字化转型服务升级，围绕资质能力搭建、产品设计与运营 体系，不断完善综合解决方案能力，并与多家省级及上市农商行达成深度共识。公司“零售信贷自营业 务转型合作运营模式”在中国经济论坛上荣获“十四五”金融创新优秀案例奖，获得行业权威认可。同 时，报告期内中标某国有银行总行信贷黑产反欺诈咨询项目，进一步增强在零售信贷风险治理与反欺诈 体系建设领域的服务能力。此外，公司坚持强化资源整合与生态合作，进一步夯实零售信贷业务发展基 础。 ②场景金融多点发力，普惠金融与汽车金融协同推进 24
2025年年度报告全文 报告期内，公司加快场景金融业务布局，在普惠金融与汽车金融科技赋能方向取得显著进展。在普 惠金融场景，与多家区域性银行围绕普惠生态场景共建达成深度合作意向，持续推进业务模式落地及复 制。依托既有技术与运营能力，公司不断完善场景金融综合服务体系，增强与金融机构的合作黏性。在 汽车金融领域，公司与城商行合作的自营产品成功上线，强化了自主运营与风险管控能力；同时持续拓 展流量合作渠道，完善多渠道业务获取体系，为业务持续增长注入新动能。 ③海外运营稳步推进，重点市场布局逐步深化 在本报告期内，公司持续深化海外市场创新运营，于印尼市场与本地数字银行达成联合运营合作， 推动相关业务规模稳步提升，成功沉淀出适配海外市场的核心产品与运营模式。以此为基础，公司积极 将成熟经验复制至越南、非洲等新兴市场，围绕数字银行联合运营与支付运营开展业务布局。同时，公 司在新技术赋能业务方面取得实质进展，依托大模型与智能体技术，成功中标海外企业AI项目，基于 大模型能力实现报告生成的自动化与智能化，进一步提升公司的复杂智能体构建能力。 ④AI技术应用持续深化，核心场景能力不断增强 报告期内，公司持续推进AI技术在金融业务核心场景中的应用落地。在零售信贷方向，完成某政 策性银行信贷AI智能体的建设与上线，推动AI能力深度嵌入信贷流程，提升智能化运营水平。同时， 中标某农商行软硬件一体化AI开发平台项目，进一步拓展AI能力在金融机构数智化转型中的应用范围。 在汽车金融场景，公司基于核心业务流程构建AI流水分析能力，实现自动化信息提取与风险识别，提 升审核效率与风险管控水平。报告期内，公司与核心合作方深化技术合作，推动AI由单点应用向场景 化、规模化应用升级。 （3）构建全栈大模型信创服务体系，推出智算租赁服务解决方案 报告期内，公司深度整合华为昇腾算力，构建了以昇腾算力为核心的全链路AI服务能力。2025 年，公司中标某头部股份制银行智算大模型平台项目，凭借领先的大模型吞吐性能及“高性能、低成本、 高安全”的算力基础设施优势，充分验证了双方在金融核心业务场景下的算力整合成果，进一步巩固了 公司在关键客户市场的核心竞争力；已完成分布式企业网银、统一监管报送平台、远程经营服务平台、 新一代智能化信贷服务平台、宇信科技观星数据中台产品体系、客户关系管理系统六款产品的鲲鹏同辕 25
2025年年度报告全文 开发，星睿智调智能尽调平台已完成昇腾实验室适配验证，并构建分布式企业网银的场景化解决方案白 皮书。 报告期内，公司与华为、阿里、腾讯、百度等头部厂商的战略协同持续深化，在信创领域实现了 从联合研发、方案共创到标杆落地的全方位突破，进一步巩固了公司在全栈信创能力与产业生态中的核 心影响力。与此同时，将国内积淀的信创全栈能力进行产品化、标准化输出，在香港、澳门、印尼等东 南亚市场实现高速增长。面对海外传统金融机构迫切的系统升级需求，公司依托国内丰富的信创实施经 验，在技术和产品能力上具备显著优势，正加速助力海外客户实现数字化转型。 针对金融行业智算领域普遍存在的GPU资源短缺、算力协同难、利用率低下及大模型落地难等痛 点，宇信科技基于“宇信金融云”推出创新智算租赁服务解决方案，成功为某国内银行提供智算算力+ 场景服务，开创金融智算租赁的新范式。该方案通过开箱即用的云上租赁，有效解决了金融机构在AI 智算领域投入成本高、成果预期不确定的难题，助力客户优先在智能营销、风控优化等高频率试错场景 实现敏捷创新，抢占数智经济制高点。 （4）启动香港资本市场平台布局，全力支撑公司国际化发展战略 为满足海外业务发展需求，加快全球化战略布局，打造国际化资本运作平台，进一步提升公司品牌 形象与综合竞争力，报告期内公司拟发行境外上市外资股（H 股）股票并申请在香港联合交易所有限公 司主板挂牌上市。 公司计划通过H股发行筹集资金，以加速全球化布局及提升国际竞争力、推进先进技术研发及商业 化应用、深化战略合作与投资并购、建立新的销售渠道并升级运营服务、巩固国内市场领先地位及强化 整体运营能力。 （5）积极回馈股东，分红金额创新高 2025年，基于公司稳健的经营状况、高质量的盈利水平以及未来可持续的成长性，为进一步增强 公司资本实力，同时兼顾对广大投资者的合理回报，在严格遵守相关法律法规及《公司章程》利润分配 规定，公司提出 2025 年度利润分配方案：以公司总股本 704,057,060 股扣减回购的社会公众股 26
2025年年度报告全文 2,605,156股后的数量701,451,904股为基数，向全体股东每10股派发现金红利3.00元（含税），合 计派发分红现金股利210,435,571.20元（含税）。 （6）实行两期员工持股计划，持续吸纳和激励人才 在数智时代，公司深知人才是公司产品和业务发展的重要资产。为吸引人才、激励人才，增强管理 团队及核心员工对公司发展的责任感和使命感，进一步提升公司长期竞争力以实现公司股东价值提升。 报告期内，公司完成二期员工持股计划，其中一期激励人数为347人，合计授予900万股；二期激励人 数为80人，合计授予196.8万股。以上激励将有效增强核心团队的稳定性，激发员工创新活力，推动 公司战略目标与个人价值深度绑定，为公司在AI与Web3融合创新、全球化布局及长期可持续发展提供 坚实的人才保障。 （7）2025年公司荣获多项权威奖项，公司品牌影响力持续提升 获奖主体/产品业务线 奖项 授予机构 宇信科技自主研发的金融 2024-2025年“新一代信息技术创新产品” 赛迪顾问股份有限公司 大模型产品“星睿智调” “2024年勇攀高峰奖-北京5亿元俱乐 宇信科技 部”、“产业卓越贡献奖-华为云Stack”、 华为 “行业卓越贡献奖-金融行业奖” 宇信科技 2025年度AI大模型创新之星 经济观察报 宇信科技零售信贷自营业 第七届数字普惠金融大会组委 数字普惠金融产品与服务创新成果 务转型合作运营模式 会（工信部） 宇信科技 入选《AIAgent智能体产业图谱1.0》 中国信通院 宇信科技 数字经济标杆企业 北京软件和信息服务业协会 《互联网周刊》、中国社会科 宇信科技 2025年度未来银行科技服务商 TOP100 学院信息化研究中心、eNet研 究院与德本咨询 宇信科技 高新技术企业创新能力评价等级AAAAA 北京中关村高新技术企业协会 宇信科技 北京民营企业科技创新百强榜单 北京市工商联合会 宇信科技 鲲鹏生态最佳实践伙伴 华为 宇信科技 2025年腾讯云数据库生态合作突破奖 腾讯云 宇信科技 2025IDC中国金融IT中坚力量 IDC 《互联网周刊》、中国社会科 宇信科技 2025金融信创服务商TOP50 学院信息化研究中心、eNet研 究院与德本咨询 2025年度软件和信息技术服务竞争力指数百 宇信科技 中国电子信息联合会 强 27
2025年年度报告全文 宇信科技 2025年度软件和信息技术服务名牌企业 中国电子信息联合会 宇信科技 2025GMVPS年度案例集 编委会“特别推荐 《宇信科技分布式企业网 全球计算联盟 案例称号” 银系统》 《互联网周刊》、中国社会科 宇信科技 2025中国软件150强 学院信息化研究中心、eNet研 究院与德本咨询 宇信科技 第二十届中国经济论坛平行论坛暨2025大 零售信贷自营业务转型合 湾区科技与金融创新发展大会——“十四 证券时报社 作运营模式——区域性银 五”金融创新优秀案例 行数字化普惠金融新范式 宇信科技 《宇信科技星辰ChatBI： AI大模型驱动的银行智能 2025金融新质生产力优秀实践 中经社 风控标杆——金融新质生 产力创新实践》 宇信科技 2025“新奖”榜单——年度未来场景定义者 《财经》新媒体 第十四届“金智奖”——“投资价值上市公 宇信科技 金融界 司” 宇信科技 “十四五”金融科技创新成果及科普实践成 中国通信学会 管理数字化解决方案 果 北京市智成高科技产业发展研 宇信科技 2025中关村高成长企业TOP100 究所 2025北京数字经济企业百强 2025北京高精尖百强 北京企业联合会 北京市企业家 宇信科技 2025北京服务业企业百强 协会 2025京津冀服务业企业百强 2025北京软件和信息技术服务综合实力百家 宇信科技 北京软件和信息服务业协会 企业报告 2025北京软件和信息服务企业社会责任治理 宇信科技 北京软件和信息服务业协会 水平AAA 宇信科技 ESG评级A级 绿发信评 宇信科技 信息披露考评A级 深圳证券交易所 2、收入与成本 （1） 营业收入构成 营业收入整体情况 单位：元 2025年 2024年 同比增减 金额 占营业收入比重 金额 占营业收入比重 营业收入合计 3,623,081,673.57 100% 3,958,028,236.86 100% -8.46% 分行业 银行 3,086,654,553.68 85.19% 3,189,819,127.89 80.59% -3.23% 非银金融机构 213,172,736.24 5.88% 211,407,210.55 5.34% 0.84% 其他 323,254,383.65 8.92% 556,801,898.42 14.07% -41.94% 分产品 银行IT解决方案 3,172,365,257.04 87.56% 3,461,278,010.61 87.45% -8.35% 非银IT解决方案 278,261,879.94 7.68% 370,835,262.19 9.37% -24.96% 28",windowed_extraction_review_required
300674.SZ,AR_300674_SZ_2025,core_competitiveness,15,26,"2025年年度报告全文 链信任构建以及人工智能的深度应用作为核心驱动要素，逐步构建起“技术底座+业务增强”的数字化 与智能化发展框架，体现出全球发展共性。 二、报告期内公司所处行业情况 作为国内上市公司规模最大的金融科技解决方案市场领导者，宇信科技进一步明确自身在AI时代 金融新基建“总架构师”定位，通过提供咨询规划、软件产品、软件开发及服务、运营维护、系统集成、 业务运营等全域科技服务，面向以银行为主的金融机构、其他非银金融机构，以及海外市场多类金融机 构全方位提供金融科技赋能。 公司主营业务为银行科技解决方案、非银科技解决方案和创新运营服务三大类，产品和解决方案全 面覆盖客户业务类、渠道类、运营类和管理类等，并始终保持在网络银行、信贷管理、商业智能、风险 管理和监管报送等多个细分解决方案领域的领先地位；同时，公司在各类解决方案的整合上，在信息技 术应用创新产业的咨询、替换、适配、联合开发、应用落地和共振发展上打下了坚实的基础；在创新运 营业务领域，凭借公司的全方位能力，进一步强化了公司的优势地位。 公司主要通过招投标或协议销售等方式提供软件产品、软件开发及服务和业务运营服务。公司在已 有自主研发软件产品的基础上，根据客户的个性化需求，以自主软件为核心基础，对软件进行二次开发； 此外，公司依托金融云运营能力和软件业务能力，向金融机构全面输出业务运营，帮助金融机构实现业 务规模增长。公司的盈利模式主要分为应用软件开发及服务、科技运营分成和包括系统的解决方案销售 及服务模式。 三、核心竞争力分析 1、全面的技术及服务能力，优势产品线市场份额领先 金融行业是国民经济的重要支柱行业，具有技术要求高、安全保密性强、信息化程度依赖高等特点， 因此对于信息系统专业性、稳定性、精密性的要求远高于一般行业。金融机构在进行供应商挑选时，更 加青睐规模大、产品功能先进、产品种类齐全、产品稳定性强及人员配备有保障的公司，而以上条件的 具备均需要足够长的实践周期和项目数量来保证。在金融企业进行信息化招标时，大多对投标企业设立 资格门槛，要求投标单位具备类似项目的成功实施案例。公司深耕银行IT二十六年，是国内产品线最 为完备的银行软件及服务厂商。根据赛迪研究院的具体分类排名，公司渠道类、管理类、业务类等产品 市场排名均连续处于前列。 15
2025年年度报告全文 作为一家行业经验丰富的金融IT解决方案供应商，公司对金融机构IT架构建设、渠道系统建设、 业务系统建设、管理系统建设有着更为深刻的理解。经过26年的积累，公司与不同类型的1000余家金 融机构建立了全面的产品和业务合作，助力客户业务信息化、科技化和数字化，这些积累形成了公司对 客户业务发展的深入理解，也将进一步实践在后续行业的数字化建设、发展和运营中，为公司未来发展 奠定了坚实基础。 2、深耕海内外多类型客户，产品和客户交互发展 由于信息系统在金融业中的特殊地位，以银行业为主的金融行业客户在选择信息系统产品和服务时 十分谨慎，更倾向于选择与自己有过成功合作经验或者在行业中拥有较多成功案例，具有较高品牌知名 度的企业进行合作。公司自1999年成立至今，专注聚焦以银行为主的金融机构为主要服务对象，凭借 行业领先的自主软件产品、持续技术迭代、深度业务理解及优秀的综合服务能力，在金融领域内积累了 大量具有长期稳定合作关系的客户。目前，公司已经为中国人民银行、三大政策性银行、六大国有商业 银行、12家股份制银行以及380多家区域性商业银行、农村信用社、农商行和村镇银行，以及50余家 外资银行提供了相关产品和服务；同时也为包括消费金融公司、汽车金融公司、资产管理公司、金控公 司、财务公司、保险公司、证券公司和信托公司在内的40余家非银机构提供了多样化的产品、解决方 案和运营服务，在行业内拥有较高的品牌声誉。 3、持续面向下一代技术研发投入，巩固高壁垒、高准入门槛优势 公司高度重视产品研发和技术积累，采用业务产品和技术平台并重的策略，充分发挥公司二十六年 的金融IT行业经验，遵循先进的“以客户为中心、以金融产品为依托、以控制风险为主线、以IT管理 为保障”的科技体系构架理念，跟踪行业动态，从金融IT系统整体架构视角出发，持续的投入研发，逐 步补充覆盖渠道、业务系统、管理系统等全方位的产品版图。 公司连续多年在中国银行业IT解决方案整体市场处于龙头地位，始终保持在网络银行、信贷管理、 渠道管理、综合柜台系统、商业智能、风险管理领域的领先地位。公司过去二十六年跟客户深度合作的 过程中，除了在技术产品和业务解决方案方面的优势之外，公司还建立了金融业务系统7x24的SaaS服 务能力。公司通过整合自研的软件产品、业务经营能力、SaaS服务能力，在银行业数智化转型的发展 过程中，在新兴领域和创新运营业务领域取得了关键突破。 16
2025年年度报告全文 公司为高新技术企业，拥有 CMMI5认证、TMMi5认证、ISO9001质量管理体系认证、ISO27001 信息安全管理体系认证、ISO20000信息技术服务管理体系认证、ISO22301业务连续性管理体系认证、 ISO14001环境管理体系认证、ISO45001职业健康安全管理体系。公司参与制定了工信部的《软件研发 成本度量规范》（SJ/T11463-2013）和北京市地方标准《信息化项目软件开发费用测算规范》 （DB11/T1010-2013）。2025年，公司在持续巩固现有资质体系的同时，成功拓展了能源管理体系资质， 荣获中国电子联合会颁发的全国首批CS5级（杰出级）认证，该资质是信息系统建设和服务领域的最高 等级评价，标志着宇信科技在行业内的技术实力和服务水平已处于全国领先地位。 4、核心管理团队行业积淀深厚，与时俱进的创新能力 人才是企业重要资源，更是金融软件和解决方案企业最重要的核心竞争力。金融科技行业属于技术 和业务密集型产业，融合了软件、金融两个行业领域的专业技术知识。公司自成立以来高度重视人才队 伍建设，随着企业不断发展，公司已建立了一支专业知识匹配、管理经验丰富、年龄结构合理的高素质 复合型人才队伍。公司管理团队及核心技术人员均具有丰富的银行信息化行业从业经验，对行业未来的 发展方向有着较为准确的判断和认识。与此同时，公司制定了具有行业竞争力的薪酬体系及有效的激励 机制，在保证现有员工稳定工作的基础上不断扩充公司人才队伍，满足企业未来发展需要。 四、主营业务分析 1、概述 2025年是公司坚定锚定“AI+全球化+Web3”三大战略，开启战略升级之年。公司进一步明确自身 在AI时代金融新基建“总架构师”定位，聚焦“双轮驱动、创新融合、原研引领”为核心的实施路径， 构建面向长期主义的核心竞争力，为客户和投资者创造可持续价值。  双轮驱动，坚定推行金融深耕与智能升级并行 过去二十余年，公司深度参与并见证了中国金融业的信息化变革，助力金融机构将核心业务从纸质 化搬进数字化系统，完成了金融基础设施的初步构建。站在新一轮技术变革起点，金融行业正从“数字 化”向“智能化”跃迁，公司将凭借在金融场景的理解、数据的积累与客户的信任，坚持“金融深耕” 与“智能升级”并进，助力金融机构完成AI智能化跃迁。 2025年，公司“双轮驱动”路径成效不断显现。在传统金融领域，持续夯实金融IT主航道，继续 深度服务银行与非银机构，巩固在核心系统、信贷、风控、数币等领域市场领导地位，业务质量和盈利 17
2025年年度报告全文 能力得到提升。报告期内，实现扣非归母净利润4.15亿元，同比增长18.77%；实现剔除股份支付的扣 非归母净利润4.71亿元，同比增长26.26%；报告期内国有大行、股份制银行、政策性银行及大型城商 行累计贡献主营业务收入 57.39%，中小银行和农信社贡献 29.63%，非银金融机构及其他客户贡献 12.98%。 公司经营质量稳步提升的同时，主营业务健康程度保持强劲。报告期内，实现经营活动产生的现金 流量净额6.21亿元，印证了公司既有业务的市场领导力，也为公司新方向战略探索与持续投入提供了 坚实的资金保障，成为支撑公司长期发展的“压舱石”。 在智能升级领域，公司全面拥抱AI，推动发展模式进化，AI硬件、AI软件及AI Agent相关业务 收入实现快速增长，成为新的增长引擎。通过多层次AI工具和AI能力提升，报告期内综合毛利率达到 32.10%，同比提升3.08%，其中，银行IT解决方案毛利率同比增加2.94%，非银IT解决方案毛利率同 比增加10.69%。与此同时，公司基于自主研发的金融AI应用技术底座，一方面与腾讯、百度、华为等 生态伙伴建立深度合作，另一方面持续推进DeepSeek、阿里通义千问、智谱GLM5等开源模型的适配调 优。在此基础上，通过深度整合国产算力，完成与华为、海光、寒武纪、沐曦等算力厂商的适配，公司 构建起打通算力、模型与金融场景的AI开放生态。公司快速向“金融智能解决方案提供商”转型，将 大模型能力深度嵌入金融机构的“水电煤”基础设施中。  创新融合，将AI深度融入金融科技全业务版图与核心流程 金融科技行业沉淀的私域闭环数据、复杂业务场景know-how、丰富的监管合规经验以及完整的本 地业务工作流嵌入能力，共同构筑了立体化、高壁垒的护城河。基于这一认知，公司围绕“创新融合” 战略，从流程智能化再造、业务创新化赋能、数币全球化开拓三个维度，全面推动AI与金融场景的深 度融合，拓宽自身业务边界。 报告期内，公司对核心系统进行AI原生改造，开展智能体平台化输出能力，对金融业务流程实施 智能化再造，将信贷审批、财富管理、风控等模块从“规则驱动”升级为“模型驱动”。在信贷领域， 2025年公司与近百家金融机构探讨了智能体落地方案，并帮助其中30余家完成了场景验证，10余家实 现了上线部署。公司在银行各类信贷系统应用层和算力、大模型及基础AI层之间新增两层智能体—— 在信贷业务场景智能体层，面向贷前准入、审批、贷后、风控等全流程岗位构建各种业务场景智能体； 在信贷业务公共智能体层，涵盖用于支持客户、授信等微观层面分析，支持行业、区域等中观层面分析， 支持经济金融、监管法规等宏观层面分析的智能体。 18
2025年年度报告全文 在业务创新化赋能方面，公司聚焦营销、风控、运营、监管等金融核心场景，落地AI Agent应用， 大幅提升业务效率与风控精度。在数字银行领域，公司主要产品已全面融合AI大模型，形成“AI+数字 银行”产品升级，推出“手机银行App+AI助手”、“企微营销平台+AI助手”、“策略平台+AI助手” 多个产品，为客户提供更高效的服务力、生产力和创造力；在数据资产领域，突破AI Agent技术在数 据生产、加工、服务及消费环节的场景化落地，实现从“工具赋能”向“智能体协作”的范式跃迁；公 司开发了能自动执行的智能运营、智能理赔等应用侧智能产品，探索全新的金融服务模式，提升自身市 场竞争力。 在数币全球化开拓方面，公司基于与央行及各大行在数字人民币领域的深厚合作，积极探索“智能 合约”的高级应用场景，将AI技术融入数字人民币全链路服务，结合Web3技术探索数币智能合约、可 编程支付等创新应用。报告期内，公司成功中标并落地实施境外某银行数字货币项目，负责完成数字钱 包与银行账户体系的对接，以及智能合约应用场景的建设工作。该项目已于2025年第四季度顺利投产， 并进入监管沙盒验证阶段。公司将依托境外数字货币项目布局，将“AI+数币”成熟的解决方案向全球 输出。  践行全球化，系统性输出中国金融科技最佳实践 根据灼识咨询报告，当前全球金融服务的普惠性仍有巨大提升空间。东南亚、中东等新兴市场的金 融机构在数字化与智能化转型方面虽尚处起步阶段，但已展现出强劲的需求，为金融科技解决方案供应 商提供了广阔的市场空间。中国头部金融科技企业凭借在本土市场积累的深厚技术积淀、成熟的产品体 系及一站式服务能力，已成为全球金融科技领域的重要引领者。中国金融科技龙头企业正以东南亚、中 东等新兴市场为突破口，通过技术输出、模式创新与本土化适配，将“中国金融科技最佳实践”成功复 制到国际市场，为推动全球金融科技普惠发展、完善金融服务生态贡献中国智慧与力量。 中国金融科技出海的优势，源自复杂金融场景中长期积累的最佳实践，以及面向前沿技术持续迸发 的创新应用动力。报告期内，公司全力执行全球化战略成果显著，成功拓展至欧洲市场，外资银行和海 外客户营业收入实现5828.00万元，聚焦两大方向加速推进全球化业务。 一是数字化升级与替代，针对海外金融机构传统系统，以自研整体解决方案替代其陈旧架构，提升 运营效率与安全性。报告期内，某跨国银行香港和国际分行新一代核心银行系统项目，自上半年正式进 入系统测试阶段后，下半年成功完成两家国际分行上线；在港澳深耕区完成多个数据项目实施交付，持 续巩固区域基本盘；欧洲标杆项目成效显著，某国有银行伦敦分行数据平台成功上线，实现国产数据平 19
2025年年度报告全文 台在海外监管环境下的首次规模化落地；数字银行核心产品矩阵加速海外渗透，落地案例持续增加、收 入份额稳步提升。 二是创新赋能与业务模式输出，将国内已验证的先进金融科技方案，尤其是AI应用、数字法币等 创新业务系统性输出，助力海外特别是新兴市场与发展中国家客户实现跨越式数智化发展。报告期内， 公司以印尼联合运营为支点，形成可复制的数字化运营经验，向越南、非洲等新兴市场延伸布局；依托 大模型与智能体技术中标海外企业AI项目，复杂智能体构建能力进一步提升；与境外某数字钱包公司 合作研发数币对接产品，为海内外银行快速构建数币服务能力提供技术支撑。 全球化是中国金融科技企业核心能力与战略布局的必然延伸，作为中国金融科技领军者，公司已形 成“港澳深耕、东南亚布局、欧洲突破、中东及非洲探索”的梯次化市场开拓，尤其是在“一带一路” 沿线国家和地区，与战略合作伙伴形成联合方案赋能数智化转型升级，核心能力在海外市场实现从“落 地”到“溢出”。公司将继续夯实海外能力，将全球化作为未来三年明确的增量市场与战略支柱。  原研引领，以AI原生重构金融科技核心能力 作为科技企业，保持行业引领能力不仅需要构筑自主、坚实的技术根基，更需要系统性构建自我演 进的持续能力。报告期内，公司研发投入3.66亿元，占公司营业收入10.09%，公司过去五年一直保持 研发投入占收入10%以上，为公司产品解决方案持续不断发展注入动能。截至报告期末，公司软件著作 权增至842件，专利数增至71件，围绕AI“技术+场景+算力”打造三位一体的研发体系和人才梯队， 确保创新能力的自主可控与持续引领。 在技术层面，报告期内公司持续加强 AI 研究院建设，实施领军人才引聚计划，招募和吸引顶尖 AI+金融科技专家，持续扩充具备前沿视野与核心技术实力的研发团队；开展内部优秀人才选拔与培养， 让更多原有业务骨干掌握大模型应用与研发技能，激活组织的内生创新活力；启动“AI赋能软件专项 工程”，将大模型能力深度融入软件开发全流程，提升研发效能与智能化水平；探索前沿高级别项目， 围绕AI代理、多模态交互等方向开展研究，为下一代金融科技产品储备技术能力。 在场景层面，公司深化与大模型生态伙伴的协同合作，沉淀金融行业知识库与模型能力，推动通用 大模型能力与金融业务场景深度融合；发挥与金融机构长期合作积累的客户信任优势，与国有大行、股 份制银行及非银机构共研共创，推动AI智能体在真实业务场景中快速落地验证。通过“共研+共建+共 推”模式，让真正有业务场景价值的应用加速落地，实现技术与商业价值的双向转化。 20
2025年年度报告全文 在算力层面，公司将持续投入专项资源搭建面向金融行业的专属算力集群，筑牢AI技术底座。在 此基础上，依托生态伙伴深度合作，打造金融垂类大模型服务体系，实现大模型在金融细分场景的快速 适配与高效落地。通过构建服务于金融行业的专属算力池与模型微调平台，不仅保障公司自身业务的 AI算力需求，未来将进一步以模型即服务（MaaS）的模式向行业开放，助力更多金融机构快速构建大 模型应用能力，释放业务场景价值。 AI原生能力不仅重构金融科技的核心能力，更在重构钱包、支付、算力调用等行动权限的底层逻 辑，这催生了Web4时代到来。在这一新趋势下，公司前瞻布局AI时代的支付基础设施，探索互联网权 限体系从Web3的“数据所有权”向Web4的“代理行动权”演进。Web4的演进是赋予AI以行动权—— 使其能够完成支付、调用工具、实现代理间协作，逐步成为数字经济中新的“消费者”主体。在这一市 场想象空间打开的同时，也催生出AI代理的责任控制与资产储备等关键命题，即身份与授权、支付与 钱包和储备与信用。公司前瞻布局WEB3技术、现实世界资产及AI代理数据真实性等方向，探索Web4 和AI时代的支付基础设施构建。公司已在Web3支付领域开展系统性研究与验证，推进从技术探索到场 景落地的关键一步。依托公司在债券信用清结算金融基础设施领域的建设经验，积极推进代币债券业务 的设计、实现与运营模式研究；同时，基于信贷产品与数据业务的深厚积累，开展资产数字化融资解决 方案研究，推动数据可信在实体资产数字化中的价值落地；围绕代币化存款开展关键技术研发，涵盖代 币化存款交易的跨行结算机制，以支持基于代币化货币的7×24小时全天候结算能力。  行稳致远，以长期主义书写金融科技新篇章 我们深知，真正长期前行的能力，离不开稳健的资源保障与清醒的风险管控。为此，我们坚持健康 的经营现金流与严谨审慎的财务政策，确保在可控范围内持续加大战略性创新投入。面对AI技术落地 应用过程中固有的不确定性，公司AI研究院将与行业龙头聚焦金融垂直场景，最大化降低试错成本， 提升研发成果的转化效率。报告期内，公司已实施战略性资金投入，用于加快推进研发、搭建算力基础 设施与AI试点。 2025年上半年，为推进AI和Web3技术投入和出海战略，提升国际化品牌形象与全球竞争力，公 司筹划发行H股股票并计划在香港联交所上市，体现公司资本战略与业务战略的高度协同，有助于持续 打造企业核心竞争力，为下一阶段的技术引领与业务爆发积蓄势能。 我们坚信，AI与金融科技的深度融合，正从根本上重塑全球金融行业的竞争格局与演进路径。作 为这一变革的深度参与者与推动者，宇信科技目标清晰且坚定——致力于成为AI时代金融新基建“总 21
2025年年度报告全文 架构师”，并成为全球金融机构在数字化转型与智能化升级进程中的首选伙伴。面向未来，我们已做好 准备，将以持续的引领力，与行业一道共同书写金融科技的下一个十年。 报告期内主要完成工作如下： （1）聚焦“AI+全球化+Web3”，四大产品线全面突破 ①AI赋能信贷业务持续领跑，深度嵌入高频场景赢得客户认可 2025年，公司信贷业务线继续保持行业领先优势，接连斩获多个新客户综合信贷系统建设订单， 同时一批重大项目顺利实现投产交付，巩固公司在信贷系统领域的市场地位。在AI智能体应用落地方 面，智能尽调、智能审批等系列产品已在多家金融机构落地应用，覆盖国有大型银行，并深度嵌入材料 识别、信息提取、报告生成、审查准入、审批辅助等高频信贷场景。实际应用效果充分验证了技术价值， 赢得了客户的高度满意。此外，发布新版特殊资产系统产品，深度融合AI能力，推动特殊资产管理智 能化升级，构建连接资产方、资金方、服务方、管理方的生态化经营平台，助力银行实现回收率提升与 管理成本优化的双重目标。 ②数据业务产品线完成AI原生重构，海外新签订单额实现翻倍增长 2025年，数据业务线重点突破AIAgent技术在数据生产、加工、服务及消费环节的场景化落地， 实现从“工具赋能”向“智能体协作”的范式跃迁。同时，全面启动业务交付模式变革，研发新一代智 能交付引擎，将传统“需求-开发-交付”的线性流程，转变为“智能理解-自动编排-人机协同”的敏捷 模式，显著降低定制化开发成本，提升交付效率与客户自助服务能力；“星辰”ChatBI数据智能分析 产品完成从试点到规模化的关键跨越，在国有大行完成全行级推广，实现单部门到多部门的用数模式变 革，客户侧数据分析效率大幅度提升，真正实现“零代码、对话式”的数据消费新体验；数据智能平台 建设通过标准化产品+轻量化交付模式，在股份制银行、城商行、农商行市场份额持续领先；成功新拓 大型银行数据运营项目，消费贷款风控数据服务项目运营稳定，实现从“平台建设”到“持续运营”的 服务升级；“星链”平台在信贷风控、精准营销、反欺诈等场景形成标准化数据产品包，已服务并支持 千万级数据产品在线调用服务；在知识沉淀方面，构建覆盖信贷、风控、营销、运营等金融领域的专业 数据分析知识库，形成差异化竞争壁垒。 22
2025年年度报告全文 2025年，数据业务线海外新签约金额较2024年实现翻倍增长，标志着公司数据业务国际化进入规 模化发展阶段。某大型国有银行海外分行数据平台项目成功上线并稳定运营，实现国产数据平台在海外 监管环境下的首次规模化落地，为后续海外复制推广树立标杆；建立适配GDPR、 Basel协议等国际监 管要求的数据产品标准方案，夯实海外交付能力；与信弈数、北极九章、微言科技联合打造“数据+算 法+场景”端到端解决方案，并在国有大行成功落地；与华为云、腾讯云、星环科技、南大通用围绕分 布式数据库、实时计算引擎领域开展技术攻关，提升数据智能产品在大数据量下的AI服务性能。 ③连续中标“一表通”等重点金融监管项目， AI+监管场景在多家金融机构落地应用 报告期内，公司监管合规业务线保持强劲发展态势。受监管政策持续推动，公司连续中标多个一表 通、监管集市、可信区、一体机等重点项目，中标金额再创历史新高，进一步巩固了在监管合规领域的 行业领先地位；在人工智能技术赋能方面，监管数据自动解析、监管口径智能问答、监管数据交互查询 等创新场景已在多家金融机构落地应用，展现出广阔的应用前景；此外，成功中标某政策性银行数字化 内控平台项目，有效延伸了在数字化监管、智能合规领域的能力布局，为公司监管业务的纵深发展奠定 坚实基础。 ④数字银行能力全面拥抱AI大模型，加速海外市场拓展 2025年，公司在数字银行领域实现能力跃升，历时两年打造的“体系化建设+业务运营”能力闭环， 持续释放市场价值。年内先后中标某全国性股份制银行及多家城商行的数字化综合运营项目，覆盖策略 运营平台、积分权益平台、企微平台等领域的系统建设与运营陪跑服务，充分展示了公司在数字银行领 域强劲的市场竞争力。 在AI场景应用方面，数字银行核心产品已全面融合AI大模型能力，实现“AI+数字银行”的产品 体系升级，已在多家城商行、农商行及外资银行成功落地。未来数字银行将持续推动全系产品及运营能 力与AI技术深度融合，一方面为客户提供更加高效智能的服务体验，另一方面也为公司自身注入更强 的生产力和创造力。 报告期内，数字银行业务线在海外市场拓展实现突破性进展。公司在港澳、东南亚、中东及非洲等 重点区域，与战略合作伙伴联合定制解决方案，深度参与“一带一路”沿线国家和地区的数字化转型升 级。随着海外版手机银行超级App、AI手机银行助手、企业网银、数字钱包及积分权益平台等核心产 品落地案例的持续增加，公司数字银行产品线海外收入份额将持续扩大。 23
2025年年度报告全文 ⑤智能金融业务线紧跟海外及AI趋势，Web3领域深化场景应用 2025年，智能金融业务产品线在数字法币及Web3领域取得关键突破。在数字货币领域，依托1.0 阶段深度参与数字人民币建设的全链路经验积累，公司积极响应出海战略，成功中标并顺利投产境外某 银行数字货币系统一期项目，助力其在区域市场构建数字货币业务先发优势，标志着公司实现了从国内 数币方案提供商向全球数字货币生态联接者的战略跃迁；在Web3领域，公司同步推进双向布局：一方 面，与境外某数字钱包公司合作研发数币对接产品，助力银行快速打通账户体系与数币体系，具备敏捷 的数字货币服务能力；另一方面，自主研发基于公链的智能合约消费红包产品，应对数字货币普及进程 中涌现的场景应用需求。 在金融基础设施领域，公司持续为多家机构提供稳定可靠的技术服务，进一步巩固自身领先地位。 在某客户年度供应商综合考评中，公司在细分领域评分位列榜首，为后续深化核心系统合作奠定了坚实 的信任基础。同时，积极跟踪海外央行的需求，聚焦解决方案与产品能力建设，寻求为更多国家提供金 融基础设施建设的机会，拓展国际化布局。在人工智能方面，紧密跟进大模型及AI工具的技术演进， 自主研发适配实施开发工作的内部AI工具，已在多个项目中试点应用，取得良好成效，在特定环节工 作中显著提升开发效率。 （2）创新运营业务：多点突破，服务能力及价值持续增强 ①零售信贷转型持续深化，运营模式价值进一步凸显 报告期内，公司持续推进自营零售信贷数字化转型服务升级，围绕资质能力搭建、产品设计与运营 体系，不断完善综合解决方案能力，并与多家省级及上市农商行达成深度共识。公司“零售信贷自营业 务转型合作运营模式”在中国经济论坛上荣获“十四五”金融创新优秀案例奖，获得行业权威认可。同 时，报告期内中标某国有银行总行信贷黑产反欺诈咨询项目，进一步增强在零售信贷风险治理与反欺诈 体系建设领域的服务能力。此外，公司坚持强化资源整合与生态合作，进一步夯实零售信贷业务发展基 础。 ②场景金融多点发力，普惠金融与汽车金融协同推进 24
2025年年度报告全文 报告期内，公司加快场景金融业务布局，在普惠金融与汽车金融科技赋能方向取得显著进展。在普 惠金融场景，与多家区域性银行围绕普惠生态场景共建达成深度合作意向，持续推进业务模式落地及复 制。依托既有技术与运营能力，公司不断完善场景金融综合服务体系，增强与金融机构的合作黏性。在 汽车金融领域，公司与城商行合作的自营产品成功上线，强化了自主运营与风险管控能力；同时持续拓 展流量合作渠道，完善多渠道业务获取体系，为业务持续增长注入新动能。 ③海外运营稳步推进，重点市场布局逐步深化 在本报告期内，公司持续深化海外市场创新运营，于印尼市场与本地数字银行达成联合运营合作， 推动相关业务规模稳步提升，成功沉淀出适配海外市场的核心产品与运营模式。以此为基础，公司积极 将成熟经验复制至越南、非洲等新兴市场，围绕数字银行联合运营与支付运营开展业务布局。同时，公 司在新技术赋能业务方面取得实质进展，依托大模型与智能体技术，成功中标海外企业AI项目，基于 大模型能力实现报告生成的自动化与智能化，进一步提升公司的复杂智能体构建能力。 ④AI技术应用持续深化，核心场景能力不断增强 报告期内，公司持续推进AI技术在金融业务核心场景中的应用落地。在零售信贷方向，完成某政 策性银行信贷AI智能体的建设与上线，推动AI能力深度嵌入信贷流程，提升智能化运营水平。同时， 中标某农商行软硬件一体化AI开发平台项目，进一步拓展AI能力在金融机构数智化转型中的应用范围。 在汽车金融场景，公司基于核心业务流程构建AI流水分析能力，实现自动化信息提取与风险识别，提 升审核效率与风险管控水平。报告期内，公司与核心合作方深化技术合作，推动AI由单点应用向场景 化、规模化应用升级。 （3）构建全栈大模型信创服务体系，推出智算租赁服务解决方案 报告期内，公司深度整合华为昇腾算力，构建了以昇腾算力为核心的全链路AI服务能力。2025 年，公司中标某头部股份制银行智算大模型平台项目，凭借领先的大模型吞吐性能及“高性能、低成本、 高安全”的算力基础设施优势，充分验证了双方在金融核心业务场景下的算力整合成果，进一步巩固了 公司在关键客户市场的核心竞争力；已完成分布式企业网银、统一监管报送平台、远程经营服务平台、 新一代智能化信贷服务平台、宇信科技观星数据中台产品体系、客户关系管理系统六款产品的鲲鹏同辕 25
2025年年度报告全文 开发，星睿智调智能尽调平台已完成昇腾实验室适配验证，并构建分布式企业网银的场景化解决方案白 皮书。 报告期内，公司与华为、阿里、腾讯、百度等头部厂商的战略协同持续深化，在信创领域实现了 从联合研发、方案共创到标杆落地的全方位突破，进一步巩固了公司在全栈信创能力与产业生态中的核 心影响力。与此同时，将国内积淀的信创全栈能力进行产品化、标准化输出，在香港、澳门、印尼等东 南亚市场实现高速增长。面对海外传统金融机构迫切的系统升级需求，公司依托国内丰富的信创实施经 验，在技术和产品能力上具备显著优势，正加速助力海外客户实现数字化转型。 针对金融行业智算领域普遍存在的GPU资源短缺、算力协同难、利用率低下及大模型落地难等痛 点，宇信科技基于“宇信金融云”推出创新智算租赁服务解决方案，成功为某国内银行提供智算算力+ 场景服务，开创金融智算租赁的新范式。该方案通过开箱即用的云上租赁，有效解决了金融机构在AI 智算领域投入成本高、成果预期不确定的难题，助力客户优先在智能营销、风控优化等高频率试错场景 实现敏捷创新，抢占数智经济制高点。 （4）启动香港资本市场平台布局，全力支撑公司国际化发展战略 为满足海外业务发展需求，加快全球化战略布局，打造国际化资本运作平台，进一步提升公司品牌 形象与综合竞争力，报告期内公司拟发行境外上市外资股（H 股）股票并申请在香港联合交易所有限公 司主板挂牌上市。 公司计划通过H股发行筹集资金，以加速全球化布局及提升国际竞争力、推进先进技术研发及商业 化应用、深化战略合作与投资并购、建立新的销售渠道并升级运营服务、巩固国内市场领先地位及强化 整体运营能力。 （5）积极回馈股东，分红金额创新高 2025年，基于公司稳健的经营状况、高质量的盈利水平以及未来可持续的成长性，为进一步增强 公司资本实力，同时兼顾对广大投资者的合理回报，在严格遵守相关法律法规及《公司章程》利润分配 规定，公司提出 2025 年度利润分配方案：以公司总股本 704,057,060 股扣减回购的社会公众股 26",windowed_extraction_review_required
300674.SZ,AR_300674_SZ_2025,r_and_d,5,16,"2025年年度报告全文 工智能代理自主完成支付、结算与资产管理，它们不仅成为数币需求的新引 擎，更将 Web3 应用从加密原生场景推向更广阔的实体产业。这既是 Web3 与 AI 深度融合的必然方向，也是我们在积极布局的 Web4 战略高地。 践行“双轮驱动”和承接“创新融合”的底层支撑，是我们“原研引领” 的战略路径。我们深知，真正的行业引领力，不仅要构筑自主、坚实的技术 根基，更要系统性构建自我演进能力。为此，我们系统性打造 AI“技术+场景 +算力”三位一体的研发体系和人才队伍，确保创新的自主权与可持续性。 我们已组建公司级 AI 研究院，通过引进领军人才与选拔内部精锐，开展 以 AI 提升软件能力的专项工程，探索前沿高级别项目；深化开放协同的生态， 持续加大 AI 研发投入，深化与顶尖伙伴的战略合作，沉淀金融行业 AI 知识 库与模型能力，快速将 AI 产品在国有大行、城商行、非银金融等机构中落地 验证；搭建金融行业专属算力集群与模型微调平台，将 MaaS（模型即服务） 作为服务能力向行业开放。 我们深知，在技术浪潮中，真正长期前行的能力，离不开稳健的资源保障 与清醒的风险管控。为此，我们坚持健康的现金流与审慎的财务政策，确保 创新投入始终处于可控范围；公司 AI 研究院将与行业龙头聚焦金融垂直场景， 降低试错成本、提高成功概率；此外，我们也已将公司的资金规划实施战略 性投入，用于加快推进研发、搭建算力基础设施与 AI 试点，为“双轮驱动、 创新融合、原研引领”战略的落地提供坚实后盾。 我们坚信，在金融科技波澜壮阔的变革海洋中，方向明确、众志成城，宇 信科技的航行，将穿越迷雾，引领我们驶向共同创造、更加壮丽的星辰大海。 5
2025年年度报告全文 青山缭绕疑无路，忽见千帆隐映来！ 董事长：洪卫东 2026 年 3 月 26 日 6
2025年年度报告全文 目录 第一节 重要提示、目录和释义..................................................................................2 第二节 公司简介和主要财务指标..............................................................................10 第三节 管理层讨论与分析.......................................................................................... 14 第四节 公司治理、环境和社会..................................................................................57 第五节 重要事项...........................................................................................................83 第六节 股份变动及股东情况......................................................................................105 第七节 债券相关情况...................................................................................................112 第八节 财务报告...........................................................................................................113 7
2025年年度报告全文 备查文件目录 一、载有公司法定代表人、主管会计工作负责人、会计机构负责人签名并盖章的财务 报表； 二、载有会计师事务所盖章、注册会计师签名并盖章的审计报告原件； 三、报告期内在中国证监会指定网站上公开披露过的所有公司文件的正本及公告的原 稿； 四、其它备查文件。 8
2025年年度报告全文 释义 释义项 指 释义内容 公司、宇信、宇信科技 指 北京宇信科技集团股份有限公司 珠海宇琴鸿泰创业投资集团有限公 宇琴鸿泰 指 司，为公司控股股东 北京宇信金地 指 北京宇信金地科技有限公司 无锡宇信易诚 指 无锡宇信易诚科技有限公司 珠海宇诚信 指 珠海宇诚信科技有限公司 珠海宇信易诚 指 珠海宇信易诚科技有限公司 北京宇信鸿泰信息技术有限公司（原 宇信鸿泰信息技术 指 名：北京宇信易诚信息技术有限公 司） 厦门宇信鸿泰 指 厦门市宇信鸿泰科技有限公司 宇信企慧 指 北京宇信企慧信息技术有限公司 宇信金服 指 宇信金服科技有限公司 宇信鸿泰科技（香港）有限公司 香港宇信 指 （Yusys Fintech(HK）Limited） 新加坡宇信 指 YUSYS TECHNOLOGIES PTE. LTD. PT Yuinsight Technologies 印尼宇众 指 International 微通新成 指 北京微通新成网络科技有限公司 华为 指 华为技术有限公司 腾讯 指 腾讯云计算（北京）有限责任公司 南大通用 指 天津南大通用数据技术股份有限公司 道客云 指 上海道客网络科技有限公司 星环 指 星环信息科技（上海）股份有限公司 宇新（厦门）大数据股权投资基金合 宇新基金 指 伙企业（有限合伙） 上海数智轻舟互联信息技术有限责任 上海数智轻舟 指 公司 大连同方软银 指 大连同方软银科技股份有限公司 厦门资管 指 厦门资产管理有限公司 金厦信合 指 珠海金厦信合数字科技有限公司 9
2025年年度报告全文 第二节 公司简介和主要财务指标 一、公司信息 股票简称 宇信科技 股票代码 300674 公司的中文名称 北京宇信科技集团股份有限公司 公司的中文简称 宇信科技 公司的外文名称（如有） Yusys Technologies Co.,Ltd. 公司的外文名称缩写（如有） Yusys Technologies 公司的法定代表人 洪卫东 注册地址 北京市大兴区经济开发区科苑路18号院3幢二层R2223室 注册地址的邮政编码 102600 2014年11月，公司注册地址由“北京市海淀区中关村南大街甲8号威地科技大厦61 幢11层1108房”变更为“北京市海淀区中关村南大街甲8号威地科技大厦61幢9层 916室”；2019年12月，公司注册地址由“北京市海淀区中关村南大街甲8号威地科 公司注册地址历史变更情况 技大厦61幢9层916室”变更为“北京市海淀区高梁桥斜街42号院1号楼5层1- 519”；2023年6月，公司注册地址由“北京市海淀区高梁桥斜街42号院1号楼5层 1-519”变更为“北京市大兴区经济开发区科苑路18号院3幢二层R2223室”。 北京市朝阳区酒仙桥东路9号院电子城研发中心A2楼东5-6层、北京市朝阳区建国门 办公地址 外大街1号国贸大厦A座2601室 办公地址的邮政编码 100015、100004 公司网址 https://www.yusys.com.cn/ 电子信箱 ir@yusys.com.cn 二、联系人和联系方式 董事会秘书 证券事务代表 姓名 周帆 王琼 北京市朝阳区建国门外大街1号国贸大厦 北京市朝阳区建国门外大街1号国贸大厦 联系地址 A座2601室 A座2601室 电话 010-59137700-558 010-59137700-558 传真 010-59137800 010-59137800 电子信箱 ir@yusys.com.cn ir@yusys.com.cn 三、信息披露及备置地点 公司披露年度报告的证券交易所网站 巨潮资讯网（http://www.cninfo.com.cn） 公司披露年度报告的媒体名称及网址 证券时报、上海证券报 公司年度报告备置地点 公司证券事务部 四、其他有关资料 公司聘请的会计师事务所 会计师事务所名称 立信会计师事务所（特殊普通合伙） 10
2025年年度报告全文 会计师事务所办公地址 上海市黄浦区南京东路61号四楼 签字会计师姓名 张金华、孙元元 公司聘请的报告期内履行持续督导职责的保荐机构 适用 □不适用 保荐机构名称 保荐机构办公地址 保荐代表人姓名 持续督导期间 鉴于公司募集资金尚未使用 深圳市前海深港合作区南山 完毕，华泰联合证券仍需对 华泰联合证券有限责任公司 街道桂湾五路128号前海深 李凯、蔡敏 公司募集资金的使用情况履 港基金小镇B7栋401 行持续督导义务 公司聘请的报告期内履行持续督导职责的财务顾问 □适用 不适用 五、主要会计数据和财务指标 公司是否需追溯调整或重述以前年度会计数据 □是 否 2025年 2024年 本年比上年增减 2023年 营业收入（元） 3,623,081,673.57 3,958,028,236.86 -8.46% 5,203,702,275.14 归属于上市公司股东的净利润（元） 431,843,595.03 379,852,639.00 13.69% 325,720,181.22 归属于上市公司股东的扣除非经常性 414,755,151.15 349,215,318.42 18.77% 316,087,715.44 损益的净利润（元） 经营活动产生的现金流量净额（元） 621,367,006.45 940,784,034.45 -33.95% 446,558,660.43 基本每股收益（元/股） 0.63 0.55 14.55% 0.47 稀释每股收益（元/股） 0.62 0.54 14.81% 0.47 加权平均净资产收益率 9.75% 9.15% 0.60% 8.19% 2025年末 2024年末 本年末比上年末增减 2023年末 资产总额（元） 6,818,799,864.19 5,825,169,063.21 17.06% 5,566,284,502.98 归属于上市公司股东的净资产（元） 4,563,184,754.76 4,274,611,426.44 6.75% 4,110,024,478.10 公司最近三个会计年度扣除非经常性损益前后净利润孰低者均为负值，且最近一年审计报告显示公司持续经营能力存在 不确定性 □是 否 公司报告期内经审计利润总额、净利润、扣除非经常性损益后的净利润三者孰低为负值 □是 否 存在股权激励、员工持股计划的公司，可以披露扣除股份支付影响后的净利润 主要会计数据 2025年 2024年 本期比上年同期增减(%) 2023年 扣除股份支付影响后 494,618,739.76 408,510,729.73 21.08% 375,971,464.86 的净利润（元） 六、分季度主要财务指标 单位：元 第一季度 第二季度 第三季度 第四季度 营业收入 525,131,893.70 890,028,104.42 771,263,210.73 1,436,658,464.72 11
2025年年度报告全文 归属于上市公司股东的净利润 58,154,316.48 162,299,298.03 58,698,869.79 152,691,110.73 归属于上市公司股东的扣除非经常 55,317,569.47 160,405,008.69 58,232,948.09 140,799,624.90 性损益的净利润 经营活动产生的现金流量净额 -411,954,304.42 9,403,558.10 34,551,111.13 989,366,641.64 上述财务指标或其加总数是否与公司已披露季度报告、半年度报告相关财务指标存在重大差异 □是 否 七、境内外会计准则下会计数据差异 1、同时按照国际会计准则与按照中国会计准则披露的财务报告中净利润和净资产差异情况 □适用 不适用 公司报告期不存在按照国际会计准则与按照中国会计准则披露的财务报告中净利润和净资产差异情况。 2、同时按照境外会计准则与按照中国会计准则披露的财务报告中净利润和净资产差异情况 □适用 不适用 公司报告期不存在按照境外会计准则与按照中国会计准则披露的财务报告中净利润和净资产差异情况。 八、非经常性损益项目及金额 适用 □不适用 单位：元 项目 2025年金额 2024年金额 2023年金额 说明 非流动性资产处置损益（包括已计提资产 -755,462.78 -280,675.64 -585,719.64 减值准备的冲销部分） 计入当期损益的政府补助（与公司正常经 营业务密切相关，符合国家政策规定、按 15,740,507.90 40,415,838.99 12,065,802.99 照确定的标准享有、对公司损益产生持续 影响的政府补助除外） 除同公司正常经营业务相关的有效套期保 值业务外，非金融企业持有金融资产和金 12,509,421.09 -7,840,473.02 54,700.01 融负债产生的公允价值变动损益以及处置 金融资产和金融负债产生的损益 委托他人投资或管理资产的损益 843,490.57 15,000.00 除上述各项之外的其他营业外收入和支出 -8,503,101.85 79,104.45 -292,028.76 减：所得税影响额 5,374.44 3.82 1,563,924.17 少数股东权益影响额（税后） 1,897,546.04 2,579,960.95 61,364.65 合计 17,088,443.88 30,637,320.58 9,632,465.78 -- 其他符合非经常性损益定义的损益项目的具体情况： □适用 不适用 公司不存在其他符合非经常性损益定义的损益项目的具体情况。 将《公开发行证券的公司信息披露解释性公告第1号——非经常性损益》中列举的非经常性损益项目界定为经常性损益 项目的情况说明 □适用 不适用 12
2025年年度报告全文 公司不存在将《公开发行证券的公司信息披露解释性公告第1号——非经常性损益》中列举的非经常性损益项目界定为 经常性损益的项目的情形。 13
2025年年度报告全文 第三节 管理层讨论与分析 一、报告期内公司从事的主要业务 公司需遵守《深圳证券交易所上市公司自律监管指引第3号——行业信息披露》中的“软件与信息技术服务业”的披露 要求 《十五五规划建议》明确提出“大力发展科技金融、绿色金融、普惠金融、养老金融、数字金融， 建设安全高效的金融基础设施，稳步发展数字人民币”。随着大模型技术的成熟与算力成本的下降，人 工智能已从“前沿探索”进入“规模化应用”的临界点。在此背景下，《十五五规划建议》提出“加快 人工智能等数智技术创新，全面实施‘人工智能+’行动，抢占人工智能产业应用制高点，全方位赋能 千行百业”。根据《国务院关于深入实施“人工智能+”行动的意见》，到2027年，我国新一代智能 终端、智能体等应用普及率超70%；到2030年，普及率超90%；到2035年，我国将全面步入智能经 济和智能社会发展新阶段，为基本实现社会主义现代化提供有力支撑。 数智技术的深度渗透，正在重塑金融服务的底层逻辑。作为金融基础设施的核心构成，数字人民币 的升级迭代恰逢其时。中国人民银行出台的《关于进一步加强数字人民币管理服务体系和相关金融基础 设施建设的行动方案》明确“新一代数字人民币计量框架、管理体系、运行机制和生态体系于2026年 1月1日正式启动实施”，标志着数字人民币由现金型1.0版进入存款货币型数字人民币2.0版。自此， 数字人民币开始制度性嵌入银行体系与货币金融结构，在货币属性、账户关系、监管逻辑和金融基础设 施四个维度实现系统性升级。 在传统金融体系数智化重塑的同时，资产形态的变革也已然开启。中国人民银行、中国证监会等八 部门联合发布《关于进一步防范和处置虚拟货币等相关风险的通知》，明确虚拟货币、现实世界资产代 币化和相关业务活动本质属性。中国证监会同步发布的《关于境内资产境外发行资产支持证券代币的监 管指引》，为境内资产通过境外发行资产支持证券代币提供了合规路径。 当前，以数字货币为代表的区块链技术和Web3领域正在重塑支付基础设施，资产代币化也重构了 资产流通逻辑，全球金融机构正同步步入数字化与智能化的融合共生阶段。尽管全球各市场在技术架构 升级和业务生态融合演进路径各异，但均将IT基础设施革新、数据价值挖掘、云计算能力完善、区块 14
2025年年度报告全文 链信任构建以及人工智能的深度应用作为核心驱动要素，逐步构建起“技术底座+业务增强”的数字化 与智能化发展框架，体现出全球发展共性。 二、报告期内公司所处行业情况 作为国内上市公司规模最大的金融科技解决方案市场领导者，宇信科技进一步明确自身在AI时代 金融新基建“总架构师”定位，通过提供咨询规划、软件产品、软件开发及服务、运营维护、系统集成、 业务运营等全域科技服务，面向以银行为主的金融机构、其他非银金融机构，以及海外市场多类金融机 构全方位提供金融科技赋能。 公司主营业务为银行科技解决方案、非银科技解决方案和创新运营服务三大类，产品和解决方案全 面覆盖客户业务类、渠道类、运营类和管理类等，并始终保持在网络银行、信贷管理、商业智能、风险 管理和监管报送等多个细分解决方案领域的领先地位；同时，公司在各类解决方案的整合上，在信息技 术应用创新产业的咨询、替换、适配、联合开发、应用落地和共振发展上打下了坚实的基础；在创新运 营业务领域，凭借公司的全方位能力，进一步强化了公司的优势地位。 公司主要通过招投标或协议销售等方式提供软件产品、软件开发及服务和业务运营服务。公司在已 有自主研发软件产品的基础上，根据客户的个性化需求，以自主软件为核心基础，对软件进行二次开发； 此外，公司依托金融云运营能力和软件业务能力，向金融机构全面输出业务运营，帮助金融机构实现业 务规模增长。公司的盈利模式主要分为应用软件开发及服务、科技运营分成和包括系统的解决方案销售 及服务模式。 三、核心竞争力分析 1、全面的技术及服务能力，优势产品线市场份额领先 金融行业是国民经济的重要支柱行业，具有技术要求高、安全保密性强、信息化程度依赖高等特点， 因此对于信息系统专业性、稳定性、精密性的要求远高于一般行业。金融机构在进行供应商挑选时，更 加青睐规模大、产品功能先进、产品种类齐全、产品稳定性强及人员配备有保障的公司，而以上条件的 具备均需要足够长的实践周期和项目数量来保证。在金融企业进行信息化招标时，大多对投标企业设立 资格门槛，要求投标单位具备类似项目的成功实施案例。公司深耕银行IT二十六年，是国内产品线最 为完备的银行软件及服务厂商。根据赛迪研究院的具体分类排名，公司渠道类、管理类、业务类等产品 市场排名均连续处于前列。 15
2025年年度报告全文 作为一家行业经验丰富的金融IT解决方案供应商，公司对金融机构IT架构建设、渠道系统建设、 业务系统建设、管理系统建设有着更为深刻的理解。经过26年的积累，公司与不同类型的1000余家金 融机构建立了全面的产品和业务合作，助力客户业务信息化、科技化和数字化，这些积累形成了公司对 客户业务发展的深入理解，也将进一步实践在后续行业的数字化建设、发展和运营中，为公司未来发展 奠定了坚实基础。 2、深耕海内外多类型客户，产品和客户交互发展 由于信息系统在金融业中的特殊地位，以银行业为主的金融行业客户在选择信息系统产品和服务时 十分谨慎，更倾向于选择与自己有过成功合作经验或者在行业中拥有较多成功案例，具有较高品牌知名 度的企业进行合作。公司自1999年成立至今，专注聚焦以银行为主的金融机构为主要服务对象，凭借 行业领先的自主软件产品、持续技术迭代、深度业务理解及优秀的综合服务能力，在金融领域内积累了 大量具有长期稳定合作关系的客户。目前，公司已经为中国人民银行、三大政策性银行、六大国有商业 银行、12家股份制银行以及380多家区域性商业银行、农村信用社、农商行和村镇银行，以及50余家 外资银行提供了相关产品和服务；同时也为包括消费金融公司、汽车金融公司、资产管理公司、金控公 司、财务公司、保险公司、证券公司和信托公司在内的40余家非银机构提供了多样化的产品、解决方 案和运营服务，在行业内拥有较高的品牌声誉。 3、持续面向下一代技术研发投入，巩固高壁垒、高准入门槛优势 公司高度重视产品研发和技术积累，采用业务产品和技术平台并重的策略，充分发挥公司二十六年 的金融IT行业经验，遵循先进的“以客户为中心、以金融产品为依托、以控制风险为主线、以IT管理 为保障”的科技体系构架理念，跟踪行业动态，从金融IT系统整体架构视角出发，持续的投入研发，逐 步补充覆盖渠道、业务系统、管理系统等全方位的产品版图。 公司连续多年在中国银行业IT解决方案整体市场处于龙头地位，始终保持在网络银行、信贷管理、 渠道管理、综合柜台系统、商业智能、风险管理领域的领先地位。公司过去二十六年跟客户深度合作的 过程中，除了在技术产品和业务解决方案方面的优势之外，公司还建立了金融业务系统7x24的SaaS服 务能力。公司通过整合自研的软件产品、业务经营能力、SaaS服务能力，在银行业数智化转型的发展 过程中，在新兴领域和创新运营业务领域取得了关键突破。 16",windowed_extraction_review_required
300674.SZ,AR_300674_SZ_2025,management_discussion,2,13,"2025年年度报告全文 年年度报告 2025 第一节 重要提示、目录和释义 公司董事会及董事、高级管理人员保证年度报告内容的真实、准确、完 整，不存在虚假记载、误导性陈述或者重大遗漏，并承担个别和连带的法律 责任。 公司负责人洪卫东、主管会计工作负责人戴士平及会计机构负责人(会计 主管人员)梁文芳声明：保证本年度报告中财务报告的真实、准确、完整。 所有董事均已出席了审议本报告的董事会会议。 本报告所涉及的未来发展计划等前瞻性陈述，不构成公司对投资者的实 质承诺，投资者及相关人士均应当对此保持足够的风险认识，并且应当理解 计划、预测与承诺之间的差异。公司在发展过程中，可能存在市场竞争风险、 服务对象行业及销售客户相对集中的风险、技术与产品开发质量的风险、侵 权风险、核心技术人员流失的风险、季节性风险、监管风险、海外市场风险 等，具体请参阅本报告“第三节、管理层讨论与分析”之“十一、公司未来 发展的展望（二）公司面临的风险及应对措施”部分。敬请广大投资者注意 投资风险！ 公司经本次董事会审议通过的利润分配预案为：以 701451904 为基数， 向全体股东每 10 股派发现金红利 3 元（含税），送红股 0 股（含税），以资 本公积金向全体股东每 10 股转增 0 股。 2
2025年年度报告全文 于浪潮之巅，共赴星辰大海 ——做 AI 时代金融新基建“总架构师” 尊敬的投资者： 我们正站在波澜壮阔的时代交汇点——人工智能浪潮奔涌而至，全球化智 能升级同频发展，基于 Web3 范式、叠加 AI 融合的新金融基础设施生态正在 全球加速构建。 2025 年，对宇信科技而言，是心向星辰、扬帆远航的关键一年。我们持续 AI 赋能提质增效，以坚实的业绩回馈期待，实现剔除股份支付的扣非归母净 利润 4.71 亿元，同比增长 26.26%，同时公司经营现金流量净额达到 6.21 亿 元；更以坚定的信念锚定“AI+全球化+Web3”三大战略，与各位股东、客 户、合作伙伴及全体员工一道，共同重塑金融科技的未来。 二十六年的金融科技深耕，赋予我们的不仅是经验的积淀，更是金融场景 的理解、数据的积累与客户的信任，让我们有志于担当 AI 时代金融新基建的 “总架构师”。 为实现这一角色，我们坚定推行金融深耕与智能升级“双轮驱动”战略。 一方面，持续夯实金融 IT 主航道，在核心系统、信贷、风控、数币等领域巩 固领导地位，将既有业务打造成支撑创新的“压舱石”与现金流引擎；另一 方面，全面拥抱 AI 推动发展模式进化，从“软件开发商”向“金融智能解决 方案提供商”跃迁，将大模型能力深度嵌入金融机构的“水电煤”基础设施 中，重塑服务模式与业务效能。 在此基础上，我们全力推动“创新融合”，将 AI 深度融入金融科技全业 3
2025年年度报告全文 务版图与核心流程，旨在拓宽边界、创造增量。这体现为三个关键维度： 其一，是流程的智能化再造。我们正对核心系统进行 AI 原生改造，将信 贷审批、财富管理、风控等模块从“规则驱动”升级为“模型驱动”；同时， 打造标准化的金融 AI Agent 工厂，推动高附加值、高毛利的平台化输出，使 之成为未来增长的核心引擎。 其二，是业务的创新化赋能。我们聚焦营销、风控、运营、监管等金融核 心场景，落地 AI Agent 应用，在释放人力成本的同时，大幅提升业务效率与 风控精度。同时，开发能自动执行的智能运营、智能理赔等应用侧智能产品， 探索全新的金融服务模式。 其三，是数币的全球化开拓。依托我们在数字人民币领域的深厚积淀，积 极推进智能合约、可编程支付等创新应用，并将 AI 技术融入其全链路服务。 同时，我们正加快境外数字货币业务布局，致力于将“AI+数币”成熟的解决 方案向全球输出。 “创新融合”所锻造的 AI 能力，正是我们践行“全球化”战略的核心引 擎。我们正将国内历经复杂场景验证的金融科技能力系统性推向全球，这不 仅是为海外金融机构提供智能化跃迁方案，更是将中国金融科技的最佳实践 转化为全球标准，在更广阔的市场中兑现我们作为“总架构师”的价值。全 球化，是我们未来增长的关键支柱，也是我们核心能力与战略布局的必然延 伸。 在这一进程中，前沿的图景正在展开：人工智能代理支付作为数字经济的 新“消费者”，正推动 Web3 网络从交易工具向智能经济基础设施演进。当人 4
2025年年度报告全文 工智能代理自主完成支付、结算与资产管理，它们不仅成为数币需求的新引 擎，更将 Web3 应用从加密原生场景推向更广阔的实体产业。这既是 Web3 与 AI 深度融合的必然方向，也是我们在积极布局的 Web4 战略高地。 践行“双轮驱动”和承接“创新融合”的底层支撑，是我们“原研引领” 的战略路径。我们深知，真正的行业引领力，不仅要构筑自主、坚实的技术 根基，更要系统性构建自我演进能力。为此，我们系统性打造 AI“技术+场景 +算力”三位一体的研发体系和人才队伍，确保创新的自主权与可持续性。 我们已组建公司级 AI 研究院，通过引进领军人才与选拔内部精锐，开展 以 AI 提升软件能力的专项工程，探索前沿高级别项目；深化开放协同的生态， 持续加大 AI 研发投入，深化与顶尖伙伴的战略合作，沉淀金融行业 AI 知识 库与模型能力，快速将 AI 产品在国有大行、城商行、非银金融等机构中落地 验证；搭建金融行业专属算力集群与模型微调平台，将 MaaS（模型即服务） 作为服务能力向行业开放。 我们深知，在技术浪潮中，真正长期前行的能力，离不开稳健的资源保障 与清醒的风险管控。为此，我们坚持健康的现金流与审慎的财务政策，确保 创新投入始终处于可控范围；公司 AI 研究院将与行业龙头聚焦金融垂直场景， 降低试错成本、提高成功概率；此外，我们也已将公司的资金规划实施战略 性投入，用于加快推进研发、搭建算力基础设施与 AI 试点，为“双轮驱动、 创新融合、原研引领”战略的落地提供坚实后盾。 我们坚信，在金融科技波澜壮阔的变革海洋中，方向明确、众志成城，宇 信科技的航行，将穿越迷雾，引领我们驶向共同创造、更加壮丽的星辰大海。 5
2025年年度报告全文 青山缭绕疑无路，忽见千帆隐映来！ 董事长：洪卫东 2026 年 3 月 26 日 6
2025年年度报告全文 目录 第一节 重要提示、目录和释义..................................................................................2 第二节 公司简介和主要财务指标..............................................................................10 第三节 管理层讨论与分析.......................................................................................... 14 第四节 公司治理、环境和社会..................................................................................57 第五节 重要事项...........................................................................................................83 第六节 股份变动及股东情况......................................................................................105 第七节 债券相关情况...................................................................................................112 第八节 财务报告...........................................................................................................113 7
2025年年度报告全文 备查文件目录 一、载有公司法定代表人、主管会计工作负责人、会计机构负责人签名并盖章的财务 报表； 二、载有会计师事务所盖章、注册会计师签名并盖章的审计报告原件； 三、报告期内在中国证监会指定网站上公开披露过的所有公司文件的正本及公告的原 稿； 四、其它备查文件。 8
2025年年度报告全文 释义 释义项 指 释义内容 公司、宇信、宇信科技 指 北京宇信科技集团股份有限公司 珠海宇琴鸿泰创业投资集团有限公 宇琴鸿泰 指 司，为公司控股股东 北京宇信金地 指 北京宇信金地科技有限公司 无锡宇信易诚 指 无锡宇信易诚科技有限公司 珠海宇诚信 指 珠海宇诚信科技有限公司 珠海宇信易诚 指 珠海宇信易诚科技有限公司 北京宇信鸿泰信息技术有限公司（原 宇信鸿泰信息技术 指 名：北京宇信易诚信息技术有限公 司） 厦门宇信鸿泰 指 厦门市宇信鸿泰科技有限公司 宇信企慧 指 北京宇信企慧信息技术有限公司 宇信金服 指 宇信金服科技有限公司 宇信鸿泰科技（香港）有限公司 香港宇信 指 （Yusys Fintech(HK）Limited） 新加坡宇信 指 YUSYS TECHNOLOGIES PTE. LTD. PT Yuinsight Technologies 印尼宇众 指 International 微通新成 指 北京微通新成网络科技有限公司 华为 指 华为技术有限公司 腾讯 指 腾讯云计算（北京）有限责任公司 南大通用 指 天津南大通用数据技术股份有限公司 道客云 指 上海道客网络科技有限公司 星环 指 星环信息科技（上海）股份有限公司 宇新（厦门）大数据股权投资基金合 宇新基金 指 伙企业（有限合伙） 上海数智轻舟互联信息技术有限责任 上海数智轻舟 指 公司 大连同方软银 指 大连同方软银科技股份有限公司 厦门资管 指 厦门资产管理有限公司 金厦信合 指 珠海金厦信合数字科技有限公司 9
2025年年度报告全文 第二节 公司简介和主要财务指标 一、公司信息 股票简称 宇信科技 股票代码 300674 公司的中文名称 北京宇信科技集团股份有限公司 公司的中文简称 宇信科技 公司的外文名称（如有） Yusys Technologies Co.,Ltd. 公司的外文名称缩写（如有） Yusys Technologies 公司的法定代表人 洪卫东 注册地址 北京市大兴区经济开发区科苑路18号院3幢二层R2223室 注册地址的邮政编码 102600 2014年11月，公司注册地址由“北京市海淀区中关村南大街甲8号威地科技大厦61 幢11层1108房”变更为“北京市海淀区中关村南大街甲8号威地科技大厦61幢9层 916室”；2019年12月，公司注册地址由“北京市海淀区中关村南大街甲8号威地科 公司注册地址历史变更情况 技大厦61幢9层916室”变更为“北京市海淀区高梁桥斜街42号院1号楼5层1- 519”；2023年6月，公司注册地址由“北京市海淀区高梁桥斜街42号院1号楼5层 1-519”变更为“北京市大兴区经济开发区科苑路18号院3幢二层R2223室”。 北京市朝阳区酒仙桥东路9号院电子城研发中心A2楼东5-6层、北京市朝阳区建国门 办公地址 外大街1号国贸大厦A座2601室 办公地址的邮政编码 100015、100004 公司网址 https://www.yusys.com.cn/ 电子信箱 ir@yusys.com.cn 二、联系人和联系方式 董事会秘书 证券事务代表 姓名 周帆 王琼 北京市朝阳区建国门外大街1号国贸大厦 北京市朝阳区建国门外大街1号国贸大厦 联系地址 A座2601室 A座2601室 电话 010-59137700-558 010-59137700-558 传真 010-59137800 010-59137800 电子信箱 ir@yusys.com.cn ir@yusys.com.cn 三、信息披露及备置地点 公司披露年度报告的证券交易所网站 巨潮资讯网（http://www.cninfo.com.cn） 公司披露年度报告的媒体名称及网址 证券时报、上海证券报 公司年度报告备置地点 公司证券事务部 四、其他有关资料 公司聘请的会计师事务所 会计师事务所名称 立信会计师事务所（特殊普通合伙） 10
2025年年度报告全文 会计师事务所办公地址 上海市黄浦区南京东路61号四楼 签字会计师姓名 张金华、孙元元 公司聘请的报告期内履行持续督导职责的保荐机构 适用 □不适用 保荐机构名称 保荐机构办公地址 保荐代表人姓名 持续督导期间 鉴于公司募集资金尚未使用 深圳市前海深港合作区南山 完毕，华泰联合证券仍需对 华泰联合证券有限责任公司 街道桂湾五路128号前海深 李凯、蔡敏 公司募集资金的使用情况履 港基金小镇B7栋401 行持续督导义务 公司聘请的报告期内履行持续督导职责的财务顾问 □适用 不适用 五、主要会计数据和财务指标 公司是否需追溯调整或重述以前年度会计数据 □是 否 2025年 2024年 本年比上年增减 2023年 营业收入（元） 3,623,081,673.57 3,958,028,236.86 -8.46% 5,203,702,275.14 归属于上市公司股东的净利润（元） 431,843,595.03 379,852,639.00 13.69% 325,720,181.22 归属于上市公司股东的扣除非经常性 414,755,151.15 349,215,318.42 18.77% 316,087,715.44 损益的净利润（元） 经营活动产生的现金流量净额（元） 621,367,006.45 940,784,034.45 -33.95% 446,558,660.43 基本每股收益（元/股） 0.63 0.55 14.55% 0.47 稀释每股收益（元/股） 0.62 0.54 14.81% 0.47 加权平均净资产收益率 9.75% 9.15% 0.60% 8.19% 2025年末 2024年末 本年末比上年末增减 2023年末 资产总额（元） 6,818,799,864.19 5,825,169,063.21 17.06% 5,566,284,502.98 归属于上市公司股东的净资产（元） 4,563,184,754.76 4,274,611,426.44 6.75% 4,110,024,478.10 公司最近三个会计年度扣除非经常性损益前后净利润孰低者均为负值，且最近一年审计报告显示公司持续经营能力存在 不确定性 □是 否 公司报告期内经审计利润总额、净利润、扣除非经常性损益后的净利润三者孰低为负值 □是 否 存在股权激励、员工持股计划的公司，可以披露扣除股份支付影响后的净利润 主要会计数据 2025年 2024年 本期比上年同期增减(%) 2023年 扣除股份支付影响后 494,618,739.76 408,510,729.73 21.08% 375,971,464.86 的净利润（元） 六、分季度主要财务指标 单位：元 第一季度 第二季度 第三季度 第四季度 营业收入 525,131,893.70 890,028,104.42 771,263,210.73 1,436,658,464.72 11
2025年年度报告全文 归属于上市公司股东的净利润 58,154,316.48 162,299,298.03 58,698,869.79 152,691,110.73 归属于上市公司股东的扣除非经常 55,317,569.47 160,405,008.69 58,232,948.09 140,799,624.90 性损益的净利润 经营活动产生的现金流量净额 -411,954,304.42 9,403,558.10 34,551,111.13 989,366,641.64 上述财务指标或其加总数是否与公司已披露季度报告、半年度报告相关财务指标存在重大差异 □是 否 七、境内外会计准则下会计数据差异 1、同时按照国际会计准则与按照中国会计准则披露的财务报告中净利润和净资产差异情况 □适用 不适用 公司报告期不存在按照国际会计准则与按照中国会计准则披露的财务报告中净利润和净资产差异情况。 2、同时按照境外会计准则与按照中国会计准则披露的财务报告中净利润和净资产差异情况 □适用 不适用 公司报告期不存在按照境外会计准则与按照中国会计准则披露的财务报告中净利润和净资产差异情况。 八、非经常性损益项目及金额 适用 □不适用 单位：元 项目 2025年金额 2024年金额 2023年金额 说明 非流动性资产处置损益（包括已计提资产 -755,462.78 -280,675.64 -585,719.64 减值准备的冲销部分） 计入当期损益的政府补助（与公司正常经 营业务密切相关，符合国家政策规定、按 15,740,507.90 40,415,838.99 12,065,802.99 照确定的标准享有、对公司损益产生持续 影响的政府补助除外） 除同公司正常经营业务相关的有效套期保 值业务外，非金融企业持有金融资产和金 12,509,421.09 -7,840,473.02 54,700.01 融负债产生的公允价值变动损益以及处置 金融资产和金融负债产生的损益 委托他人投资或管理资产的损益 843,490.57 15,000.00 除上述各项之外的其他营业外收入和支出 -8,503,101.85 79,104.45 -292,028.76 减：所得税影响额 5,374.44 3.82 1,563,924.17 少数股东权益影响额（税后） 1,897,546.04 2,579,960.95 61,364.65 合计 17,088,443.88 30,637,320.58 9,632,465.78 -- 其他符合非经常性损益定义的损益项目的具体情况： □适用 不适用 公司不存在其他符合非经常性损益定义的损益项目的具体情况。 将《公开发行证券的公司信息披露解释性公告第1号——非经常性损益》中列举的非经常性损益项目界定为经常性损益 项目的情况说明 □适用 不适用 12
2025年年度报告全文 公司不存在将《公开发行证券的公司信息披露解释性公告第1号——非经常性损益》中列举的非经常性损益项目界定为 经常性损益的项目的情形。 13",windowed_extraction_review_required
000555.SZ,AR_000555_SZ_2025,business_overview,16,27,"神州数码信息服务集团股份有限公司2025年年度报告全文 （五）聚力合作伙伴，共建金融科技生态 公司深度投身金融科技产业研究，与国家金融与发展实验室携手编撰《破局赋能 数智重构：金融科技创新实践》专著； 联合《中国农村金融》杂志社发布专项研究报告《农商银行企业架构的建设难点与实施策略》。该报告锚定农信改革深化 与数字化转型的核心脉络，精准聚焦农商银行在法人治理体系转型、业务模式升级、科技能力赋能过程中的关键痛点，深 度回应当下行业发展的迫切诉求。报告中创新推出适配不同法人模式的定制化架构方案，清晰擘画业务架构、应用架构、 数据架构和技术架构的协同演进路径，为农信行业数字化转型的规范化、高效化发展注入强劲核心动力。公司携手中国建 设银行、中国邮政储蓄银行、中国银联等头部机构，联合编制发布《AI Agent 技术金融应用探索与实践》、《量子安全威 胁及其对国内金融行业的影响研究报告》等多项重磅研究成果。 与此同时，公司牵头联合华为云、腾讯云、阿里云，率先组建行业首个国产云金融核心系统联盟，以“新一代分布式 金融核心 + 全栈国产云”的技术组合，为金融机构筑牢数智化转型根基；并与华为、腾讯云等科技企业共同发起行业首个 AIGC 大模型金融生态体系，围绕核心应用场景构建全方位、多层次的 AIGC 产业生态矩阵。 四、主营业务分析 1、概述 在国家数字经济战略顶层设计的引领下，公司精准把握金融行业在“五篇大文章”要求下的新方向，将 “AI for Process”理念深度链接数字金融智能化转型，公司扎实推进金融科技战略的转型升级，紧抓人工智 能井喷而算力掣肘的业务机遇，顺利实现规模与质量并重的高质量发展。 报告期内，公司实现营业收入131.63亿元，同比增长31.59%，其中软件开发和技术服务收入73.02亿元， 同比增长6.32%。实现归属于上市公司股东的净利润0.56亿元，相较于去年同期扭亏为盈。 在金融数字化领域，报告期内，金融行业实现营业收入 45.26 亿元。公司聚焦金融科技赛道，致力于银行 等金融机构全链路数智化升级，深度服务超2,000家金融及泛金融客户。 在政企数字化领域，报告期内，公司政企业务实现收入 71.72 亿元。凭借在税务数字化领域积淀的深厚业 务经验与技术实力，公司深度投身金税三期、四期系统建设工作，持续为我国财税领域数字化转型贡献力量。 与此同时，公司持续深挖智算市场，为企业量身提供契合其业务需求的基础设施建设服务。 在运营商数字化领域，报告期内，公司运营商业务实现收入 14.45 亿元。公司作为国内领先的第三方网络 优化厂商之一，紧密围绕通讯服务业务数字化转型、数字业务升维等领域，向运营商提供通信大数据网络优化 产品及服务。 （一）巩固金融软服优势，支撑金融科技战略进阶 根据，赛迪顾问出具《2024 年中国银行业 IT 解决方案市场份额分析报告》显示，公司金融软服业务市场 份额跃居中国上市公司第一名，彰显了公司在金融科技领域的竞争力和领先地位。报告期内，金融软服业务总 签约额39.19亿元，金融软服业务收入36亿元，公司金融软服业务保持稳定发展。 公司“以客户为中心”经营理念顺利推进，国有大行、股份制银行等重点客户持续取得突破，客户质量与 客户结构不断优化。报告期内，公司金融软服业务在国有大行和股份制银行签约总金额同比增长13.46%，收入 同比增长20.57%，公司金融软服业务前十大客户收入同比增长9.01%，签约总金额同比增长1.38%。 1.支撑业务运转，优化交易效能 16
神州数码信息服务集团股份有限公司2025年年度报告全文 报告期内，公司于核心业务、渠道建设、数据治理、风险管理等多领域解决方案项目中完成人工智能技术 落地应用，既有效筑牢公司解决方案的技术壁垒，亦精准响应了客户的智能化转型需求。 公司以 AI 技术为契机，加快推动银行新一代核心系统转型发展。通过智能化、自动化、交互化的三重价 值升维，实现银行传统核心从“效率支撑者”角色向“业务赋能者”角色的进化。报告期内，签约华夏银行核 心存款项目，获得头部大行客户的认可；成功签约香港某银行核心项目，夯实外资银行数智化建设基础；签约 浙江、吉林等省份农信客户核心项目，农信市场持续取得突破；中标签约河北、四川、青海、广西等地银行核 心项目，区域性农商行客户多点开花，巩固了公司在核心解决方案领域的领先地位。同时，公司利用 AI Coding代码生成平台，进一步提升交付工艺，实现了数个万亿资产体量银行核心项目的并行交付。 公司基于 DeepSeek 大模型的智能综合信贷系统服务多家中小银行并斩获央行金融科技创新奖，公司与平 安银行合作零售贷后预警及 AI 同业知识库项目，为某全国性股份制银行落地统一授信管理平台，签约烟台银 行信贷PMO项目，签约富邦银行，聚焦发力贷后系统，有效赋能不同类型银行的信贷业务智能化落地。 中间业务解决方案成功中标宁波银行标杆项目，依托对银行中间业务全流程的深刻理解与技术沉淀，全面 采用业务模型驱动的方式，实现中间业务精细化运营与风险可控，显著提升中间业务管理效率与价值创造能力。 公司持续完善金融科技支付产品线，围绕支付清算、渠道接入、交易处理和跨境结算等关键场景，进一步 推动支付清算流程优化和跨境结算通道升级，为国开行、浙江农商、青岛银行、海峡银行、台州银行等客户提 供专业服务，助力银行客户提升交易处理效率和支付服务水平。 2.打通渠道触点，提升服务质感 公司数字金融业务锚定银行全渠道数智化转型核心需求，以电子渠道与柜面场景两大细分领域协同发力： 在电子渠道建设领域，已与华润银行、中国信托银行、广州银行、香港上海商业银行等机构完成合作签约，助 力银行搭建高效便捷的线上服务通路；在柜面数智化建设方面，成功携手厦门国际银行、民泰银行、衡水银行、 富邦香港等客户，推动传统线下柜面服务的智能化升级与场景再造。 一体化财资管理系统的市场斩获颇丰，司库咨询服务落地交通银行，与平安银行签订框架协议，已成功签 约华夏银行、华润银行、天津银行、宁波银行等多家重点机构的合作项目，可实现资金态势实时可视、现金流 智能预测、风控流程全链路预警，推动自身从后台业务支撑工具，成为统筹金融资源配置的数智化核心枢纽。 3.深耕管控合规，释放数据潜能 公司资产负债解决方案实现快速市场拓展，其中资产负债产品持续中标国家开发银行、浙商银行、广东农 信等业内头部商业银行，管理会计持续拓展南海农商，富滇银行等客户，总账业务实现成都银行，青岛银行等 客户突破，相关产品业务得到市场进一步认可，持续扩大市场影响力。 公司持续完善风险管理解决方案布局，金融市场中台研发已完成，并在河北银行实现落地应用，签约国开 行市场风险项目，覆盖市场风险资本计量、交易对手信用风险计量、资本压力测试及内部管理等核心功能。同 时，中标杭州民泰银行、重庆银行、天津农商银行等客户。进一步提升金融机构风险治理的体系化、精细化和 智能化水平。 在金融数据资产领域，公司深耕智能数据治理、数据安全及大模型场景应用，服务于某国有银行、多家股 份制银行、头部城市商业银行、农村信用社及非银金融机构，着力构建数据资产运营核心能力，通过高质量数 据集、智能问数、对公零售智能体等场景落地，助力客户优化业务决策、释放数据资产价值。 4.夯实技术底座，赋能系统协同 17
神州数码信息服务集团股份有限公司2025年年度报告全文 报告期内，企业级微服务平台及企业服务总线（ESB）稳居市场领先地位，先后与北京银行、天津银行、 江西农商、宁夏农商、青海农信、富邦银行等多家金融机构达成合作，快速搭建起微服务化、自动化、智能化、 云化的企业级分布式架构体系，为金融机构业务创新提供了坚实的技术支撑。 架构管理平台再添佳绩，成功中标宁波银行、平安银行、上海农商、顺德农商等重点项目，助力合作银行 实现 IT 架构与业务需求的动态适配。 分布式架构产品线成果丰硕，在兴业银行、平安人寿等标杆客户处成功落地，以成熟的技术底座赋能金融 机构数智化升级。 5.业务持续落地，海外布局稳步发展 公司持续推进全球化战略，进一步加大海外业务投入，围绕团队建设、产品研发、市场拓展和交付保障等 方面持续强化能力建设，与多家国际银行建立战略合作关系，国际业务综合竞争力和市场影响力不断提升。 报告期内，公司与南亚地区某银行达成重要合作，项目总金额近千万美元。公司将依托成熟的 Sm@rtOnebank 数字银行解决方案，并结合安全合规的 Web3.0 技术体系，助力该银行打造面向未来的新一代金 融科技基础设施。与此同时，公司深化与既有海外客户合作，在成功实施核心银行系统基础上，成功签约新加 坡某数字银行企业网银系统，并实现项目快速投产，下一步将继续在应用系统维护和持续升级方面展开更多合 作；助力马来西亚某银行完成对公信贷综合管理方案部署；并与泰国、马来西亚领先金融机构围绕核心系统、 信贷管理及跨境支付创新等领域持续深化合作，海外市场拓展取得积极进展。 （二）践行“AI for Process”理念，推动金融智能化升级 公司率先提出并积极践行“AI for Process”理念，推动人工智能与金融业务流程深度融合，着力实现AI 赋能从单点工具应用向业务全流程智能化升级。与此同时，公司以“乾坤”企业级数智底座为核心，深耕 “AI+金融”应用场景，不断完善建模工艺平台、金融大模型和 AI 工具链，推动核心信贷、风险管理、客户运 营等关键业务条线实现智能化贯通，助力金融机构数智化转型。 1.聚焦“AI+金融”融合创新，提升智能化研发能力 报告期内，公司围绕金融行业智能化发展趋势，持续推进金融知识中台及金融“AI+软件工程”方向的前 瞻布局。在金融知识中台方面，公司以构建金融垂直领域知识大模型底座为目标，持续整合通用金融知识、专 业领域知识及企业专属知识，逐步形成可复用、可演进的知识体系，为上层产品、解决方案及智能化应用提供 支撑，助力公司提升行业解决方案的专业深度与智能化水平。 在“AI+软件工程”方面，公司围绕“建模即代码”等方向开展研发探索，重点研究从业务模型向可执行 代码转换的实现路径，推动人工智能技术与软件工程方法的深度融合。相关预研工作已取得阶段性进展，为未 来进一步提升研发自动化水平、缩短交付周期、增强产品快速迭代能力奠定了基础。报告期内，公司全面推进 “AI Coding”技术在软件交付项目中的落地应用，并已在包括核心、总账、资产负债等多个解决方案项目中 实现落地。 2.加速“AI+金融”落地实践，释放智能化赋能价值 作为国内头部银行 IT 解决方案提供商，公司依托“通专融合”技术，将通用大模型精准转化为适配金融 场景的专业模型，深度匹配银行业务需求。报告期内，公司利用 AI 赋能监管报送、智能头寸、全面风险、智 能圈客等10余款产品矩阵和20余款解决方案产品深度服务客户。 在财富管理领域，公司全面推进智能体落地。在财富产品营销、私人银行服务、工薪客群经营及生态拓展 18
神州数码信息服务集团股份有限公司2025年年度报告全文 等场景中，持续加强客户画像、话术推荐、网点营销和批量营销等 AI 能力建设，并向中后台运营支撑延伸， 助力前中后台经营闭环协同，并率先在某股份制银行得到成功应用。 在监管报送领域，公司持续推进 AI 技术与客户需求深度融合，三菱银行监管报送项目成为公司“拥抱 AI、 人机协同”应用实践的典型案例。公司推动 SQL Agent 和数据测试 AI 在客户端落地应用，将智能代码生成、 测试用例生成和测试数据构建等能力引入开发与测试流程，促进项目交付模式向更加智能、高效的方向升级， 进一步提升研发响应速度和交付效率，助力银行客户更高效应对监管政策变化，提升合规运营与管理水平。 在风险管理领域，拿下多个股份制行、省级农信农商的风险管理案例，通过最新的智慧风险管理方案，通 过+AI 的模式，实现风险合规知识库、风险分析报告等场景对业务的赋能，同时试点 AI+的方式对业务流程的 重塑。 在对公营销领域，公司研发形成“对公金融营销助手”产品，通过多 Agent 架构，整合客户洞察、产品推 荐、财务分析等能力，为客户经理提供更加高效的访前准备、客户分析、方案制定和持续经营支持。报告期内， 该方案已在华东某城商行落地应用，构建了涵盖客户洞察、产品匹配、方案生成等功能的智能应用体系，有效 提升业务效率和客户服务能力，为银行提升对公营销质效提供了有力支撑。 2、收入与成本 （1） 营业收入构成 单位：元 2025年 2024年 占营业收入比 占营业收入比 同比增减 金额 金额 重 重 营业收入合计 13,162,811,905.52 100% 10,002,831,521.49 100% 31.59% 分行业 金融 4,525,621,091.67 34.38% 4,911,501,573.56 49.10% -7.86% 政企 7,172,317,697.54 54.49% 3,571,755,484.60 35.71% 100.81% 运营商 1,445,438,903.35 10.98% 1,492,047,141.90 14.92% -3.12% 其他 19,434,212.96 0.15% 27,527,321.43 0.27% -29.40% 分产品 软件开发及技术 7,301,970,191.66 55.47% 6,868,203,595.67 68.66% 6.32% 服务 系统集成 5,856,815,290.20 44.50% 3,129,492,525.15 31.29% 87.15% 其他业务 4,026,423.66 0.03% 5,135,400.67 0.05% -21.59% 分地区 国内地区 13,137,489,273.32 99.81% 9,995,181,229.46 99.92% 31.44% 国外地区 25,322,632.20 0.19% 7,650,292.03 0.08% 231.00% 19
神州数码信息服务集团股份有限公司2025年年度报告全文 公司需遵守《深圳证券交易所上市公司自律监管指引第3号——行业信息披露》中软件与信息技术服务业的披露要求 单位：元 2025年度 2024年度 第一季度 第二季度 第三季度 第四季度 第一季度 第二季度 第三季度 第四季度 营业收 2,159,704,694.07 2,263,492,495.05 4,250,075,658.77 4,489,539,057.63 1,768,357,819.69 2,327,787,630.72 2,583,598,405.41 3,323,087,665.67 入 归属于 上市公 司股东 -92,942,582.20 -3,437,047.15 -10,418,372.55 163,226,336.36 -56,456,904.88 -20,077,212.95 -41,412,100.77 -406,113,907.34 的净利 润 说明经营季节性（或周期性）发生的原因及波动风险 公司季度性经营活动波动主要与公司行业周期特点与客户需求节奏相关。由于公司主要客户为银行、政企、运营商等行业用户，客户通常在一季度启动全年采购计划及履行申 请、审批等程序，二、三季度陆续进行项目的招标、谈判、签约、实施等，三、四季度完成交付并付款，因此相对前三季度，公司第四季度产品交付、验收、确认收入较为集 中。 （2） 占公司营业收入或营业利润10%以上的行业、产品、地区、销售模式的情况 适用 □不适用 公司需遵守《深圳证券交易所上市公司自律监管指引第3号——行业信息披露》中软件与信息技术服务业的披露要求 单位：元 营业收入 营业成本 毛利率 营业收入比上年同期增减 营业成本比上年同期增减 毛利率比上年同期增减 分客户所处行业 金融 4,525,621,091.67 3,800,984,504.64 16.01% -7.86% -9.01% 1.06% 政企 7,172,317,697.54 6,428,543,460.84 10.37% 100.81% 108.29% -3.22% 运营商 1,445,438,903.35 1,284,149,818.82 11.16% -3.12% 4.66% -6.60% 分产品 20
神州数码信息服务集团股份有限公司2025年年度报告全文 软件开发及技术服务 7,301,970,191.66 6,138,462,071.00 15.93% 6.32% 7.28% -0.76% 系统集成 5,856,815,290.20 5,391,776,448.44 7.94% 87.15% 93.51% -3.03% 分地区 国内地区 13,137,489,273.32 11,508,849,535.79 12.40% 31.44% 35.37% -2.54% 公司主营业务数据统计口径在报告期发生调整的情况下，公司最近1年按报告期末口径调整后的主营业务数据 □适用 不适用 21
神州数码信息服务集团股份有限公司2025年年度报告全文 （3） 公司实物销售收入是否大于劳务收入 □是 否 （4） 公司已签订的重大销售合同、重大采购合同截至本报告期的履行情况 □适用 不适用 （5） 营业成本构成 产品分类 单位：元 2025年 2024年 产品分类 项目 同比增减 金额 占营业成本比重 金额 占营业成本比重 软件开发及 6,138,462,071.00 53.23% 5,721,816,823.89 67.25% 7.28% 技术服务 系统集成 5,391,776,448.44 46.76% 2,786,322,687.65 32.75% 93.51% 其他业务 728,604.80 0.01% 371,450.68 0.00% 96.15% 公司需遵守《深圳证券交易所上市公司自律监管指引第3号——行业信息披露》中软件与信息技术服务业的披露要求 主营业务成本构成 单位：元 本报告期 上年同期 成本构成 同比增减 金额 占营业成本比重 金额 占营业成本比重 设备类采购款 5,705,102,980.36 49.48% 3,087,569,873.62 36.29% 84.78% 人工及技术协作 4,848,409,359.14 42.05% 5,152,622,035.02 60.56% -5.90% 其他 977,454,784.74 8.47% 268,319,053.58 3.15% 264.29% （6） 报告期内合并范围是否发生变动 是 □否 本集团合并财务报表范围包括本公司、神州数码系统集成服务有限公司、神州数码信息系统有限公司等49家公司。与 上年相比，本年因新设增加DCITS Malaysia sdn.Bhd.、神州千里（南京）科技有限公司、Techtanium Pte. Ltd.，因注销 减少海南神州方圆科技有限公司。 （7） 公司报告期内业务、产品或服务发生重大变化或调整有关情况 □适用 不适用 （8） 主要销售客户和主要供应商情况 22
神州数码信息服务集团股份有限公司2025年年度报告全文 公司主要销售客户情况 前五名客户合计销售金额（元） 3,974,459,831.66 前五名客户合计销售金额占年度销售总额比例 30.20% 前五名客户销售额中关联方销售额占年度销售总额比例 0.00% 公司前5大客户资料 序号 客户名称 销售额（元） 占年度销售总额比例 1 客户一 1,951,907,049.88 14.83% 2 客户二 881,299,397.47 6.70% 3 客户三 447,735,397.38 3.40% 4 客户四 354,856,550.99 2.70% 5 客户五 338,661,435.94 2.57% 合计 -- 3,974,459,831.66 30.20% 主要客户其他情况说明 □适用 不适用 公司主要供应商情况 前五名供应商合计采购金额（元） 5,248,067,187.11 前五名供应商合计采购金额占年度采购总额比例 60.63% 前五名供应商采购额中关联方采购额占年度采购总额比例 5.42% 公司前5名供应商资料 序号 供应商名称 采购额（元） 占年度采购总额比例 1 供应商一 3,098,530,005.27 35.79% 2 供应商二 1,558,774,411.32 18.01% 3 供应商三 260,187,458.59 3.01% 4 供应商四 208,524,329.18 2.41% 5 供应商五 122,050,982.75 1.41% 合计 -- 5,248,067,187.11 60.63% 主要供应商其他情况说明 □适用 不适用 报告期内公司贸易业务收入占营业收入比例超过10% □适用 不适用 3、费用 单位：元 2025年 2024年 同比增减 重大变动说明 销售费用 466,556,889.87 463,074,181.72 0.75% 管理费用 315,598,960.33 278,729,037.81 13.23% 主要变动原因是本期 财务费用 54,836,233.07 41,151,729.75 33.25% 银行利息费用增加 研发费用 552,968,539.34 614,401,755.75 -10.00% 23
神州数码信息服务集团股份有限公司2025年年度报告全文 4、研发投入 适用 □不适用 预计对公司未来发展 主要研发项目名称 项目目的 项目进展 拟达到的目标 的影响 1.协同核心业务团队 平台自2015年推出， 九天揽月是企业级云原生 聚焦核心工艺与降本 已在近百家客户的上 金融PaaS平台，提供涵盖 增效，提升产品竞争 千个系统运行，支撑 底座、低代码开发及中台 力；2.打通子产品， 金融分布式转型，沉 管控的完整分布式技术中 构建标准化全周期研 淀了从规划到支撑的 台方案。实现开发、运 已按计划完成年 云原生金融PaaS平台 发工艺流程，完善建 全流程闭环方法论与 行、运维及管理全覆盖， 度研发工作 模、设计及运维能 资产库，现已成为乾 通过高效安全的底座和便 力；3.持续迭代分布 坤数智底座核心，提 捷开发能力，助力金融行 式底座，优化用户体 供开发、运行、运 业数字化转型与业务创 验，增强平台核心优 维、容灾等关键特性 新。 势。 支持。 响应《商业银行资本管理 1.打造业内先进的市 市场风险产品作为公 办法》要求，对公司原有 场风险及FRTB、CCR 司战略级风管中台， 风险产品进行升级改造。 内模法方案；2.新增 提供完善的数据管理 覆盖金融衍生品估值、 已按计划完成年 市场风险研发项目 可视化分析、实时计 与计量模型，确保满 VaR、压力测试等功能，构 度研发工作 量等功能；3.丰富自 足最新行业监管要求 建市场风险、FRTB、SACCR 动化工具，降低交付 及业务需求，提升产 及风险驾驶舱四大子产品 成本。 品市场竞争力。 体系。 1.完善海外核心功 聚焦海外金融市场，集成 能，确保合规兼容； 研发海外核心系统助 公司成熟系统并进行多语 2.推进POC验证与交 力国际化扩张，引入 言改造，打造OneBank海 付，树立市场口碑； BIAN标准提升产品灵 银行一体化业务处理 已按计划完成年 外银行整体业务系统。支 3.优化API设计与微 活性，结合AI优化业 系统研发项目 度研发工作 持端到端全流程业务操 服务架构，提升灵活 务流程，在海外金融 作，满足海外客户短周期 性；4.持续优化架 科技领域尤其是新兴 实施与快速上线需求。 构，提高研发与交付 市场占据竞争优势。 效率。 Sm@rtEnsemble是融 合先进理念与多年实 基于SOA设计理念，助力 1.对标竞品，通过补 施经验的全新一代单 银行数字化再造。兼顾传 短板、增长板提升竞 元化核心系统，采用 核心系统标准版本研 统业务与互联网背景下的 已按计划完成年 争力；2.提高产品成 分布式技术和构件 发项目 快速迭代，通过领先的业 度研发工作 熟度并改进交付工 化、参数化设计，以 务规划创新能力支持银行 艺，降低交付成本。 客户为中心，打造面 快速创新。 向未来的银行业务处 理系统。 顺应银行中台架构转型， 针对外资行需求完成 完善银行业解决方 建设统一核算中心，交易 产品升级，实现财会 案，建立差异化竞争 交易级大总账研发项 级大总账在业务理念和财 已按计划完成年 与管会、数据及减估 优势，沉淀核算能 目 务数据应用上实现突破， 度研发工作 值的深度融合，构建 力，满足未来3至5 为重构银行总账系统提供 对外资行竞品的竞争 年总账业务发展需 有力切入点。 优势。 求。 1.增强PaaS能力：构 云原生是银行架构必 建统一用户认证，整 然趋势，微服务系统 基于云原生的微服务平台 合产品，完善中间件 助力银行在转型中应 提供一站式开发工具，简 已按计划完成年 运维，打造金融级平 对基础设施差异带来 微服务平台研发项目 化集成流程，缩短开发周 度研发工作 台；2.优化实施体 的挑战，降低集成风 期并降低技能门槛，助力 验：精细化服务治 险与成本，建立完善 银行快速响应市场需求。 理，优化网关、SDK 的云原生IT架构治理 及监控，降低项目落 体系。 24
神州数码信息服务集团股份有限公司2025年年度报告全文 地难度。 银行为企业提供财资SaaS 1.拓展业务版图：新 财资方案已成功进入 云服务，实现金融科技赋 增交易银行、决策分 银行对公领域。通过 能。通过整合业务、信 析、跨境及供应链管 扩充交易银行功能模 已按计划完成年 财资云研发项目 息、管理及资金流，助力 理模块；2.优化用户 块，抓住存量升级机 度研发工作 企业资金管理实现系统 体验：完善驾驶舱、 会，显著提升产品的 化、数字化与智能化转 投融资、票据及预算 市场竞争力和持续签 型。 管理等核心功能。 约能力。 平台定位为乾坤数智 针对传统建模工具效率 1.构建业务建模与IT 底座的架构支撑，建 低、质量差等痛点，推出 建模的一体化能力； 立差异化优势。通过 2.0阶段建模工具，以工程 已按计划完成年 2.实现模型驱动开 建模工艺平台 驱动企业级架构治理 化IT实施工艺为指导，促 度研发工作 发，打通从需求到设 与数字化工艺体系建 进业技融合，全面满足银 计的端到端工程工 设，已获得浦发、农 行功能需求。 艺。 发等大型银行认可。 助力商业银行满足《商业 完成产品2.0研发， 紧跟监管导向，满足 银行资本管理办法》要 涵盖风险绩效管理、 银行风险中台化管理 求，建设全面风险管理架 模型管理、计量与规 已按计划完成年 需求，填补行业传导 全面风险研发项目 构，涵盖操作风险、信用 则引擎等模块，通过 度研发工作 与加总缺陷，通过技 风险等子产品，打造集决 提升产品复用性，有 术创新提升MB5的市 策、监督、服务于一体的 效降低交付工程成 场竞争力。 企业级工具。 本。 基于九天揽月平台， 通过闭环经营管理提 响应银行客户数字化转 整合资产负债、成本 升银行资产负债的主 型、财务创新及信创要 已按计划完成年 分摊及预算产品，打 动管理能力，解决管 资产负债研发项目 求，对现有管理会计系统 度研发工作 造覆盖全业务场景的 理分散、预警不足等 进行迭代升级，解决管理 高性能统一资产负债 痛点，助力银行达成 痛点，提升经营效率。 平台。 年度经营目标。 1.全面升级数据集 作为乾坤数智底座的 针对数据研发中存在的工 成、调度及实时计算 数据核心，通过统一 具割裂、周期冗长、质量 等核心模块；2.实施 流程提升效率质量， 失控及安全风险等痛点， 已按计划完成年 架构解耦，支持各子 六合上甲研发项目 持续融合AI能力，布 提供一体化、自动化、可 度研发工作 平台独立部署；3.结 局智能解析与自动化 追溯的现代数据研发解决 合AI技术，实现智能 测试，构建领先的安 方案。 辅助开发与SQL调 全高效研发体系。 优。 整合管控与资产平 持续迭代数据治理方 通过建设数据资产管理平 台，构建统一框架， 案，提升产品跨行业 台，实施企业级数据治 涵盖数据标准、模 覆盖能力，通过丰富 全域数据资产管理平 理，在降低治理复杂度的 已按计划完成年 型、血缘、质量、元 产品内涵，巩固市场 台研发项目 同时持续提升数据质量， 度研发工作 数据、安全及资产运 领先地位，成为支撑 实现数据资源向资产的转 营等全方位管理功 企业数据战略的首选 化，满足监管要求。 能。 合作伙伴。 为应对金融严监管及穿透 1.提供覆盖全业务的 紧抓一表通2.0规范 式监管发展趋势，满足金 统计报送方案；2.构 带来的市场机遇，预 融机构对专业咨询与落地 统一监管合规平台研 已按计划完成年 建监管数据集市，打 计2026年将迎来建设 实施的迫切需求，开展本 发项目 度研发工作 通数据脉络；3.提供 高峰，公司将深挖监 项目研发，旨在打造从业 监管资产模型及分析 管数据集市与指标模 务到数据的端到端解决方 应用场景。 型等新增商机。 案，形成核心竞争力。 公司研发人员情况 2025年 2024年 变动比例 研发人员数量（人） 3,297 3,938 -16.28% 研发人员数量占比 15.91% 21.65% -5.74% 25
神州数码信息服务集团股份有限公司2025年年度报告全文 研发人员学历结构 本科 3,093 3,703 -16.47% 硕士 200 230 -13.04% 博士 4 5 -20.00% 研发人员年龄构成 30岁以下 1,396 1,808 -22.79% 30-40岁 1,543 1,773 -12.97% 40岁以上 358 357 0.28% 公司研发投入情况 2025年 2024年 变动比例 研发投入金额（元） 539,250,745.46 631,819,284.93 -14.65% 研发投入占营业收入比例 4.10% 6.32% -2.22% 研发投入资本化的金额（元） 36,820,227.48 57,325,524.12 -35.77% 资本化研发投入占研发投入的比例 6.83% 9.07% -2.24% 公司研发人员构成发生重大变化的原因及影响 □适用 不适用 研发投入总额占营业收入的比重较上年发生显著变化的原因 □适用 不适用 研发投入资本化率大幅变动的原因及其合理性说明 □适用 不适用 公司需遵守《深圳证券交易所上市公司自律监管指引第3号——行业信息披露》中软件与信息技术服务业的披露要求 单位：元 项目名称 研发资本化金额 相关项目的基本情况 实施进度 项目主要包括云原生金融PaaS平台、市场风险研发项目、银行一 体化业务处理系统研发项目、核心系统标准版本研发项目、交易 级大总账研发项目、微服务平台研发项目、财资云研发项目、建 模工艺平台、全面风险研发项目、资产负债研发项目、六合上甲 研发项目。 1.云原生金融PaaS平台旨在为金融行业客户提供完整的分布式技 术中台解决方案，实现开发、运行、运维及管理的全方位覆盖， 全面助力金融行业数字化转型。 2.市场风险研发项目对原有产品改造升级，覆盖金融衍生品估 值、VaR等功能，形成市场风险、FRTB、SACCR及风险管理驾驶舱 已按计划 金融科技基础 四大子产品。 36,820,227.48 完成年度 架构 3.银行一体化业务处理系统研发项目聚焦海外金融市场拓展，通 研发工作 过系统集成与多语言改造，打造适用海外及外资银行分行的 OneBank整体业务系统，助力客户短周期实施与上线。 4.核心系统标准版本研发项目基于SOA设计理念构建灵活稳定的 业务与技术架构，实现数字化银行再造。既满足传统金融业务， 更为互联网背景下的快速发展提供支撑，助力银行实现业务快速 创新。 5.交易级大总账研发项目顺应银行中台架构转型趋势，通过建设 全行统一核算中心提升核算能力，突破了传统产品的业务理念与 数据场景，为银行重构总账系统提供有力切入点。 6.微服务平台研发项目应对复杂IT架构导致的开发运维难题，打 26
神州数码信息服务集团股份有限公司2025年年度报告全文 造基于云原生的企业级微服务平台。提供丰富开发工具与服务， 简化流程、降低门槛，助企业快速构建应用、敏捷响应市场。 7.财资云研发项目通过建立财资SaaS云服务，打造金融科技赋能 的一站式企业资金管理。 8.建模工艺平台顺应业务建模2.0阶段，以工程化IT实施工艺为 指导，融合业务与科技，全面满足开发、测试、运行监控等多维 度需求。 9.全面风险研发项目助力银行建立全面风险管理架构与内部资本 充足评估模型，涵盖操作与信用风险，打造集风险集成、决策、 监督与服务于一体的企业级工具。 10.资产负债研发项目旨在对银行原有管理会计系统进行迭代升 级，满足职能转变与创新应用发展需求。 11.六合上甲研发项目致力于打造一体化、自动化、可追溯且安全 高效的现代数据研发解决方案，告别冗长低效的交付周期。 公司制定了《资本化研发项目管理办法》，该办法确定了项目申报的具体标准、评审的流程及方法、各部门的职责分 配、管理机制以及财务核算的基本原则。依据此办法，对资本化研发项目的立项评审、研发进度监控、项目变更控制以及 知识产权管理等方面均实施了规范化管理，并且实行季度审核制度以确保流程的严格执行。在研发支出资本化方面，公司 严格遵守《企业会计准则》的相关规定，确保研发支出的计量和确认的准确性、一致性。 5、现金流 单位：元 项目 2025年 2024年 同比增减 经营活动现金流入小计 14,546,372,538.79 11,529,263,544.27 26.17% 经营活动现金流出小计 14,585,215,078.49 11,437,881,484.78 27.52% 经营活动产生的现金流量净额 -38,842,539.70 91,382,059.49 -142.51% 投资活动现金流入小计 3,258,043,164.06 7,094,292,123.60 -54.08% 投资活动现金流出小计 3,448,386,323.58 7,290,677,770.52 -52.70% 投资活动产生的现金流量净额 -190,343,159.52 -196,385,646.92 3.08% 筹资活动现金流入小计 2,809,174,206.82 1,458,094,297.29 92.66% 筹资活动现金流出小计 2,202,174,606.40 1,283,373,699.11 71.59% 筹资活动产生的现金流量净额 606,999,600.42 174,720,598.18 247.41% 现金及现金等价物净增加额 377,447,836.87 69,248,690.94 445.06% 相关数据同比发生重大变动的主要影响因素说明 适用 □不适用 1、经营活动产生的现金流量净额较上年同期减少142.51%，主要是报告期内因诉讼导致受限资金增加所致； 2、筹资活动产生的现金流量净额较上年同期增加247.41%，主要是报告期内银行贷款增加所致。 报告期内公司经营活动产生的现金净流量与本年度净利润存在重大差异的原因说明 □适用 不适用 27",windowed_extraction_review_required
000555.SZ,AR_000555_SZ_2025,core_competitiveness,13,24,"神州数码信息服务集团股份有限公司2025年年度报告全文 第三节 管理层讨论与分析 一、报告期内公司从事的主要业务 公司始终秉持金融科技战略与数字经济发展趋势同频共振，精准响应中央“五篇金融大文章”建设部署，依托“数字 技术与数据要素”的深度融合创新，秉承AI For Process创新理念，持续推进产品与服务迭代升级，为金融机构及泛行业 客户供给全方位、一体化的数智化转型支撑服务。 在金融行业布局层面，公司重点深耕银行数智化解决方案领域，凭借对银行业务场景的深刻理解以及AI等前沿技术能 力，以“数云融合”为核心的未来银行应用架构ModelB@nk5.0为指引，搭建起涵盖业务、管理、渠道、架构四大板块的完 整解决方案体系，为银行构筑兼具韧性增长与前沿探索的数智化底座。 （一）业务类解决方案 公司核心业务解决方案整合分布式银行核心业务系统、交易级大总账系统、客户中心微服务系统等核心产品，全方位 保障银行存款、贷款、汇款结算等日常交易有序开展，实现全业务场景精准管控核算与账务集中管理，同时整合管控全渠 道客户信息，为银行夯实业务运营核心根基。 信贷解决方案全域覆盖零售、对公、网贷、移动展业等各类业务场景，覆盖贷前审核至贷后监管全流程，有效帮助银 行提升审批效率与服务精准度，强化风险预警及管控水平，为信贷业务高质量发展筑牢基础。 中间业务解决方案为银行与多行业场景金融合作提供全方位支持，涵盖代收代付、账户管控、资金监管、支付结算、 清分清算等核心服务，助力银行加快产品上线节奏、提升盈利水平，同时降低运营成本与业务风险隐患。 支付解决方案通过统一整合银行支付通道与各类工具，建立标准化业务模式及管理制度，确保银行在支付渠道与工具 迭代更新时，能够持续输出稳定、高效的支付服务能力，保障支付业务平稳推进。 （二）渠道类解决方案 公司数字银行解决方案构建全渠道服务体系，涵盖柜面、个人及企业手机银行、网上银行、交易银行、企业服务门户、 微信银行、远程银行、移动展业等各类渠道系统，完成全流程、全渠道、全服务的一体化整合打通，实现服务无断点衔接。 财资与现金管理解决方案聚焦银行对公渠道拓展，为集团企业提供专业化资金管理、结算等相关服务，在助力企业提 升运营效能的同时，进一步强化银行对公服务实力，加深银企合作粘性。 开放银行解决方案借助开放标准化接口，与各行业生态伙伴开展深度联动，持续拓宽银行服务场景边界，助力银行搭 建多元协作、共生共赢的开放金融生态，增强核心竞争优势。 （三）管理类解决方案 公司资产负债解决方案搭建事前规划、事中管控、事后检视的全链条闭环管理机制，有效提升银行资产负债主动管理 水平，助力银行优化资产负债结构，实现稳健运营发展。 风险管理解决方案全面覆盖金融信用风险、全面风险等各类风险场景，通过精准识别风险并智能预警，提升银行风险 管控的前瞻性与主动性，为银行筑牢风险防控防线提供有力支撑。 监管报送解决方案依托自动化处理流程与标准化操作规范，助力银行精准、及时完成各类监管数据及报告的报送工作， 全面契合监管合规要求，保障银行合规稳健运营。 与此同时，公司搭建全域数据管理平台，提供数据汇聚、治理、资产、应用、服务五维一体的完整解决方案。 （四）架构类解决方案 企业级微服务平台为各类应用提供传统环境及云环境下的跨应用集成与治理能力，有效提升系统灵活性、可扩展性及 迭代效率，适配银行数字化转型过程中业务快速迭代的需求。 企业服务总线（ESB）依托数据服务总线整合各类业务系统，实现跨业务系统的互联互通与高效数据交互，凭借标准化 13
神州数码信息服务集团股份有限公司2025年年度报告全文 接口与规范治理机制，彻底消除信息孤岛，赋能各业务系统高效协同运转。 二、报告期内公司所处行业情况 公司需遵守《深圳证券交易所上市公司自律监管指引第3号——行业信息披露》中软件与信息技术服务业的披露要求 （一）金融科技行业发展趋势 中央金融工作会议对做好科技金融、绿色金融、普惠金融、养老金融、数字金融“五篇大文章”作出重要部署，提出 “数字金融要把握机遇、重视安全。金融机构要加快数字化转型，提高金融服务便利性和竞争力”。国务院办公厅印发 《关于做好金融“五篇大文章”的指导意见》，为数字金融的发展指明了方向。随着数字技术和实体经济日益深度融合， 加快发展与数字经济相适应的数字金融，已成为推动经济社会高质量发展的必然要求。 党的二十届四中全会审议通过的《中共中央关于制定国民经济和社会发展第十五个五年规划的建议》明确提出全面实 施“人工智能+”行动，全方位赋能千行百业高质量发展。当下，国家把对人工智能的重视提升至前所未有的战略高度，将 人工智能定位为“引领新一轮科技革命和产业变革的战略性技术”和“发展新质生产力的主要阵地”。在顶层战略的指引 下，国内AI百花齐放，DeepSeek、智谱、千问等前沿产品加速迭代，持续推动技术革新，赋能经济与产业发展。 工信部赛迪研究院《2024中国银行业IT解决方案市场份额分析报告》显示，2024年中国银行业整体IT投资规模达到 2,757.48亿元，同比增长1.86%；其中，银行业IT解决方案市场规模为614.87亿元，同比增长1.68%。总体来看，银行业 IT 市场需求增速进一步放缓。在银行业净息差持续处于历史低位的背景下，银行机构经营压力加大，降本增效诉求更加突 出，人工智能与银行业务场景的融合不断深化，正逐步成为银行业提升经营质效、增强数智化能力的重要抓手。当前，人 工智能已然从原本的效率辅助工具升级为驱动业务创新的核心生产力，AI 智能体已演进为具备感知、规划与协作能力的 “业务伙伴”，成为金融机构数字化转型的核心支撑。落地应用场景从通用简单迈向专业复杂，已然从辅助办公、智能客 服等领域的局部探索，加速向信贷风控、合规审查、智能投顾等核心业务领域渗透，进而推动金融服务从基础功能实现迈 向深度价值创造。 （二）公司的行业地位 公司在金融科技领域三十余年的深耕积淀与持续创新，获得业界广泛认可与高度信赖，稳居行业领军地位。根据赛迪 咨询与 IDC 等权威机构报告，在银行核心业务系统、渠道管理系统领域，公司已连续十三年位居市场首位，基础业务类 （含核心业务、综合信贷等）市场连续七年排名第一，开放银行领域连续六年蝉联榜首，保持市场领先优势。与此同时， 数据智能、信贷管理、风险管理、智能营销、智慧网点等领域排名较2024年稳步提升。公司核心优势领域持续领跑，潜力 赛道全面跃升，多维度彰显市场主导力。 三、核心竞争力分析 （一）聚焦金融科技，打造领先研发能力 报告期内，公司研发费用达 5.53 亿元人民币，研发投入水平在业内持续领先。公司新增专利 11 件，软件著作权 168 件，拥有软件著作权及专利累计达2,560项，其中专利146件，软件著作权2,414件。未来公司将持续保持研发投入强度， 深化研发机制建设，强化产学研联动力度，持续巩固技术领先优势，为长期稳定发展筑牢技术根基。 报告期内，公司研发围绕“建模驱动、工艺升级、全域智能化”三大方向持续推进能力建设，在金融科技领域进一步 夯实基础研发能力，优化端到端研发工艺流程，并积极布局人工智能与知识工程等前沿方向，为公司产品创新、项目交付 及智能化转型提供了有力支撑。 14
神州数码信息服务集团股份有限公司2025年年度报告全文 公司持续推进建模资产体系化建设，已系统完成存款领域第一版模型资产，并同步启动信贷领域建模工作。相关模型 资产的沉淀，一方面有助于提升业务抽象、方案复用和项目交付能力，为后续实施交付的降本增效奠定基础；另一方面， 也为公司大模型在金融细分场景中的训练、优化与应用提供了高质量数据来源，进一步增强了模型对金融行业知识的理解、 表达和应用能力。 公司持续推动模型驱动的智能化研发工艺升级，构建形成覆盖业务需求分析、IT需求分析、IT设计、开发、测试、部 署及运维等环节的全链路研发体系。强化了研发全过程的标准化、可追溯和智能化支撑能力，并基于元模型理念实现对不 同客户场景、不同项目类型的灵活适配，有效提升了研发协同效率、交付质量和实施稳定性。通过研发工艺的持续优化， 公司进一步增强了复杂金融科技项目的规模化交付能力和工程化管理水平。 （二）全栈产品矩阵，服务数字金融转型 公司深度融合云原生、大数据、人工智能等前沿技术，打造金融数智化全域产品矩阵。同时具备从战略咨询到落地实 施再到持续运维的端到端服务能力，为各类金融机构提供“咨询+实施+运维+运营”一体化支撑，助力客户实现高效运营与 数智化升级。 产品层面构建覆盖经营全链路的完整体系，业务维度可满足核心交易处理、客户精准触达、支付清算等核心需求，适 配高并发交易场景；管理维度提供全渠道整合、风险合规管控、数据全生命周期治理等支撑，紧跟监管政策要求，助力机 构规范运营；技术维度以三大自研底座筑牢根基，搭建稳定可靠的技术架构，支撑系统高效运转。服务层面建立标准化 “咨询-实施-运维”全流程机制，咨询阶段结合机构发展战略，输出定制化转型路径，明确升级优先级；实施阶段采用模 块化部署，按需选配模块，保障交付质量与效率；运营阶段采用“长期陪跑”模式，助力客户业务升级迭代，快速实现业 务价值。 （三）深厚客户沉淀，精确把握行业需求 公司凭借在金融科技领域的长期深耕，已构建起覆盖广泛的客户生态体系，累计服务金融机构超2000家，涵盖央行及 3家政策性银行、6大国有银行、12家股份制商业银行、100余家城市商业银行、400余家农信社与农商行、20余家民营银 行及独立法人直销银行、40余家外资银行，并在海外为20余家银行提供服务；同时，保险领域覆盖100余家客户，证券领 域服务130余家，其他金融领域服务600余家。 依托广泛的客户覆盖与深厚的行业积淀，公司不仅精准洞察各类金融主体的差异化需求，更在AI赋能金融行业的关键 进程中，将深厚的行业积累转化为核心优势，通过海量真实场景数据与深度行业理解，驱动AI解决方案的精准落地与创新 突破，持续提升服务效能与市场竞争力，有效拓展业务边界并引领行业数智化转型。 （四）业内广泛认可，引领产业标准落地 公司凭借在金融科技领域的持续创新与深厚积淀，连续 7 年入选 IDC 全球金融科技百强，彰显了行业领先的综合实力 与发展韧性。2025年度，公司再度跻身IDC全球金融科技TOP50，并入选财富中国科技50强、福布斯中国人工智能科技企 业50强、毕马威中国金融科技企业双50强及福布斯中国出海全球领军品牌 TOP30，品牌影响力与市场竞争力得到权威认 可。 截至目前，公司已发布标准累计超100项，在研各类标准共计92项。报告期内，公司完成国际、国家、行业、团体四 层次人工智能标准生态布局，在国际，参与国际标准化组织金融服务技术委员会人工智能特别工作组（ISO/TC68/AG6）、 在国内，参与全国金标委金融国际标准跟踪研究工作组（TC180/WG6）人工智能专题组、全国信标委人工智能分技术委员会 （TC28/SC42）、工信部人工智能标准化技术委员会（MIIT/TC1）等标准组织工作，发布 Al Coding 首个企标，推动 AI for process 理念扎根落地。 公司参编的《大语言模型金融应用技术要求》、《大语言模型金融应用评测规范》、《金融数据中心网络数字化能力 建设指南》等标准入选北京金融科技产业联盟年度五佳标准。牵头组织北京银行、中原银行、深圳农商、绍兴银行、南海 银行、杭州银行、上海银行等金融机构研制并发布了《区域性银行核心系统现代化建设水平度量模型》标准，有效地填补 了行业空白。 15
神州数码信息服务集团股份有限公司2025年年度报告全文 （五）聚力合作伙伴，共建金融科技生态 公司深度投身金融科技产业研究，与国家金融与发展实验室携手编撰《破局赋能 数智重构：金融科技创新实践》专著； 联合《中国农村金融》杂志社发布专项研究报告《农商银行企业架构的建设难点与实施策略》。该报告锚定农信改革深化 与数字化转型的核心脉络，精准聚焦农商银行在法人治理体系转型、业务模式升级、科技能力赋能过程中的关键痛点，深 度回应当下行业发展的迫切诉求。报告中创新推出适配不同法人模式的定制化架构方案，清晰擘画业务架构、应用架构、 数据架构和技术架构的协同演进路径，为农信行业数字化转型的规范化、高效化发展注入强劲核心动力。公司携手中国建 设银行、中国邮政储蓄银行、中国银联等头部机构，联合编制发布《AI Agent 技术金融应用探索与实践》、《量子安全威 胁及其对国内金融行业的影响研究报告》等多项重磅研究成果。 与此同时，公司牵头联合华为云、腾讯云、阿里云，率先组建行业首个国产云金融核心系统联盟，以“新一代分布式 金融核心 + 全栈国产云”的技术组合，为金融机构筑牢数智化转型根基；并与华为、腾讯云等科技企业共同发起行业首个 AIGC 大模型金融生态体系，围绕核心应用场景构建全方位、多层次的 AIGC 产业生态矩阵。 四、主营业务分析 1、概述 在国家数字经济战略顶层设计的引领下，公司精准把握金融行业在“五篇大文章”要求下的新方向，将 “AI for Process”理念深度链接数字金融智能化转型，公司扎实推进金融科技战略的转型升级，紧抓人工智 能井喷而算力掣肘的业务机遇，顺利实现规模与质量并重的高质量发展。 报告期内，公司实现营业收入131.63亿元，同比增长31.59%，其中软件开发和技术服务收入73.02亿元， 同比增长6.32%。实现归属于上市公司股东的净利润0.56亿元，相较于去年同期扭亏为盈。 在金融数字化领域，报告期内，金融行业实现营业收入 45.26 亿元。公司聚焦金融科技赛道，致力于银行 等金融机构全链路数智化升级，深度服务超2,000家金融及泛金融客户。 在政企数字化领域，报告期内，公司政企业务实现收入 71.72 亿元。凭借在税务数字化领域积淀的深厚业 务经验与技术实力，公司深度投身金税三期、四期系统建设工作，持续为我国财税领域数字化转型贡献力量。 与此同时，公司持续深挖智算市场，为企业量身提供契合其业务需求的基础设施建设服务。 在运营商数字化领域，报告期内，公司运营商业务实现收入 14.45 亿元。公司作为国内领先的第三方网络 优化厂商之一，紧密围绕通讯服务业务数字化转型、数字业务升维等领域，向运营商提供通信大数据网络优化 产品及服务。 （一）巩固金融软服优势，支撑金融科技战略进阶 根据，赛迪顾问出具《2024 年中国银行业 IT 解决方案市场份额分析报告》显示，公司金融软服业务市场 份额跃居中国上市公司第一名，彰显了公司在金融科技领域的竞争力和领先地位。报告期内，金融软服业务总 签约额39.19亿元，金融软服业务收入36亿元，公司金融软服业务保持稳定发展。 公司“以客户为中心”经营理念顺利推进，国有大行、股份制银行等重点客户持续取得突破，客户质量与 客户结构不断优化。报告期内，公司金融软服业务在国有大行和股份制银行签约总金额同比增长13.46%，收入 同比增长20.57%，公司金融软服业务前十大客户收入同比增长9.01%，签约总金额同比增长1.38%。 1.支撑业务运转，优化交易效能 16
神州数码信息服务集团股份有限公司2025年年度报告全文 报告期内，公司于核心业务、渠道建设、数据治理、风险管理等多领域解决方案项目中完成人工智能技术 落地应用，既有效筑牢公司解决方案的技术壁垒，亦精准响应了客户的智能化转型需求。 公司以 AI 技术为契机，加快推动银行新一代核心系统转型发展。通过智能化、自动化、交互化的三重价 值升维，实现银行传统核心从“效率支撑者”角色向“业务赋能者”角色的进化。报告期内，签约华夏银行核 心存款项目，获得头部大行客户的认可；成功签约香港某银行核心项目，夯实外资银行数智化建设基础；签约 浙江、吉林等省份农信客户核心项目，农信市场持续取得突破；中标签约河北、四川、青海、广西等地银行核 心项目，区域性农商行客户多点开花，巩固了公司在核心解决方案领域的领先地位。同时，公司利用 AI Coding代码生成平台，进一步提升交付工艺，实现了数个万亿资产体量银行核心项目的并行交付。 公司基于 DeepSeek 大模型的智能综合信贷系统服务多家中小银行并斩获央行金融科技创新奖，公司与平 安银行合作零售贷后预警及 AI 同业知识库项目，为某全国性股份制银行落地统一授信管理平台，签约烟台银 行信贷PMO项目，签约富邦银行，聚焦发力贷后系统，有效赋能不同类型银行的信贷业务智能化落地。 中间业务解决方案成功中标宁波银行标杆项目，依托对银行中间业务全流程的深刻理解与技术沉淀，全面 采用业务模型驱动的方式，实现中间业务精细化运营与风险可控，显著提升中间业务管理效率与价值创造能力。 公司持续完善金融科技支付产品线，围绕支付清算、渠道接入、交易处理和跨境结算等关键场景，进一步 推动支付清算流程优化和跨境结算通道升级，为国开行、浙江农商、青岛银行、海峡银行、台州银行等客户提 供专业服务，助力银行客户提升交易处理效率和支付服务水平。 2.打通渠道触点，提升服务质感 公司数字金融业务锚定银行全渠道数智化转型核心需求，以电子渠道与柜面场景两大细分领域协同发力： 在电子渠道建设领域，已与华润银行、中国信托银行、广州银行、香港上海商业银行等机构完成合作签约，助 力银行搭建高效便捷的线上服务通路；在柜面数智化建设方面，成功携手厦门国际银行、民泰银行、衡水银行、 富邦香港等客户，推动传统线下柜面服务的智能化升级与场景再造。 一体化财资管理系统的市场斩获颇丰，司库咨询服务落地交通银行，与平安银行签订框架协议，已成功签 约华夏银行、华润银行、天津银行、宁波银行等多家重点机构的合作项目，可实现资金态势实时可视、现金流 智能预测、风控流程全链路预警，推动自身从后台业务支撑工具，成为统筹金融资源配置的数智化核心枢纽。 3.深耕管控合规，释放数据潜能 公司资产负债解决方案实现快速市场拓展，其中资产负债产品持续中标国家开发银行、浙商银行、广东农 信等业内头部商业银行，管理会计持续拓展南海农商，富滇银行等客户，总账业务实现成都银行，青岛银行等 客户突破，相关产品业务得到市场进一步认可，持续扩大市场影响力。 公司持续完善风险管理解决方案布局，金融市场中台研发已完成，并在河北银行实现落地应用，签约国开 行市场风险项目，覆盖市场风险资本计量、交易对手信用风险计量、资本压力测试及内部管理等核心功能。同 时，中标杭州民泰银行、重庆银行、天津农商银行等客户。进一步提升金融机构风险治理的体系化、精细化和 智能化水平。 在金融数据资产领域，公司深耕智能数据治理、数据安全及大模型场景应用，服务于某国有银行、多家股 份制银行、头部城市商业银行、农村信用社及非银金融机构，着力构建数据资产运营核心能力，通过高质量数 据集、智能问数、对公零售智能体等场景落地，助力客户优化业务决策、释放数据资产价值。 4.夯实技术底座，赋能系统协同 17
神州数码信息服务集团股份有限公司2025年年度报告全文 报告期内，企业级微服务平台及企业服务总线（ESB）稳居市场领先地位，先后与北京银行、天津银行、 江西农商、宁夏农商、青海农信、富邦银行等多家金融机构达成合作，快速搭建起微服务化、自动化、智能化、 云化的企业级分布式架构体系，为金融机构业务创新提供了坚实的技术支撑。 架构管理平台再添佳绩，成功中标宁波银行、平安银行、上海农商、顺德农商等重点项目，助力合作银行 实现 IT 架构与业务需求的动态适配。 分布式架构产品线成果丰硕，在兴业银行、平安人寿等标杆客户处成功落地，以成熟的技术底座赋能金融 机构数智化升级。 5.业务持续落地，海外布局稳步发展 公司持续推进全球化战略，进一步加大海外业务投入，围绕团队建设、产品研发、市场拓展和交付保障等 方面持续强化能力建设，与多家国际银行建立战略合作关系，国际业务综合竞争力和市场影响力不断提升。 报告期内，公司与南亚地区某银行达成重要合作，项目总金额近千万美元。公司将依托成熟的 Sm@rtOnebank 数字银行解决方案，并结合安全合规的 Web3.0 技术体系，助力该银行打造面向未来的新一代金 融科技基础设施。与此同时，公司深化与既有海外客户合作，在成功实施核心银行系统基础上，成功签约新加 坡某数字银行企业网银系统，并实现项目快速投产，下一步将继续在应用系统维护和持续升级方面展开更多合 作；助力马来西亚某银行完成对公信贷综合管理方案部署；并与泰国、马来西亚领先金融机构围绕核心系统、 信贷管理及跨境支付创新等领域持续深化合作，海外市场拓展取得积极进展。 （二）践行“AI for Process”理念，推动金融智能化升级 公司率先提出并积极践行“AI for Process”理念，推动人工智能与金融业务流程深度融合，着力实现AI 赋能从单点工具应用向业务全流程智能化升级。与此同时，公司以“乾坤”企业级数智底座为核心，深耕 “AI+金融”应用场景，不断完善建模工艺平台、金融大模型和 AI 工具链，推动核心信贷、风险管理、客户运 营等关键业务条线实现智能化贯通，助力金融机构数智化转型。 1.聚焦“AI+金融”融合创新，提升智能化研发能力 报告期内，公司围绕金融行业智能化发展趋势，持续推进金融知识中台及金融“AI+软件工程”方向的前 瞻布局。在金融知识中台方面，公司以构建金融垂直领域知识大模型底座为目标，持续整合通用金融知识、专 业领域知识及企业专属知识，逐步形成可复用、可演进的知识体系，为上层产品、解决方案及智能化应用提供 支撑，助力公司提升行业解决方案的专业深度与智能化水平。 在“AI+软件工程”方面，公司围绕“建模即代码”等方向开展研发探索，重点研究从业务模型向可执行 代码转换的实现路径，推动人工智能技术与软件工程方法的深度融合。相关预研工作已取得阶段性进展，为未 来进一步提升研发自动化水平、缩短交付周期、增强产品快速迭代能力奠定了基础。报告期内，公司全面推进 “AI Coding”技术在软件交付项目中的落地应用，并已在包括核心、总账、资产负债等多个解决方案项目中 实现落地。 2.加速“AI+金融”落地实践，释放智能化赋能价值 作为国内头部银行 IT 解决方案提供商，公司依托“通专融合”技术，将通用大模型精准转化为适配金融 场景的专业模型，深度匹配银行业务需求。报告期内，公司利用 AI 赋能监管报送、智能头寸、全面风险、智 能圈客等10余款产品矩阵和20余款解决方案产品深度服务客户。 在财富管理领域，公司全面推进智能体落地。在财富产品营销、私人银行服务、工薪客群经营及生态拓展 18
神州数码信息服务集团股份有限公司2025年年度报告全文 等场景中，持续加强客户画像、话术推荐、网点营销和批量营销等 AI 能力建设，并向中后台运营支撑延伸， 助力前中后台经营闭环协同，并率先在某股份制银行得到成功应用。 在监管报送领域，公司持续推进 AI 技术与客户需求深度融合，三菱银行监管报送项目成为公司“拥抱 AI、 人机协同”应用实践的典型案例。公司推动 SQL Agent 和数据测试 AI 在客户端落地应用，将智能代码生成、 测试用例生成和测试数据构建等能力引入开发与测试流程，促进项目交付模式向更加智能、高效的方向升级， 进一步提升研发响应速度和交付效率，助力银行客户更高效应对监管政策变化，提升合规运营与管理水平。 在风险管理领域，拿下多个股份制行、省级农信农商的风险管理案例，通过最新的智慧风险管理方案，通 过+AI 的模式，实现风险合规知识库、风险分析报告等场景对业务的赋能，同时试点 AI+的方式对业务流程的 重塑。 在对公营销领域，公司研发形成“对公金融营销助手”产品，通过多 Agent 架构，整合客户洞察、产品推 荐、财务分析等能力，为客户经理提供更加高效的访前准备、客户分析、方案制定和持续经营支持。报告期内， 该方案已在华东某城商行落地应用，构建了涵盖客户洞察、产品匹配、方案生成等功能的智能应用体系，有效 提升业务效率和客户服务能力，为银行提升对公营销质效提供了有力支撑。 2、收入与成本 （1） 营业收入构成 单位：元 2025年 2024年 占营业收入比 占营业收入比 同比增减 金额 金额 重 重 营业收入合计 13,162,811,905.52 100% 10,002,831,521.49 100% 31.59% 分行业 金融 4,525,621,091.67 34.38% 4,911,501,573.56 49.10% -7.86% 政企 7,172,317,697.54 54.49% 3,571,755,484.60 35.71% 100.81% 运营商 1,445,438,903.35 10.98% 1,492,047,141.90 14.92% -3.12% 其他 19,434,212.96 0.15% 27,527,321.43 0.27% -29.40% 分产品 软件开发及技术 7,301,970,191.66 55.47% 6,868,203,595.67 68.66% 6.32% 服务 系统集成 5,856,815,290.20 44.50% 3,129,492,525.15 31.29% 87.15% 其他业务 4,026,423.66 0.03% 5,135,400.67 0.05% -21.59% 分地区 国内地区 13,137,489,273.32 99.81% 9,995,181,229.46 99.92% 31.44% 国外地区 25,322,632.20 0.19% 7,650,292.03 0.08% 231.00% 19
神州数码信息服务集团股份有限公司2025年年度报告全文 公司需遵守《深圳证券交易所上市公司自律监管指引第3号——行业信息披露》中软件与信息技术服务业的披露要求 单位：元 2025年度 2024年度 第一季度 第二季度 第三季度 第四季度 第一季度 第二季度 第三季度 第四季度 营业收 2,159,704,694.07 2,263,492,495.05 4,250,075,658.77 4,489,539,057.63 1,768,357,819.69 2,327,787,630.72 2,583,598,405.41 3,323,087,665.67 入 归属于 上市公 司股东 -92,942,582.20 -3,437,047.15 -10,418,372.55 163,226,336.36 -56,456,904.88 -20,077,212.95 -41,412,100.77 -406,113,907.34 的净利 润 说明经营季节性（或周期性）发生的原因及波动风险 公司季度性经营活动波动主要与公司行业周期特点与客户需求节奏相关。由于公司主要客户为银行、政企、运营商等行业用户，客户通常在一季度启动全年采购计划及履行申 请、审批等程序，二、三季度陆续进行项目的招标、谈判、签约、实施等，三、四季度完成交付并付款，因此相对前三季度，公司第四季度产品交付、验收、确认收入较为集 中。 （2） 占公司营业收入或营业利润10%以上的行业、产品、地区、销售模式的情况 适用 □不适用 公司需遵守《深圳证券交易所上市公司自律监管指引第3号——行业信息披露》中软件与信息技术服务业的披露要求 单位：元 营业收入 营业成本 毛利率 营业收入比上年同期增减 营业成本比上年同期增减 毛利率比上年同期增减 分客户所处行业 金融 4,525,621,091.67 3,800,984,504.64 16.01% -7.86% -9.01% 1.06% 政企 7,172,317,697.54 6,428,543,460.84 10.37% 100.81% 108.29% -3.22% 运营商 1,445,438,903.35 1,284,149,818.82 11.16% -3.12% 4.66% -6.60% 分产品 20
神州数码信息服务集团股份有限公司2025年年度报告全文 软件开发及技术服务 7,301,970,191.66 6,138,462,071.00 15.93% 6.32% 7.28% -0.76% 系统集成 5,856,815,290.20 5,391,776,448.44 7.94% 87.15% 93.51% -3.03% 分地区 国内地区 13,137,489,273.32 11,508,849,535.79 12.40% 31.44% 35.37% -2.54% 公司主营业务数据统计口径在报告期发生调整的情况下，公司最近1年按报告期末口径调整后的主营业务数据 □适用 不适用 21
神州数码信息服务集团股份有限公司2025年年度报告全文 （3） 公司实物销售收入是否大于劳务收入 □是 否 （4） 公司已签订的重大销售合同、重大采购合同截至本报告期的履行情况 □适用 不适用 （5） 营业成本构成 产品分类 单位：元 2025年 2024年 产品分类 项目 同比增减 金额 占营业成本比重 金额 占营业成本比重 软件开发及 6,138,462,071.00 53.23% 5,721,816,823.89 67.25% 7.28% 技术服务 系统集成 5,391,776,448.44 46.76% 2,786,322,687.65 32.75% 93.51% 其他业务 728,604.80 0.01% 371,450.68 0.00% 96.15% 公司需遵守《深圳证券交易所上市公司自律监管指引第3号——行业信息披露》中软件与信息技术服务业的披露要求 主营业务成本构成 单位：元 本报告期 上年同期 成本构成 同比增减 金额 占营业成本比重 金额 占营业成本比重 设备类采购款 5,705,102,980.36 49.48% 3,087,569,873.62 36.29% 84.78% 人工及技术协作 4,848,409,359.14 42.05% 5,152,622,035.02 60.56% -5.90% 其他 977,454,784.74 8.47% 268,319,053.58 3.15% 264.29% （6） 报告期内合并范围是否发生变动 是 □否 本集团合并财务报表范围包括本公司、神州数码系统集成服务有限公司、神州数码信息系统有限公司等49家公司。与 上年相比，本年因新设增加DCITS Malaysia sdn.Bhd.、神州千里（南京）科技有限公司、Techtanium Pte. Ltd.，因注销 减少海南神州方圆科技有限公司。 （7） 公司报告期内业务、产品或服务发生重大变化或调整有关情况 □适用 不适用 （8） 主要销售客户和主要供应商情况 22
神州数码信息服务集团股份有限公司2025年年度报告全文 公司主要销售客户情况 前五名客户合计销售金额（元） 3,974,459,831.66 前五名客户合计销售金额占年度销售总额比例 30.20% 前五名客户销售额中关联方销售额占年度销售总额比例 0.00% 公司前5大客户资料 序号 客户名称 销售额（元） 占年度销售总额比例 1 客户一 1,951,907,049.88 14.83% 2 客户二 881,299,397.47 6.70% 3 客户三 447,735,397.38 3.40% 4 客户四 354,856,550.99 2.70% 5 客户五 338,661,435.94 2.57% 合计 -- 3,974,459,831.66 30.20% 主要客户其他情况说明 □适用 不适用 公司主要供应商情况 前五名供应商合计采购金额（元） 5,248,067,187.11 前五名供应商合计采购金额占年度采购总额比例 60.63% 前五名供应商采购额中关联方采购额占年度采购总额比例 5.42% 公司前5名供应商资料 序号 供应商名称 采购额（元） 占年度采购总额比例 1 供应商一 3,098,530,005.27 35.79% 2 供应商二 1,558,774,411.32 18.01% 3 供应商三 260,187,458.59 3.01% 4 供应商四 208,524,329.18 2.41% 5 供应商五 122,050,982.75 1.41% 合计 -- 5,248,067,187.11 60.63% 主要供应商其他情况说明 □适用 不适用 报告期内公司贸易业务收入占营业收入比例超过10% □适用 不适用 3、费用 单位：元 2025年 2024年 同比增减 重大变动说明 销售费用 466,556,889.87 463,074,181.72 0.75% 管理费用 315,598,960.33 278,729,037.81 13.23% 主要变动原因是本期 财务费用 54,836,233.07 41,151,729.75 33.25% 银行利息费用增加 研发费用 552,968,539.34 614,401,755.75 -10.00% 23
神州数码信息服务集团股份有限公司2025年年度报告全文 4、研发投入 适用 □不适用 预计对公司未来发展 主要研发项目名称 项目目的 项目进展 拟达到的目标 的影响 1.协同核心业务团队 平台自2015年推出， 九天揽月是企业级云原生 聚焦核心工艺与降本 已在近百家客户的上 金融PaaS平台，提供涵盖 增效，提升产品竞争 千个系统运行，支撑 底座、低代码开发及中台 力；2.打通子产品， 金融分布式转型，沉 管控的完整分布式技术中 构建标准化全周期研 淀了从规划到支撑的 台方案。实现开发、运 已按计划完成年 云原生金融PaaS平台 发工艺流程，完善建 全流程闭环方法论与 行、运维及管理全覆盖， 度研发工作 模、设计及运维能 资产库，现已成为乾 通过高效安全的底座和便 力；3.持续迭代分布 坤数智底座核心，提 捷开发能力，助力金融行 式底座，优化用户体 供开发、运行、运 业数字化转型与业务创 验，增强平台核心优 维、容灾等关键特性 新。 势。 支持。 响应《商业银行资本管理 1.打造业内先进的市 市场风险产品作为公 办法》要求，对公司原有 场风险及FRTB、CCR 司战略级风管中台， 风险产品进行升级改造。 内模法方案；2.新增 提供完善的数据管理 覆盖金融衍生品估值、 已按计划完成年 市场风险研发项目 可视化分析、实时计 与计量模型，确保满 VaR、压力测试等功能，构 度研发工作 量等功能；3.丰富自 足最新行业监管要求 建市场风险、FRTB、SACCR 动化工具，降低交付 及业务需求，提升产 及风险驾驶舱四大子产品 成本。 品市场竞争力。 体系。 1.完善海外核心功 聚焦海外金融市场，集成 能，确保合规兼容； 研发海外核心系统助 公司成熟系统并进行多语 2.推进POC验证与交 力国际化扩张，引入 言改造，打造OneBank海 付，树立市场口碑； BIAN标准提升产品灵 银行一体化业务处理 已按计划完成年 外银行整体业务系统。支 3.优化API设计与微 活性，结合AI优化业 系统研发项目 度研发工作 持端到端全流程业务操 服务架构，提升灵活 务流程，在海外金融 作，满足海外客户短周期 性；4.持续优化架 科技领域尤其是新兴 实施与快速上线需求。 构，提高研发与交付 市场占据竞争优势。 效率。 Sm@rtEnsemble是融 合先进理念与多年实 基于SOA设计理念，助力 1.对标竞品，通过补 施经验的全新一代单 银行数字化再造。兼顾传 短板、增长板提升竞 元化核心系统，采用 核心系统标准版本研 统业务与互联网背景下的 已按计划完成年 争力；2.提高产品成 分布式技术和构件 发项目 快速迭代，通过领先的业 度研发工作 熟度并改进交付工 化、参数化设计，以 务规划创新能力支持银行 艺，降低交付成本。 客户为中心，打造面 快速创新。 向未来的银行业务处 理系统。 顺应银行中台架构转型， 针对外资行需求完成 完善银行业解决方 建设统一核算中心，交易 产品升级，实现财会 案，建立差异化竞争 交易级大总账研发项 级大总账在业务理念和财 已按计划完成年 与管会、数据及减估 优势，沉淀核算能 目 务数据应用上实现突破， 度研发工作 值的深度融合，构建 力，满足未来3至5 为重构银行总账系统提供 对外资行竞品的竞争 年总账业务发展需 有力切入点。 优势。 求。 1.增强PaaS能力：构 云原生是银行架构必 建统一用户认证，整 然趋势，微服务系统 基于云原生的微服务平台 合产品，完善中间件 助力银行在转型中应 提供一站式开发工具，简 已按计划完成年 运维，打造金融级平 对基础设施差异带来 微服务平台研发项目 化集成流程，缩短开发周 度研发工作 台；2.优化实施体 的挑战，降低集成风 期并降低技能门槛，助力 验：精细化服务治 险与成本，建立完善 银行快速响应市场需求。 理，优化网关、SDK 的云原生IT架构治理 及监控，降低项目落 体系。 24",windowed_extraction_review_required
000555.SZ,AR_000555_SZ_2025,r_and_d,14,25,"神州数码信息服务集团股份有限公司2025年年度报告全文 接口与规范治理机制，彻底消除信息孤岛，赋能各业务系统高效协同运转。 二、报告期内公司所处行业情况 公司需遵守《深圳证券交易所上市公司自律监管指引第3号——行业信息披露》中软件与信息技术服务业的披露要求 （一）金融科技行业发展趋势 中央金融工作会议对做好科技金融、绿色金融、普惠金融、养老金融、数字金融“五篇大文章”作出重要部署，提出 “数字金融要把握机遇、重视安全。金融机构要加快数字化转型，提高金融服务便利性和竞争力”。国务院办公厅印发 《关于做好金融“五篇大文章”的指导意见》，为数字金融的发展指明了方向。随着数字技术和实体经济日益深度融合， 加快发展与数字经济相适应的数字金融，已成为推动经济社会高质量发展的必然要求。 党的二十届四中全会审议通过的《中共中央关于制定国民经济和社会发展第十五个五年规划的建议》明确提出全面实 施“人工智能+”行动，全方位赋能千行百业高质量发展。当下，国家把对人工智能的重视提升至前所未有的战略高度，将 人工智能定位为“引领新一轮科技革命和产业变革的战略性技术”和“发展新质生产力的主要阵地”。在顶层战略的指引 下，国内AI百花齐放，DeepSeek、智谱、千问等前沿产品加速迭代，持续推动技术革新，赋能经济与产业发展。 工信部赛迪研究院《2024中国银行业IT解决方案市场份额分析报告》显示，2024年中国银行业整体IT投资规模达到 2,757.48亿元，同比增长1.86%；其中，银行业IT解决方案市场规模为614.87亿元，同比增长1.68%。总体来看，银行业 IT 市场需求增速进一步放缓。在银行业净息差持续处于历史低位的背景下，银行机构经营压力加大，降本增效诉求更加突 出，人工智能与银行业务场景的融合不断深化，正逐步成为银行业提升经营质效、增强数智化能力的重要抓手。当前，人 工智能已然从原本的效率辅助工具升级为驱动业务创新的核心生产力，AI 智能体已演进为具备感知、规划与协作能力的 “业务伙伴”，成为金融机构数字化转型的核心支撑。落地应用场景从通用简单迈向专业复杂，已然从辅助办公、智能客 服等领域的局部探索，加速向信贷风控、合规审查、智能投顾等核心业务领域渗透，进而推动金融服务从基础功能实现迈 向深度价值创造。 （二）公司的行业地位 公司在金融科技领域三十余年的深耕积淀与持续创新，获得业界广泛认可与高度信赖，稳居行业领军地位。根据赛迪 咨询与 IDC 等权威机构报告，在银行核心业务系统、渠道管理系统领域，公司已连续十三年位居市场首位，基础业务类 （含核心业务、综合信贷等）市场连续七年排名第一，开放银行领域连续六年蝉联榜首，保持市场领先优势。与此同时， 数据智能、信贷管理、风险管理、智能营销、智慧网点等领域排名较2024年稳步提升。公司核心优势领域持续领跑，潜力 赛道全面跃升，多维度彰显市场主导力。 三、核心竞争力分析 （一）聚焦金融科技，打造领先研发能力 报告期内，公司研发费用达 5.53 亿元人民币，研发投入水平在业内持续领先。公司新增专利 11 件，软件著作权 168 件，拥有软件著作权及专利累计达2,560项，其中专利146件，软件著作权2,414件。未来公司将持续保持研发投入强度， 深化研发机制建设，强化产学研联动力度，持续巩固技术领先优势，为长期稳定发展筑牢技术根基。 报告期内，公司研发围绕“建模驱动、工艺升级、全域智能化”三大方向持续推进能力建设，在金融科技领域进一步 夯实基础研发能力，优化端到端研发工艺流程，并积极布局人工智能与知识工程等前沿方向，为公司产品创新、项目交付 及智能化转型提供了有力支撑。 14
神州数码信息服务集团股份有限公司2025年年度报告全文 公司持续推进建模资产体系化建设，已系统完成存款领域第一版模型资产，并同步启动信贷领域建模工作。相关模型 资产的沉淀，一方面有助于提升业务抽象、方案复用和项目交付能力，为后续实施交付的降本增效奠定基础；另一方面， 也为公司大模型在金融细分场景中的训练、优化与应用提供了高质量数据来源，进一步增强了模型对金融行业知识的理解、 表达和应用能力。 公司持续推动模型驱动的智能化研发工艺升级，构建形成覆盖业务需求分析、IT需求分析、IT设计、开发、测试、部 署及运维等环节的全链路研发体系。强化了研发全过程的标准化、可追溯和智能化支撑能力，并基于元模型理念实现对不 同客户场景、不同项目类型的灵活适配，有效提升了研发协同效率、交付质量和实施稳定性。通过研发工艺的持续优化， 公司进一步增强了复杂金融科技项目的规模化交付能力和工程化管理水平。 （二）全栈产品矩阵，服务数字金融转型 公司深度融合云原生、大数据、人工智能等前沿技术，打造金融数智化全域产品矩阵。同时具备从战略咨询到落地实 施再到持续运维的端到端服务能力，为各类金融机构提供“咨询+实施+运维+运营”一体化支撑，助力客户实现高效运营与 数智化升级。 产品层面构建覆盖经营全链路的完整体系，业务维度可满足核心交易处理、客户精准触达、支付清算等核心需求，适 配高并发交易场景；管理维度提供全渠道整合、风险合规管控、数据全生命周期治理等支撑，紧跟监管政策要求，助力机 构规范运营；技术维度以三大自研底座筑牢根基，搭建稳定可靠的技术架构，支撑系统高效运转。服务层面建立标准化 “咨询-实施-运维”全流程机制，咨询阶段结合机构发展战略，输出定制化转型路径，明确升级优先级；实施阶段采用模 块化部署，按需选配模块，保障交付质量与效率；运营阶段采用“长期陪跑”模式，助力客户业务升级迭代，快速实现业 务价值。 （三）深厚客户沉淀，精确把握行业需求 公司凭借在金融科技领域的长期深耕，已构建起覆盖广泛的客户生态体系，累计服务金融机构超2000家，涵盖央行及 3家政策性银行、6大国有银行、12家股份制商业银行、100余家城市商业银行、400余家农信社与农商行、20余家民营银 行及独立法人直销银行、40余家外资银行，并在海外为20余家银行提供服务；同时，保险领域覆盖100余家客户，证券领 域服务130余家，其他金融领域服务600余家。 依托广泛的客户覆盖与深厚的行业积淀，公司不仅精准洞察各类金融主体的差异化需求，更在AI赋能金融行业的关键 进程中，将深厚的行业积累转化为核心优势，通过海量真实场景数据与深度行业理解，驱动AI解决方案的精准落地与创新 突破，持续提升服务效能与市场竞争力，有效拓展业务边界并引领行业数智化转型。 （四）业内广泛认可，引领产业标准落地 公司凭借在金融科技领域的持续创新与深厚积淀，连续 7 年入选 IDC 全球金融科技百强，彰显了行业领先的综合实力 与发展韧性。2025年度，公司再度跻身IDC全球金融科技TOP50，并入选财富中国科技50强、福布斯中国人工智能科技企 业50强、毕马威中国金融科技企业双50强及福布斯中国出海全球领军品牌 TOP30，品牌影响力与市场竞争力得到权威认 可。 截至目前，公司已发布标准累计超100项，在研各类标准共计92项。报告期内，公司完成国际、国家、行业、团体四 层次人工智能标准生态布局，在国际，参与国际标准化组织金融服务技术委员会人工智能特别工作组（ISO/TC68/AG6）、 在国内，参与全国金标委金融国际标准跟踪研究工作组（TC180/WG6）人工智能专题组、全国信标委人工智能分技术委员会 （TC28/SC42）、工信部人工智能标准化技术委员会（MIIT/TC1）等标准组织工作，发布 Al Coding 首个企标，推动 AI for process 理念扎根落地。 公司参编的《大语言模型金融应用技术要求》、《大语言模型金融应用评测规范》、《金融数据中心网络数字化能力 建设指南》等标准入选北京金融科技产业联盟年度五佳标准。牵头组织北京银行、中原银行、深圳农商、绍兴银行、南海 银行、杭州银行、上海银行等金融机构研制并发布了《区域性银行核心系统现代化建设水平度量模型》标准，有效地填补 了行业空白。 15
神州数码信息服务集团股份有限公司2025年年度报告全文 （五）聚力合作伙伴，共建金融科技生态 公司深度投身金融科技产业研究，与国家金融与发展实验室携手编撰《破局赋能 数智重构：金融科技创新实践》专著； 联合《中国农村金融》杂志社发布专项研究报告《农商银行企业架构的建设难点与实施策略》。该报告锚定农信改革深化 与数字化转型的核心脉络，精准聚焦农商银行在法人治理体系转型、业务模式升级、科技能力赋能过程中的关键痛点，深 度回应当下行业发展的迫切诉求。报告中创新推出适配不同法人模式的定制化架构方案，清晰擘画业务架构、应用架构、 数据架构和技术架构的协同演进路径，为农信行业数字化转型的规范化、高效化发展注入强劲核心动力。公司携手中国建 设银行、中国邮政储蓄银行、中国银联等头部机构，联合编制发布《AI Agent 技术金融应用探索与实践》、《量子安全威 胁及其对国内金融行业的影响研究报告》等多项重磅研究成果。 与此同时，公司牵头联合华为云、腾讯云、阿里云，率先组建行业首个国产云金融核心系统联盟，以“新一代分布式 金融核心 + 全栈国产云”的技术组合，为金融机构筑牢数智化转型根基；并与华为、腾讯云等科技企业共同发起行业首个 AIGC 大模型金融生态体系，围绕核心应用场景构建全方位、多层次的 AIGC 产业生态矩阵。 四、主营业务分析 1、概述 在国家数字经济战略顶层设计的引领下，公司精准把握金融行业在“五篇大文章”要求下的新方向，将 “AI for Process”理念深度链接数字金融智能化转型，公司扎实推进金融科技战略的转型升级，紧抓人工智 能井喷而算力掣肘的业务机遇，顺利实现规模与质量并重的高质量发展。 报告期内，公司实现营业收入131.63亿元，同比增长31.59%，其中软件开发和技术服务收入73.02亿元， 同比增长6.32%。实现归属于上市公司股东的净利润0.56亿元，相较于去年同期扭亏为盈。 在金融数字化领域，报告期内，金融行业实现营业收入 45.26 亿元。公司聚焦金融科技赛道，致力于银行 等金融机构全链路数智化升级，深度服务超2,000家金融及泛金融客户。 在政企数字化领域，报告期内，公司政企业务实现收入 71.72 亿元。凭借在税务数字化领域积淀的深厚业 务经验与技术实力，公司深度投身金税三期、四期系统建设工作，持续为我国财税领域数字化转型贡献力量。 与此同时，公司持续深挖智算市场，为企业量身提供契合其业务需求的基础设施建设服务。 在运营商数字化领域，报告期内，公司运营商业务实现收入 14.45 亿元。公司作为国内领先的第三方网络 优化厂商之一，紧密围绕通讯服务业务数字化转型、数字业务升维等领域，向运营商提供通信大数据网络优化 产品及服务。 （一）巩固金融软服优势，支撑金融科技战略进阶 根据，赛迪顾问出具《2024 年中国银行业 IT 解决方案市场份额分析报告》显示，公司金融软服业务市场 份额跃居中国上市公司第一名，彰显了公司在金融科技领域的竞争力和领先地位。报告期内，金融软服业务总 签约额39.19亿元，金融软服业务收入36亿元，公司金融软服业务保持稳定发展。 公司“以客户为中心”经营理念顺利推进，国有大行、股份制银行等重点客户持续取得突破，客户质量与 客户结构不断优化。报告期内，公司金融软服业务在国有大行和股份制银行签约总金额同比增长13.46%，收入 同比增长20.57%，公司金融软服业务前十大客户收入同比增长9.01%，签约总金额同比增长1.38%。 1.支撑业务运转，优化交易效能 16
神州数码信息服务集团股份有限公司2025年年度报告全文 报告期内，公司于核心业务、渠道建设、数据治理、风险管理等多领域解决方案项目中完成人工智能技术 落地应用，既有效筑牢公司解决方案的技术壁垒，亦精准响应了客户的智能化转型需求。 公司以 AI 技术为契机，加快推动银行新一代核心系统转型发展。通过智能化、自动化、交互化的三重价 值升维，实现银行传统核心从“效率支撑者”角色向“业务赋能者”角色的进化。报告期内，签约华夏银行核 心存款项目，获得头部大行客户的认可；成功签约香港某银行核心项目，夯实外资银行数智化建设基础；签约 浙江、吉林等省份农信客户核心项目，农信市场持续取得突破；中标签约河北、四川、青海、广西等地银行核 心项目，区域性农商行客户多点开花，巩固了公司在核心解决方案领域的领先地位。同时，公司利用 AI Coding代码生成平台，进一步提升交付工艺，实现了数个万亿资产体量银行核心项目的并行交付。 公司基于 DeepSeek 大模型的智能综合信贷系统服务多家中小银行并斩获央行金融科技创新奖，公司与平 安银行合作零售贷后预警及 AI 同业知识库项目，为某全国性股份制银行落地统一授信管理平台，签约烟台银 行信贷PMO项目，签约富邦银行，聚焦发力贷后系统，有效赋能不同类型银行的信贷业务智能化落地。 中间业务解决方案成功中标宁波银行标杆项目，依托对银行中间业务全流程的深刻理解与技术沉淀，全面 采用业务模型驱动的方式，实现中间业务精细化运营与风险可控，显著提升中间业务管理效率与价值创造能力。 公司持续完善金融科技支付产品线，围绕支付清算、渠道接入、交易处理和跨境结算等关键场景，进一步 推动支付清算流程优化和跨境结算通道升级，为国开行、浙江农商、青岛银行、海峡银行、台州银行等客户提 供专业服务，助力银行客户提升交易处理效率和支付服务水平。 2.打通渠道触点，提升服务质感 公司数字金融业务锚定银行全渠道数智化转型核心需求，以电子渠道与柜面场景两大细分领域协同发力： 在电子渠道建设领域，已与华润银行、中国信托银行、广州银行、香港上海商业银行等机构完成合作签约，助 力银行搭建高效便捷的线上服务通路；在柜面数智化建设方面，成功携手厦门国际银行、民泰银行、衡水银行、 富邦香港等客户，推动传统线下柜面服务的智能化升级与场景再造。 一体化财资管理系统的市场斩获颇丰，司库咨询服务落地交通银行，与平安银行签订框架协议，已成功签 约华夏银行、华润银行、天津银行、宁波银行等多家重点机构的合作项目，可实现资金态势实时可视、现金流 智能预测、风控流程全链路预警，推动自身从后台业务支撑工具，成为统筹金融资源配置的数智化核心枢纽。 3.深耕管控合规，释放数据潜能 公司资产负债解决方案实现快速市场拓展，其中资产负债产品持续中标国家开发银行、浙商银行、广东农 信等业内头部商业银行，管理会计持续拓展南海农商，富滇银行等客户，总账业务实现成都银行，青岛银行等 客户突破，相关产品业务得到市场进一步认可，持续扩大市场影响力。 公司持续完善风险管理解决方案布局，金融市场中台研发已完成，并在河北银行实现落地应用，签约国开 行市场风险项目，覆盖市场风险资本计量、交易对手信用风险计量、资本压力测试及内部管理等核心功能。同 时，中标杭州民泰银行、重庆银行、天津农商银行等客户。进一步提升金融机构风险治理的体系化、精细化和 智能化水平。 在金融数据资产领域，公司深耕智能数据治理、数据安全及大模型场景应用，服务于某国有银行、多家股 份制银行、头部城市商业银行、农村信用社及非银金融机构，着力构建数据资产运营核心能力，通过高质量数 据集、智能问数、对公零售智能体等场景落地，助力客户优化业务决策、释放数据资产价值。 4.夯实技术底座，赋能系统协同 17
神州数码信息服务集团股份有限公司2025年年度报告全文 报告期内，企业级微服务平台及企业服务总线（ESB）稳居市场领先地位，先后与北京银行、天津银行、 江西农商、宁夏农商、青海农信、富邦银行等多家金融机构达成合作，快速搭建起微服务化、自动化、智能化、 云化的企业级分布式架构体系，为金融机构业务创新提供了坚实的技术支撑。 架构管理平台再添佳绩，成功中标宁波银行、平安银行、上海农商、顺德农商等重点项目，助力合作银行 实现 IT 架构与业务需求的动态适配。 分布式架构产品线成果丰硕，在兴业银行、平安人寿等标杆客户处成功落地，以成熟的技术底座赋能金融 机构数智化升级。 5.业务持续落地，海外布局稳步发展 公司持续推进全球化战略，进一步加大海外业务投入，围绕团队建设、产品研发、市场拓展和交付保障等 方面持续强化能力建设，与多家国际银行建立战略合作关系，国际业务综合竞争力和市场影响力不断提升。 报告期内，公司与南亚地区某银行达成重要合作，项目总金额近千万美元。公司将依托成熟的 Sm@rtOnebank 数字银行解决方案，并结合安全合规的 Web3.0 技术体系，助力该银行打造面向未来的新一代金 融科技基础设施。与此同时，公司深化与既有海外客户合作，在成功实施核心银行系统基础上，成功签约新加 坡某数字银行企业网银系统，并实现项目快速投产，下一步将继续在应用系统维护和持续升级方面展开更多合 作；助力马来西亚某银行完成对公信贷综合管理方案部署；并与泰国、马来西亚领先金融机构围绕核心系统、 信贷管理及跨境支付创新等领域持续深化合作，海外市场拓展取得积极进展。 （二）践行“AI for Process”理念，推动金融智能化升级 公司率先提出并积极践行“AI for Process”理念，推动人工智能与金融业务流程深度融合，着力实现AI 赋能从单点工具应用向业务全流程智能化升级。与此同时，公司以“乾坤”企业级数智底座为核心，深耕 “AI+金融”应用场景，不断完善建模工艺平台、金融大模型和 AI 工具链，推动核心信贷、风险管理、客户运 营等关键业务条线实现智能化贯通，助力金融机构数智化转型。 1.聚焦“AI+金融”融合创新，提升智能化研发能力 报告期内，公司围绕金融行业智能化发展趋势，持续推进金融知识中台及金融“AI+软件工程”方向的前 瞻布局。在金融知识中台方面，公司以构建金融垂直领域知识大模型底座为目标，持续整合通用金融知识、专 业领域知识及企业专属知识，逐步形成可复用、可演进的知识体系，为上层产品、解决方案及智能化应用提供 支撑，助力公司提升行业解决方案的专业深度与智能化水平。 在“AI+软件工程”方面，公司围绕“建模即代码”等方向开展研发探索，重点研究从业务模型向可执行 代码转换的实现路径，推动人工智能技术与软件工程方法的深度融合。相关预研工作已取得阶段性进展，为未 来进一步提升研发自动化水平、缩短交付周期、增强产品快速迭代能力奠定了基础。报告期内，公司全面推进 “AI Coding”技术在软件交付项目中的落地应用，并已在包括核心、总账、资产负债等多个解决方案项目中 实现落地。 2.加速“AI+金融”落地实践，释放智能化赋能价值 作为国内头部银行 IT 解决方案提供商，公司依托“通专融合”技术，将通用大模型精准转化为适配金融 场景的专业模型，深度匹配银行业务需求。报告期内，公司利用 AI 赋能监管报送、智能头寸、全面风险、智 能圈客等10余款产品矩阵和20余款解决方案产品深度服务客户。 在财富管理领域，公司全面推进智能体落地。在财富产品营销、私人银行服务、工薪客群经营及生态拓展 18
神州数码信息服务集团股份有限公司2025年年度报告全文 等场景中，持续加强客户画像、话术推荐、网点营销和批量营销等 AI 能力建设，并向中后台运营支撑延伸， 助力前中后台经营闭环协同，并率先在某股份制银行得到成功应用。 在监管报送领域，公司持续推进 AI 技术与客户需求深度融合，三菱银行监管报送项目成为公司“拥抱 AI、 人机协同”应用实践的典型案例。公司推动 SQL Agent 和数据测试 AI 在客户端落地应用，将智能代码生成、 测试用例生成和测试数据构建等能力引入开发与测试流程，促进项目交付模式向更加智能、高效的方向升级， 进一步提升研发响应速度和交付效率，助力银行客户更高效应对监管政策变化，提升合规运营与管理水平。 在风险管理领域，拿下多个股份制行、省级农信农商的风险管理案例，通过最新的智慧风险管理方案，通 过+AI 的模式，实现风险合规知识库、风险分析报告等场景对业务的赋能，同时试点 AI+的方式对业务流程的 重塑。 在对公营销领域，公司研发形成“对公金融营销助手”产品，通过多 Agent 架构，整合客户洞察、产品推 荐、财务分析等能力，为客户经理提供更加高效的访前准备、客户分析、方案制定和持续经营支持。报告期内， 该方案已在华东某城商行落地应用，构建了涵盖客户洞察、产品匹配、方案生成等功能的智能应用体系，有效 提升业务效率和客户服务能力，为银行提升对公营销质效提供了有力支撑。 2、收入与成本 （1） 营业收入构成 单位：元 2025年 2024年 占营业收入比 占营业收入比 同比增减 金额 金额 重 重 营业收入合计 13,162,811,905.52 100% 10,002,831,521.49 100% 31.59% 分行业 金融 4,525,621,091.67 34.38% 4,911,501,573.56 49.10% -7.86% 政企 7,172,317,697.54 54.49% 3,571,755,484.60 35.71% 100.81% 运营商 1,445,438,903.35 10.98% 1,492,047,141.90 14.92% -3.12% 其他 19,434,212.96 0.15% 27,527,321.43 0.27% -29.40% 分产品 软件开发及技术 7,301,970,191.66 55.47% 6,868,203,595.67 68.66% 6.32% 服务 系统集成 5,856,815,290.20 44.50% 3,129,492,525.15 31.29% 87.15% 其他业务 4,026,423.66 0.03% 5,135,400.67 0.05% -21.59% 分地区 国内地区 13,137,489,273.32 99.81% 9,995,181,229.46 99.92% 31.44% 国外地区 25,322,632.20 0.19% 7,650,292.03 0.08% 231.00% 19
神州数码信息服务集团股份有限公司2025年年度报告全文 公司需遵守《深圳证券交易所上市公司自律监管指引第3号——行业信息披露》中软件与信息技术服务业的披露要求 单位：元 2025年度 2024年度 第一季度 第二季度 第三季度 第四季度 第一季度 第二季度 第三季度 第四季度 营业收 2,159,704,694.07 2,263,492,495.05 4,250,075,658.77 4,489,539,057.63 1,768,357,819.69 2,327,787,630.72 2,583,598,405.41 3,323,087,665.67 入 归属于 上市公 司股东 -92,942,582.20 -3,437,047.15 -10,418,372.55 163,226,336.36 -56,456,904.88 -20,077,212.95 -41,412,100.77 -406,113,907.34 的净利 润 说明经营季节性（或周期性）发生的原因及波动风险 公司季度性经营活动波动主要与公司行业周期特点与客户需求节奏相关。由于公司主要客户为银行、政企、运营商等行业用户，客户通常在一季度启动全年采购计划及履行申 请、审批等程序，二、三季度陆续进行项目的招标、谈判、签约、实施等，三、四季度完成交付并付款，因此相对前三季度，公司第四季度产品交付、验收、确认收入较为集 中。 （2） 占公司营业收入或营业利润10%以上的行业、产品、地区、销售模式的情况 适用 □不适用 公司需遵守《深圳证券交易所上市公司自律监管指引第3号——行业信息披露》中软件与信息技术服务业的披露要求 单位：元 营业收入 营业成本 毛利率 营业收入比上年同期增减 营业成本比上年同期增减 毛利率比上年同期增减 分客户所处行业 金融 4,525,621,091.67 3,800,984,504.64 16.01% -7.86% -9.01% 1.06% 政企 7,172,317,697.54 6,428,543,460.84 10.37% 100.81% 108.29% -3.22% 运营商 1,445,438,903.35 1,284,149,818.82 11.16% -3.12% 4.66% -6.60% 分产品 20
神州数码信息服务集团股份有限公司2025年年度报告全文 软件开发及技术服务 7,301,970,191.66 6,138,462,071.00 15.93% 6.32% 7.28% -0.76% 系统集成 5,856,815,290.20 5,391,776,448.44 7.94% 87.15% 93.51% -3.03% 分地区 国内地区 13,137,489,273.32 11,508,849,535.79 12.40% 31.44% 35.37% -2.54% 公司主营业务数据统计口径在报告期发生调整的情况下，公司最近1年按报告期末口径调整后的主营业务数据 □适用 不适用 21
神州数码信息服务集团股份有限公司2025年年度报告全文 （3） 公司实物销售收入是否大于劳务收入 □是 否 （4） 公司已签订的重大销售合同、重大采购合同截至本报告期的履行情况 □适用 不适用 （5） 营业成本构成 产品分类 单位：元 2025年 2024年 产品分类 项目 同比增减 金额 占营业成本比重 金额 占营业成本比重 软件开发及 6,138,462,071.00 53.23% 5,721,816,823.89 67.25% 7.28% 技术服务 系统集成 5,391,776,448.44 46.76% 2,786,322,687.65 32.75% 93.51% 其他业务 728,604.80 0.01% 371,450.68 0.00% 96.15% 公司需遵守《深圳证券交易所上市公司自律监管指引第3号——行业信息披露》中软件与信息技术服务业的披露要求 主营业务成本构成 单位：元 本报告期 上年同期 成本构成 同比增减 金额 占营业成本比重 金额 占营业成本比重 设备类采购款 5,705,102,980.36 49.48% 3,087,569,873.62 36.29% 84.78% 人工及技术协作 4,848,409,359.14 42.05% 5,152,622,035.02 60.56% -5.90% 其他 977,454,784.74 8.47% 268,319,053.58 3.15% 264.29% （6） 报告期内合并范围是否发生变动 是 □否 本集团合并财务报表范围包括本公司、神州数码系统集成服务有限公司、神州数码信息系统有限公司等49家公司。与 上年相比，本年因新设增加DCITS Malaysia sdn.Bhd.、神州千里（南京）科技有限公司、Techtanium Pte. Ltd.，因注销 减少海南神州方圆科技有限公司。 （7） 公司报告期内业务、产品或服务发生重大变化或调整有关情况 □适用 不适用 （8） 主要销售客户和主要供应商情况 22
神州数码信息服务集团股份有限公司2025年年度报告全文 公司主要销售客户情况 前五名客户合计销售金额（元） 3,974,459,831.66 前五名客户合计销售金额占年度销售总额比例 30.20% 前五名客户销售额中关联方销售额占年度销售总额比例 0.00% 公司前5大客户资料 序号 客户名称 销售额（元） 占年度销售总额比例 1 客户一 1,951,907,049.88 14.83% 2 客户二 881,299,397.47 6.70% 3 客户三 447,735,397.38 3.40% 4 客户四 354,856,550.99 2.70% 5 客户五 338,661,435.94 2.57% 合计 -- 3,974,459,831.66 30.20% 主要客户其他情况说明 □适用 不适用 公司主要供应商情况 前五名供应商合计采购金额（元） 5,248,067,187.11 前五名供应商合计采购金额占年度采购总额比例 60.63% 前五名供应商采购额中关联方采购额占年度采购总额比例 5.42% 公司前5名供应商资料 序号 供应商名称 采购额（元） 占年度采购总额比例 1 供应商一 3,098,530,005.27 35.79% 2 供应商二 1,558,774,411.32 18.01% 3 供应商三 260,187,458.59 3.01% 4 供应商四 208,524,329.18 2.41% 5 供应商五 122,050,982.75 1.41% 合计 -- 5,248,067,187.11 60.63% 主要供应商其他情况说明 □适用 不适用 报告期内公司贸易业务收入占营业收入比例超过10% □适用 不适用 3、费用 单位：元 2025年 2024年 同比增减 重大变动说明 销售费用 466,556,889.87 463,074,181.72 0.75% 管理费用 315,598,960.33 278,729,037.81 13.23% 主要变动原因是本期 财务费用 54,836,233.07 41,151,729.75 33.25% 银行利息费用增加 研发费用 552,968,539.34 614,401,755.75 -10.00% 23
神州数码信息服务集团股份有限公司2025年年度报告全文 4、研发投入 适用 □不适用 预计对公司未来发展 主要研发项目名称 项目目的 项目进展 拟达到的目标 的影响 1.协同核心业务团队 平台自2015年推出， 九天揽月是企业级云原生 聚焦核心工艺与降本 已在近百家客户的上 金融PaaS平台，提供涵盖 增效，提升产品竞争 千个系统运行，支撑 底座、低代码开发及中台 力；2.打通子产品， 金融分布式转型，沉 管控的完整分布式技术中 构建标准化全周期研 淀了从规划到支撑的 台方案。实现开发、运 已按计划完成年 云原生金融PaaS平台 发工艺流程，完善建 全流程闭环方法论与 行、运维及管理全覆盖， 度研发工作 模、设计及运维能 资产库，现已成为乾 通过高效安全的底座和便 力；3.持续迭代分布 坤数智底座核心，提 捷开发能力，助力金融行 式底座，优化用户体 供开发、运行、运 业数字化转型与业务创 验，增强平台核心优 维、容灾等关键特性 新。 势。 支持。 响应《商业银行资本管理 1.打造业内先进的市 市场风险产品作为公 办法》要求，对公司原有 场风险及FRTB、CCR 司战略级风管中台， 风险产品进行升级改造。 内模法方案；2.新增 提供完善的数据管理 覆盖金融衍生品估值、 已按计划完成年 市场风险研发项目 可视化分析、实时计 与计量模型，确保满 VaR、压力测试等功能，构 度研发工作 量等功能；3.丰富自 足最新行业监管要求 建市场风险、FRTB、SACCR 动化工具，降低交付 及业务需求，提升产 及风险驾驶舱四大子产品 成本。 品市场竞争力。 体系。 1.完善海外核心功 聚焦海外金融市场，集成 能，确保合规兼容； 研发海外核心系统助 公司成熟系统并进行多语 2.推进POC验证与交 力国际化扩张，引入 言改造，打造OneBank海 付，树立市场口碑； BIAN标准提升产品灵 银行一体化业务处理 已按计划完成年 外银行整体业务系统。支 3.优化API设计与微 活性，结合AI优化业 系统研发项目 度研发工作 持端到端全流程业务操 服务架构，提升灵活 务流程，在海外金融 作，满足海外客户短周期 性；4.持续优化架 科技领域尤其是新兴 实施与快速上线需求。 构，提高研发与交付 市场占据竞争优势。 效率。 Sm@rtEnsemble是融 合先进理念与多年实 基于SOA设计理念，助力 1.对标竞品，通过补 施经验的全新一代单 银行数字化再造。兼顾传 短板、增长板提升竞 元化核心系统，采用 核心系统标准版本研 统业务与互联网背景下的 已按计划完成年 争力；2.提高产品成 分布式技术和构件 发项目 快速迭代，通过领先的业 度研发工作 熟度并改进交付工 化、参数化设计，以 务规划创新能力支持银行 艺，降低交付成本。 客户为中心，打造面 快速创新。 向未来的银行业务处 理系统。 顺应银行中台架构转型， 针对外资行需求完成 完善银行业解决方 建设统一核算中心，交易 产品升级，实现财会 案，建立差异化竞争 交易级大总账研发项 级大总账在业务理念和财 已按计划完成年 与管会、数据及减估 优势，沉淀核算能 目 务数据应用上实现突破， 度研发工作 值的深度融合，构建 力，满足未来3至5 为重构银行总账系统提供 对外资行竞品的竞争 年总账业务发展需 有力切入点。 优势。 求。 1.增强PaaS能力：构 云原生是银行架构必 建统一用户认证，整 然趋势，微服务系统 基于云原生的微服务平台 合产品，完善中间件 助力银行在转型中应 提供一站式开发工具，简 已按计划完成年 运维，打造金融级平 对基础设施差异带来 微服务平台研发项目 化集成流程，缩短开发周 度研发工作 台；2.优化实施体 的挑战，降低集成风 期并降低技能门槛，助力 验：精细化服务治 险与成本，建立完善 银行快速响应市场需求。 理，优化网关、SDK 的云原生IT架构治理 及监控，降低项目落 体系。 24
神州数码信息服务集团股份有限公司2025年年度报告全文 地难度。 银行为企业提供财资SaaS 1.拓展业务版图：新 财资方案已成功进入 云服务，实现金融科技赋 增交易银行、决策分 银行对公领域。通过 能。通过整合业务、信 析、跨境及供应链管 扩充交易银行功能模 已按计划完成年 财资云研发项目 息、管理及资金流，助力 理模块；2.优化用户 块，抓住存量升级机 度研发工作 企业资金管理实现系统 体验：完善驾驶舱、 会，显著提升产品的 化、数字化与智能化转 投融资、票据及预算 市场竞争力和持续签 型。 管理等核心功能。 约能力。 平台定位为乾坤数智 针对传统建模工具效率 1.构建业务建模与IT 底座的架构支撑，建 低、质量差等痛点，推出 建模的一体化能力； 立差异化优势。通过 2.0阶段建模工具，以工程 已按计划完成年 2.实现模型驱动开 建模工艺平台 驱动企业级架构治理 化IT实施工艺为指导，促 度研发工作 发，打通从需求到设 与数字化工艺体系建 进业技融合，全面满足银 计的端到端工程工 设，已获得浦发、农 行功能需求。 艺。 发等大型银行认可。 助力商业银行满足《商业 完成产品2.0研发， 紧跟监管导向，满足 银行资本管理办法》要 涵盖风险绩效管理、 银行风险中台化管理 求，建设全面风险管理架 模型管理、计量与规 已按计划完成年 需求，填补行业传导 全面风险研发项目 构，涵盖操作风险、信用 则引擎等模块，通过 度研发工作 与加总缺陷，通过技 风险等子产品，打造集决 提升产品复用性，有 术创新提升MB5的市 策、监督、服务于一体的 效降低交付工程成 场竞争力。 企业级工具。 本。 基于九天揽月平台， 通过闭环经营管理提 响应银行客户数字化转 整合资产负债、成本 升银行资产负债的主 型、财务创新及信创要 已按计划完成年 分摊及预算产品，打 动管理能力，解决管 资产负债研发项目 求，对现有管理会计系统 度研发工作 造覆盖全业务场景的 理分散、预警不足等 进行迭代升级，解决管理 高性能统一资产负债 痛点，助力银行达成 痛点，提升经营效率。 平台。 年度经营目标。 1.全面升级数据集 作为乾坤数智底座的 针对数据研发中存在的工 成、调度及实时计算 数据核心，通过统一 具割裂、周期冗长、质量 等核心模块；2.实施 流程提升效率质量， 失控及安全风险等痛点， 已按计划完成年 架构解耦，支持各子 六合上甲研发项目 持续融合AI能力，布 提供一体化、自动化、可 度研发工作 平台独立部署；3.结 局智能解析与自动化 追溯的现代数据研发解决 合AI技术，实现智能 测试，构建领先的安 方案。 辅助开发与SQL调 全高效研发体系。 优。 整合管控与资产平 持续迭代数据治理方 通过建设数据资产管理平 台，构建统一框架， 案，提升产品跨行业 台，实施企业级数据治 涵盖数据标准、模 覆盖能力，通过丰富 全域数据资产管理平 理，在降低治理复杂度的 已按计划完成年 型、血缘、质量、元 产品内涵，巩固市场 台研发项目 同时持续提升数据质量， 度研发工作 数据、安全及资产运 领先地位，成为支撑 实现数据资源向资产的转 营等全方位管理功 企业数据战略的首选 化，满足监管要求。 能。 合作伙伴。 为应对金融严监管及穿透 1.提供覆盖全业务的 紧抓一表通2.0规范 式监管发展趋势，满足金 统计报送方案；2.构 带来的市场机遇，预 融机构对专业咨询与落地 统一监管合规平台研 已按计划完成年 建监管数据集市，打 计2026年将迎来建设 实施的迫切需求，开展本 发项目 度研发工作 通数据脉络；3.提供 高峰，公司将深挖监 项目研发，旨在打造从业 监管资产模型及分析 管数据集市与指标模 务到数据的端到端解决方 应用场景。 型等新增商机。 案，形成核心竞争力。 公司研发人员情况 2025年 2024年 变动比例 研发人员数量（人） 3,297 3,938 -16.28% 研发人员数量占比 15.91% 21.65% -5.74% 25",windowed_extraction_review_required
000555.SZ,AR_000555_SZ_2025,management_discussion,5,16,"神州数码信息服务集团股份有限公司2025年年度报告全文 目 录 第一节 重要提示、目录和释义 ................................................ 4 第二节 公司简介和主要财务指标 .............................................. 8 第三节 管理层讨论与分析 ..................................................... 13 第四节 公司治理、环境和社会 ................................................ 35 第五节 重要事项 ................................................................ 63 第六节 股份变动及股东情况................................................... 92 第七节 债券相关情况........................................................... 99 第八节 财务报告 ............................................................... 100 5
神州数码信息服务集团股份有限公司2025年年度报告全文 备查文件目录 （一）载有公司负责人、主管会计工作负责人、会计机构负责人签名并盖章的财务报表。 （二）载有会计师事务所盖章、注册会计师签名并盖章的审计报告原件。 （三）报告期内在《证券时报》及巨潮资讯网（www.cninfo.com.cn）上公开披露过的所有公司文件 的正本及公告的原稿。 6
神州数码信息服务集团股份有限公司2025年年度报告全文 释 义 释义项 指 释义内容 本公司、公司、神州信息、本集团 指 神州数码信息服务集团股份有限公司 太光电信、*ST太光 指 深圳市太光电信股份有限公司 神州控股 指 神州数码控股有限公司 神州数码 指 神州数码集团股份有限公司 神码软件 指 神州数码软件有限公司 萍乡信锐企业管理合伙企业（有限合伙）（原名为天津信锐 萍乡信锐、天津信锐 指 投资合伙企业（有限合伙）） 中新创投 指 中新苏州工业园区创业投资有限公司 华亿投资 指 Infinity I-China Investments（Israel）,L.P. 霍尔果斯汇庆天下股权投资管理合伙企业（有限合伙）（原 南京汇庆 指 名为南京汇庆天下科技有限公司） 申昌科技 指 昆山市申昌科技有限公司 中国证监会、证监会 指 中国证券监督管理委员会 中农信达 指 北京中农信达信息技术有限公司 华苏科技 指 南京华苏科技有限公司 信息系统公司 指 神州数码信息系统有限公司 旗硕科技 指 北京旗硕基业科技股份有限公司 君信宜知 指 上海君信宜知网络科技有限公司 融信软件 指 神州数码融信软件有限公司 融信云 指 神州数码融信云技术服务有限公司 《公司法》 指 《中华人民共和国公司法》 《证券法》 指 《中华人民共和国证券法》 《上市规则》 指 《深圳证券交易所股票上市规则》 公司章程 指 神州数码信息服务集团股份有限公司章程 股东会 指 神州数码信息服务集团股份有限公司股东会 董事会 指 神州数码信息服务集团股份有限公司董事会 监事会 指 神州数码信息服务集团股份有限公司监事会 元、万元、亿元 指 人民币元、人民币万元、人民币亿元 报告期、本报告期 指 2025年1月1日至2025年12月31日 7
神州数码信息服务集团股份有限公司2025年年度报告全文 第二节 公司简介和主要财务指标 一、公司信息 股票简称 神州信息 股票代码 000555 股票上市证券交易所 深圳证券交易所 公司的中文名称 神州数码信息服务集团股份有限公司 公司的中文简称 神州信息 公司的外文名称 Digital China Information Service Group Company Ltd. 公司的外文名称缩写 DCITS 公司的法定代表人 徐启昌 注册地址 深圳市南山区沙河街道东方社区深湾二路82号神州数码国际创新中心东塔3905 注册地址的邮政编码 518000 1、2001年2月，公司注册地址由贵州省凯里市环城西路92号迁移变更为深圳市福田区 天安数码城天吉大厦四楼A2室。 2、2002年5月，公司注册地址变更为深圳市福田区车公庙泰然工贸园201栋2楼。 3、2007年7月，公司注册地址变更为深圳市福田区滨河路北与彩田路东联合广场A座 3608室。 公司注册地址历史变更情况 4、2014年6月，公司注册地址变更为深圳市南山区科发路8号金融服务技术创新基地1 栋3C5单元。 5、2017年1月，公司注册地址变更为深圳市南山区科发路8号金融服务技术创新基地2 栋11B1单元。 6、2024年5月，公司注册地址变更为深圳市南山区沙河街道东方社区深湾二路82号神 州数码国际创新中心东塔3905。 办公地址 北京市海淀区西北旺东路10号院东区18号楼神州信息大厦 办公地址的邮政编码 100193 公司网址 www.dcits.com 电子信箱 dcits-ir@dcits.com 二、联系人和联系方式 董事会秘书 证券事务代表 姓名 刘伟刚 李丹 北京市海淀区西北旺东路10号院东区18号楼 北京市海淀区西北旺东路10号院东区18号 联系地址 神州信息大厦 楼神州信息大厦 电话 010-61853676 010-61853676 传真 010-62694810 010-62694810 电子信箱 dcits-ir@dcits.com dcits-ir@dcits.com 三、信息披露及备置地点 公司披露年度报告的证券交易所网站 http://www.szse.cn/ 8
神州数码信息服务集团股份有限公司2025年年度报告全文 公司披露年度报告的媒体名称及网址 《证券时报》、巨潮资讯网（www.cninfo.com.cn） 公司年度报告备置地点 北京市海淀区西北旺东路10号院东区18号楼神州信息大厦六层 四、注册变更情况 统一社会信用代码 91440300726198124D 1、公司上市以来经营范围为：涤纶化纤、织物印染、化纤原料。主要产品为涤纶 长丝。 2、2001年2月16日，公司经营范围变更为：涤纶化纤、织物印染、化纤原料； 生产、销售TEC5200综合业务接入网等通信设备；国内商业、物资供销业（不含 专营、专控、专卖商品）。 3、2001年4月27日，公司的经营范围变更为：涤纶化纤、织物印染、化纤原 料；生产、销售TEC5200综合业务接入网等通信设备；国内商业、物资供销业 （不含专营、专控、专卖商品）。经营进出口业务。 4、2001年5月28日，公司经营范围变更为：生产、销售TEC5200综合业务接入 网等通信设备；国内商业、物资供销业（不含专营、专控、专卖商品）。经营进 出口业务。 5、2007年7月16日，公司经营范围变更为：销售TEC5200综合业务接入网等通 公司上市以来主营业务的变化情况 信设备；国内商业、物资供销业（不含专营、专控、专卖商品）；经营进出口业 务。 6、2010年7月19日，公司经营范围变更为：销售TEC5200综合业务接入网等通 信设备；经营进出口业务；电子产品的销售；房地产开发与投资；物业管理（法 律、行政法规、国务院决定禁止的项目除外，限制的项目须取得许可后方可经 营）。 7、2014年2月26日，经营范围进行了工商变更：研究、开发金融自助设备及相 关应用软件，销售本公司所研发产品并提供售后服务；提供信息技术及相关技术 的咨询、开发、技术服务；软件开发、信息系统的集成并提供售后服务；从事信 息系统集成配套计算机硬件及零件、网络设备、多媒体产品、电子信息产品及通 讯产品、办公自动化设备、仪器仪表、电器及印刷照排设备的批发、进出口及相 关业务。 截至 2025 年 12 月 31 日，公司控股股东仍为 A。报告期内，A 通过合规减持 方式调整持股比例，截至期末其持股比例变动至 38.02%。1、公司上市以来，贵 州省凯里涤纶厂持有本公司32,412,428股，占本公司总股本的43.57%，成为本公 司的控股股东。 2、2000年9月及11月本公司原第一大股东贵州省凯里涤纶厂因逾期未能归还银 行贷款遭诉讼，其持本公司的股份被法院强行拍卖。 3、2000年9月7日，深圳市太光科技有限公司与本公司原发起人股东广东金龙基 企业有限公司等八家股东达成协议，收购前述八家股东所持有本公司的股份 19,897,057股，占本公司总股本的24.32%，成为本公司控股股东。 4、2004年11月9日，本公司第一大股东深圳市太光科技有限公司更名为深圳市 申昌科技有限公司，于2010年2月8日更名为昆山市申昌科技有限公司。 5、2013年12月30日，公司第一大股东变更为神码软件，持有公司股份 历次控股股东的变更情况 194,770,055股，占公司总股本的45.17%。 6、2014年12月25日，公司关于向特定对象发行股份购买资产并募集配套资金的 资产重组事项中的非公开发行股份20,520,227股上市流通，公司股本由 431,214,014股增加为451,734,241股，公司第一大股东仍为神码软件，持股比例 降为43.12%。 7、2015年1月13日，公司关于向特定对象发行股份购买资产并募集配套资金的 资产重组事项中的配套募集股份7,171,717股上市流通，公司股本增加到 458,905,958股，公司第一大股东仍为神码软件，持股比例降为42.44%。 8、2015年9月16日，公司披露了《2015年半年度资本公积金转增股本实施公 告》。2015年9月22日，公司2015半年度资本公积金转增股本方案实施完毕， 公司总股本由458,905,958股变更为917,811,916股。公司第一大股东仍为神码 软件，持股比例仍为42.44%。 9
神州数码信息服务集团股份有限公司2025年年度报告全文 9、2016年12月29日，公司关于向程艳云等发行股份购买资产并募集配套资金的 资产重组事项中的新增股份45,619,357股上市流通，公司总股本由917,811,916 股变更为963,431,273股，公司第一大股东仍为神码软件，持股比例为40.43%。 10、2019年10月31日，公司《2019年股票期权与限制性股票激励计划》中授予 的限制性股票上市，公司总股本由963,431,273股变更为970,381,273股。公司 控股股东仍为神码软件，持股比例为40.14%。 11、截至2020年12月31日，因2019年授予的部分限制性股票回购注销、期权 激励对象行权，公司总股本变更为975,768,827股。公司控股股东仍为神码软 件，持股比例为39.92%。 12、截至2021年12月31日，因股票期权激励对象行权，公司总股本变更为 979,744,428股。公司控股股东仍为神码软件，持股比例为39.76%。 13、截至2022年12月31日，因公司2019年股权激励计划之股票期权自主行 权，公司总股本由979,744,428股增加至983,653,713股。公司控股股东仍为神 码软件，持股比例为39.60%。 14、截至2023年12月31日，公司控股股东仍为神码软件，持股比例为39.60%。 15、截至2024年12月31日，公司因注销回购账户部分股份，公司总股本变更为 975,774,437股。控股股东仍为神码软件，持股比例为39.92%。 16、截至2025年12月31日，公司控股股东仍为神码软件。因其在报告期内合规 减持公司股票，持股比例变动至39.78%。 五、其他有关资料 公司聘请的会计师事务所 会计师事务所名称 信永中和会计师事务所（特殊普通合伙） 会计师事务所办公地址 北京市东城区朝阳门北大街8号富华大厦A座9层 签字会计师姓名 蒋西军、李丽华 公司聘请的报告期内履行持续督导职责的保荐机构 □适用 不适用 公司聘请的报告期内履行持续督导职责的财务顾问 □适用 不适用 六、主要会计数据和财务指标 公司是否需追溯调整或重述以前年度会计数据 □是 否 2025年 2024年 本年比上年增减 2023年 营业收入（元） 13,162,811,905.52 10,002,831,521.49 31.59% 12,056,229,678.83 归属于上市公司股东 56,428,334.46 -524,060,125.94 110.77% 207,127,329.98 的净利润（元） 归属于上市公司股东 的扣除非经常性损益 11,977,316.91 -500,964,063.70 102.39% 207,350,450.54 的净利润（元） 经营活动产生的现金 -38,842,539.70 91,382,059.49 -142.51% 234,927,698.09 流量净额（元） 基本每股收益（元/ 0.0587 -0.5445 110.78% 0.2144 股） 10
神州数码信息服务集团股份有限公司2025年年度报告全文 稀释每股收益（元/ 0.0587 -0.5445 110.78% 0.2144 股） 加权平均净资产收益 1.00% -8.84% 9.84% 3.36% 率 2025年末 2024年末 本年末比上年末增减 2023年末 总资产（元） 12,525,575,558.10 11,979,374,002.81 4.56% 12,815,505,492.23 归属于上市公司股东 5,688,129,419.01 5,643,853,668.62 0.78% 6,232,286,669.17 的净资产（元） 公司最近三个会计年度扣除非经常性损益前后净利润孰低者均为负值，且最近一年审计报告显示公司持续经营能力存在不 确定性 □是 否 公司报告期内经审计利润总额、净利润、扣除非经常性损益后的净利润三者孰低为负值 □是 否 存在股权激励、员工持股计划的公司，可以披露扣除股份支付影响后的净利润 本期比上年同期增减 主要会计数据 2025年 2024年 2023年 (%) 扣除股份支付影响后 46,899,054.53 -531,828,450.11 108.82% 216,028,392.35 的净利润（元） 七、境内外会计准则下会计数据差异 1、同时按照国际会计准则与按照中国会计准则披露的财务报告中净利润和净资产差异情况 □适用 不适用 公司报告期不存在按照国际会计准则与按照中国会计准则披露的财务报告中净利润和净资产差异情况。 2、同时按照境外会计准则与按照中国会计准则披露的财务报告中净利润和净资产差异情况 □适用 不适用 公司报告期不存在按照境外会计准则与按照中国会计准则披露的财务报告中净利润和净资产差异情况。 八、分季度主要财务指标 单位：元 第一季度 第二季度 第三季度 第四季度 营业收入 2,159,704,694.07 2,263,492,495.05 4,250,075,658.77 4,489,539,057.63 归属于上市公司股东 -92,942,582.20 -3,437,047.15 -10,418,372.55 163,226,336.36 的净利润 归属于上市公司股东 的扣除非经常性损益 -100,262,269.68 3,039,952.85 -31,035,667.03 140,235,300.77 的净利润 经营活动产生的现金 -2,577,966,085.72 -279,336,680.83 1,562,619,645.82 1,255,840,581.03 流量净额 上述财务指标或其加总数是否与公司已披露季度报告、半年度报告相关财务指标存在重大差异 11
神州数码信息服务集团股份有限公司2025年年度报告全文 □是 否 九、非经常性损益项目及金额 适用 □不适用 单位：元 项目 2025年金额 2024年金额 2023年金额 说明 非流动性资产处置损益（包括已计 -223,576.76 159,656.50 -262,089.67 提资产减值准备的冲销部分） 计入当期损益的政府补助（与公司 正常经营业务密切相关，符合国家 政策规定、按照确定的标准享有、 23,496,925.63 2,355,016.85 7,570,705.37 对公司损益产生持续影响的政府补 助除外） 除同公司正常经营业务相关的有效 套期保值业务外，非金融企业持有 金融资产和金融负债产生的公允价 9,621,859.81 -42,134,566.75 -75,253,033.71 值变动损益以及处置金融资产和金 融负债产生的损益 计入当期损益的对非金融企业收取 6,603,773.59 的资金占用费 单独进行减值测试的应收款项减值 16,084,160.92 12,142,051.60 10,857,673.61 准备转回 债务重组损益 719,849.11 处置长期股权投资产生的与之相关 518,559.75 58,729,050.99 的投资收益 除上述各项之外的其他营业外收入 4,495,594.99 5,544,003.60 -1,451,007.27 和支出 减：所得税影响额 7,143,850.96 -14,622.58 6,227,991.92 少数股东权益影响额（税后） 2,398,655.83 1,176,846.62 1,510,050.66 合计 44,451,017.55 -23,096,062.24 -223,120.56 -- 其他符合非经常性损益定义的损益项目的具体情况： □适用 不适用 公司不存在其他符合非经常性损益定义的损益项目的具体情况。 将《公开发行证券的公司信息披露解释性公告第1号——非经常性损益》中列举的非经常性损益项目界定为经常性损益项 目的情况说明 □适用 不适用 公司不存在将《公开发行证券的公司信息披露解释性公告第1号——非经常性损益》中列举的非经常性损益项目界定为经 常性损益的项目的情形。 12
神州数码信息服务集团股份有限公司2025年年度报告全文 第三节 管理层讨论与分析 一、报告期内公司从事的主要业务 公司始终秉持金融科技战略与数字经济发展趋势同频共振，精准响应中央“五篇金融大文章”建设部署，依托“数字 技术与数据要素”的深度融合创新，秉承AI For Process创新理念，持续推进产品与服务迭代升级，为金融机构及泛行业 客户供给全方位、一体化的数智化转型支撑服务。 在金融行业布局层面，公司重点深耕银行数智化解决方案领域，凭借对银行业务场景的深刻理解以及AI等前沿技术能 力，以“数云融合”为核心的未来银行应用架构ModelB@nk5.0为指引，搭建起涵盖业务、管理、渠道、架构四大板块的完 整解决方案体系，为银行构筑兼具韧性增长与前沿探索的数智化底座。 （一）业务类解决方案 公司核心业务解决方案整合分布式银行核心业务系统、交易级大总账系统、客户中心微服务系统等核心产品，全方位 保障银行存款、贷款、汇款结算等日常交易有序开展，实现全业务场景精准管控核算与账务集中管理，同时整合管控全渠 道客户信息，为银行夯实业务运营核心根基。 信贷解决方案全域覆盖零售、对公、网贷、移动展业等各类业务场景，覆盖贷前审核至贷后监管全流程，有效帮助银 行提升审批效率与服务精准度，强化风险预警及管控水平，为信贷业务高质量发展筑牢基础。 中间业务解决方案为银行与多行业场景金融合作提供全方位支持，涵盖代收代付、账户管控、资金监管、支付结算、 清分清算等核心服务，助力银行加快产品上线节奏、提升盈利水平，同时降低运营成本与业务风险隐患。 支付解决方案通过统一整合银行支付通道与各类工具，建立标准化业务模式及管理制度，确保银行在支付渠道与工具 迭代更新时，能够持续输出稳定、高效的支付服务能力，保障支付业务平稳推进。 （二）渠道类解决方案 公司数字银行解决方案构建全渠道服务体系，涵盖柜面、个人及企业手机银行、网上银行、交易银行、企业服务门户、 微信银行、远程银行、移动展业等各类渠道系统，完成全流程、全渠道、全服务的一体化整合打通，实现服务无断点衔接。 财资与现金管理解决方案聚焦银行对公渠道拓展，为集团企业提供专业化资金管理、结算等相关服务，在助力企业提 升运营效能的同时，进一步强化银行对公服务实力，加深银企合作粘性。 开放银行解决方案借助开放标准化接口，与各行业生态伙伴开展深度联动，持续拓宽银行服务场景边界，助力银行搭 建多元协作、共生共赢的开放金融生态，增强核心竞争优势。 （三）管理类解决方案 公司资产负债解决方案搭建事前规划、事中管控、事后检视的全链条闭环管理机制，有效提升银行资产负债主动管理 水平，助力银行优化资产负债结构，实现稳健运营发展。 风险管理解决方案全面覆盖金融信用风险、全面风险等各类风险场景，通过精准识别风险并智能预警，提升银行风险 管控的前瞻性与主动性，为银行筑牢风险防控防线提供有力支撑。 监管报送解决方案依托自动化处理流程与标准化操作规范，助力银行精准、及时完成各类监管数据及报告的报送工作， 全面契合监管合规要求，保障银行合规稳健运营。 与此同时，公司搭建全域数据管理平台，提供数据汇聚、治理、资产、应用、服务五维一体的完整解决方案。 （四）架构类解决方案 企业级微服务平台为各类应用提供传统环境及云环境下的跨应用集成与治理能力，有效提升系统灵活性、可扩展性及 迭代效率，适配银行数字化转型过程中业务快速迭代的需求。 企业服务总线（ESB）依托数据服务总线整合各类业务系统，实现跨业务系统的互联互通与高效数据交互，凭借标准化 13
神州数码信息服务集团股份有限公司2025年年度报告全文 接口与规范治理机制，彻底消除信息孤岛，赋能各业务系统高效协同运转。 二、报告期内公司所处行业情况 公司需遵守《深圳证券交易所上市公司自律监管指引第3号——行业信息披露》中软件与信息技术服务业的披露要求 （一）金融科技行业发展趋势 中央金融工作会议对做好科技金融、绿色金融、普惠金融、养老金融、数字金融“五篇大文章”作出重要部署，提出 “数字金融要把握机遇、重视安全。金融机构要加快数字化转型，提高金融服务便利性和竞争力”。国务院办公厅印发 《关于做好金融“五篇大文章”的指导意见》，为数字金融的发展指明了方向。随着数字技术和实体经济日益深度融合， 加快发展与数字经济相适应的数字金融，已成为推动经济社会高质量发展的必然要求。 党的二十届四中全会审议通过的《中共中央关于制定国民经济和社会发展第十五个五年规划的建议》明确提出全面实 施“人工智能+”行动，全方位赋能千行百业高质量发展。当下，国家把对人工智能的重视提升至前所未有的战略高度，将 人工智能定位为“引领新一轮科技革命和产业变革的战略性技术”和“发展新质生产力的主要阵地”。在顶层战略的指引 下，国内AI百花齐放，DeepSeek、智谱、千问等前沿产品加速迭代，持续推动技术革新，赋能经济与产业发展。 工信部赛迪研究院《2024中国银行业IT解决方案市场份额分析报告》显示，2024年中国银行业整体IT投资规模达到 2,757.48亿元，同比增长1.86%；其中，银行业IT解决方案市场规模为614.87亿元，同比增长1.68%。总体来看，银行业 IT 市场需求增速进一步放缓。在银行业净息差持续处于历史低位的背景下，银行机构经营压力加大，降本增效诉求更加突 出，人工智能与银行业务场景的融合不断深化，正逐步成为银行业提升经营质效、增强数智化能力的重要抓手。当前，人 工智能已然从原本的效率辅助工具升级为驱动业务创新的核心生产力，AI 智能体已演进为具备感知、规划与协作能力的 “业务伙伴”，成为金融机构数字化转型的核心支撑。落地应用场景从通用简单迈向专业复杂，已然从辅助办公、智能客 服等领域的局部探索，加速向信贷风控、合规审查、智能投顾等核心业务领域渗透，进而推动金融服务从基础功能实现迈 向深度价值创造。 （二）公司的行业地位 公司在金融科技领域三十余年的深耕积淀与持续创新，获得业界广泛认可与高度信赖，稳居行业领军地位。根据赛迪 咨询与 IDC 等权威机构报告，在银行核心业务系统、渠道管理系统领域，公司已连续十三年位居市场首位，基础业务类 （含核心业务、综合信贷等）市场连续七年排名第一，开放银行领域连续六年蝉联榜首，保持市场领先优势。与此同时， 数据智能、信贷管理、风险管理、智能营销、智慧网点等领域排名较2024年稳步提升。公司核心优势领域持续领跑，潜力 赛道全面跃升，多维度彰显市场主导力。 三、核心竞争力分析 （一）聚焦金融科技，打造领先研发能力 报告期内，公司研发费用达 5.53 亿元人民币，研发投入水平在业内持续领先。公司新增专利 11 件，软件著作权 168 件，拥有软件著作权及专利累计达2,560项，其中专利146件，软件著作权2,414件。未来公司将持续保持研发投入强度， 深化研发机制建设，强化产学研联动力度，持续巩固技术领先优势，为长期稳定发展筑牢技术根基。 报告期内，公司研发围绕“建模驱动、工艺升级、全域智能化”三大方向持续推进能力建设，在金融科技领域进一步 夯实基础研发能力，优化端到端研发工艺流程，并积极布局人工智能与知识工程等前沿方向，为公司产品创新、项目交付 及智能化转型提供了有力支撑。 14
神州数码信息服务集团股份有限公司2025年年度报告全文 公司持续推进建模资产体系化建设，已系统完成存款领域第一版模型资产，并同步启动信贷领域建模工作。相关模型 资产的沉淀，一方面有助于提升业务抽象、方案复用和项目交付能力，为后续实施交付的降本增效奠定基础；另一方面， 也为公司大模型在金融细分场景中的训练、优化与应用提供了高质量数据来源，进一步增强了模型对金融行业知识的理解、 表达和应用能力。 公司持续推动模型驱动的智能化研发工艺升级，构建形成覆盖业务需求分析、IT需求分析、IT设计、开发、测试、部 署及运维等环节的全链路研发体系。强化了研发全过程的标准化、可追溯和智能化支撑能力，并基于元模型理念实现对不 同客户场景、不同项目类型的灵活适配，有效提升了研发协同效率、交付质量和实施稳定性。通过研发工艺的持续优化， 公司进一步增强了复杂金融科技项目的规模化交付能力和工程化管理水平。 （二）全栈产品矩阵，服务数字金融转型 公司深度融合云原生、大数据、人工智能等前沿技术，打造金融数智化全域产品矩阵。同时具备从战略咨询到落地实 施再到持续运维的端到端服务能力，为各类金融机构提供“咨询+实施+运维+运营”一体化支撑，助力客户实现高效运营与 数智化升级。 产品层面构建覆盖经营全链路的完整体系，业务维度可满足核心交易处理、客户精准触达、支付清算等核心需求，适 配高并发交易场景；管理维度提供全渠道整合、风险合规管控、数据全生命周期治理等支撑，紧跟监管政策要求，助力机 构规范运营；技术维度以三大自研底座筑牢根基，搭建稳定可靠的技术架构，支撑系统高效运转。服务层面建立标准化 “咨询-实施-运维”全流程机制，咨询阶段结合机构发展战略，输出定制化转型路径，明确升级优先级；实施阶段采用模 块化部署，按需选配模块，保障交付质量与效率；运营阶段采用“长期陪跑”模式，助力客户业务升级迭代，快速实现业 务价值。 （三）深厚客户沉淀，精确把握行业需求 公司凭借在金融科技领域的长期深耕，已构建起覆盖广泛的客户生态体系，累计服务金融机构超2000家，涵盖央行及 3家政策性银行、6大国有银行、12家股份制商业银行、100余家城市商业银行、400余家农信社与农商行、20余家民营银 行及独立法人直销银行、40余家外资银行，并在海外为20余家银行提供服务；同时，保险领域覆盖100余家客户，证券领 域服务130余家，其他金融领域服务600余家。 依托广泛的客户覆盖与深厚的行业积淀，公司不仅精准洞察各类金融主体的差异化需求，更在AI赋能金融行业的关键 进程中，将深厚的行业积累转化为核心优势，通过海量真实场景数据与深度行业理解，驱动AI解决方案的精准落地与创新 突破，持续提升服务效能与市场竞争力，有效拓展业务边界并引领行业数智化转型。 （四）业内广泛认可，引领产业标准落地 公司凭借在金融科技领域的持续创新与深厚积淀，连续 7 年入选 IDC 全球金融科技百强，彰显了行业领先的综合实力 与发展韧性。2025年度，公司再度跻身IDC全球金融科技TOP50，并入选财富中国科技50强、福布斯中国人工智能科技企 业50强、毕马威中国金融科技企业双50强及福布斯中国出海全球领军品牌 TOP30，品牌影响力与市场竞争力得到权威认 可。 截至目前，公司已发布标准累计超100项，在研各类标准共计92项。报告期内，公司完成国际、国家、行业、团体四 层次人工智能标准生态布局，在国际，参与国际标准化组织金融服务技术委员会人工智能特别工作组（ISO/TC68/AG6）、 在国内，参与全国金标委金融国际标准跟踪研究工作组（TC180/WG6）人工智能专题组、全国信标委人工智能分技术委员会 （TC28/SC42）、工信部人工智能标准化技术委员会（MIIT/TC1）等标准组织工作，发布 Al Coding 首个企标，推动 AI for process 理念扎根落地。 公司参编的《大语言模型金融应用技术要求》、《大语言模型金融应用评测规范》、《金融数据中心网络数字化能力 建设指南》等标准入选北京金融科技产业联盟年度五佳标准。牵头组织北京银行、中原银行、深圳农商、绍兴银行、南海 银行、杭州银行、上海银行等金融机构研制并发布了《区域性银行核心系统现代化建设水平度量模型》标准，有效地填补 了行业空白。 15
神州数码信息服务集团股份有限公司2025年年度报告全文 （五）聚力合作伙伴，共建金融科技生态 公司深度投身金融科技产业研究，与国家金融与发展实验室携手编撰《破局赋能 数智重构：金融科技创新实践》专著； 联合《中国农村金融》杂志社发布专项研究报告《农商银行企业架构的建设难点与实施策略》。该报告锚定农信改革深化 与数字化转型的核心脉络，精准聚焦农商银行在法人治理体系转型、业务模式升级、科技能力赋能过程中的关键痛点，深 度回应当下行业发展的迫切诉求。报告中创新推出适配不同法人模式的定制化架构方案，清晰擘画业务架构、应用架构、 数据架构和技术架构的协同演进路径，为农信行业数字化转型的规范化、高效化发展注入强劲核心动力。公司携手中国建 设银行、中国邮政储蓄银行、中国银联等头部机构，联合编制发布《AI Agent 技术金融应用探索与实践》、《量子安全威 胁及其对国内金融行业的影响研究报告》等多项重磅研究成果。 与此同时，公司牵头联合华为云、腾讯云、阿里云，率先组建行业首个国产云金融核心系统联盟，以“新一代分布式 金融核心 + 全栈国产云”的技术组合，为金融机构筑牢数智化转型根基；并与华为、腾讯云等科技企业共同发起行业首个 AIGC 大模型金融生态体系，围绕核心应用场景构建全方位、多层次的 AIGC 产业生态矩阵。 四、主营业务分析 1、概述 在国家数字经济战略顶层设计的引领下，公司精准把握金融行业在“五篇大文章”要求下的新方向，将 “AI for Process”理念深度链接数字金融智能化转型，公司扎实推进金融科技战略的转型升级，紧抓人工智 能井喷而算力掣肘的业务机遇，顺利实现规模与质量并重的高质量发展。 报告期内，公司实现营业收入131.63亿元，同比增长31.59%，其中软件开发和技术服务收入73.02亿元， 同比增长6.32%。实现归属于上市公司股东的净利润0.56亿元，相较于去年同期扭亏为盈。 在金融数字化领域，报告期内，金融行业实现营业收入 45.26 亿元。公司聚焦金融科技赛道，致力于银行 等金融机构全链路数智化升级，深度服务超2,000家金融及泛金融客户。 在政企数字化领域，报告期内，公司政企业务实现收入 71.72 亿元。凭借在税务数字化领域积淀的深厚业 务经验与技术实力，公司深度投身金税三期、四期系统建设工作，持续为我国财税领域数字化转型贡献力量。 与此同时，公司持续深挖智算市场，为企业量身提供契合其业务需求的基础设施建设服务。 在运营商数字化领域，报告期内，公司运营商业务实现收入 14.45 亿元。公司作为国内领先的第三方网络 优化厂商之一，紧密围绕通讯服务业务数字化转型、数字业务升维等领域，向运营商提供通信大数据网络优化 产品及服务。 （一）巩固金融软服优势，支撑金融科技战略进阶 根据，赛迪顾问出具《2024 年中国银行业 IT 解决方案市场份额分析报告》显示，公司金融软服业务市场 份额跃居中国上市公司第一名，彰显了公司在金融科技领域的竞争力和领先地位。报告期内，金融软服业务总 签约额39.19亿元，金融软服业务收入36亿元，公司金融软服业务保持稳定发展。 公司“以客户为中心”经营理念顺利推进，国有大行、股份制银行等重点客户持续取得突破，客户质量与 客户结构不断优化。报告期内，公司金融软服业务在国有大行和股份制银行签约总金额同比增长13.46%，收入 同比增长20.57%，公司金融软服业务前十大客户收入同比增长9.01%，签约总金额同比增长1.38%。 1.支撑业务运转，优化交易效能 16",windowed_extraction_review_required
300348.SZ,AR_300348_SZ_2025,business_overview,23,34,"深圳市长亮科技股份有限公司2025年年度报告全文 （四）技术人才梯队与生态协同的持续创新能力 公司始终将人才视为驱动技术创新与高质量发展的核心资产，通过构建“高密度技术团队+股权激励+分层考核体系” 的长效激励机制，能够有效保留优秀人才并提升团队稳定性。目前，公司技术人员占比超过90%，并吸纳了来自马来西 亚、新加坡等国的国际化技术骨干，组建了一支具备全球视野的复合型创新团队。在此基础上，公司通过建立严谨的干 部培训与任免考核制度，显著提升团队稳定性，结合常态化开展的前沿技术培训与管理沙龙，不断提升员工的专业素养 与管理效能，为公司的持续技术突破与业务创新注入了强劲的内生动力。 四、主营业务分析 1、概述 报告期内，公司持续开展各项主营业务，实现营业收入195,793.50万元，同比增长约12.76%；营业成本146,568.79 万元，同比增长约25.56%；归属于上市公司股东的净利润为2,059.67万元，同比上升约10.82%。 报告期内导致公司实现归属于上市公司股东的净利润同比变化的主要原因为： 1、公司自2023年以来中标的多个大型项目陆续实施完成，并上线验收，营业收入规模增长带来一定的净利润增长。 2、公司2025年度计提的资产减值准备较2024年度减少6,828.16万元，同比下降约87.09%，主要原因为公司收回 个别大客户1年以上账龄的回款，对公司应收账款坏账准备的计提起到积极改善作用。 3、报告期内公司的销售费用增幅达到22.44%，增长2,580.52万元，对公司净利润产生了消极影响。销售费用增长 的主要原因是公司加强市场开拓以及支持战略性项目的售前等带来的人力成本投入所致。 报告期内，公司收入同比增长12.76%，营业成本同比增长约25.56%，毛利率25.14%，同比下降7.64%，公司的毛利 率水平与上年相比降幅较大，具体原因如下： 1、基于谨慎性原则，公司对于毛利率较高的软件许可相关业务的收入确认采取更加严格的标准，相关收入确认时点 推后，进而影响了当期整体业务毛利率水平。 2、为了快速扩展海外新市场，基于树标杆、立精品、拓业务的原则，公司加大了相关成本投入导致部分海外项目毛 利率降低。此种情况后续将随着产品成熟逐渐改善。 3、国内市场竞争以及客户预算趋紧、大型项目上线非正常延期等原因，导致当期确认收入的合同金额降低而成本投 入增加，影响到公司当期整体毛利率水平。公司目前正在加强合同与项目管理，减少非必要投入，严控项目进度，预计 后续情况会逐渐改善。 2、收入与成本 （1） 营业收入构成 营业收入整体情况 单位：元 23
深圳市长亮科技股份有限公司2025年年度报告全文 2025年 2024年 同比增减 金额 占营业收入比重 金额 占营业收入比重 1,957,934,999.0 1,736,421,794.4 营业收入合计 100% 100% 12.76% 9 0 分行业 1,824,085,034.5 1,489,252,505.1 软件开发业务 93.16% 85.77% 22.48% 5 4 系统集成业务 56,133,612.98 2.87% 165,032,397.32 9.50% -65.99% 维护服务业务 77,020,228.48 3.93% 81,806,616.72 4.71% -5.85% 其他业务 696,123.08 0.04% 330,275.22 0.02% 110.77% 分产品 数字金融业务解 1,291,346,535.2 1,042,820,024.5 65.95% 60.06% 23.83% 决方案 5 2 大数据应用系统 537,352,247.24 27.44% 574,309,469.97 33.07% -6.44% 解决方案 全财务价值链业 128,540,093.52 6.57% 118,962,024.69 6.85% 8.05% 务管理解决方案 其他业务 696,123.08 0.04% 330,275.22 0.02% 110.77% 分地区 1,851,580,693.4 1,607,429,174.6 境内 94.57% 92.57% 15.19% 9 5 境外 106,354,305.60 5.43% 128,992,619.75 7.43% -17.55% 分销售模式 1,957,934,999.0 1,736,421,794.4 直接销售 100.00% 100.00% 12.76% 9 0 公司需遵守《深圳证券交易所上市公司自律监管指引第3号——行业信息披露》中的“软件与信息技术服务业”的披露 要求 单位：元 2025年度 2024年度 第一季度 第二季度 第三季度 第四季度 第一季度 第二季度 第三季度 第四季度 297,434,5 367,065,2 424,636,7 868,798,4 288,656,8 415,586,6 331,175,2 701,003,0 营业收入 89.18 67.10 15.19 27.62 36.37 59.90 87.59 10.54 归属于上 - - - 市公司股 7,714,660 31,990,57 5,626,262 2,144,586 14,604,35 2,588,389 16,520,12 3,789,215 东的净利 .24 8.09 .12 .03 4.04 .59 8.15 .41 润 说明经营季节性（或周期性）发生的原因及波动风险 参见第三节、一“报告期內公司从事的主要业务”中的相关说明。 （2） 占公司营业收入或营业利润10%以上的行业、产品、地区、销售模式的情况 适用 □不适用 公司需遵守《深圳证券交易所上市公司自律监管指引第3号——行业信息披露》中的“软件与信息技术服务业”的披露 要求 单位：元 营业收入比上 营业成本比上 毛利率比上年 营业收入 营业成本 毛利率 年同期增减 年同期增减 同期增减 分客户所处行业 24
深圳市长亮科技股份有限公司2025年年度报告全文 1,824,085,03 1,417,257,42 软件开发业务 22.30% 22.48% 31.45% -5.30% 4.55 7.44 56,133,612.9 18,406,289.7 系统集成业务 67.21% -65.99% -70.86% 5.48% 8 8 77,020,228.4 29,901,751.9 维护服务业务 61.18% -5.85% 15.05% -7.05% 8 4 分产品 数字金融业务 1,291,346,53 925,548,666. 28.33% 23.83% 39.75% -8.16% 解决方案 5.25 37 大数据应用系 537,352,247. 441,053,281. 17.92% -6.44% 4.30% -8.45% 统解决方案 24 07 全财务价值链 128,540,093. 98,963,521.7 业务管理解决 23.01% 8.05% 20.45% -7.92% 52 2 方案 分地区 1,851,580,69 1,411,486,87 境内 23.77% 15.19% 24.46% -5.68% 3.49 8.66 106,354,305. 54,201,052.1 境外 49.04% -17.55% 63.38% -25.24% 60 9 分销售模式 1,957,934,99 1,465,687,93 直接销售 25.14% 12.76% 25.56% -7.63% 9.09 0.85 公司主营业务数据统计口径在报告期发生调整的情况下，公司最近1年按报告期末口径调整后的主营业务数据 □适用 不适用 （3） 公司实物销售收入是否大于劳务收入 □是 否 （4） 公司已签订的重大销售合同、重大采购合同截至本报告期的履行情况 适用 □不适用 已签订的重大销售合同截至本报告期的履行情况 适用 □不适用 单位：万元 影响 重大 是否 合同 本期 累计 存在 履行 合同 合计 本报 确认 确认 应收 合同 对方 合同 待履 是否 的各 未正 合同 已履 告期 的销 的销 账款 无法 当事 总金 行金 正常 项条 常履 标的 行金 履行 售收 售收 回款 履行 人 额 额 履行 件是 行的 额 金额 入金 入金 情况 的重 否发 说明 额 额 大风 生重 险 大变 化 新核 心银 泰国 行系 35,29 22,07 9,292 13,21 4,276 13,91 不适 汇商 0 是 否 否 统项 1.38 1.69 .83 9.69 .08 0.14 用 银行 目的 实施 25
深圳市长亮科技股份有限公司2025年年度报告全文 及维 护 已签订的重大采购合同截至本报告期的履行情况 □适用 不适用 （5） 营业成本构成 行业和产品分类 行业和产品分类 单位：元 2025年 2024年 行业分类 项目 占营业成本比 占营业成本比 同比增减 金额 金额 重 重 1,254,461,89 959,020,627. 软件开发业务 工资及福利费 85.59% 82.15% 30.81% 8.50 70 141,894,717. 102,322,964. 软件开发业务 差旅费 9.68% 8.77% 38.67% 58 18 20,900,811.3 16,811,086.1 软件开发业务 其他 1.43% 1.44% 24.33% 6 9 1,417,257,42 1,078,154,67 小计 96.70% 92.36% 31.45% 7.44 8.07 18,406,289.7 63,161,110.3 系统集成业务 商品采购 1.26% 5.41% -70.86% 8 0 18,406,289.7 63,161,110.3 小计 1.26% 5.41% -70.86% 8 0 25,894,287.0 21,852,802.6 维护服务业务 工资及福利费 1.77% 1.87% 18.49% 6 6 维护服务业务 差旅费 2,942,921.54 0.20% 3,105,596.39 0.27% -5.24% 维护服务业务 其他 1,064,543.34 0.07% 1,031,055.59 0.09% 3.25% 29,901,751.9 25,989,454.6 小计 2.04% 2.23% 15.05% 4 4 单位：元 2025年 2024年 产品分类 项目 占营业成本比 占营业成本比 同比增减 金额 金额 重 重 数字金融业务 796,974,542. 540,195,773. 工资及福利费 54.38% 46.28% 47.53% 解决方案 21 60 数字金融业务 103,260,091. 64,096,247.1 差旅费 7.05% 5.49% 61.10% 解决方案 61 8 数字金融业务 25,314,032.5 57,985,428.5 其他 1.73% 4.97% -56.34% 解决方案 5 3 925,548,666. 662,277,449. 小计 63.16% 56.74% 39.75% 37 31 大数据应用系 398,354,476. 374,244,292. 工资及福利费 27.18% 32.06% 6.44% 统解决方案 47 55 大数据应用系 29,119,572.2 29,827,824.3 差旅费 1.99% 2.56% -2.37% 统解决方案 1 3 大数据应用系 13,579,232.3 18,792,099.6 其他 0.93% 1.61% -27.74% 统解决方案 9 5 441,053,281. 422,864,216. 小计 30.09% 36.23% 4.30% 07 53 全财务价值链 工资及福利费 85,027,166.8 5.80% 65,941,694.5 5.65% 28.94% 26
深圳市长亮科技股份有限公司2025年年度报告全文 业务管理解决 8 3 方案 全财务价值链 12,457,975.3 11,460,150.4 业务管理解决 差旅费 0.85% 0.98% 8.71% 0 2 方案 全财务价值链 业务管理解决 其他 1,478,379.54 0.10% 4,761,732.22 0.41% -68.95% 方案 98,963,521.7 82,163,577.1 小计 6.75% 7.04% 20.45% 2 7 说明 无 公司需遵守《深圳证券交易所上市公司自律监管指引第3号——行业信息披露》中的“软件与信息技术服务业”的披露 要求 主营业务成本构成 单位：元 本报告期 上年同期 成本构成 同比增减 金额 占营业成本比重 金额 占营业成本比重 1,280,356,185.5 工资及福利费 87.37% 980,381,760.68 83.98% 30.60% 6 差旅费 144,837,639.12 9.88% 105,384,221.93 9.03% 37.44% 其他 40,371,644.48 2.75% 81,539,260.40 6.99% -50.49% 1,465,565,469.1 1,167,305,243.0 合计 100.00% 100.00% 25.55% 6 1 （6） 报告期内合并范围是否发生变动 是 □否 本报告期新增子公司深圳市长亮智能科技有限公司和Sunline Intelligent Digital Technology Pte. Ltd.，合并范围 由17家法人变更为19家。 （7） 公司报告期内业务、产品或服务发生重大变化或调整有关情况 □适用 不适用 （8） 主要销售客户和主要供应商情况 公司主要销售客户情况 前五名客户合计销售金额（元） 437,367,089.24 前五名客户合计销售金额占年度销售总额比例 22.35% 前五名客户销售额中关联方销售额占年度销售总额比例 0.00% 公司前5大客户资料 序号 客户名称 销售额（元） 占年度销售总额比例 1 第一名 161,294,260.00 8.24% 2 第二名 89,588,040.98 4.58% 3 第三名 75,591,426.59 3.86% 4 第四名 60,017,944.81 3.07% 27
深圳市长亮科技股份有限公司2025年年度报告全文 5 第五名 50,875,416.86 2.60% 合计 -- 437,367,089.24 22.35% 主要客户其他情况说明 □适用 不适用 公司主要供应商情况 前五名供应商合计采购金额（元） 28,119,250.76 前五名供应商合计采购金额占年度采购总额比例 36.30% 前五名供应商采购额中关联方采购额占年度采购总额比例 0.00% 公司前5名供应商资料 序号 供应商名称 采购额（元） 占年度采购总额比例 1 第一名 8,997,641.51 11.62% 2 第二名 5,493,566.04 7.09% 3 第三名 5,051,886.79 6.52% 4 第四名 4,446,801.91 5.74% 5 第五名 4,129,354.51 5.33% 合计 -- 28,119,250.76 36.30% 主要供应商其他情况说明 □适用 不适用 报告期内公司贸易业务收入占营业收入比例超过10% □适用 不适用 3、费用 单位：元 2025年 2024年 同比增减 重大变动说明 销售费用 140,799,132.47 114,993,856.69 22.44% 管理费用 210,212,195.46 231,112,730.88 -9.04% 主要是利息支出减少 财务费用 505,288.66 1,030,511.26 -50.97% 及汇兑损益变化 研发费用 98,569,732.92 108,826,665.39 -9.43% 4、研发投入 适用 □不适用 预计对公司未来发展 主要研发项目名称 项目目的 项目进展 拟达到的目标 的影响 为满足跨国企业经营 管理，考虑在此细分 实现以业务流程的驱 提升公司内部项目管 长亮科技企业协同办 市场的企业级支撑平 已完成 动方式来处理所有的 理和商务管理，提高 公管理平台-运营管理 台系统进行研发，来 业务需求。 运营效率。 补充公司在此细分市 场的缺失。 通过大模型技术的应 1.提升项目效率：通 推动公司数字化能力 云原生数字生产力平 用，打造一款高效、 过自动化的代码生 的全面升级，在开发 台建设项目-大模型 实施中 智能的开发辅助平 成、注释优化和测试 效率提升、知识资产 V1.0研发 台，全面解决金融科 用例生成，减少人工 标准化和项目交付优 28
深圳市长亮科技股份有限公司2025年年度报告全文 技项目中的实施难度 干预，提高开发效 化等方面展现强大的 高、交付流程效率 率。 市场潜力，全面提升 低、文档保鲜性差等 2.降低开发成本：以 公司在金融科技领域 痛点问题。 低代码平台优化和自 的竞争力。 然语言处理技术为核 心，减少人力资源投 入。 3.推动技术创新：构 建针对金融科技场景 的模型服务平台，实 现需求差异化分析和 标准化知识管理。 4.增强竞争力：通过 研发符合国内市场需 求的大模型平台，增 强企业在金融科技领 域的技术优势和市场 地位。 降低产品复杂度，降 基于企业级业务建 本项目所开发的技术 低中小行实施成本； 模、实施工艺、云原 平台将具备广泛的应 提高产品国际化能 生理念和单元化分布 用场景，包括银行、 云原生数字生产力平 力，具备海外市场的 式架构，以“应用” 证券、保险等多个金 台建设项目-APStack 实施中 实施要求；提高产品 为中心，构建全生命 融领域，市场前景广 平台V2.0研发 先进性，保证平台在 周期软件生产力平 阔，持续为公司业务 POC的竞争力；提高 台，助力企业提质增 领跑市场份额做支 平台产品化，降低平 效。 撑。 台独立输出的成本。 本项目研发基于长亮 科技财神资金系统的 核心架构，延续原有 将进一步完善财神资 本项目是公司在金融 “前中后台一体化” 金系统的产品体系， 资金管理领域深耕基 的产品定位，聚焦金 实现资金业务前中后 础上，针对财神资金 融机构资金业务场景 台的高效联动，支持 系统基础版本的迭代 中的实际痛点，重点 金融机构资金业务的 升级研发项目，核心 开展功能优化、性能 规范化、智能化管 定位是完善系统功 提升及兼容性拓展等 理，满足不同类型金 能、优化运行效能， 研发工作。研发核心 融机构（银行、财务 基于企业级建模和实 打造更贴合金融机构 内容涵盖前台交易功 公司等）的个性化业 施工艺的金融业务系 资金业务需求、具备 已完成 能完善、中台风险管 务需求，同时通过降 统建设项目-财神资金 高自主可控性与灵活 控优化、后台清算核 本增效、自主可控的 系统V1.1研发 适配性的资金前中后 算及报表统计升级， 核心优势，为金融机 一体化管理系统，助 强化本外币资金交易 构资金业务数字化转 力金融机构提升资金 一体化、前中后直通 型提供可靠的系统支 业务处理效率、降低 式处理能力，同时优 撑，助力公司拓展金 运营风险与管理成 化系统接口集成能 融科技资金管理领域 本，进一步巩固公司 力，实现与外部机构 的市场份额，提升产 在金融科技资金管理 平台、内部机构系统 品核心竞争力与客户 领域的市场竞争力。 的高效联动，提升系 认可度。 统业务衔接的流畅 度。 覆盖存款、贷款、运 承接公司产品化思维 营、内部户、产品、 战略，集中公司优势 基于企业级建模和实 合约等功能模块，全 降低项目实施难度、 资源对产品进行规 施工艺的金融业务系 面支持信创、国产分 缩短实施周期，提高 划，研发成熟、稳 实施中 统建设项目-核心数据 布式数据库，具备健 项目交付效率，增加 定、配套完整、高度 迁移平台V2.0研发 全的基础数据标准及 项目利润。 产品化的核心系统基 配套出厂参数、文 础版本。 档，能够支撑亿级账 29
深圳市长亮科技股份有限公司2025年年度报告全文 户量、亿级交易量的 单元化开箱即用产 品。 1：提升核心金融交易 性能：重点金融交易 流程重构（API拆 分、机制改造），着 力解决性能问题。 2.保护知识产权：重 点组件下沉并参考国 结合泰国SCB这两个 内分层体系进行组件 交付项目的需求，进 重构，着力解决海外 一步完善、优化、补 将SunCBS沉淀为控股 基于企业级建模和实 知识产权保护问题。 全、提升SunCBS功能 海外传统核心的基线 施工艺的金融业务系 3.打磨交付物料，使 以及非功能范围，以 实施中 版本，为传统核心的 统建设项目- 之具备沉淀价值，降 达到在规范上符合东 出海打下良好的产品 SunCBSV2.0研发 低维护成本。 南亚传统核心市场要 基础。 4.提升代码/部署的安 求，在功能上满足其 全：将代码漏洞扫 现状甚至提升。 描、镜像扫描纳入研 发标准流程。 5.测试案例持续迭 代：迭代更新测试案 例，通过自动化测试 降低重复人力测试成 本。 基于智能化实施工艺 生产线，通过一道道 工序实现应用的生 一方面保持在售前、 基于企业级建模和实 产，无论是存款、贷 POC的领先性，另一 有助于提升公司在企 施工艺的金融业务系 款、汇款、信贷、信 方面解决工艺实用 实施中 业级建模方法论上的 统建设项目-泰山工艺 用卡、海外核心，甚 性、易用性的问题， 论证。 V2.0研发 至是其他现有应用都 满足已交付或潜在交 可以基于泰山工艺生 付客户的述求。 产，实现应用的标准 化、结构化生产。 研发聚焦传统数据处 理架构的核心痛点， 将进一步完善财神资 深度融合实时湖仓一 金系统的产品体系， 体架构、DataOps、AI 实现资金业务前中后 大模型等前沿技术， 台的高效联动，支持 构建“采-算-管-用” 金融机构资金业务的 全场景闭环生态，颠 规范化、智能化管 打造适配金融机构数 覆传统数据管理范 理，满足不同类型金 字化转型需求的数据 式。研发核心内容涵 融机构（银行、财务 基于企业级建模和实 智能中枢，助力金融 盖产品分层强化、核 公司等）的个性化业 施工艺的金融业务系 机构实现数据价值释 心组件升级与深度集 已完成 务需求，同时通过降 统建设项目-Datamind 放与业务决策模式升 成，完成批量交换、 本增效、自主可控的 V2.0研发 级，巩固公司在金融 实时开发、指标管 核心优势，为金融机 科技领域的核心竞争 理、数据治理等核心 构资金业务数字化转 力。 模块的优化，同时基 型提供可靠的系统支 于长亮统一AIstack 撑，助力公司拓展金 平台，构建全场景AI 融科技资金管理领域 驱动的数据应用矩 的市场份额，提升产 阵，强化SQL开发助 品核心竞争力与客户 手、智能问数等智能 认可度。 化功能，提升数据价 值挖掘效率。 云原生数字生产力平 围绕技术平台组件分 实施中 平台基于DataOps理 结合丰富实践，参考 30
深圳市长亮科技股份有限公司2025年年度报告全文 台建设项目-DStack 层设计概念，打磨批 念，整合数据领域各 前沿技术设计研发新 数智一体化平台V6.5 量交换、模型设计、 个工具，围绕数据开 ⼀代⾦融数据智能平 研发 离线开发、批量调 发的全生命周期形成 台技术底座，简化数 度、实时开发组件功 场景化、智能化、一 据⼯程流程，提⾼数 能，提升产品性能、 体化的平台。其主要 据处理的时效性和高 稳定性、扩展性、安 功能包括项目管理、 效性、数据服务的动 全性、易用性，希望 需求管理、模型设 态可配置性并提供⾏ 通过本年度规划，查 计、数据交换、数据 业实践经验参考，让 缺补漏，进一步打磨 开发、调度配置、服 ⽤户能够更专注、更 产品各组件能力，为 务发布等，打通从项 ⾼效的从数据中获取 赢得市场做好准备。 目需求，到模型设 价值。 计、到数据开发、自 动测试、版本发布、 运维管理的全流程。 信贷条线产品的研发 方向立足“大零售” 细分赛道（个贷、网 依托“长亮平台”产 通过加强零售产品的 基于企业级建模和实 贷、小微、零售产品 品的整体解决方案， 研发，推动零售信贷 施工艺的金融业务系 领域），大零售产品 信贷产品作为“配套 业务场景的创新，从 已完成 统建设项目-信贷管理 POC在市场上“保三 产品”的整体输出， 而提升零售信贷产品 系统V6.2研发 挣前”保持市场第一 提升整体竞争力和客 在市场上的竞争力。 梯队，提高大零售产 户满意度。 品交付质量，提升产 品市场议价空间。 本项目以“全生命周 期数据治理+智能化价 值释放”为核心，延 续平台元数据管理、 针对金融机构数字化 数据标准、质量与安 转型“管好数、用好 产品应用于企业的数 全管理等全功能定 数”核心需求，对现 据资产管理应用领 位，重点开展三大升 有数据资产管理平台 域，适用于如银行、 级：一是融合AI大模 的迭代升级项目。依 基于企业级建模和实 证券公司、基金公司 型，优化智能问数、 托原有成熟架构与实 施工艺的金融业务系 等金融行业以及政府 SQL开发助手等功 践经验，项目旨在打 已完成 统建设项目-数据资产 机构等。为企业数据 能，提升数据挖掘效 造贴合金融场景、高 管理平台V7.5研发 资产的识、管、用、 率；二是优化“流批 智能化、高适配性的 评提供一整套功能服 湖仓”一体化架构， 数据资产管理中枢， 务，帮助企业增强数 提升数据处理时效， 助力金融机构释放数 据资产管理能力。 支撑多类型数据统一 据要素价值，巩固公 管理；三是适配国产 司在金融科技数据治 技术生态，完善信创 理领域的领先地位。 与数据安全体系，优 化系统集成能力，支 持定制化扩展。 公司研发人员情况 2025年 2024年 变动比例 研发人员数量（人） 733 630 16.35% 研发人员数量占比 10.00% 9.53% 0.47% 研发人员学历 本科 629 538 16.91% 硕士 37 21 76.19% 研发人员年龄构成 30岁以下 298 281 6.05% 30~40岁 350 288 21.53% 31
深圳市长亮科技股份有限公司2025年年度报告全文 近三年公司研发投入金额及占营业收入的比例 2025年 2024年 2023年 研发投入金额（元） 153,481,665.11 120,991,406.98 132,432,998.83 研发投入占营业收入比例 7.84% 6.97% 6.91% 研发支出资本化的金额 95,120,633.86 57,924,757.36 53,309,015.26 （元） 资本化研发支出占研发投入 61.98% 47.88% 40.25% 的比例 资本化研发支出占当期净利 461.82% 311.66% 165.83% 润的比重 公司研发人员构成发生重大变化的原因及影响 □适用 不适用 研发投入总额占营业收入的比重较上年发生显著变化的原因 □适用 不适用 研发投入资本化率大幅变动的原因及其合理性说明 □适用 不适用 公司需遵守《深圳证券交易所上市公司自律监管指引第3号——行业信息披露》中的“软件与信息技术服务业”的披露 要求 单位：元 项目名称 研发资本化金额 相关项目的基本情况 实施进度 全新按照市场业务需求和市 场定位来进行开发的新系 统，目前在市面上虽然有很 多传统ERP软件以及云平台 系统能部分满足此类业务需 求，但是需要将不同外部系 长亮科技企业协同办公管理 统和云平台服务进行系统集 9,906,464.64 已完成 平台-运营管理 成，也会带来巨大的系统集 成的工作和极高的难度；有 鉴于此，公司考虑在充分考 虑市场需求和业务需求、以 及系统需求的前提下，决定 进行自研开发项目管理和商 务管理模块。 随着大模型（LLM， LargeLanguageModels）技 术的发展，国内外在AI应 用领域的竞争日趋激烈。大 模型的应用在金融科技、数 云原生数字生产力平台建设 11,152,466.26 据开发平台、项目交付等场 实施中 项目-大模型V1.0研发 景中被认为是提升效率和降 低成本的重要突破口。2025 年大模型项目投入重点在代 码解读、翻译、智能问数等 能力。 APStack平台2025年完成 云原生数字生产力平台建设 了基础版本的性能提升，功 项目-APStack平台V2.0研 11,198,986.76 能增强，满足了项目交付时 实施中 发 对技术平台和生产能力的要 求，同时进行了新版本迭 32
深圳市长亮科技股份有限公司2025年年度报告全文 代，代码复杂度显著降低， 稳定性提升，加强了产品在 国内市场的核心竞争力。 项目采用分布式、微服务 Java技术架构，坚持“自 主可控、高度客制化、开放 兼容”的研发原则，在保留 原有系统源码开放、业务可 灵活定制等优势的基础上， 基于企业级建模和实施工艺 重点解决基础版本运行中的 的金融业务系统建设项目- 9,414,637.42 性能瓶颈、功能漏洞及场景 已完成 财神资金系统V1.1研发 适配不足等问题，完善交易 事前管控、交易试算、流程 审批及自动成交触发等核心 场景功能，优化数据处理效 能与全链路安全防护体系， 确保系统运行更稳定、操作 更便捷、风控更精准。 当前核心业务系统市场竞争 激烈，产品同质化、低价竞 争、人力成本和实施费用不 断攀升导致项目盈利能力减 弱，同时产品版本不统一导 致项目重复建设，也不利于 基于企业级建模和实施工艺 产品提升。基于此情况公司 的金融业务系统建设项目- 9,663,268.12 提出“产品化思维”战略， 实施中 核心数据迁移平台V2.0研 成立产品发展部，集中优势 发 资源打造成熟、稳定、配套 完整、高度产品化的基础版 本，结合交付流程优化，减 少实施现场工作量，降低实 施难度、缩短项目周期，最 终达到降本增效的目的。 2025年在2024年的SunCBS 研发基础上，以PMC需求池 输入为准（包含泰国SCB、 菲律宾CSB、 Mestika项目 需求），进一步完善、优 化、补全，提升SunCBS版 本稳定性、健壮性以及配套 基于企业级建模和实施工艺 软实力，该版本集合了海外 的金融业务系统建设项目- 7,818,513.38 实施中 各个项目市场需求，在不断 SunCBSV2.0研发 完善配套基础设施、底座， 产品线不断纵向深入的同 时，根据市场需求对现有产 品线进行逐步横向扩展，以 达到在规范上符合海外传统 核心市场要求，沉淀出海外 传统核心的基线版本。 本项目探索并实践了一条基 于企业级建模方法论的IT 系统建设路径，涵盖方法、 基于企业级建模和实施工艺 工具与平台。以此为基础， 的金融业务系统建设项目- 5,912,806.14 我们开展了关键业务应用的 实施中 泰山工艺V2.0研发 落地验证，本年度对该方 法、平台及相关应用进行持 续打磨，推动应用向标准 化、结构化的生产方式演进 33
深圳市长亮科技股份有限公司2025年年度报告全文 项目采用架构分层、模块化 与插件化设计，搭建高效协 同、弹性扩展的一体化平 台，形成L1技术组件层、 L2应用平台组件层、L3场 景层的三层架构体系，实现 基于企业级建模和实施工艺 DataOps全链路标准化，打 的金融业务系统建设项目- 4,205,885.24 通需求、开发、测试到运维 已完成 Datamind V2.0研发 监控全流程，显著提升研发 效率与业务快速响应能力。 同时，项目同步完成国际化 版本迭代、信创扩展及全链 路数据安全防护体系优化， 适配多金融细分领域场景需 求。 通过整合数据交换、数据开 发、模型管理、调度监控、 开发一体化等五大平台，打 云原生数字生产力平台建设 造，一体双核的企业级数据 项目-DStack 数智一体化平 2,457,768.91 实施中 平台，本年度重点新增了机 台V6.5研发 器学习模块并提升产品傻瓜 化与智能化，目标是支撑 datamind出海战略规划。 信贷管理系统通过重新设计 客户、产品、进件、评级、 押品、额度、伙伴等模块页 面，增加快捷方式，使客户 体验度提升，业务人员认可 度提升； 风控平台通过引入数据源管 基于企业级建模和实施工艺 理，沙箱管理，进件分流， 的金融业务系统建设项目- 2,441,306.45 实施中 血缘关系等功能，改进原有 信贷管理系统V6.2研发 基于进件组装数据的方式。 补齐信贷领域风控短板； 优惠劵管理结合实际业务需 求落地放款优惠券功能模 块，系统实现优惠券的灵活 配置、精准分发助力营销活 动精准触达目标客户。 项目坚持自主可控、开放兼 容、场景导向原则，采用模 块化部署，适配多类型金融 机构需求，覆盖数据“采- 算-管-用”全场景。研发过 程结合百家金融机构服务经 验，聚焦合规管控、效率优 基于企业级建模和实施工艺 化等痛点，推动数据治理从 的金融业务系统建设项目- “数治”向“数智”跨越。 1,687,732.22 已完成 数据资产管理平台V7.5研 V7.5版本将具备更高效、 发 更智能、更灵活的核心优 势，助力金融机构降本增 效、保障数据合规，构建金 融云同辕数据管理底座。同 时深化生态协同，推动国产 技术落地，拓展市场布局， 为金融数字化转型提供全流 程解决方案。 基于企业级建模和实施工艺 1,441,544.26 该项目技术上基于流程引 已完成 34",windowed_extraction_review_required
300348.SZ,AR_300348_SZ_2025,core_competitiveness,5,16,"深圳市长亮科技股份有限公司2025年年度报告全文 当然，挑战亦不容忽视：收入结构尚待优化，导致业绩呈现周期性波动；整体毛利率 滑至历史低位；海外产品仍在打磨中，交付效率与质量亟需提升。 面向2026，基于对行业趋势的深刻洞察与对自身发展的清醒认知，长亮科技将聚焦四 大战略方向： 第一，全面推进“AI Native”战略，锻造智能化核心竞争力。 我们将把AI深度融入研发、产品与运营全链路： 赋能研发体系：在需求阶段智能挖掘场景，在开发阶段 AI 辅助编程提效，在测试阶 段实现缺陷预测与自动化验证，全面提升交付效率与质量； 驱动产品创新：深化 AI 能力集成于DataMind 平台，打造智能数据中台；推出基于 AI Agent的智能营销、经营分析、智能测试等智能体；构建高精度 AI风控模型；探索大模型 在金融垂直场景的深度应用，打造行业专属解决方案； 优化运营管理：通过 AI 实现项目资源智能调度与风险预警，构建本体知识库、研发 交付智能体提升协同效率，以数据驱动科学决策。 第二，深化信创布局，开启第二轮产品与业务创新。 后信创时代，积累大量存量系统迭代升级的需求，公司将以新的技术和新理念，促进 产品创新和服务转型，为客户创造更大价值。 并且，我们将依托多年来在银行核心交易系统领域积累的优势，积极开拓数字人民币 业务的新产品创新和业务生态发展。 第三，加速全球化步伐，构建可持续的海外业务网络。 依托十年深耕东南亚积累的经验与人才，我们将以标杆项目为支点，巩固区域领导地 位，并向中东、非洲等新兴市场延伸。同步推进核心产品本地化适配，建设属地化服务团 队，全面提升海外交付能力。 第四，实施精细化管理，系统性提升运营效能。 公司将全面推进降本增效：优化项目管理流程，推动实施标准化与模块化；建立精细 化成本管控体系；加强 AI时代复合型人才培养，全面提升组织效率与毛利率水平。 5
深圳市长亮科技股份有限公司2025年年度报告全文 各位投资者，自创立以来，长亮科技始终以技术创新为引擎，以客户价值为锚点。面 对2026年的机遇与挑战，我们郑重承诺： 坚持长期主义，保持战略定力——聚焦金融科技主业，不做短期投机，专注做“难而 正确”的事； 强化技术护城河——持续加大在AI、信创、出海等关键领域的研发投入，构筑可持续 竞争优势； 优化治理，共享价值——在稳健发展中兼顾股东与员工回报，以持续创新创造长期价 值。 “明者因时而变，知者随事而制。” 在这个技术重塑金融的时代，长亮科技将以更敏锐的洞察、更坚定的执行，拥抱变革， 引领创新。我们坚信：通过全面推进 AI Native 战略、深化信创布局、加速全球拓展与精 细化运营，长亮科技必将在 2026年实现新的跃升，为每一位投资者创造更大、更可持续 的价值。 谢谢大家！ 王长春 2026年4月 14日 6
深圳市长亮科技股份有限公司2025年年度报告全文 备查文件目录 （一）载有公司法定代表人王长春先生、主管会计工作负责人赵伟宏先生、会计机构负责人郑欣女士签名并盖章的 财务报表； （二）载有会计师事务所盖章、注册会计师签名并盖章的审计报告原件； （三）报告期内公开披露过的所有公司文件的正本及公告的原稿； （四）经公司法定代表人王长春先生签名的2025年度报告原件； （五）其他资料。 7
深圳市长亮科技股份有限公司2025年年度报告全文 释义 释义项 指 释义内容 公司、本公司、长亮科技 指 深圳市长亮科技股份有限公司。 深圳市长亮科技股份有限公司股东大 股东大会/股东会 指 会/股东会。 深圳市长亮科技股份有限公司董事 董事会 指 会。 深圳市长亮科技股份有限公司监事 监事会 指 会。 证监会 指 中国证券监督管理委员会。 《深圳市长亮科技股份有限公司章 《公司章程》 指 程》。 元\万元 指 人民币元\人民币万元。 2025年1月1日至2025年12月31 报告期 指 日。 通过存款、贷款、汇兑、储蓄等业 务，承担信用中介的金融机构。主要 的业务范围是吸收公众存款、发放贷 款以及办理票据贴现等。一般的商业 银行没有货币的发行权，商业银行的 商业银行 指 传统业务主要集中在经营存款和贷款 业务。在国内主要包括国有大型商业 银行、全国性股份制商业银行、城市 商业银行、农村商业银行或农村信用 社、民营银行、外资银行等。 长亮控股（香港）有限公司，为本公 长亮控股 指 司在香港设立的全资子公司。 北京长亮合度信息技术有限公司，为 长亮合度 指 本公司的全资子公司。 Sunline Technology (Malaysia) Sdn. Bhd.，长亮科技（马来西亚）有 长亮马来 指 限公司，为长亮控股在马来西亚的一 家全资子公司。 长亮乾坤烛金融科技有限公司，为长 乾坤烛 指 亮控股的控股子公司。 Sunline International (Malaysia) Sdn. Bhd.，长亮国际（马来西亚）有 长亮国际（马来） 指 限公司，为长亮控股在马来西亚的全 资子公司之一。 Sunline Technology (Thailand) Limited，长亮科技（泰国）有限公 长亮泰国 指 司，为长亮控股在泰国发起设立的控 股子公司。 Sunline International (Philippines) Limited，长亮国际 长亮国际（菲律宾） 指 （菲律宾）有限公司，为长亮控股在 菲律宾发起设立的控股子公司。 Sunline Technology (Singapore) Pte. Ltd.，长亮科技（新加坡）有限 长亮新加坡 指 公司，为长亮控股在新加坡的全资子 公司。 Sunline Intelligent Digital 长亮国际 指 Technology Pte. Ltd.，长亮智能数 字技术有限公司，为长亮控股在新加 8
深圳市长亮科技股份有限公司2025年年度报告全文 坡的全资子公司。 PT Sunline Technology Indonesia， 长亮科技印度尼西亚有限公司，为长 长亮印尼 指 亮控股在印度尼西亚设立的全资子公 司。 腾讯云 指 腾讯云计算（北京）有限责任公司。 华为 指 华为技术有限公司。 阿里云 指 阿里云计算有限公司。 能够为金融机构打造数字化新型的技 APStack云原生分布式技术平台 指 术底座，提高银行构建新核心系统的 适配效率。 又名AIStack数字生产力平台，是基 于大模型构建的通用智能体平台，通 过统一的能力组件与任务编排机制， AIS Agent通用智能体平台 指 支持营销、风控、投研、软件开发、 企业运营等多场景智能体的快速构 建、可控执行与规模化落地。 作为公司L1层技术平台组件，以自动 化、智能化、高性能、开放化为核 DStack数智一体化平台 指 心，全面支撑数据治理、数据加工与 数据服务，助力金融客户实现高效、 稳定的数智化转型。 即智能需求解析，依托大语言模型 （LLM）与金融领域本体，实现业务意 图的深度解析与结构化拆解，在一定 AutoBA 指 程度上替代资深业务专家的分析能 力，从源头确保需求的准确性与数字 化流转。 即智能架构设计，结合LLM推理与代 码逆向工程，自动将业务规格精准转 AutoDesign 指 化为接口级技术设计，打破高级架构 师的人力瓶颈，实现复杂系统架构的 高效推导与资产沉淀。 即智能质量验证，通过LLM自动生成 高覆盖率的测试用例与数据，融合静 AutoTest 指 态分析与动态行为验证，在研发早期 实现逻辑缺陷的自动化拦截，以技术 手段守住核心系统的安全底线。 AI for Software Engineering，是指 人工智能技术应用于软件工程领域， AI4SE 指 旨在通过利用 AI 算法和工具来改进 软件开发、 维护、测试和管理等各个 环节的效率和效果。 AI for Business，是指人工智能技术 AI4Biz 指 应用于商业领域。 Union Bank of Switzerland AG，即 UBS AG 指 瑞士联合银行集团股份有限公司。 9
深圳市长亮科技股份有限公司2025年年度报告全文 第二节 公司简介和主要财务指标 一、公司信息 股票简称 长亮科技 股票代码 300348 公司的中文名称 深圳市长亮科技股份有限公司 公司的中文简称 长亮科技 公司的外文名称（如有） Shenzhen Sunline Tech Co., Ltd. 公司的外文名称缩写（如 Sunline 有） 公司的法定代表人 王长春 注册地址 深圳市南山区粤海街道沙河西路深圳湾科技生态园一区2栋A座5层 注册地址的邮政编码 518057 2017年3月，公司注册地址由“深圳市南山区高新技术产业园区深圳软件园7栋501、 公司注册地址历史变更情况 502”变更为现注册地址。 办公地址 深圳市南山区粤海街道沙河西路深圳湾科技生态园一区2栋A座5层 办公地址的邮政编码 518057 公司网址 www.sunline.cn 电子信箱 invest@sunline.cn 二、联系人和联系方式 董事会秘书 证券事务代表 姓名 周金平 史琦 深圳市南山区粤海街道沙河西路深圳 深圳市南山区粤海街道沙河西路深圳 联系地址 湾科技生态园一区2栋A座5层 湾科技生态园一区2栋A座5层 电话 0755-86168118-828 0755-86168118-828 传真 0755-86168166 0755-86168166 电子信箱 invest@sunline.cn invest@sunline.cn 三、信息披露及备置地点 公司披露年度报告的证券交易所网站 巨潮资讯网（http://www.cninfo.com.cn/） 公司披露年度报告的媒体名称及网址 证券时报 深圳市南山区粤海街道沙河西路深圳湾科技生态园一区2 公司年度报告备置地点 栋A座5层长亮科技董事会办公室 四、其他有关资料 公司聘请的会计师事务所 会计师事务所名称 致同会计师事务所（特殊普通合伙） 会计师事务所办公地址 中国北京朝阳区建国门外大街22号赛特广场5层 签字会计师姓名 蒋晓明 黄娜 10
深圳市长亮科技股份有限公司2025年年度报告全文 公司聘请的报告期内履行持续督导职责的保荐机构 适用 □不适用 保荐机构名称 保荐机构办公地址 保荐代表人姓名 持续督导期间 上海市新闸路669号博华广 2024年8月4日至2027年 国泰海通证券股份有限公司 余冬、薛阳 场 12月31日 公司聘请的报告期内履行持续督导职责的财务顾问 □适用 不适用 五、主要会计数据和财务指标 公司是否需追溯调整或重述以前年度会计数据 □是 否 2025年 2024年 本年比上年增减 2023年 营业收入（元） 1,957,934,999.09 1,736,421,794.40 12.76% 1,917,862,625.17 归属于上市公司股东 20,596,720.59 18,585,986.78 10.82% 32,146,344.61 的净利润（元） 归属于上市公司股东 的扣除非经常性损益 15,120,729.32 14,175,479.80 6.67% 25,736,587.95 的净利润（元） 经营活动产生的现金 147,982,356.92 120,235,160.91 23.08% 105,700,561.47 流量净额（元） 基本每股收益（元/ 0.0254 0.0243 4.53% 0.0446 股） 稀释每股收益（元/ 0.0254 0.0244 4.10% 0.0444 股） 加权平均净资产收益 0.97% 1.00% -0.03% 2.10% 率 2025年末 2024年末 本年末比上年末增减 2023年末 资产总额（元） 2,951,093,993.73 2,884,860,960.82 2.30% 2,506,063,390.91 归属于上市公司股东 2,148,273,969.95 2,117,035,571.46 1.48% 1,581,599,839.12 的净资产（元） 公司最近三个会计年度扣除非经常性损益前后净利润孰低者均为负值，且最近一年审计报告显示公司持续经营能力存在 不确定性 □是 否 公司报告期内经审计利润总额、净利润、扣除非经常性损益后的净利润三者孰低为负值 □是 否 公司报告期末至年度报告披露日股本是否因发行新股、增发、配股、股权激励行权、回购等原因发生变化且影响所有者 权益金额 是 □否 支付的优先股股利 0.00 支付的永续债利息（元） 0.00 用最新股本计算的全面摊薄每股收益（元/股） 0.0253 11
深圳市长亮科技股份有限公司2025年年度报告全文 六、分季度主要财务指标 单位：元 第一季度 第二季度 第三季度 第四季度 营业收入 297,434,589.18 367,065,267.10 424,636,715.19 868,798,427.62 归属于上市公司股东 -2,588,389.59 -16,520,128.15 7,714,660.24 31,990,578.09 的净利润 归属于上市公司股东 的扣除非经常性损益 -4,728,657.53 -17,586,929.77 6,985,426.85 30,450,889.77 的净利润 经营活动产生的现金 -231,110,129.23 -137,145,360.02 -26,866,716.51 543,104,562.68 流量净额 上述财务指标或其加总数是否与公司已披露季度报告、半年度报告相关财务指标存在重大差异 □是 否 七、境内外会计准则下会计数据差异 1、同时按照国际会计准则与按照中国会计准则披露的财务报告中净利润和净资产差异情况 □适用 不适用 公司报告期不存在按照国际会计准则与按照中国会计准则披露的财务报告中净利润和净资产差异情况。 2、同时按照境外会计准则与按照中国会计准则披露的财务报告中净利润和净资产差异情况 □适用 不适用 公司报告期不存在按照境外会计准则与按照中国会计准则披露的财务报告中净利润和净资产差异情况。 八、非经常性损益项目及金额 适用 □不适用 单位：元 项目 2025年金额 2024年金额 2023年金额 说明 非流动性资产处置损 益（包括已计提资产 -42,122.17 -23,559.46 -26,935.22 减值准备的冲销部 分） 计入当期损益的政府 补助（与公司正常经 营业务密切相关，符 合国家政策规定、按 6,236,875.15 5,990,713.05 9,209,398.97 照确定的标准享有、 对公司损益产生持续 影响的政府补助除 外） 单独进行减值测试的 应收款项减值准备转 446,000.00 350,501.70 回 12
深圳市长亮科技股份有限公司2025年年度报告全文 除上述各项之外的其 -93,312.34 -559,631.29 12,386.79 他营业外收入和支出 其他符合非经常性损 -1,900,043.59 益定义的损益项目 减：所得税影响额 1,071,449.48 997,015.33 1,235,551.17 少数股东权益影 -0.11 -0.01 0.82 响额（税后） 合计 5,475,991.27 4,410,506.98 6,409,756.66 -- 其他符合非经常性损益定义的损益项目的具体情况： □适用 不适用 公司不存在其他符合非经常性损益定义的损益项目的具体情况。 将《公开发行证券的公司信息披露解释性公告第1号——非经常性损益》中列举的非经常性损益项目界定为经常性损益 项目的情况说明 □适用 不适用 公司不存在将《公开发行证券的公司信息披露解释性公告第1号——非经常性损益》中列举的非经常性损益项目界定为 经常性损益的项目的情形。 13
深圳市长亮科技股份有限公司2025年年度报告全文 第三节 管理层讨论与分析 一、报告期内公司从事的主要业务 公司作为全球领先的金融科技解决方案服务商，依托自主研发的核心技术体系，深度融合大数据、人工智能、分布式 技术等前沿技术，专注为客户提供覆盖数字金融、智慧金融、智慧财务等领域的全栈解决方案，凭借技术壁垒与场景化 落地能力，助力客户实现高质量数智化升级。截至报告期末，公司已在全球设立数十家分支机构，员工规模近 8,000 人， 已为全球800余家客户提供专业服务。 公司开展业务主要通过招投标以及协议销售等方式进行。公司主营业务没有明显的周期性，但受金融机构在预算、立 项、招标、采购、项目上线以及验收等一系列流程管控时间节点的影响，营业收入会呈现出季节性波动的特点。 公司产品主要分为数字金融业务解决方案、大数据应用系统解决方案以及全财务价值链业务管理解决方案三大类。此 外，公司还有专门的海外业务相关产品与解决方案，具体情况如下： 1、数字金融业务解决方案 数字金融业务解决方案主要包括银行核心业务类、信贷及互联网金融产品类、信用卡业务类、渠道业务类、业务中台 类、分布式技术平台类等多组合全栈解决方案。 公司长期占据金融核心业务竞争高地，已成功实现近百个银行核心系统项目落地案例。报告期内，公司数字金融业务 条线累计中标100余个，实施产品覆盖银行核心系统、信贷系统、信用卡系统、渠道类系统及财金类系统等多元领域， 服务对象广泛覆盖国有大型银行、全国性股份制银行、城市商业银行、农村信用社、农村商业银行及集团财务公司等各 类金融机构。 公司在银行核心系统领域持续保持市场领军地位。公司的核心业务系统基于企业级微服务架构框架与企业级应用开发 平台精心打造，深度融合“微服务+单元化”的先进分布式设计理念，融入“中心化”思维，构建了全新的核心业务处理 模式。系统实现了业务服务的极致灵活组合与高效拆分，通过可落地的建模方法对金融业务流程进行深度优化与重构， 推动技术与业务相互促进，全面支撑银行金融产品的快速迭代与创新，同时确保单元化部署的灵活性与快速扩容能力， 契合大数据时代对海量数据处理与高速交易响应的严苛要求。依托公司在银行核心金融系统领域长期积累的行业经验与 深厚底蕴，核心业务系统能够精准把握银行未来业务发展的爆发性增长需求，通过无限动态扩容策略保障系统持续稳定 运行。系统在开发、业务及技术层面均具备高度敏捷性，助力银行实现金融产品的快速创新与市场响应，推动银行从传 统的交易驱动型会计核算系统向以客户为中心的服务模式转变，全面提升银行的日常运营能力与市场竞争力。报告期内， 公司中标2家全国性股份制银行新一代核心业务系统项目、某头部省级农商联合银行新一代核心业务系统项目、西北某 省级农商（农信社）新核心业务系统项目、华东某省级农商行新核心业务系统项目、华东某民营银行新一代核心业务系 统项目、西南某家城商银行新核心业务系统建设项目、西北某家城商银行新一代核心系统群核心业务系统项目，以及某 国际股份制银行新一代分布式核心业务系统项目等多个项目。 在信贷业务领域，公司综合信贷管理平台以企业级架构为指引，采用“能力中心+微服务+组件化”架构，依托自主、 安全、可靠的分布式技术，通过灵活的业务建模体系驱动服务精细化拆分，实现传统稳态与数字敏态的有机结合。综合 信贷管理平台运用企业架构建模方法，将业务需求抽象为可复用的业务与技术组件，覆盖信贷业务全生命周期所有环节， 沉淀为多个服务中心；同时抽取公共技术能力形成通用组件，实现技术资产的共享与复用。系统可与行内多领域系统高 14
深圳市长亮科技股份有限公司2025年年度报告全文 效协同，支持业务流程、交易审批、评级准入等模型与资料的可视化编排，大幅提升灵活性与适配能力。通过将信贷产 品嵌入丰富的业务场景，平台助力银行在保障业务稳健发展的同时，快速响应数字经济时代的开放创新需求，让金融科 技成为银行信贷业务发展的重要推动力。报告期内，公司中标某城商行信贷核算项目，某省级农信、某城商行信贷人力 框架服务项目，华中某省份一家重要资产管理公司的“个贷不良资产管理系统项目”，以及多个资产公司系统升级项目。 截至报告期末，公司已经累计为30余家资产管理公司提供服务。 公司在信用卡业务领域构建全流程企业级架构，以业务为驱动，通过领域建模和高效实施工艺实现业技深度融合。整 体设计遵循敏态、适配、稳态三大原则，基于微服务理念和单元化分布式架构，采用能力中心松耦合模式进行建设，在 满足国产标准化的同时，实现应用自主化和系统灵活扩展。全新的信用卡业务架构以客户为中心，通过优化关键业务模 型，具备产品灵活定制、客户差异定价、交易流程全面灵活管控、场景高效融入等业务特性，有效支持信用卡业务的场 景开放与业务融合。相关业务系统贯穿商业银行信用卡全生命周期，提供涵盖风险、账务、管理、营销等在内的整体IT 解决方案，兼具产品快速迭代能力与安全风控能力。通过数据驱动交易链条各环节，细化管理精度、提升管理时效，为 银行经营决策提供智能支撑。报告期内，公司中标某区域头部银行信用卡中台优化项目以及信用卡交易中心优化项目、 某头部城商行信用卡审批优化项目等。 公司在渠道业务领域持续深耕，以统一支付和开放银行为核心，助力金融机构打造内外贯通、场景融合的综合渠道服 务体系，持续巩固公司在金融科技领域的优势。公司构建的新一代统一支付平台，整合国内外主流支付渠道，为金融机 构提供一站式资金处理枢纽。支付平台采用交易与对账分离结构，支持新老系统无风险切换，确保业务连续性；依托智 能路由、智能入账、智能分析等核心能力，实现支付路径的自动优选、资金的高效清算和交易风险的实时管控。公司的 开放服务平台，基于微服务架构设计，通过可视化服务编排技术，将银行内部的账户、产品、支付等核心能力进行标准 化整合和灵活开放。服务平台支持应用程序编程接口（API）、软件开发工具包（SDK）、HTML5（H5）等多种开放模式， 能够快速对接多元行业生态，让银行服务可以灵活嵌入多种业务场景。同时，服务平台提供完整的通讯适配、安全管控 和流量治理能力，确保对外输出过程中的合规与稳定，为金融机构拓展场景生态提供可靠的技术支持。 公司专注于智能化银行核心系统领域的前沿技术研究，自主研发的金融级云原生数字生产力平台——APStack技术平 台，在AI辅助生成代码、测试、运维诊断等方面取得突破。APStack技术平台以云原生、单元化、微服务、AI原生为顶 层设计，底层的分布式技术平台得以在弹性扩展、高可用容灾、架构治理等核心能力上完成具体实现。APStack平台以 云原生为基石，面向业务场景抽象出标准的API，支持应用通过外挂包、Sidecar等方式集成平台能力，具备跨云、跨平 台的可移植性，能够适配不同云基础设施。APStack平台由运行时、公共机制、工艺平台、开发平台、运维平台等核心 产品体系构成，为银行提供从开发到运营的全流程、快速响应能力，不仅促进了业务与技术的深度融合，也为金融场景 的持续创新提供了坚实支撑。目前，基于APStack平台开发的系统已在多家商业银行成功上线并稳定运行，充分验证了 其业务价值与市场竞争力，进一步巩固了公司在金融科技领域的领先优势，为银行业数字化转型提供了坚实的技术保障。 未来，随着技术的持续迭代升级，公司将持续助力金融机构实现更高水平的数字化创新，推动金融行业迈向智能化新时 代。 报告期内，针对金融行业在大模型应用中普遍存在的四大痛点：通用模型理解力不足、知识碎片化、复杂关系难梳理、 部署成本高昂，公司提出构建“N+M”大模型协同策略，通过N个通用大模型与M个场景小模型的有机组合，全面提升金 融领域的大模型应用效果，拓宽大模型应用场景。基于该策略，公司以打造银行智能核心一体化方案为目标，制定了模 型试水、领域深耕及生态构建的三阶段研发规划，目前已完成第一阶段通用大模型能力验证的目标，迈入第二阶段，聚 焦银行核心系统智能化研发提效，构建AutoBA、AutoDesign、AutoTest等多个领域专家智能体，覆盖接口差异分析、需 求问答、代码解读、测试案例等多个场景。 报告期内，公司数字金融业务在生态合作与行业成就上取得多项进展。在华为中国合作伙伴大会2025上，公司与华 为联合发布“长亮科技＆华为AI银行核心系统需求分析智能体联合解决方案”。该方案融合长亮科技、华为昇腾、 DeepSeek三方能力，通过AI驱动实现银行核心系统需求分析智能化，有效缩短需求响应周期，助力金融机构快速响应 15
深圳市长亮科技股份有限公司2025年年度报告全文 市场变化。公司凭借在金融科技领域的生态协同与技术融合，获得“优选级解决方案开发伙伴”认证，并荣膺华为“鲲 鹏展翅高飞奖”和“联合方案孵化奖”。在2025腾讯云金融数智峰会上，腾讯云联合公司等金融伙伴发布升级版《腾讯 云商业银行核心系统分布式转型白皮书》。该白皮书系统阐述了分布式核心的落地路径，并融合公司等核心系统服务商 的先进实践经验，为商业银行的新核心构建提供重要参考和指引。 2026年，公司数字金融业务将持续深化“N+M”大模型协同策略，深度赋能银行核心系统智能化转型，推进数字人民 币2.0研发及多场景应用升级，并在积极拓展信贷领域海外市场的业务商机的同时，稳步提升国内AMC市场的份额与核 心竞争力。基于在银行核心系统领域近百个项目的成功实施经验，以及自主研发的微服务架构、分布式技术平台等成熟 技术积累，公司将在数字人民币2.0领域进行系统性布局：一是研发数字人民币与银行核心系统一体化解决方案；二是 研发智能合约、隐私计算等数字人民币2.0关键技术；三是为客户拓展政务、跨境等高频场景应用。公司计划2026年实 现数字人民币 2.0 全面解决方案在金融机构的落地应用，并积极参与行业标准制定，将技术积累转化为新的业务增长点。 2、大数据应用系统解决方案 公司大数据业务定位于“数字金融新基建的核心赋能者”。该定位紧密契合国家数据要素市场化配置改革的战略方向， 其核心优势在于以安全合规为基础、以产业场景为路径、以生态协同为目标的完整闭环。公司严格遵循国家数据局、中 国信通院等机构牵头制定的相关标准，聚焦反欺诈、实时风控、精准营销、监管报送等具体业务痛点，帮助客户实现降 本增效。 报告期内，公司以DataMind数智大脑平台为核心，强化数据研发、数据治理、数据服务、数据应用能力，构建坚实 数据底座，并升级监管报送、智慧营销、智能风控、反欺诈数据应用产品能力，着力提升数据要素的价值转化水平。市 场布局方面，在稳固国内金融客户服务基本盘的基础上，公司以创新产品为支撑、以高价值服务为基石，加速推进国际 化战略，在东南亚地区积极推动标杆案例落地。 公司大数据业务持续强化产品研发创新，报告期内实现核心产品矩阵全面升级。DataMind完成数据治理模块深度集 成，构建统一用户认证、权限等产品底座，实现组件高效协同；深化AI在数据质量管理、营销等场景的应用，显著提升 数据治理效率与数据应用便捷性，推动营销、风控等业务场景落地，强化数据价值转化能力，全面赋能数字金融新基建； 财神资金系统完成前中后一体化架构升级，新增智能监控、市场数据、押品保证金管理及合规管理功能，实现事前风控 流程配置化与衍生品保证金实时计算（T+0），并推出自主可控的估值引擎，覆盖主流基础金融产品计量；监管报送平台 明细类与汇总类报送能力显著增强，支持多维权限、用户级自定义查询及数据异动报告，通过一站式自动报送、流程督 办与异常告警等自动化能力，大幅降低人工干预成本，确保报送及时、准确、合规；智能风控平台进一步优化策略、数 据与变量三大引擎，持续拓展零售、对公、小微等场景模型，通过精细化风险刻画与多维数据分析，实现业务响应速度 提升约30%、风险识别精准度增强，推动风控从被动管控向主动赋能演进，为业务敏捷决策提供有力支撑。 报告期内，公司大数据业务稳固国内金融行业地盘，服务客户突破300家，市场拓展成效显著：在海外市场，签约某 国际领先外资银行监管数据平台、某头部东南亚银行数据质量项目，并在香港市场落地风险管理及系统升级案例，实现 数据类产品出海新跨越；大行深耕方面，与多家全国股份制银行的合作规模大幅提升，中标统一客户分析、数据资产共 享、金融市场交易核心系统Murex版本升级等千万级项目，服务向数据治理、监管报送、风险计量等领域纵深拓展；新 客户开拓20余家，包括央国企、信托、保险、城商行等领域，客户矩阵持续扩大；标杆项目引领行业，打造某农商银行 近千万元监管报送重构项目，整合30余个报送模块，树立农信典范，落地某证券市场基础设施机构数据中台项目，全面 整合内外部多源数据，为场外业务监测监控提供端到端的技术支撑。 16",windowed_extraction_review_required
300348.SZ,AR_300348_SZ_2025,r_and_d,6,17,"深圳市长亮科技股份有限公司2025年年度报告全文 各位投资者，自创立以来，长亮科技始终以技术创新为引擎，以客户价值为锚点。面 对2026年的机遇与挑战，我们郑重承诺： 坚持长期主义，保持战略定力——聚焦金融科技主业，不做短期投机，专注做“难而 正确”的事； 强化技术护城河——持续加大在AI、信创、出海等关键领域的研发投入，构筑可持续 竞争优势； 优化治理，共享价值——在稳健发展中兼顾股东与员工回报，以持续创新创造长期价 值。 “明者因时而变，知者随事而制。” 在这个技术重塑金融的时代，长亮科技将以更敏锐的洞察、更坚定的执行，拥抱变革， 引领创新。我们坚信：通过全面推进 AI Native 战略、深化信创布局、加速全球拓展与精 细化运营，长亮科技必将在 2026年实现新的跃升，为每一位投资者创造更大、更可持续 的价值。 谢谢大家！ 王长春 2026年4月 14日 6
深圳市长亮科技股份有限公司2025年年度报告全文 备查文件目录 （一）载有公司法定代表人王长春先生、主管会计工作负责人赵伟宏先生、会计机构负责人郑欣女士签名并盖章的 财务报表； （二）载有会计师事务所盖章、注册会计师签名并盖章的审计报告原件； （三）报告期内公开披露过的所有公司文件的正本及公告的原稿； （四）经公司法定代表人王长春先生签名的2025年度报告原件； （五）其他资料。 7
深圳市长亮科技股份有限公司2025年年度报告全文 释义 释义项 指 释义内容 公司、本公司、长亮科技 指 深圳市长亮科技股份有限公司。 深圳市长亮科技股份有限公司股东大 股东大会/股东会 指 会/股东会。 深圳市长亮科技股份有限公司董事 董事会 指 会。 深圳市长亮科技股份有限公司监事 监事会 指 会。 证监会 指 中国证券监督管理委员会。 《深圳市长亮科技股份有限公司章 《公司章程》 指 程》。 元\万元 指 人民币元\人民币万元。 2025年1月1日至2025年12月31 报告期 指 日。 通过存款、贷款、汇兑、储蓄等业 务，承担信用中介的金融机构。主要 的业务范围是吸收公众存款、发放贷 款以及办理票据贴现等。一般的商业 银行没有货币的发行权，商业银行的 商业银行 指 传统业务主要集中在经营存款和贷款 业务。在国内主要包括国有大型商业 银行、全国性股份制商业银行、城市 商业银行、农村商业银行或农村信用 社、民营银行、外资银行等。 长亮控股（香港）有限公司，为本公 长亮控股 指 司在香港设立的全资子公司。 北京长亮合度信息技术有限公司，为 长亮合度 指 本公司的全资子公司。 Sunline Technology (Malaysia) Sdn. Bhd.，长亮科技（马来西亚）有 长亮马来 指 限公司，为长亮控股在马来西亚的一 家全资子公司。 长亮乾坤烛金融科技有限公司，为长 乾坤烛 指 亮控股的控股子公司。 Sunline International (Malaysia) Sdn. Bhd.，长亮国际（马来西亚）有 长亮国际（马来） 指 限公司，为长亮控股在马来西亚的全 资子公司之一。 Sunline Technology (Thailand) Limited，长亮科技（泰国）有限公 长亮泰国 指 司，为长亮控股在泰国发起设立的控 股子公司。 Sunline International (Philippines) Limited，长亮国际 长亮国际（菲律宾） 指 （菲律宾）有限公司，为长亮控股在 菲律宾发起设立的控股子公司。 Sunline Technology (Singapore) Pte. Ltd.，长亮科技（新加坡）有限 长亮新加坡 指 公司，为长亮控股在新加坡的全资子 公司。 Sunline Intelligent Digital 长亮国际 指 Technology Pte. Ltd.，长亮智能数 字技术有限公司，为长亮控股在新加 8
深圳市长亮科技股份有限公司2025年年度报告全文 坡的全资子公司。 PT Sunline Technology Indonesia， 长亮科技印度尼西亚有限公司，为长 长亮印尼 指 亮控股在印度尼西亚设立的全资子公 司。 腾讯云 指 腾讯云计算（北京）有限责任公司。 华为 指 华为技术有限公司。 阿里云 指 阿里云计算有限公司。 能够为金融机构打造数字化新型的技 APStack云原生分布式技术平台 指 术底座，提高银行构建新核心系统的 适配效率。 又名AIStack数字生产力平台，是基 于大模型构建的通用智能体平台，通 过统一的能力组件与任务编排机制， AIS Agent通用智能体平台 指 支持营销、风控、投研、软件开发、 企业运营等多场景智能体的快速构 建、可控执行与规模化落地。 作为公司L1层技术平台组件，以自动 化、智能化、高性能、开放化为核 DStack数智一体化平台 指 心，全面支撑数据治理、数据加工与 数据服务，助力金融客户实现高效、 稳定的数智化转型。 即智能需求解析，依托大语言模型 （LLM）与金融领域本体，实现业务意 图的深度解析与结构化拆解，在一定 AutoBA 指 程度上替代资深业务专家的分析能 力，从源头确保需求的准确性与数字 化流转。 即智能架构设计，结合LLM推理与代 码逆向工程，自动将业务规格精准转 AutoDesign 指 化为接口级技术设计，打破高级架构 师的人力瓶颈，实现复杂系统架构的 高效推导与资产沉淀。 即智能质量验证，通过LLM自动生成 高覆盖率的测试用例与数据，融合静 AutoTest 指 态分析与动态行为验证，在研发早期 实现逻辑缺陷的自动化拦截，以技术 手段守住核心系统的安全底线。 AI for Software Engineering，是指 人工智能技术应用于软件工程领域， AI4SE 指 旨在通过利用 AI 算法和工具来改进 软件开发、 维护、测试和管理等各个 环节的效率和效果。 AI for Business，是指人工智能技术 AI4Biz 指 应用于商业领域。 Union Bank of Switzerland AG，即 UBS AG 指 瑞士联合银行集团股份有限公司。 9
深圳市长亮科技股份有限公司2025年年度报告全文 第二节 公司简介和主要财务指标 一、公司信息 股票简称 长亮科技 股票代码 300348 公司的中文名称 深圳市长亮科技股份有限公司 公司的中文简称 长亮科技 公司的外文名称（如有） Shenzhen Sunline Tech Co., Ltd. 公司的外文名称缩写（如 Sunline 有） 公司的法定代表人 王长春 注册地址 深圳市南山区粤海街道沙河西路深圳湾科技生态园一区2栋A座5层 注册地址的邮政编码 518057 2017年3月，公司注册地址由“深圳市南山区高新技术产业园区深圳软件园7栋501、 公司注册地址历史变更情况 502”变更为现注册地址。 办公地址 深圳市南山区粤海街道沙河西路深圳湾科技生态园一区2栋A座5层 办公地址的邮政编码 518057 公司网址 www.sunline.cn 电子信箱 invest@sunline.cn 二、联系人和联系方式 董事会秘书 证券事务代表 姓名 周金平 史琦 深圳市南山区粤海街道沙河西路深圳 深圳市南山区粤海街道沙河西路深圳 联系地址 湾科技生态园一区2栋A座5层 湾科技生态园一区2栋A座5层 电话 0755-86168118-828 0755-86168118-828 传真 0755-86168166 0755-86168166 电子信箱 invest@sunline.cn invest@sunline.cn 三、信息披露及备置地点 公司披露年度报告的证券交易所网站 巨潮资讯网（http://www.cninfo.com.cn/） 公司披露年度报告的媒体名称及网址 证券时报 深圳市南山区粤海街道沙河西路深圳湾科技生态园一区2 公司年度报告备置地点 栋A座5层长亮科技董事会办公室 四、其他有关资料 公司聘请的会计师事务所 会计师事务所名称 致同会计师事务所（特殊普通合伙） 会计师事务所办公地址 中国北京朝阳区建国门外大街22号赛特广场5层 签字会计师姓名 蒋晓明 黄娜 10
深圳市长亮科技股份有限公司2025年年度报告全文 公司聘请的报告期内履行持续督导职责的保荐机构 适用 □不适用 保荐机构名称 保荐机构办公地址 保荐代表人姓名 持续督导期间 上海市新闸路669号博华广 2024年8月4日至2027年 国泰海通证券股份有限公司 余冬、薛阳 场 12月31日 公司聘请的报告期内履行持续督导职责的财务顾问 □适用 不适用 五、主要会计数据和财务指标 公司是否需追溯调整或重述以前年度会计数据 □是 否 2025年 2024年 本年比上年增减 2023年 营业收入（元） 1,957,934,999.09 1,736,421,794.40 12.76% 1,917,862,625.17 归属于上市公司股东 20,596,720.59 18,585,986.78 10.82% 32,146,344.61 的净利润（元） 归属于上市公司股东 的扣除非经常性损益 15,120,729.32 14,175,479.80 6.67% 25,736,587.95 的净利润（元） 经营活动产生的现金 147,982,356.92 120,235,160.91 23.08% 105,700,561.47 流量净额（元） 基本每股收益（元/ 0.0254 0.0243 4.53% 0.0446 股） 稀释每股收益（元/ 0.0254 0.0244 4.10% 0.0444 股） 加权平均净资产收益 0.97% 1.00% -0.03% 2.10% 率 2025年末 2024年末 本年末比上年末增减 2023年末 资产总额（元） 2,951,093,993.73 2,884,860,960.82 2.30% 2,506,063,390.91 归属于上市公司股东 2,148,273,969.95 2,117,035,571.46 1.48% 1,581,599,839.12 的净资产（元） 公司最近三个会计年度扣除非经常性损益前后净利润孰低者均为负值，且最近一年审计报告显示公司持续经营能力存在 不确定性 □是 否 公司报告期内经审计利润总额、净利润、扣除非经常性损益后的净利润三者孰低为负值 □是 否 公司报告期末至年度报告披露日股本是否因发行新股、增发、配股、股权激励行权、回购等原因发生变化且影响所有者 权益金额 是 □否 支付的优先股股利 0.00 支付的永续债利息（元） 0.00 用最新股本计算的全面摊薄每股收益（元/股） 0.0253 11
深圳市长亮科技股份有限公司2025年年度报告全文 六、分季度主要财务指标 单位：元 第一季度 第二季度 第三季度 第四季度 营业收入 297,434,589.18 367,065,267.10 424,636,715.19 868,798,427.62 归属于上市公司股东 -2,588,389.59 -16,520,128.15 7,714,660.24 31,990,578.09 的净利润 归属于上市公司股东 的扣除非经常性损益 -4,728,657.53 -17,586,929.77 6,985,426.85 30,450,889.77 的净利润 经营活动产生的现金 -231,110,129.23 -137,145,360.02 -26,866,716.51 543,104,562.68 流量净额 上述财务指标或其加总数是否与公司已披露季度报告、半年度报告相关财务指标存在重大差异 □是 否 七、境内外会计准则下会计数据差异 1、同时按照国际会计准则与按照中国会计准则披露的财务报告中净利润和净资产差异情况 □适用 不适用 公司报告期不存在按照国际会计准则与按照中国会计准则披露的财务报告中净利润和净资产差异情况。 2、同时按照境外会计准则与按照中国会计准则披露的财务报告中净利润和净资产差异情况 □适用 不适用 公司报告期不存在按照境外会计准则与按照中国会计准则披露的财务报告中净利润和净资产差异情况。 八、非经常性损益项目及金额 适用 □不适用 单位：元 项目 2025年金额 2024年金额 2023年金额 说明 非流动性资产处置损 益（包括已计提资产 -42,122.17 -23,559.46 -26,935.22 减值准备的冲销部 分） 计入当期损益的政府 补助（与公司正常经 营业务密切相关，符 合国家政策规定、按 6,236,875.15 5,990,713.05 9,209,398.97 照确定的标准享有、 对公司损益产生持续 影响的政府补助除 外） 单独进行减值测试的 应收款项减值准备转 446,000.00 350,501.70 回 12
深圳市长亮科技股份有限公司2025年年度报告全文 除上述各项之外的其 -93,312.34 -559,631.29 12,386.79 他营业外收入和支出 其他符合非经常性损 -1,900,043.59 益定义的损益项目 减：所得税影响额 1,071,449.48 997,015.33 1,235,551.17 少数股东权益影 -0.11 -0.01 0.82 响额（税后） 合计 5,475,991.27 4,410,506.98 6,409,756.66 -- 其他符合非经常性损益定义的损益项目的具体情况： □适用 不适用 公司不存在其他符合非经常性损益定义的损益项目的具体情况。 将《公开发行证券的公司信息披露解释性公告第1号——非经常性损益》中列举的非经常性损益项目界定为经常性损益 项目的情况说明 □适用 不适用 公司不存在将《公开发行证券的公司信息披露解释性公告第1号——非经常性损益》中列举的非经常性损益项目界定为 经常性损益的项目的情形。 13
深圳市长亮科技股份有限公司2025年年度报告全文 第三节 管理层讨论与分析 一、报告期内公司从事的主要业务 公司作为全球领先的金融科技解决方案服务商，依托自主研发的核心技术体系，深度融合大数据、人工智能、分布式 技术等前沿技术，专注为客户提供覆盖数字金融、智慧金融、智慧财务等领域的全栈解决方案，凭借技术壁垒与场景化 落地能力，助力客户实现高质量数智化升级。截至报告期末，公司已在全球设立数十家分支机构，员工规模近 8,000 人， 已为全球800余家客户提供专业服务。 公司开展业务主要通过招投标以及协议销售等方式进行。公司主营业务没有明显的周期性，但受金融机构在预算、立 项、招标、采购、项目上线以及验收等一系列流程管控时间节点的影响，营业收入会呈现出季节性波动的特点。 公司产品主要分为数字金融业务解决方案、大数据应用系统解决方案以及全财务价值链业务管理解决方案三大类。此 外，公司还有专门的海外业务相关产品与解决方案，具体情况如下： 1、数字金融业务解决方案 数字金融业务解决方案主要包括银行核心业务类、信贷及互联网金融产品类、信用卡业务类、渠道业务类、业务中台 类、分布式技术平台类等多组合全栈解决方案。 公司长期占据金融核心业务竞争高地，已成功实现近百个银行核心系统项目落地案例。报告期内，公司数字金融业务 条线累计中标100余个，实施产品覆盖银行核心系统、信贷系统、信用卡系统、渠道类系统及财金类系统等多元领域， 服务对象广泛覆盖国有大型银行、全国性股份制银行、城市商业银行、农村信用社、农村商业银行及集团财务公司等各 类金融机构。 公司在银行核心系统领域持续保持市场领军地位。公司的核心业务系统基于企业级微服务架构框架与企业级应用开发 平台精心打造，深度融合“微服务+单元化”的先进分布式设计理念，融入“中心化”思维，构建了全新的核心业务处理 模式。系统实现了业务服务的极致灵活组合与高效拆分，通过可落地的建模方法对金融业务流程进行深度优化与重构， 推动技术与业务相互促进，全面支撑银行金融产品的快速迭代与创新，同时确保单元化部署的灵活性与快速扩容能力， 契合大数据时代对海量数据处理与高速交易响应的严苛要求。依托公司在银行核心金融系统领域长期积累的行业经验与 深厚底蕴，核心业务系统能够精准把握银行未来业务发展的爆发性增长需求，通过无限动态扩容策略保障系统持续稳定 运行。系统在开发、业务及技术层面均具备高度敏捷性，助力银行实现金融产品的快速创新与市场响应，推动银行从传 统的交易驱动型会计核算系统向以客户为中心的服务模式转变，全面提升银行的日常运营能力与市场竞争力。报告期内， 公司中标2家全国性股份制银行新一代核心业务系统项目、某头部省级农商联合银行新一代核心业务系统项目、西北某 省级农商（农信社）新核心业务系统项目、华东某省级农商行新核心业务系统项目、华东某民营银行新一代核心业务系 统项目、西南某家城商银行新核心业务系统建设项目、西北某家城商银行新一代核心系统群核心业务系统项目，以及某 国际股份制银行新一代分布式核心业务系统项目等多个项目。 在信贷业务领域，公司综合信贷管理平台以企业级架构为指引，采用“能力中心+微服务+组件化”架构，依托自主、 安全、可靠的分布式技术，通过灵活的业务建模体系驱动服务精细化拆分，实现传统稳态与数字敏态的有机结合。综合 信贷管理平台运用企业架构建模方法，将业务需求抽象为可复用的业务与技术组件，覆盖信贷业务全生命周期所有环节， 沉淀为多个服务中心；同时抽取公共技术能力形成通用组件，实现技术资产的共享与复用。系统可与行内多领域系统高 14
深圳市长亮科技股份有限公司2025年年度报告全文 效协同，支持业务流程、交易审批、评级准入等模型与资料的可视化编排，大幅提升灵活性与适配能力。通过将信贷产 品嵌入丰富的业务场景，平台助力银行在保障业务稳健发展的同时，快速响应数字经济时代的开放创新需求，让金融科 技成为银行信贷业务发展的重要推动力。报告期内，公司中标某城商行信贷核算项目，某省级农信、某城商行信贷人力 框架服务项目，华中某省份一家重要资产管理公司的“个贷不良资产管理系统项目”，以及多个资产公司系统升级项目。 截至报告期末，公司已经累计为30余家资产管理公司提供服务。 公司在信用卡业务领域构建全流程企业级架构，以业务为驱动，通过领域建模和高效实施工艺实现业技深度融合。整 体设计遵循敏态、适配、稳态三大原则，基于微服务理念和单元化分布式架构，采用能力中心松耦合模式进行建设，在 满足国产标准化的同时，实现应用自主化和系统灵活扩展。全新的信用卡业务架构以客户为中心，通过优化关键业务模 型，具备产品灵活定制、客户差异定价、交易流程全面灵活管控、场景高效融入等业务特性，有效支持信用卡业务的场 景开放与业务融合。相关业务系统贯穿商业银行信用卡全生命周期，提供涵盖风险、账务、管理、营销等在内的整体IT 解决方案，兼具产品快速迭代能力与安全风控能力。通过数据驱动交易链条各环节，细化管理精度、提升管理时效，为 银行经营决策提供智能支撑。报告期内，公司中标某区域头部银行信用卡中台优化项目以及信用卡交易中心优化项目、 某头部城商行信用卡审批优化项目等。 公司在渠道业务领域持续深耕，以统一支付和开放银行为核心，助力金融机构打造内外贯通、场景融合的综合渠道服 务体系，持续巩固公司在金融科技领域的优势。公司构建的新一代统一支付平台，整合国内外主流支付渠道，为金融机 构提供一站式资金处理枢纽。支付平台采用交易与对账分离结构，支持新老系统无风险切换，确保业务连续性；依托智 能路由、智能入账、智能分析等核心能力，实现支付路径的自动优选、资金的高效清算和交易风险的实时管控。公司的 开放服务平台，基于微服务架构设计，通过可视化服务编排技术，将银行内部的账户、产品、支付等核心能力进行标准 化整合和灵活开放。服务平台支持应用程序编程接口（API）、软件开发工具包（SDK）、HTML5（H5）等多种开放模式， 能够快速对接多元行业生态，让银行服务可以灵活嵌入多种业务场景。同时，服务平台提供完整的通讯适配、安全管控 和流量治理能力，确保对外输出过程中的合规与稳定，为金融机构拓展场景生态提供可靠的技术支持。 公司专注于智能化银行核心系统领域的前沿技术研究，自主研发的金融级云原生数字生产力平台——APStack技术平 台，在AI辅助生成代码、测试、运维诊断等方面取得突破。APStack技术平台以云原生、单元化、微服务、AI原生为顶 层设计，底层的分布式技术平台得以在弹性扩展、高可用容灾、架构治理等核心能力上完成具体实现。APStack平台以 云原生为基石，面向业务场景抽象出标准的API，支持应用通过外挂包、Sidecar等方式集成平台能力，具备跨云、跨平 台的可移植性，能够适配不同云基础设施。APStack平台由运行时、公共机制、工艺平台、开发平台、运维平台等核心 产品体系构成，为银行提供从开发到运营的全流程、快速响应能力，不仅促进了业务与技术的深度融合，也为金融场景 的持续创新提供了坚实支撑。目前，基于APStack平台开发的系统已在多家商业银行成功上线并稳定运行，充分验证了 其业务价值与市场竞争力，进一步巩固了公司在金融科技领域的领先优势，为银行业数字化转型提供了坚实的技术保障。 未来，随着技术的持续迭代升级，公司将持续助力金融机构实现更高水平的数字化创新，推动金融行业迈向智能化新时 代。 报告期内，针对金融行业在大模型应用中普遍存在的四大痛点：通用模型理解力不足、知识碎片化、复杂关系难梳理、 部署成本高昂，公司提出构建“N+M”大模型协同策略，通过N个通用大模型与M个场景小模型的有机组合，全面提升金 融领域的大模型应用效果，拓宽大模型应用场景。基于该策略，公司以打造银行智能核心一体化方案为目标，制定了模 型试水、领域深耕及生态构建的三阶段研发规划，目前已完成第一阶段通用大模型能力验证的目标，迈入第二阶段，聚 焦银行核心系统智能化研发提效，构建AutoBA、AutoDesign、AutoTest等多个领域专家智能体，覆盖接口差异分析、需 求问答、代码解读、测试案例等多个场景。 报告期内，公司数字金融业务在生态合作与行业成就上取得多项进展。在华为中国合作伙伴大会2025上，公司与华 为联合发布“长亮科技＆华为AI银行核心系统需求分析智能体联合解决方案”。该方案融合长亮科技、华为昇腾、 DeepSeek三方能力，通过AI驱动实现银行核心系统需求分析智能化，有效缩短需求响应周期，助力金融机构快速响应 15
深圳市长亮科技股份有限公司2025年年度报告全文 市场变化。公司凭借在金融科技领域的生态协同与技术融合，获得“优选级解决方案开发伙伴”认证，并荣膺华为“鲲 鹏展翅高飞奖”和“联合方案孵化奖”。在2025腾讯云金融数智峰会上，腾讯云联合公司等金融伙伴发布升级版《腾讯 云商业银行核心系统分布式转型白皮书》。该白皮书系统阐述了分布式核心的落地路径，并融合公司等核心系统服务商 的先进实践经验，为商业银行的新核心构建提供重要参考和指引。 2026年，公司数字金融业务将持续深化“N+M”大模型协同策略，深度赋能银行核心系统智能化转型，推进数字人民 币2.0研发及多场景应用升级，并在积极拓展信贷领域海外市场的业务商机的同时，稳步提升国内AMC市场的份额与核 心竞争力。基于在银行核心系统领域近百个项目的成功实施经验，以及自主研发的微服务架构、分布式技术平台等成熟 技术积累，公司将在数字人民币2.0领域进行系统性布局：一是研发数字人民币与银行核心系统一体化解决方案；二是 研发智能合约、隐私计算等数字人民币2.0关键技术；三是为客户拓展政务、跨境等高频场景应用。公司计划2026年实 现数字人民币 2.0 全面解决方案在金融机构的落地应用，并积极参与行业标准制定，将技术积累转化为新的业务增长点。 2、大数据应用系统解决方案 公司大数据业务定位于“数字金融新基建的核心赋能者”。该定位紧密契合国家数据要素市场化配置改革的战略方向， 其核心优势在于以安全合规为基础、以产业场景为路径、以生态协同为目标的完整闭环。公司严格遵循国家数据局、中 国信通院等机构牵头制定的相关标准，聚焦反欺诈、实时风控、精准营销、监管报送等具体业务痛点，帮助客户实现降 本增效。 报告期内，公司以DataMind数智大脑平台为核心，强化数据研发、数据治理、数据服务、数据应用能力，构建坚实 数据底座，并升级监管报送、智慧营销、智能风控、反欺诈数据应用产品能力，着力提升数据要素的价值转化水平。市 场布局方面，在稳固国内金融客户服务基本盘的基础上，公司以创新产品为支撑、以高价值服务为基石，加速推进国际 化战略，在东南亚地区积极推动标杆案例落地。 公司大数据业务持续强化产品研发创新，报告期内实现核心产品矩阵全面升级。DataMind完成数据治理模块深度集 成，构建统一用户认证、权限等产品底座，实现组件高效协同；深化AI在数据质量管理、营销等场景的应用，显著提升 数据治理效率与数据应用便捷性，推动营销、风控等业务场景落地，强化数据价值转化能力，全面赋能数字金融新基建； 财神资金系统完成前中后一体化架构升级，新增智能监控、市场数据、押品保证金管理及合规管理功能，实现事前风控 流程配置化与衍生品保证金实时计算（T+0），并推出自主可控的估值引擎，覆盖主流基础金融产品计量；监管报送平台 明细类与汇总类报送能力显著增强，支持多维权限、用户级自定义查询及数据异动报告，通过一站式自动报送、流程督 办与异常告警等自动化能力，大幅降低人工干预成本，确保报送及时、准确、合规；智能风控平台进一步优化策略、数 据与变量三大引擎，持续拓展零售、对公、小微等场景模型，通过精细化风险刻画与多维数据分析，实现业务响应速度 提升约30%、风险识别精准度增强，推动风控从被动管控向主动赋能演进，为业务敏捷决策提供有力支撑。 报告期内，公司大数据业务稳固国内金融行业地盘，服务客户突破300家，市场拓展成效显著：在海外市场，签约某 国际领先外资银行监管数据平台、某头部东南亚银行数据质量项目，并在香港市场落地风险管理及系统升级案例，实现 数据类产品出海新跨越；大行深耕方面，与多家全国股份制银行的合作规模大幅提升，中标统一客户分析、数据资产共 享、金融市场交易核心系统Murex版本升级等千万级项目，服务向数据治理、监管报送、风险计量等领域纵深拓展；新 客户开拓20余家，包括央国企、信托、保险、城商行等领域，客户矩阵持续扩大；标杆项目引领行业，打造某农商银行 近千万元监管报送重构项目，整合30余个报送模块，树立农信典范，落地某证券市场基础设施机构数据中台项目，全面 整合内外部多源数据，为场外业务监测监控提供端到端的技术支撑。 16
深圳市长亮科技股份有限公司2025年年度报告全文 在生态合作方面，公司秉持“开放共赢、融合创新”理念，报告期内全面深化与多领域头部伙伴的战略协同，聚焦产 品共创、技术共研与渠道共享。通过构建覆盖数据湖仓底座、数据治理、数据服务到业务赋能的完整价值链，协同开拓 海外市场，进一步提升整体竞争力，全面赋能金融机构数字化变革。 报告期内，公司积极构建行业影响力，技术实力和品牌价值获得多方权威认可。市场活动方面，大数据条线核心品牌 DataMind相继亮相中国国际金融展、印尼银行业峰会、香港客户沙龙等活动，全面展示前沿技术能力，持续扩大海内外 声量。此外，DataMind成功入选信通院“铸基计划”《高质量数字化转型产品及服务全景图（2025年上半年度）》，并 通过信通院“AI增强数据研发运营一体化（AIDataOps）功能测评”，产品能力获国家级权威认证。公司标杆项目与核 心产品屡获殊荣：公司主导实施的“DataOps赋能某城市商业银行建设高质量智能中枢”案例荣获信通院2025上半年度 《高质量数字化转型典型案例》，服务能力获得行业认可；旗下“一表通”产品荣获第五届“金信通”金融科技创新应 用优秀案例，树立金融监管报送领域创新典范；“基于鲲鹏同辕开发的数据资产管理平台”荣获鲲鹏创新大赛2025全国 总决赛银奖。斩获的多项荣誉充分彰显了公司在数据智能领域的领先地位与行业示范价值。 2026年，公司将继续以“产品智能化、服务深度化、市场全球化”为战略核心，夯实DataMind数智一体化平台的底 座能力，以AIS Agent通用智能体平台为创新引擎，推动AI大模型与数据业务融合，推动智能风控、智能营销、监管合 规等核心场景的全面落地与规模化应用。通过加强专业服务能力，加速全球化市场进程，致力于成为数字金融发展的核 心驱动力。 3、全财务价值链业务管理解决方案 公司全财务价值链业务深耕金融财务领域多年，积累了深厚的专业底蕴与实践经验。其核心业务聚焦于助力金融企业 实现财务数字化转型，围绕价值数据的管理需求，构建了以业财融合、战略型财务管理为指引的创新体系，贯穿价值数 据的目标制定、度量、评价、分析及应用全流程。依托该体系，公司为客户提供涵盖数字化预算、成本管控、精准核算、 绩效考核以及经营分析等全方位的一体化解决方案。 在此基础上，公司持续推动技术创新、业务模式创新与市场拓展，核心竞争力稳步提升，市场份额稳定增长。凭借专 业服务能力与优质方案，公司赢得了金融行业客户的广泛认可与信赖，为推动金融企业的财务价值管理升级与数字化转 型贡献了重要力量。 报告期内，公司在全财务价值链管理领域取得多项进展，在信创浪潮的持续推动下，继续稳定巩固并扩大市场份额。 在总账财务类系统领域，公司顺利完成2家国有大型商业银行以及某省级农商联合银行等多家重点银行的项目投产。 前述重大项目的成功落地，既满足了银行在信创及自主可控方面的技术要求，也为银行实现全行统一核算、深度业财税 融合、精细化财务管理、管理效率提升等提供了强有力的系统支撑，有力推动其数字化转型。同时，公司中标某省级农 信机构、某省级农商银行以及某城市商业银行等多个重要项目，持续引领行业信创转型，为各类型银行提供了可借鉴的 示范经验。 在价值管理领域，公司成功中标某全国性股份制银行、某直辖市农村商业银行以及某城市商业银行等客户的成本分摊、 盈利分析、FTP、全面预算、绩效管理等核心系统项目。通过加强价值管理领域的方案建设，助力银行实现从全面预算、 核算、管理会计、绩效考核、预算及经营分析的全方位闭环管理，充分凸显公司在全面财务价值管理方面的整体方案优 势和综合能力。 17",windowed_extraction_review_required
300348.SZ,AR_300348_SZ_2025,management_discussion,3,14,"深圳市长亮科技股份有限公司2025年年度报告全文 目录 第一节 重要提示、目录和释义 .................................................. 2 第二节 公司简介和主要财务指标 ................................................ 10 第三节 管理层讨论与分析 ...................................................... 14 第四节 公司治理、环境和社会 .................................................. 45 第五节 重要事项 ............................................................. 68 第六节 股份变动及股东情况 .................................................... 95 第七节 债券相关情况 .......................................................... 104 第八节 财务报告 ............................................................. 105 3
深圳市长亮科技股份有限公司2025年年度报告全文 董事长致辞 ——在变革中把握机遇，在创新中实现价值 尊敬的各位投资者： 2025年，金融科技行业正经历一场前所未有的深刻变革：信创迈入深水区，国产化替 代全面提速；监管科技与合规自动化需求激增，开辟全新市场空间；数字人民币 2.0 揭开 面纱，相关业务需求接踵而至；而 AI技术正以前所未有的深度重塑金融服务业态——以 AI Agent为代表的新技术，正在重构从产品设计到客户服务的全链条逻辑。AI已不再是 “未来预言”，而是奔涌而至的现实浪潮。 回望2025，在这场充满不确定性的变革洪流中，长亮科技依然勇立潮头、生生不息、 步履坚定，取得了令人欣慰的成果。 其一，财务基本面持续向好。尽管大型项目收入确认周期拉长、市场竞争加剧、海外 市场阻力重重，我们仍实现了营业收入同比增长超 10%，经营性现金流净额增长逾 20%。 其二，国内核心业务地位进一步巩固。公司在银行核心业务系统领域再创佳绩——当 年客户中标数量最多、合同总金额最高，稳居行业领先地位，充分彰显我们在金融核心系 统解决方案上的专业实力与市场认可。 其三，AI Native 战略取得实质性突破。我们见证了 AI 智能体在需求分析、代码开发、 产品测试、本体到客户运营的全流程深度渗透。“DataMind+AI”以多智能体协同赋能营 销旅程，在研发交付领域推出的 TRP（需求智能分析）、TCR（代码智能解读）、TestHand （智能测试）等专家智能体，正系统性重构金融软件的生产范式。AI的叙事逻辑，已从 “工具辅助”跃迁至“人机共生”，数字金融与 AI 的深度融合正释放前所未有的生产力。 其四，海外市场实现里程碑式突破。继2024年斩获泰国本土银行史上最大金额核心 系统订单后，2025年我们再度赢得新加坡知名大型银行的核心业务系统合同。这不仅验证 了公司产品与人才的全球竞争力，更为海外业务的规模化拓展奠定了坚实基础。 4
深圳市长亮科技股份有限公司2025年年度报告全文 当然，挑战亦不容忽视：收入结构尚待优化，导致业绩呈现周期性波动；整体毛利率 滑至历史低位；海外产品仍在打磨中，交付效率与质量亟需提升。 面向2026，基于对行业趋势的深刻洞察与对自身发展的清醒认知，长亮科技将聚焦四 大战略方向： 第一，全面推进“AI Native”战略，锻造智能化核心竞争力。 我们将把AI深度融入研发、产品与运营全链路： 赋能研发体系：在需求阶段智能挖掘场景，在开发阶段 AI 辅助编程提效，在测试阶 段实现缺陷预测与自动化验证，全面提升交付效率与质量； 驱动产品创新：深化 AI 能力集成于DataMind 平台，打造智能数据中台；推出基于 AI Agent的智能营销、经营分析、智能测试等智能体；构建高精度 AI风控模型；探索大模型 在金融垂直场景的深度应用，打造行业专属解决方案； 优化运营管理：通过 AI 实现项目资源智能调度与风险预警，构建本体知识库、研发 交付智能体提升协同效率，以数据驱动科学决策。 第二，深化信创布局，开启第二轮产品与业务创新。 后信创时代，积累大量存量系统迭代升级的需求，公司将以新的技术和新理念，促进 产品创新和服务转型，为客户创造更大价值。 并且，我们将依托多年来在银行核心交易系统领域积累的优势，积极开拓数字人民币 业务的新产品创新和业务生态发展。 第三，加速全球化步伐，构建可持续的海外业务网络。 依托十年深耕东南亚积累的经验与人才，我们将以标杆项目为支点，巩固区域领导地 位，并向中东、非洲等新兴市场延伸。同步推进核心产品本地化适配，建设属地化服务团 队，全面提升海外交付能力。 第四，实施精细化管理，系统性提升运营效能。 公司将全面推进降本增效：优化项目管理流程，推动实施标准化与模块化；建立精细 化成本管控体系；加强 AI时代复合型人才培养，全面提升组织效率与毛利率水平。 5
深圳市长亮科技股份有限公司2025年年度报告全文 各位投资者，自创立以来，长亮科技始终以技术创新为引擎，以客户价值为锚点。面 对2026年的机遇与挑战，我们郑重承诺： 坚持长期主义，保持战略定力——聚焦金融科技主业，不做短期投机，专注做“难而 正确”的事； 强化技术护城河——持续加大在AI、信创、出海等关键领域的研发投入，构筑可持续 竞争优势； 优化治理，共享价值——在稳健发展中兼顾股东与员工回报，以持续创新创造长期价 值。 “明者因时而变，知者随事而制。” 在这个技术重塑金融的时代，长亮科技将以更敏锐的洞察、更坚定的执行，拥抱变革， 引领创新。我们坚信：通过全面推进 AI Native 战略、深化信创布局、加速全球拓展与精 细化运营，长亮科技必将在 2026年实现新的跃升，为每一位投资者创造更大、更可持续 的价值。 谢谢大家！ 王长春 2026年4月 14日 6
深圳市长亮科技股份有限公司2025年年度报告全文 备查文件目录 （一）载有公司法定代表人王长春先生、主管会计工作负责人赵伟宏先生、会计机构负责人郑欣女士签名并盖章的 财务报表； （二）载有会计师事务所盖章、注册会计师签名并盖章的审计报告原件； （三）报告期内公开披露过的所有公司文件的正本及公告的原稿； （四）经公司法定代表人王长春先生签名的2025年度报告原件； （五）其他资料。 7
深圳市长亮科技股份有限公司2025年年度报告全文 释义 释义项 指 释义内容 公司、本公司、长亮科技 指 深圳市长亮科技股份有限公司。 深圳市长亮科技股份有限公司股东大 股东大会/股东会 指 会/股东会。 深圳市长亮科技股份有限公司董事 董事会 指 会。 深圳市长亮科技股份有限公司监事 监事会 指 会。 证监会 指 中国证券监督管理委员会。 《深圳市长亮科技股份有限公司章 《公司章程》 指 程》。 元\万元 指 人民币元\人民币万元。 2025年1月1日至2025年12月31 报告期 指 日。 通过存款、贷款、汇兑、储蓄等业 务，承担信用中介的金融机构。主要 的业务范围是吸收公众存款、发放贷 款以及办理票据贴现等。一般的商业 银行没有货币的发行权，商业银行的 商业银行 指 传统业务主要集中在经营存款和贷款 业务。在国内主要包括国有大型商业 银行、全国性股份制商业银行、城市 商业银行、农村商业银行或农村信用 社、民营银行、外资银行等。 长亮控股（香港）有限公司，为本公 长亮控股 指 司在香港设立的全资子公司。 北京长亮合度信息技术有限公司，为 长亮合度 指 本公司的全资子公司。 Sunline Technology (Malaysia) Sdn. Bhd.，长亮科技（马来西亚）有 长亮马来 指 限公司，为长亮控股在马来西亚的一 家全资子公司。 长亮乾坤烛金融科技有限公司，为长 乾坤烛 指 亮控股的控股子公司。 Sunline International (Malaysia) Sdn. Bhd.，长亮国际（马来西亚）有 长亮国际（马来） 指 限公司，为长亮控股在马来西亚的全 资子公司之一。 Sunline Technology (Thailand) Limited，长亮科技（泰国）有限公 长亮泰国 指 司，为长亮控股在泰国发起设立的控 股子公司。 Sunline International (Philippines) Limited，长亮国际 长亮国际（菲律宾） 指 （菲律宾）有限公司，为长亮控股在 菲律宾发起设立的控股子公司。 Sunline Technology (Singapore) Pte. Ltd.，长亮科技（新加坡）有限 长亮新加坡 指 公司，为长亮控股在新加坡的全资子 公司。 Sunline Intelligent Digital 长亮国际 指 Technology Pte. Ltd.，长亮智能数 字技术有限公司，为长亮控股在新加 8
深圳市长亮科技股份有限公司2025年年度报告全文 坡的全资子公司。 PT Sunline Technology Indonesia， 长亮科技印度尼西亚有限公司，为长 长亮印尼 指 亮控股在印度尼西亚设立的全资子公 司。 腾讯云 指 腾讯云计算（北京）有限责任公司。 华为 指 华为技术有限公司。 阿里云 指 阿里云计算有限公司。 能够为金融机构打造数字化新型的技 APStack云原生分布式技术平台 指 术底座，提高银行构建新核心系统的 适配效率。 又名AIStack数字生产力平台，是基 于大模型构建的通用智能体平台，通 过统一的能力组件与任务编排机制， AIS Agent通用智能体平台 指 支持营销、风控、投研、软件开发、 企业运营等多场景智能体的快速构 建、可控执行与规模化落地。 作为公司L1层技术平台组件，以自动 化、智能化、高性能、开放化为核 DStack数智一体化平台 指 心，全面支撑数据治理、数据加工与 数据服务，助力金融客户实现高效、 稳定的数智化转型。 即智能需求解析，依托大语言模型 （LLM）与金融领域本体，实现业务意 图的深度解析与结构化拆解，在一定 AutoBA 指 程度上替代资深业务专家的分析能 力，从源头确保需求的准确性与数字 化流转。 即智能架构设计，结合LLM推理与代 码逆向工程，自动将业务规格精准转 AutoDesign 指 化为接口级技术设计，打破高级架构 师的人力瓶颈，实现复杂系统架构的 高效推导与资产沉淀。 即智能质量验证，通过LLM自动生成 高覆盖率的测试用例与数据，融合静 AutoTest 指 态分析与动态行为验证，在研发早期 实现逻辑缺陷的自动化拦截，以技术 手段守住核心系统的安全底线。 AI for Software Engineering，是指 人工智能技术应用于软件工程领域， AI4SE 指 旨在通过利用 AI 算法和工具来改进 软件开发、 维护、测试和管理等各个 环节的效率和效果。 AI for Business，是指人工智能技术 AI4Biz 指 应用于商业领域。 Union Bank of Switzerland AG，即 UBS AG 指 瑞士联合银行集团股份有限公司。 9
深圳市长亮科技股份有限公司2025年年度报告全文 第二节 公司简介和主要财务指标 一、公司信息 股票简称 长亮科技 股票代码 300348 公司的中文名称 深圳市长亮科技股份有限公司 公司的中文简称 长亮科技 公司的外文名称（如有） Shenzhen Sunline Tech Co., Ltd. 公司的外文名称缩写（如 Sunline 有） 公司的法定代表人 王长春 注册地址 深圳市南山区粤海街道沙河西路深圳湾科技生态园一区2栋A座5层 注册地址的邮政编码 518057 2017年3月，公司注册地址由“深圳市南山区高新技术产业园区深圳软件园7栋501、 公司注册地址历史变更情况 502”变更为现注册地址。 办公地址 深圳市南山区粤海街道沙河西路深圳湾科技生态园一区2栋A座5层 办公地址的邮政编码 518057 公司网址 www.sunline.cn 电子信箱 invest@sunline.cn 二、联系人和联系方式 董事会秘书 证券事务代表 姓名 周金平 史琦 深圳市南山区粤海街道沙河西路深圳 深圳市南山区粤海街道沙河西路深圳 联系地址 湾科技生态园一区2栋A座5层 湾科技生态园一区2栋A座5层 电话 0755-86168118-828 0755-86168118-828 传真 0755-86168166 0755-86168166 电子信箱 invest@sunline.cn invest@sunline.cn 三、信息披露及备置地点 公司披露年度报告的证券交易所网站 巨潮资讯网（http://www.cninfo.com.cn/） 公司披露年度报告的媒体名称及网址 证券时报 深圳市南山区粤海街道沙河西路深圳湾科技生态园一区2 公司年度报告备置地点 栋A座5层长亮科技董事会办公室 四、其他有关资料 公司聘请的会计师事务所 会计师事务所名称 致同会计师事务所（特殊普通合伙） 会计师事务所办公地址 中国北京朝阳区建国门外大街22号赛特广场5层 签字会计师姓名 蒋晓明 黄娜 10
深圳市长亮科技股份有限公司2025年年度报告全文 公司聘请的报告期内履行持续督导职责的保荐机构 适用 □不适用 保荐机构名称 保荐机构办公地址 保荐代表人姓名 持续督导期间 上海市新闸路669号博华广 2024年8月4日至2027年 国泰海通证券股份有限公司 余冬、薛阳 场 12月31日 公司聘请的报告期内履行持续督导职责的财务顾问 □适用 不适用 五、主要会计数据和财务指标 公司是否需追溯调整或重述以前年度会计数据 □是 否 2025年 2024年 本年比上年增减 2023年 营业收入（元） 1,957,934,999.09 1,736,421,794.40 12.76% 1,917,862,625.17 归属于上市公司股东 20,596,720.59 18,585,986.78 10.82% 32,146,344.61 的净利润（元） 归属于上市公司股东 的扣除非经常性损益 15,120,729.32 14,175,479.80 6.67% 25,736,587.95 的净利润（元） 经营活动产生的现金 147,982,356.92 120,235,160.91 23.08% 105,700,561.47 流量净额（元） 基本每股收益（元/ 0.0254 0.0243 4.53% 0.0446 股） 稀释每股收益（元/ 0.0254 0.0244 4.10% 0.0444 股） 加权平均净资产收益 0.97% 1.00% -0.03% 2.10% 率 2025年末 2024年末 本年末比上年末增减 2023年末 资产总额（元） 2,951,093,993.73 2,884,860,960.82 2.30% 2,506,063,390.91 归属于上市公司股东 2,148,273,969.95 2,117,035,571.46 1.48% 1,581,599,839.12 的净资产（元） 公司最近三个会计年度扣除非经常性损益前后净利润孰低者均为负值，且最近一年审计报告显示公司持续经营能力存在 不确定性 □是 否 公司报告期内经审计利润总额、净利润、扣除非经常性损益后的净利润三者孰低为负值 □是 否 公司报告期末至年度报告披露日股本是否因发行新股、增发、配股、股权激励行权、回购等原因发生变化且影响所有者 权益金额 是 □否 支付的优先股股利 0.00 支付的永续债利息（元） 0.00 用最新股本计算的全面摊薄每股收益（元/股） 0.0253 11
深圳市长亮科技股份有限公司2025年年度报告全文 六、分季度主要财务指标 单位：元 第一季度 第二季度 第三季度 第四季度 营业收入 297,434,589.18 367,065,267.10 424,636,715.19 868,798,427.62 归属于上市公司股东 -2,588,389.59 -16,520,128.15 7,714,660.24 31,990,578.09 的净利润 归属于上市公司股东 的扣除非经常性损益 -4,728,657.53 -17,586,929.77 6,985,426.85 30,450,889.77 的净利润 经营活动产生的现金 -231,110,129.23 -137,145,360.02 -26,866,716.51 543,104,562.68 流量净额 上述财务指标或其加总数是否与公司已披露季度报告、半年度报告相关财务指标存在重大差异 □是 否 七、境内外会计准则下会计数据差异 1、同时按照国际会计准则与按照中国会计准则披露的财务报告中净利润和净资产差异情况 □适用 不适用 公司报告期不存在按照国际会计准则与按照中国会计准则披露的财务报告中净利润和净资产差异情况。 2、同时按照境外会计准则与按照中国会计准则披露的财务报告中净利润和净资产差异情况 □适用 不适用 公司报告期不存在按照境外会计准则与按照中国会计准则披露的财务报告中净利润和净资产差异情况。 八、非经常性损益项目及金额 适用 □不适用 单位：元 项目 2025年金额 2024年金额 2023年金额 说明 非流动性资产处置损 益（包括已计提资产 -42,122.17 -23,559.46 -26,935.22 减值准备的冲销部 分） 计入当期损益的政府 补助（与公司正常经 营业务密切相关，符 合国家政策规定、按 6,236,875.15 5,990,713.05 9,209,398.97 照确定的标准享有、 对公司损益产生持续 影响的政府补助除 外） 单独进行减值测试的 应收款项减值准备转 446,000.00 350,501.70 回 12
深圳市长亮科技股份有限公司2025年年度报告全文 除上述各项之外的其 -93,312.34 -559,631.29 12,386.79 他营业外收入和支出 其他符合非经常性损 -1,900,043.59 益定义的损益项目 减：所得税影响额 1,071,449.48 997,015.33 1,235,551.17 少数股东权益影 -0.11 -0.01 0.82 响额（税后） 合计 5,475,991.27 4,410,506.98 6,409,756.66 -- 其他符合非经常性损益定义的损益项目的具体情况： □适用 不适用 公司不存在其他符合非经常性损益定义的损益项目的具体情况。 将《公开发行证券的公司信息披露解释性公告第1号——非经常性损益》中列举的非经常性损益项目界定为经常性损益 项目的情况说明 □适用 不适用 公司不存在将《公开发行证券的公司信息披露解释性公告第1号——非经常性损益》中列举的非经常性损益项目界定为 经常性损益的项目的情形。 13
深圳市长亮科技股份有限公司2025年年度报告全文 第三节 管理层讨论与分析 一、报告期内公司从事的主要业务 公司作为全球领先的金融科技解决方案服务商，依托自主研发的核心技术体系，深度融合大数据、人工智能、分布式 技术等前沿技术，专注为客户提供覆盖数字金融、智慧金融、智慧财务等领域的全栈解决方案，凭借技术壁垒与场景化 落地能力，助力客户实现高质量数智化升级。截至报告期末，公司已在全球设立数十家分支机构，员工规模近 8,000 人， 已为全球800余家客户提供专业服务。 公司开展业务主要通过招投标以及协议销售等方式进行。公司主营业务没有明显的周期性，但受金融机构在预算、立 项、招标、采购、项目上线以及验收等一系列流程管控时间节点的影响，营业收入会呈现出季节性波动的特点。 公司产品主要分为数字金融业务解决方案、大数据应用系统解决方案以及全财务价值链业务管理解决方案三大类。此 外，公司还有专门的海外业务相关产品与解决方案，具体情况如下： 1、数字金融业务解决方案 数字金融业务解决方案主要包括银行核心业务类、信贷及互联网金融产品类、信用卡业务类、渠道业务类、业务中台 类、分布式技术平台类等多组合全栈解决方案。 公司长期占据金融核心业务竞争高地，已成功实现近百个银行核心系统项目落地案例。报告期内，公司数字金融业务 条线累计中标100余个，实施产品覆盖银行核心系统、信贷系统、信用卡系统、渠道类系统及财金类系统等多元领域， 服务对象广泛覆盖国有大型银行、全国性股份制银行、城市商业银行、农村信用社、农村商业银行及集团财务公司等各 类金融机构。 公司在银行核心系统领域持续保持市场领军地位。公司的核心业务系统基于企业级微服务架构框架与企业级应用开发 平台精心打造，深度融合“微服务+单元化”的先进分布式设计理念，融入“中心化”思维，构建了全新的核心业务处理 模式。系统实现了业务服务的极致灵活组合与高效拆分，通过可落地的建模方法对金融业务流程进行深度优化与重构， 推动技术与业务相互促进，全面支撑银行金融产品的快速迭代与创新，同时确保单元化部署的灵活性与快速扩容能力， 契合大数据时代对海量数据处理与高速交易响应的严苛要求。依托公司在银行核心金融系统领域长期积累的行业经验与 深厚底蕴，核心业务系统能够精准把握银行未来业务发展的爆发性增长需求，通过无限动态扩容策略保障系统持续稳定 运行。系统在开发、业务及技术层面均具备高度敏捷性，助力银行实现金融产品的快速创新与市场响应，推动银行从传 统的交易驱动型会计核算系统向以客户为中心的服务模式转变，全面提升银行的日常运营能力与市场竞争力。报告期内， 公司中标2家全国性股份制银行新一代核心业务系统项目、某头部省级农商联合银行新一代核心业务系统项目、西北某 省级农商（农信社）新核心业务系统项目、华东某省级农商行新核心业务系统项目、华东某民营银行新一代核心业务系 统项目、西南某家城商银行新核心业务系统建设项目、西北某家城商银行新一代核心系统群核心业务系统项目，以及某 国际股份制银行新一代分布式核心业务系统项目等多个项目。 在信贷业务领域，公司综合信贷管理平台以企业级架构为指引，采用“能力中心+微服务+组件化”架构，依托自主、 安全、可靠的分布式技术，通过灵活的业务建模体系驱动服务精细化拆分，实现传统稳态与数字敏态的有机结合。综合 信贷管理平台运用企业架构建模方法，将业务需求抽象为可复用的业务与技术组件，覆盖信贷业务全生命周期所有环节， 沉淀为多个服务中心；同时抽取公共技术能力形成通用组件，实现技术资产的共享与复用。系统可与行内多领域系统高 14",windowed_extraction_review_required
300872.SZ,AR_300872_SZ_2025,business_overview,21,32,"天阳宏业科技股份有限公司2025年年度报告全文 三、核心竞争力分析 1、领先的AI原生技术与平台构建能力 公司以 AI 原生为核心技术方向，自主打造银行 AI 原生底座“天元”，深度融合大数据、人工智能与分布式架构， 构建可解释、可审计、可干预的金融级 AI 能力体系。依托控股子公司魔数智擎，形成“通用大模型+金融专属小模型” 双轮驱动格局，基于 MCP 协议与原子化工具链，打造智能决策大脑、智能执行、AI 工具三位一体核心能力，覆盖智能风 控、智能营销、智能运营、信贷审批、合规审计等全金融场景，可快速支撑金融机构技术架构从传统 IT 向 AI 原生架构 跃迁，为银行数智化转型提供底层支撑与范式创新，技术领先性与场景落地能力行业突出。 2、领先的人民币跨境支付系统建设能力 公司参与人民币跨境支付系统建设与核心信创改造，拥有自主可控、全栈适配、安全合规的跨境支付技术体系，具 备从平台搭建、系统改造到运维服务的全链条交付能力。公司实施的创新业务合作平台项目与人民币跨境支付核心系统 信创改造项目可实现核心系统无感知切换，支持多币种清算、金融市场 PVP 交易，并率先实现清算系统数字人民币对公 支付首个行业落地，形成显著技术先发与项目落地壁垒，有力支撑人民币国际化战略。 3、银行关键业务产品领先优势 公司在银行信用卡、信贷等核心业务领域，技术能力、产品成熟度、技术架构与业务架构均处于行业前列。信用卡 与信贷作为银行最关键的业务系统之一，公司相关产品基于分布式计算架构、微服务、大数据、区块链等前沿技术构建， 实现从硬件、底层基础软件到应用软件的完全国产化替代，系统性能与可扩展性显著提升。其中，信用卡解决方案连续 六年稳居市场第一。 4、核心业务突出，行业地位领先 公司聚焦咨询、金融科技、场景运营三大业务板块，可为银行提供大信贷、信用卡及消费金融、智能营销、人民币 跨境支付等端到端完整解决方案，业务深度覆盖银行关键业务领域与核心创新环节，凭借对优势主业的持续聚焦，稳居 行业领先地位。根据赛迪顾问《2024 年中国银行业 IT 解决方案市场分析报告》，公司综合排名第四，稳居行业领导者 象限。其中，信用卡解决方案连续六年市场占有率排名第一，市场风险、财资管理解决方案市场排名第一，信贷系统解 决方案排名第三，风险管理、客户关系管理、商业智能、智能营销、交易银行、监管报送等解决方案持续保持市场前列， 测试服务与咨询服务亦保持行业领先优势。 四、主营业务分析 1、概述 公司在金融科技主营业务方面，持续深耕现有业务领域，在新业务拓展方面，积极关注新质生产力相关机遇，持续 巩固公司在金融科技及提升公司在金融场景运营领域的市场地位。报告期内，公司实现营业收入177,687.17万元，同比 上升0.60%，与上年同期基本持平，业务发展整体平稳。 报告期内，归属于上市公司股东的净利润为-13,813.57 万元，较上年减少 21,563.96 万元；扣除非经常性损益后归 属于上市公司股东的净利润-19,774.15 万元，较上年减少 20,045.80 万元。本期利润下降并出现亏损，主要影响因素： （1）市场竞争加剧，公司大型项目毛利率呈下降趋势，特别是新业务市场还处于初始开发投入阶段，毛利率水平低于传 统业务线。（2）公司以银行客户为主，银行客户对较大型项目的交付质量与合规性要求增高，项目管理难度加大、项目 周期延长、验收时间延迟，使得此类项目成本增幅高于预期，导致公司整体营业成本增幅高于营业收入增幅。（3）公司 基于战略发展进行业务转型及人员结构优化，相关成本费用支出影响了成本结构和盈利水平。（4）全资子公司卡洛其根 据实际经营情况及宏观经济环境变化，基于审慎性原则计提商誉减值准备2,300.00万元，对利润产生不利影响。 21
天阳宏业科技股份有限公司2025年年度报告全文 报告期内，2025 年公司持续保持研发投入，为加强技术创新及保持技术领先优势，提升核心竞争力，研发投入 34,089.57 万元，研发投入率 19.19%。公司在信贷、信用卡、金融市场、算力、AI 等领域持续加大智能研发投入，强化 相关板块技术研发与创新布局，进一步增强核心竞争力。 2、收入与成本 （1） 营业收入构成 营业收入整体情况 单位：元 2025年 2024年 同比增减 金额 占营业收入比重 金额 占营业收入比重 营业收入合计 1,776,871,711.48 100% 1,766,211,579.54 100% 0.60% 分行业 软件行业 1,774,301,281.30 99.86% 1,763,783,785.95 99.86% 0.60% 其他业务 2,570,430.18 0.14% 2,427,793.59 0.14% 5.88% 分产品 技术开发类 1,100,766,955.58 61.95% 1,188,797,177.09 67.31% -7.40% 技术服务类 614,810,935.96 34.60% 524,045,982.96 29.67% 17.32% 系统集成类 32,506,548.98 1.83% 2,896,283.19 0.16% 1,022.35% 咨询服务类 26,216,840.78 1.48% 48,044,342.71 2.72% -45.43% 其他业务收入 2,570,430.18 0.14% 2,427,793.59 0.14% 5.88% 分地区 华东地区 480,741,538.76 27.06% 517,055,218.95 29.27% -7.02% 华北地区 845,688,787.79 47.59% 764,097,170.16 43.26% 10.68% 华南地区 206,203,391.55 11.60% 212,690,444.58 12.04% -3.05% 西南地区 78,773,360.35 4.43% 106,533,316.46 6.03% -26.06% 华中地区 67,462,300.28 3.80% 70,160,136.61 3.97% -3.85% 西北地区 51,621,600.99 2.91% 63,935,456.63 3.62% -19.26% 东北地区 35,787,053.70 2.01% 27,896,656.69 1.58% 28.28% 港澳台及海外 10,593,678.06 0.60% 3,843,179.46 0.22% 175.65% 地区 分销售模式 直销 1,776,871,711.48 100.00% 1,766,211,579.54 100.00% 0.60% 公司需遵守《深圳证券交易所上市公司自律监管指引第3号——行业信息披露》中的“软件与信息技术服务业”的披露 要求 单位：元 2025年度 2024年度 第一季度 第二季度 第三季度 第四季度 第一季度 第二季度 第三季度 第四季度 486,808,6 509,846,3 519,570,1 260,646,4 487,726,3 440,877,3 473,887,0 363,720,7 营业收入 83.19 77.92 85.88 64.49 42.03 62.88 82.56 92.07 归属于上 - - - 市公司股 25,596,40 25,445,01 6,725,678 91,023,21 134,075.0 195,902,8 5,887,529 7,765,921 东的净利 8.01 1.66 .53 8.21 0 40.69 .49 .03 润 22
天阳宏业科技股份有限公司2025年年度报告全文 说明经营季节性（或周期性）发生的原因及波动风险 报告期内，公司一至四季度的营业收入受业务经营季节性特点的影响较小，周期性不明显。第四季度收入占全年收 入比降低，主要是由于部分大型解决方案类项目实施周期较长、进度滞后，使得按交付验收确认收入的跨期项目增加， 导致第四季度收入下降。 报告期内，公司前三季度盈利，第四季度利润出现亏损。主要系：1、市场竞争加剧，且客户对交付质量与合规性要 求较高，显著增加了交付成本与项目周期，跨期项目增加，影响当年整体毛利水平；2、新市场和新业务的开展，相关业 务还处于投入阶段，项目利润水平较低；3、第四季度计提坏账准备及计提商誉减值准备，4、第四季度收到政府补助款 项较前三季度减少。以上综合因素导致第四季度亏损。 （2） 占公司营业收入或营业利润10%以上的行业、产品、地区、销售模式的情况 适用 □不适用 公司需遵守《深圳证券交易所上市公司自律监管指引第3号——行业信息披露》中的“软件与信息技术服务业”的披露 要求 单位：元 营业收入比上 营业成本比上 毛利率比上年 营业收入 营业成本 毛利率 年同期增减 年同期增减 同期增减 分客户所处行业 软件行业 1,774,301,281.30 1,456,584,960.53 17.91% 0.60% 15.61% -10.66% 分产品 技术开发类 1,100,766,955.58 880,692,159.48 19.99% -7.40% 4.14% -8.88% 技术服务类 614,810,935.96 529,342,326.27 13.90% 17.32% 38.41% -13.12% 系统集成类 32,506,548.98 29,911,844.73 7.98% 1,022.35% 1,022.55% -0.02% 咨询服务类 26,216,840.78 16,638,630.05 36.53% -45.43% -42.98% -2.73% 分地区 华东地区 480,741,538.76 380,671,265.24 20.82% -7.02% 6.36% -9.96% 华北地区 845,688,787.79 714,021,673.84 15.57% 10.68% 26.12% -10.33% 华南地区 206,203,391.55 166,666,100.47 19.17% -3.05% 9.95% -9.56% 西南地区 78,773,360.35 61,279,697.13 22.21% -26.06% -13.83% -11.04% 华中地区 67,462,300.28 55,305,696.24 18.02% -3.85% 11.35% -11.19% 西北地区 51,621,600.99 44,321,802.48 14.14% -19.26% 2.67% -18.34% 东北地区 35,787,053.70 29,232,069.45 18.32% 28.28% 35.68% -4.45% 港澳台及海 10,593,678.06 9,113,144.37 13.98% 175.65% 215.47% -10.85% 外地区 分销售模式 直销 1,776,871,711.48 1,460,611,449.22 17.80% 0.60% 15.55% -10.63% 公司主营业务数据统计口径在报告期发生调整的情况下，公司最近1年按报告期末口径调整后的主营业务数据 □适用 不适用 （3） 公司实物销售收入是否大于劳务收入 □是 否 （4） 公司已签订的重大销售合同、重大采购合同截至本报告期的履行情况 适用 □不适用 已签订的重大销售合同截至本报告期的履行情况 23
天阳宏业科技股份有限公司2025年年度报告全文 □适用 不适用 已签订的重大采购合同截至本报告期的履行情况 适用 □不适用 单位：万元 影响重大 合同履行 是否存在 合同未正 对方当事 合同总金 合计已履 本报告期 待履行金 是否正常 的各项条 合同无法 合同标的 常履行的 人 额 行金额 履行金额 额 履行 件是否发 履行的重 说明 生重大变 大风险 化 SS&C Solution s Algo软 Limited 件许可使 、SS&C 用权、天 Technolo 阳信创版 gies, 11,648 9,985.72 9,985.72 1,662.28 是 否 否 无 本开发、 Inc.、 定制支持 SS&C 服务 Technolo gies Shanghai Limited （5） 营业成本构成 行业分类 单位：元 2025年 2024年 行业分类 项目 同比增减 金额 占营业成本比重 金额 占营业成本比重 软件行业 直接人工 1,264,141,725.40 86.55% 1,065,715,510.93 84.31% 18.62% 软件行业 直接费用 99,910,695.28 6.84% 82,152,564.73 6.50% 21.62% 软件行业 技术服务费 63,894,587.00 4.37% 109,400,818.68 8.65% -41.60% 软件行业 直接材料 28,637,952.85 1.96% 2,664,825.18 0.21% 974.67% 其他业务 其他 4,026,488.69 0.28% 4,095,716.08 0.32% -1.69% 说明 营业成本中直接人工成本、直接费用上升，主要因为营业成本主要是人工成本费用，公司银行类金融机构客户对项 目交付质量与合规性要求较高，交付难度较大及项目周期增长，导致直接人工成本费用上升。技术服务费下降主要因为 根据项目需求，公司以自有人员投入为主，减少了技术服务外采。直接材料成本的上升则主要因集成业务增加所致，但 集成业务占整体业务比例仍然较低。 公司需遵守《深圳证券交易所上市公司自律监管指引第3号——行业信息披露》中的“软件与信息技术服务业”的披露 要求 主营业务成本构成 单位：元 本报告期 上年同期 成本构成 同比增减 金额 占营业成本比重 金额 占营业成本比重 直接人工 1,264,141,725.40 86.55% 1,065,715,510.93 84.31% 18.62% 24
天阳宏业科技股份有限公司2025年年度报告全文 本报告期 上年同期 成本构成 同比增减 金额 占营业成本比重 金额 占营业成本比重 直接费用 99,910,695.28 6.84% 82,152,564.73 6.50% 21.62% 技术服务费 63,894,587.00 4.37% 109,400,818.68 8.65% -41.60% 直接材料 28,637,952.85 1.96% 2,664,825.18 0.21% 974.67% （6） 报告期内合并范围是否发生变动 是 □否 序号 名称 变更情况 变更原因 备注 1 天融数智（东莞）科技有限公司 增加 投资设立 2 杭州天锐阳启科技有限公司 增加 投资设立 3 深圳市魔数智擎人工智能有限公司 增加 非同一控制下企业合并 深圳市魔数智擎人工智能有限公司 4 深圳魔数智擎科技有限公司 增加 非同一控制下企业合并 之全资子公司 深圳市魔数智擎人工智能有限公司 5 合肥魔数智擎科技有限公司 增加 非同一控制下企业合并 之全资子公司 6 南京熤阳融创科技有限公司 减少 注销 （7） 公司报告期内业务、产品或服务发生重大变化或调整有关情况 □适用 不适用 （8） 主要销售客户和主要供应商情况 公司主要销售客户情况 前五名客户合计销售金额（元） 651,975,917.04 前五名客户合计销售金额占年度销售总额比例 36.69% 前五名客户销售额中关联方销售额占年度销售总额比例 0.00% 公司前5大客户资料 序号 客户名称 销售额（元） 占年度销售总额比例 1 客户一 240,068,141.99 13.51% 2 客户二 195,690,458.64 11.01% 3 客户三 79,974,020.33 4.50% 4 客户四 68,616,831.73 3.86% 5 客户五 67,626,464.35 3.81% 合计 -- 651,975,917.04 36.69% 主要客户其他情况说明 □适用 不适用 公司主要供应商情况 前五名供应商合计采购金额（元） 164,365,468.90 前五名供应商合计采购金额占年度采购总额比例 73.36% 前五名供应商采购额中关联方采购额占年度采购总额比例 0.00% 公司前5名供应商资料 25
天阳宏业科技股份有限公司2025年年度报告全文 序号 供应商名称 采购额（元） 占年度采购总额比例 1 SS&C Solutions Limited 107,336,971.41 47.91% 中建材信息技术股份有限公 2 23,113,123.26 10.32% 司 3 供应商三 14,459,567.28 6.45% 4 供应商四 11,377,386.89 5.08% 5 供应商五 8,078,420.06 3.61% 合计 -- 164,365,468.90 73.36% 主要供应商其他情况说明 □适用 不适用 报告期内公司贸易业务收入占营业收入比例超过10% □适用 不适用 3、费用 单位：元 2025年 2024年 同比增减 重大变动说明 销售费用 102,187,893.54 105,263,882.42 -2.92% 无重大变化。 主要系本期人工成本 上升、实施股权激励 管理费用 161,236,324.57 146,317,103.53 10.20% 计划导致股份支付费 用增加以及无形资产 摊销增多所致。 主要系报告期可转换 公司债券转股及赎 财务费用 3,220,540.69 44,775,623.69 -92.81% 回，导致可转换债券 计提利息减少所致。 主要系本期研发投入 研发费用 207,157,545.31 176,937,987.46 17.08% 增加所致。 4、研发投入 适用 □不适用 预计对公司未来发展 主要研发项目名称 项目目的 项目进展 拟达到的目标 的影响 本项目通过在信创、 公司通过建设数字金 本项目拟利用公司已 数字货币、金融科 融应用研发项目，建 有的研发成果、技术 技、绿色金融、隐私 立和完善软件和信息 优势和经验，建设高 计算这五个研发方 技术服务行业的标 效的数字金融应用研 向，针对金融应用信 准、规范与体系，培 发体系，提升软硬件 创适配技术研发、数 养和造就一批具有国 设施水平，加强知识 字货币应用场景研 际竞争能力的专业队 数字金融应用研发项 产权建设，综合提升 发、统一数字监管平 进行中 伍，不断促进国内相 目 企业研发基础能力。 台研发、绿色碳金融 关行业技术创新，根 本项目的实施，有利 产品研发平台、同态 据经济建设和市场需 于公司进一步保持和 加密金融隐私计算安 求，针对行业发展的 增强技术优势，从而 全应用研发、分布式 重大技术问题进行攻 有效提升公司在银行 数字金融底座平台研 关，持续完善技术升 业IT解决方案领域的 发、农业数字信贷产 级以及产品创新，提 核心竞争力。 品平台研发这七大专 升公司竞争力，形成 26
天阳宏业科技股份有限公司2025年年度报告全文 预计对公司未来发展 主要研发项目名称 项目目的 项目进展 拟达到的目标 的影响 项课题进行研究，建 具有技术优势、研发 立相应的产品体系， 优势的高新技术企 该项目的实施能有效 业。项目建成后将改 提升公司科技创新能 善公司的研发环境， 力、科技创新水平以 提高公司的技术研发 及公司的技术实力， 质量和工作效率，进 有助于公司在行业中 一步增强公司技术创 占据有利地位。 新能力和市场竞争 力。 目标是打造一个企业 级统一智能风控能力 本项建设的“AI+智能 平台，形成“一个中 风控中台”是一个集 台、支撑多条业务 数据中台、模型中 线、贯穿贷前-贷中- 项目实现了从点状风 台、规则中台和智能 贷后”的智能风险管 控系统向平台化、智 决策引擎于一体的企 理体系。形成面向全 能化风控基础设施的 业级风控能力平台。 行/全集团的统一智能 升级，对本单位中长 AI+智能风控中台项目 进行中 建设“薄前台、厚中 风控基础设施，支撑 期风险管理水平和数 台、强后台”架构实 当前及未来各类数字 字化战略具有基础 践载体：打通前台渠 化业务的发展。将风 性、长远性的支撑作 道、中台风控能力与 控能力从“单系统功 用。 后台核心系统之间的 能”升级为“企业核 数据与决策链路。 心基础设施”，形成 可持续演进的技术与 数据资产。 本项目已成功研发并 推出了“智能需求解 析系统”。该系统是 本项目成功研发了 在软件工程领域，需 一款集文档上传、智 “智能需求解析系 求分析始终是项目成 能解析、需求条目管 统”，标志着公司在 功的核心基石。本项 理于一体的软件工 需求工程智能化领域 测试大模型 目开发的需求解析模 已完成 具，能够自动将非结 取得了关键性突破， 块，本质是构建需求 构化的需求文档转化 为构建完整的AI驱动 工程与AI开发测试流 为结构化、原子化的 开发测试流水线补齐 水线间的智能桥梁。 需求条目，为后续的 了首块重要拼图。 AI开发与测试流程提 供高质量的数据输 入。 产融智脑依托“大数 据+大模型+机器学 习”技术深度融合， 以多源异构数据智能 产融智脑是公司面向 解析与动态知识融合 金融领域推出的首批 为基座，构建更专 构建专业产业链展 大模型应用创新。产 业、灵活的产业链关 示，通过通用构架构 融大模型的应用将使 系图谱。通过大模型 建全产业图谱；通过 公司在金融科技领域 产融智脑 进行中 驱动的非结构化数据 研报专业化构建工业 占据领先地位，通过 建链、隐性关联挖掘 机器人产业链环节及 智能化服务提升客户 及智能Agent协同建 相关公司图谱。 满意度和市场响应速 模，突破传统产业链 度，增强公司的市场 图谱的静态局限，实 竞争力。 现产业链上下游关系 的动态校准与自适应 扩展（如工业机器人 领域的技术-企业-资 27
天阳宏业科技股份有限公司2025年年度报告全文 预计对公司未来发展 主要研发项目名称 项目目的 项目进展 拟达到的目标 的影响 本三维映射），精准识 别潜在关联企业与风 险节点。同时，结合 端到端自动化报告生 成与智能分析能力， 将图谱深度应用于金 融拓客、竞争力评估 及融资策略设计场 景，以分钟级产业洞 察推动金融资源与实 体经济的精准适配， 为产融协同打造兼具 专业化解析能力与业 务敏捷性的决策基础 设施。 建设一套完整的市场 天阳天锐市场风险管 风险管理系统，实现 理系统研发项目旨在 风险计量、风险分析 基于先进的金融风险 和风险报告的统一管 管理理念与技术架 本项目是公司在金融 理。实现对复杂金融 构，研发一套面向银 科技领域的重要研发 产品的自动化估值和 行金融市场业务的市 项目。项目以金融市 风险计量，提高风险 场风险管理系统。系 场风险管理为核心， 管理效率。完成系统 天阳天锐市场风险管 统通过构建统一的数 通过技术创新和系统 已完成 在国产操作系统及国 理系统 据管理平台、风险计 研发，提升金融机构 产数据库环境下的适 量引擎和报表分析平 风险管理能力，并推 配与认证。建立统一 台，实现交易数据、 动公司在金融科技领 的数据管理平台，提 市场数据和风险计量 域的技术积累和产品 高数据质量和风险管 模型的统一管理，并 升级。 理水平。为金融机构 支持情景分析、压力 提供符合监管要求的 测试及监管报送等功 风险管理系统解决方 能。 案。 项目为金融行业提供 通过采用主流开源技 项目定位为面向金融 了平滑的信创转型路 术栈与标准化架构， 机构的后台数据智能 径与智能化实践范 为金融机构节省了大 分析与经营平台，以 例，有力支撑了金融 量商业软件许可费用 智慧财资经营分析 产品重构、数据模型 已完成 基础设施自主可控与 与长期运维成本。其 标准化为基础，提供 行业数字化水平的提 信创适配方案大幅降 智能报告、推送与配 升。展现出卓越的商 低了行业信创转型的 置等核心分析能力。 业价值与市场竞争 整体成本与风险。 力。 在AI大模型日趋成熟 的背景下，通过JAR 完成关键产品验证， 项目形成的自主知识 包或Swagger文档智 获取市场初步反馈； 产权与“AI+软件工 能生成接口，标注化 形成融合静态分析与 程”解决方案，为企 且高效管理成为可 AI理解的自主技术方 智能接口提取 已完成 业开辟了技术赋能的 能。本项目通过融合 案，构建竞争壁垒； 新路径，增强了市场 AI大模型技术，实现 产出标准化交付物， 竞争力和潜在商业价 接口的智能解析与生 为后续迭代与推广奠 值。 成，并能自动识别变 定基础。 更内容进行同步。 28
天阳宏业科技股份有限公司2025年年度报告全文 预计对公司未来发展 主要研发项目名称 项目目的 项目进展 拟达到的目标 的影响 利用AI技术实现测试 案例自动生成、智能 数据构造和自动化测 试组装执行。平台可 实现测试根本性变 基于需求文档生成测 建立企业级智能测试 革，达成降本增效、 试案例，自动分析并 标准，构建可演进的 风险控制与数字资产 手自一体智能测试平 动态生成测试数据， 已完成 知识资产，并最终赋 沉淀。验证智能化测 台 同时调用现有自动化 能整体研发效能提 试可行路径，引领研 组件完成测试执行， 升。 发质量保障体系向主 显著提升测试效率与 动赋能演进。 覆盖率，减少人工干 预，助力客户高效交 付高质量系统。 天阳问数基于 DeepSeek大模型，融 其高精度风险预测与 合粒度模型与业务指 项目解决金融机构在 决策支持能力有助于 标体系，构建“精准 数据洞察、决策敏捷 提升金融系统稳定 智能问数研发项目 语义解析+高效逻辑计 已完成 与模型可信方面的痛 性，优化信贷资源配 算”双引擎，打造可 点，通过AI助力客户 置，间接降低实体经 解释、可追溯、可闭 释放数据资产价值。 济融资成本。 环的智能数据分析平 台。 利用生产流量“数据 真实”、“数据量 本项目对信创改造这 大”两个特点，通过 成功研发并上线具备 一大背景下的后端系 把生产环境中的交易 “回放”与“比对” 统测试提供了新的技 流量录制回放 报文在测试环境中进 已完成 两大核心功能的完整 术测试手段，大幅优 行回放，可以比较有 流量回放平台 化了测试时间与人力 效地解决案例设计工 成本。 作量大、执行数据难 以构造等痛点。 公司研发人员情况 2025年 2024年 变动比例 研发人员数量（人） 1,292 1,295 -0.23% 研发人员数量占比 13.70% 15.43% -1.73% 研发人员学历 本科 1,016 1,005 1.09% 硕士 25 21 19.05% 其他 251 269 -6.69% 研发人员年龄构成 30岁以下 162 161 0.62% 30~40岁 920 992 -7.26% 40岁以上 210 142 47.89% 近三年公司研发投入金额及占营业收入的比例 2025年 2024年 2023年 研发投入金额（元） 340,895,721.62 327,208,654.07 327,531,009.55 研发投入占营业收入比例 19.19% 18.53% 16.92% 29
天阳宏业科技股份有限公司2025年年度报告全文 2025年 2024年 2023年 研发支出资本化的金额 133,738,176.31 150,270,666.61 120,512,071.66 （元） 资本化研发支出占研发投入 39.23% 45.93% 36.79% 的比例 资本化研发支出占当期净利 -96.82% 193.89% 103.24% 润的比重 公司研发人员构成发生重大变化的原因及影响 □适用 不适用 研发投入总额占营业收入的比重较上年发生显著变化的原因 □适用 不适用 研发投入资本化率大幅变动的原因及其合理性说明 □适用 不适用 公司需遵守《深圳证券交易所上市公司自律监管指引第3号——行业信息披露》中的“软件与信息技术服务业”的披露 要求 单位：元 项目名称 研发资本化金额 相关项目的基本情况 实施进度 本项目通过在信创、数字货 币、金融科技、绿色金融、 隐私计算这五个研发方向， 针对金融应用信创适配技术 研发、数字货币应用场景研 发、统一数字监管平台研 发、绿色碳金融产品研发平 台、同态加密金融隐私计算 数字金融应用研发项目 122,090,789.42 安全应用研发、分布式数字 进行中 金融底座平台研发、农业数 字信贷产品平台研发这七大 专项课题进行研究，建立相 应的产品体系，该项目的实 施能有效提升公司科技创新 能力、科技创新水平以及公 司的技术实力，有助于公司 在行业中占据有利地位。 产融智脑是大数据+大模型+ 机器学习的分析能力，快速 解析海量公开产业数据和产 业专家知识库，精准识别产 业链上下游关系，挖掘潜在 关联企业，支撑实现对公、 普惠业务拓客、分析需求， 产融智脑 11,647,386.89 进行中 助力金融行业提前布局产业 风口。同时，通过智能 Agent 协同矩阵，在数分钟 内生成专业级产融报告，覆 盖企业竞争力评估、营销策 略、融资方案设计等客群经 营全流程。 30
天阳宏业科技股份有限公司2025年年度报告全文 5、现金流 单位：元 项目 2025年 2024年 同比增减 经营活动现金流入小计 2,485,130,602.96 2,328,531,969.02 6.73% 经营活动现金流出小计 2,351,495,728.46 2,205,871,658.92 6.60% 经营活动产生的现金流量净额 133,634,874.50 122,660,310.10 8.95% 投资活动现金流入小计 2,918,309,023.14 1,975,464,986.35 47.73% 投资活动现金流出小计 3,350,651,037.31 2,311,347,254.57 44.97% 投资活动产生的现金流量净额 -432,342,014.17 -335,882,268.22 -28.72% 筹资活动现金流入小计 642,251,673.15 517,593,421.00 24.08% 筹资活动现金流出小计 517,132,168.00 424,354,416.91 21.86% 筹资活动产生的现金流量净额 125,119,505.15 93,239,004.09 34.19% 现金及现金等价物净增加额 -173,631,885.94 -119,943,571.17 -44.76% 相关数据同比发生重大变动的主要影响因素说明 适用 □不适用 （1）经营活动产生的现金流量净额较上期增加1,097.46万元，增加8.95%，主要原因系报告期内公司回款情况的 显著改善，回款较上年有所增长。 （2）投资活动产生的现金流量净额较上期减少9,645.97万元，减少28.72%，主要原因系本期发生股权投资以及其 他长期资产支出较上期增加所致。 （3）筹资活动产生的现金流量净额较上期增加3,188.05万元，增加34.19%。主要原因系本期收到银行借款较上期 增加所致。 报告期内公司经营活动产生的现金净流量与本年度净利润存在重大差异的原因说明 适用 □不适用 报告期内，公司经营活动产生的现金流量净额为 13,363.49 万元，归属于上市公司股东的净利润为-13,813.57 万元， 差异为 27,177.06 万元。主要系公司高度重视对往年应收账款的清理，报告期内持续加大催收力度，优化回款考核机制， 强化责任落实，实施定期跟踪和动态监控，取得显著成效。销售回款的大幅增加直接带来当期经营活动的现金净流入。 未来公司将继续加强回款管理工作，为公司的稳步发展提供有力的资金保障。 五、非主营业务情况 适用 □不适用 单位：元 金额 占利润总额比例 形成原因说明 是否具有可持续性 主要系公司结构性存 款及长期股权投资权 投资收益 597,782.81 -0.39% 是 益法核算产生的收益 所致 主要系公司对商誉计 资产减值 -22,296,093.87 14.52% 是 提减值损失所致 主要系计提控股子公 营业外收入 627,826.85 -0.41% 否 司业绩补偿所致 31
天阳宏业科技股份有限公司2025年年度报告全文 金额 占利润总额比例 形成原因说明 是否具有可持续性 主要系对外捐赠支出 营业外支出 991,292.40 -0.65% 否 所致 政府补助中增值税即 主要系收到的政府补 征即退具有可持续 其他收益 57,261,556.88 -37.28% 助所致 性，其他政府补助不 具有可持续性。 主要系公司对应收款 信用减值损失 -16,380,568.24 10.66% 是 项计提坏账准备所致 六、资产及负债状况分析 1、资产构成重大变动情况 单位：元 2025年末 2025年初 重大变动说 占总资产比 占总资产比 比重增减 金额 金额 明 例 例 主要系本期 日常经营支 货币资金 1,148,660,027.63 24.01% 1,351,168,410.00 32.19% -8.18% 出及投资支 出所致。 主要系报告 期内回款增 应收账款 826,306,369.18 17.27% 1,138,592,829.94 27.12% -9.85% 加，相应减 少应收账款 所致。 主要系报告 期末未收回 合同资产 114,566,204.61 2.39% 153,737,301.01 3.66% -1.27% 的合同资产 减少所致。 主要系报告 期内尚未达 到收入确认 存货 648,580,882.49 13.56% 455,963,151.68 10.86% 2.70% 条件的在执 行项目增多 所致。 主要系本期 支付对联营 长期股权投资 155,149,396.34 3.24% 86,158,736.67 2.05% 1.19% 公司的投资 款增加所 致。 无重大变 固定资产 180,160,543.00 3.77% 196,711,649.49 4.69% -0.92% 动。 无重大变 使用权资产 3,829,286.71 0.08% 3,043,615.02 0.07% 0.01% 动。 主要系公司 短期借款 523,000,000.00 10.93% 250,000,000.00 5.96% 4.97% 银行借款增 加所致。 主要系本期 收到未达到 合同负债 104,048,743.24 2.17% 38,515,315.54 0.92% 1.25% 收入确认条 件的合同款 增加所致。 32",windowed_extraction_review_required
300872.SZ,AR_300872_SZ_2025,core_competitiveness,2,13,"天阳宏业科技股份有限公司2025年年度报告全文 2025 年年度报告 第一节 重要提示、目录和释义 公司董事会及董事、高级管理人员保证年度报告内容的真实、准确、完 整，不存在虚假记载、误导性陈述或者重大遗漏，并承担个别和连带的法律 责任。 公司负责人欧阳建平、主管会计工作负责人张庆勋及会计机构负责人(会 计主管人员)陈艳萍声明：保证本年度报告中财务报告的真实、准确、完整。 所有董事均已出席了审议本报告的董事会会议。 报告期内，公司实现营业总收入 177,687.17 万元，较上年同期增长 0.60%;归属于上市公司股东的净利润为-13,813.57 万元，较上年同期减少 278.23%。业绩变动原因说明：1、市场因素：随着行业竞争日趋激烈，为巩 固市场地位，部分战略方向业务项目毛利率下滑；同时，为应对市场变化， 公司进行业务转型及人员结构优化，相关成本费用增加，导致公司当期利润 下降。2、研发投入：为进一步增强核心竞争力，公司持续加大在信贷、信用 卡、金融市场、AI 等领域的智能化研发投入，强化相关板块技术储备与创新 布局。3、新市场和新业态的投入：公司积极拓展海外业务及探索新型业务运 营模式，但受行业特性、市场环境影响，相关业务仍处于投入阶段，尚未产 生规模利润回报，对报告期利润造成阶段性影响。4、外部环境：公司主要客 户为银行金融机构，中标大型项目大幅增加，此类项目金额较大，交付周期 长，以及银行合规要求更趋严格，使得更多解决方案类项目在软件系统上线 2
天阳宏业科技股份有限公司2025年年度报告全文 运行或试运行期结束，并通过客户验收后才可确认收入，对报告期利润产生 一定影响。 除上述指标情况外，公司主营业务、核心竞争力、主要财务指标，未发 生重大不利变化；公司所处行业未发生重大变化，不存在产能过剩、持续衰 退等情形；公司持续经营能力不存在重大风险。 报告期内，公司经营出现阶段性亏损，为扭转经营局面、持续改善盈利 水平，公司将多措并举落实提质增效举措：一是聚焦核心业务赛道，优化业 务布局。公司进一步收缩非核心低效业务，集中资源深耕银行信贷类核心业 务，依托行业积累与客户资源，深化重点银行客户合作，扩大优质业务落地 规模，持续优化收入结构，夯实盈利基本盘。二是深化精细化经营管理，提 升运营效益。严格项目全流程评审与管控，优选高质量、高附加值项目，杜 绝低效低回报业务投放；持续优化项目实施管理体系，合理调配人力资源， 提升人员作业效率与交付质量，严控成本费用支出，全面提升整体经营质量 与项目毛利水平。三是布局新兴增长业务，培育盈利新动能。持续加大金融 场景运营业务投入，依托现有金融行业服务优势，拓展多元化场景运营服务， 打造新的业务盈利模式，丰富常态化收入来源，对冲传统业务周期波动影响， 增强公司盈利的稳定性与可持续性。 报告中如有涉及未来的计划、业绩预测等方面的内容，均不构成本公司 对任何投资者及相关人士的承诺，投资者及相关人士均应对此保持足够的风 险认识，并且应当理解计划、预测与承诺之间的差异。 3
天阳宏业科技股份有限公司2025年年度报告全文 公司在发展过程中，可能存在市场竞争风险、技术与产品开发质量风险、 核心技术人员和关键管理人员流失风险、商誉减值风险、人力成本上升风险、 应收账款发生坏账风险等，敬请投资者查阅本报告“第三节、管理层讨论与 分析”之“十一、公司未来发展的展望”中的内容。 公司计划不派发现金红利，不送红股，不以公积金转增股本。 4
天阳宏业科技股份有限公司2025年年度报告全文 目录 第一节 重要提示、目录和释义 ...................................................2 第二节 公司简介和主要财务指标 .................................................8 第三节 管理层讨论与分析 ......................................................12 第四节 公司治理、环境和社会 ..................................................42 第五节 重要事项 ..............................................................64 第六节 股份变动及股东情况 ................................................... 128 第七节 债券相关情况 ......................................................... 136 第八节 财务报告 ............................................................. 141 5
天阳宏业科技股份有限公司2025年年度报告全文 备查文件目录 一、载有公司法定代表人、主管会计工作负责人、会计机构负责人签名并盖章的财务报表； 二、载有会计师事务所盖章、注册会计师签名并盖章的审计报告原件； 三、报告期内在中国证监会指定网站上公开披露过的所有公司文件的正本及公告的原稿； 四、其它备查文件。 6
天阳宏业科技股份有限公司2025年年度报告全文 释义 释义项 指 释义内容 公司、本公司、天阳科技 指 天阳宏业科技股份有限公司 天阳有限公司 指 北京天阳宏业软件技术有限公司 厦门赞扬丰硕软件技术有限公司，公司子 厦门赞扬 指 公司 卡洛其 指 北京卡洛其咨询有限公司，公司子公司 北京银恒通电子科技有限公司，公司子公 银恒通 指 司 天阳胜合科技（北京）有限公司，公司子 天阳胜合 指 公司 北京同创安胜咨询服务中心（有限合伙）， 同创安胜 指 公司子公司 深圳市魔数智擎人工智能有限公司，公司 魔数智擎 指 子公司 中国证监会 指 中国证券监督管理委员会 财政部 指 中华人民共和国财政部 Information Technology，信息技术的英 IT 指 文缩写 首都在线 指 北京首都在线科技股份有限公司 宝兰德 指 北京宝兰德软件股份有限公司 天阳宏业科技股份有限公司向不特定对象 可转债 指 发行可转换公司债券 报告期、本期、本报告期 指 2025年1月1日至2025年12月31日 上年同期 指 2024年1月1日至2024年12月31日 元；万元；亿元 指 人民币元；人民币万元；人民币亿元 7
天阳宏业科技股份有限公司2025年年度报告全文 第二节 公司简介和主要财务指标 一、公司信息 股票简称 天阳科技 股票代码 300872 公司的中文名称 天阳宏业科技股份有限公司 公司的中文简称 天阳科技 公司的外文名称（如有） Tansun Technology Co., Ltd. 公司的外文名称缩写（如 TANSUN 有） 公司的法定代表人 欧阳建平 注册地址 拉萨经济技术开发区林琼岗东一路7号西藏西欣商贸有限公司A座608房 注册地址的邮政编码 850000 2006年11月16日由北京市海淀区花园路B3号804室变更为北京市海淀区花园路B3号 3幢307室；2015年3月24日由北京市海淀区花园路B3号3幢307室变更为北京市海 公司注册地址历史变更情况 淀区中关村大街11号13层十三层办公1318号；2016年12月30日由北京市海淀区中关 村大街11号13层十三层办公1318号变更为现注册地址。 办公地址 北京市朝阳区阜通东大街1号院3号楼9层2单元121005 办公地址的邮政编码 100102 公司网址 www.tansun.com.cn 电子信箱 ir@tansun.com.cn 二、联系人和联系方式 董事会秘书 证券事务代表 姓名 甘泉 李莹 北京市朝阳区阜通东大街1号院3号 北京市朝阳区阜通东大街1号院3号 联系地址 楼9层2单元121005 楼9层2单元121005 0891-6401153 0891-6401153 电话 010-57076008 010-57076008 0891-6139569 0891-6139569 传真 010-50955905 010-50955905 电子信箱 ir@tansun.com.cn ir@tansun.com.cn 三、信息披露及备置地点 公司披露年度报告的证券交易所网站 深圳证券交易所（http://www.szse.cn） 《中国证券报》《上海证券报》《证券时报》《证券日报》及 公司披露年度报告的媒体名称及网址 巨潮资讯网（http://www.cninfo.com.cn/） 公司年度报告备置地点 证券事务部 四、其他有关资料 8
天阳宏业科技股份有限公司2025年年度报告全文 公司聘请的会计师事务所 会计师事务所名称 大华会计师事务所（特殊普通合伙） 会计师事务所办公地址 北京市海淀区西四环中路16号院7号楼1101 签字会计师姓名 黄羽、林洪毅 公司聘请的报告期内履行持续督导职责的保荐机构 适用 □不适用 保荐机构名称 保荐机构办公地址 保荐代表人姓名 持续督导期间 发行可转换公司债券持续督 广西壮族自治区南宁市滨湖 国海证券股份有限公司 张彦忠、任伟鹏 导期：自2023年4月18日 路46号国海大厦 至2025年12月31日 公司聘请的报告期内履行持续督导职责的财务顾问 □适用 不适用 五、主要会计数据和财务指标 公司是否需追溯调整或重述以前年度会计数据 □是 否 2025年 2024年 本年比上年增减 2023年 营业收入（元） 1,776,871,711.48 1,766,211,579.54 0.60% 1,935,801,733.00 归属于上市公司股东 -138,135,742.49 77,503,842.69 -278.23% 116,728,781.98 的净利润（元） 归属于上市公司股东 的扣除非经常性损益 -197,741,499.70 2,716,502.32 -7,379.27% 63,942,346.47 的净利润（元） 经营活动产生的现金 133,634,874.50 122,660,310.10 8.95% 406,294,866.95 流量净额（元） 基本每股收益（元/ -0.29 0.21 -238.10% 0.29 股） 稀释每股收益（元/ -0.29 0.21 -238.10% 0.29 股） 加权平均净资产收益 -4.11% 2.91% -7.02% 4.69% 率 2025年末 2024年末 本年末比上年末增减 2023年末 资产总额（元） 4,784,424,654.80 4,197,801,354.26 13.97% 4,037,096,683.54 归属于上市公司股东 3,583,408,269.69 3,221,078,383.71 11.25% 2,593,605,844.12 的净资产（元） 公司最近三个会计年度扣除非经常性损益前后净利润孰低者均为负值，且最近一年审计报告显示公司持续经营能力存在 不确定性 □是 否 公司报告期内经审计利润总额、净利润、扣除非经常性损益后的净利润三者孰低为负值 是 □否 项目 2025年 2024年 备注 营业收入（元） 1,776,871,711.48 1,766,211,579.54 营业收入扣除金额（元） 2,570,430.18 2,427,793.59 其他业务收入 9
天阳宏业科技股份有限公司2025年年度报告全文 项目 2025年 2024年 备注 营业收入扣除后金额（元） 1,774,301,281.30 1,763,783,785.95 六、分季度主要财务指标 单位：元 第一季度 第二季度 第三季度 第四季度 营业收入 486,808,683.19 509,846,377.92 519,570,185.88 260,646,464.49 归属于上市公司股东 25,596,408.01 25,445,011.66 6,725,678.53 -195,902,840.69 的净利润 归属于上市公司股东 的扣除非经常性损益 -2,417,759.57 17,562,521.17 -9,152,488.76 -203,733,772.54 的净利润 经营活动产生的现金 -289,156,014.74 3,265,334.09 71,738,766.23 347,786,788.92 流量净额 上述财务指标或其加总数是否与公司已披露季度报告、半年度报告相关财务指标存在重大差异 □是 否 七、境内外会计准则下会计数据差异 1、同时按照国际会计准则与按照中国会计准则披露的财务报告中净利润和净资产差异情况 □适用 不适用 公司报告期不存在按照国际会计准则与按照中国会计准则披露的财务报告中净利润和净资产差异情况。 2、同时按照境外会计准则与按照中国会计准则披露的财务报告中净利润和净资产差异情况 □适用 不适用 公司报告期不存在按照境外会计准则与按照中国会计准则披露的财务报告中净利润和净资产差异情况。 八、非经常性损益项目及金额 适用 □不适用 单位：元 项目 2025年金额 2024年金额 2023年金额 说明 非流动性资产处置损 益（包括已计提资产 -203,746.63 28,973,661.83 减值准备的冲销部 分） 计入当期损益的政府 补助（与公司正常经 营业务密切相关，符 合国家政策规定、按 55,692,337.97 51,409,196.91 48,056,916.53 照确定的标准享有、 对公司损益产生持续 影响的政府补助除 外） 10
天阳宏业科技股份有限公司2025年年度报告全文 项目 2025年金额 2024年金额 2023年金额 说明 除同公司正常经营业 务相关的有效套期保 值业务外，非金融企 业持有金融资产和金 3,607,123.14 4,855,196.35 8,549,816.36 融负债产生的公允价 值变动损益以及处置 金融资产和金融负债 产生的损益 除上述各项之外的其 -156,764.17 -660,909.95 -259,686.56 他营业外收入和支出 其他符合非经常性损 723,356.52 407,139.39 1,667,003.64 益定义的损益项目 减：所得税影响额 19,916.38 10,192,529.67 5,228,619.35 少数股东权益影 36,633.24 4,414.49 -1,004.89 响额（税后） 合计 59,605,757.21 74,787,340.37 52,786,435.51 -- 其他符合非经常性损益定义的损益项目的具体情况： 适用 □不适用 其他符合非经常性损益定义的损益项目的具体情况：个税返还：723,356.52元。 将《公开发行证券的公司信息披露解释性公告第1号——非经常性损益》中列举的非经常性损益项目界定为经常性损益 项目的情况说明 □适用 不适用 公司不存在将《公开发行证券的公司信息披露解释性公告第1号——非经常性损益》中列举的非经常性损益项目界定为 经常性损益的项目的情形。 11
天阳宏业科技股份有限公司2025年年度报告全文 第三节 管理层讨论与分析 一、报告期内公司从事的主要业务 （一）主要业务、主要产品概况 公司服务于以银行为主的金融行业客户，利用人工智能、区块链、云计算和大数据等新一代金融科技为客户提供咨 询、金融科技、场景运营等产品和服务，赋能金融行业数字化转型，致力于成为最具业务价值的金融科技和金融场景运 营领导者，帮助客户提升在营销、获客、风控、业务流程处理和运营管理等业务环节的效率，更好地为社会提供普惠金 融服务。是近年来国内高速成长、具有强大活力和创新精神的金融科技领军企业，是业内科技赋能金融的重要贡献者。 公司业务板块主要有咨询、金融科技、场景运营，主要围绕银行的关键业务领域、关键业务环节以及关键科技领域 展开。咨询包括IT规划、金融业务咨询；金融科技包括综合信贷、智能信贷、供应链金融、数字支付、风险管理、营销 运营和数智化转型；场景运营包括农村普惠金融、中小微普惠金融、零售普惠金融和航空互联网运营。公司的产品和解 决方案超过400个，承建了数千个银行里重要的IT系统，这些系统协助金融机构管理了数十万亿元的资产，为上千万企 业客户和数亿个人用户提供安全可信的金融服务。 （二）公司主要经营模式 公司的主要客户系以银行为主的金融机构，通过招投标或竞争性谈判方式向客户提供软件产品、软件开发及服务。 具体包括： 1.公司根据客户的需求，利用自有知识产权产品开发满足其需求的软件系统。 2.公司向客户提供人力和技术支持，以客户需求为导向协助完成软件系统的开发。 3.公司根据客户需求，提供专业测试服务、数据迁移服务。 4.公司根据客户需求，提供IT基础设施技术咨询规划、业务咨询及项目管理服务。 5.公司定期和不定期对客户的IT系统进行技术支持和运行维护。 6.公司根据客户需求，提供场景运营服务。 （三）报告期内公司主要完成的工作 报告期内，公司紧紧围绕“稳主业、拓赛道”核心方针，以全球化视野擘画金融科技生态新蓝图，主动拥抱新质生 产力发展浪潮，在深化金融科技主业的基础上，着力打造银行业AI智能体“母舰”，通过深度融合大小模型技术与人民 币跨境支付基础设施，助力金融机构实现从“经验驱动”向“数智驱动”跃迁，持续巩固公司在金融科技与金融场景运 营领域的价值引领地位。 • AI原生技术与银行数智化转型 报告期内，公司以 AI 原生为核心技术方向，全面推进银行数智化转型底层能力建设，打造银行 AI 原生底座—— “天元”，使其成为银行数智化转型的“第一推动力”，打破传统技术栈桎梏，推动技术架构从“传统IT”向“AI原生” 实现根本性跃迁，构建全新的技术与业务范式，成为银行拥抱AI时代的“元年基石”，为行业数智化长远发展筑牢根基。 “天元”底座深度融合云计算、大数据、人工智能及分布式架构能力，依托技术底座沉淀形成丰富的银行业务资产，为 银行打造稳固、可扩展的数智化底座，推动实现从“AI赋能”到“AI原生”的范式跃迁，重塑银行数字化转型底层逻辑。 底座坚持金融级的稳定、可信与可控为核心，集成可解释 AI 与模型风险管理能力，确保 AI 决策过程透明、可干预、可 审计、可解释；同时搭载低代码/零代码开发、模型工厂、智能编排等工具，实现银行各业务系统功能迭代与优化的快速 12
天阳宏业科技股份有限公司2025年年度报告全文 响应，初步构建决策至执行的闭环，覆盖智能风控、智能营销、智能运营、信贷审批、合规审计等全金融场景，将大模 型、智能体、MCP协议深度嵌入数据、算力与应用全链路，推动AI与银行业务深度原生融合。 同时，公司依托控股子公司魔数智擎，专注金融领域小模型研发与金融智能体构建，针对通用大模型在银行场景中 存在的幻觉、不可解释、不可审计、合规性不足等痛点，搭建大小模型深度协同技术体系，形成“通用大模型+金融专属 小模型”的双轮驱动模式。魔数智擎以 MCP 协议构建数据与环境的标准化管道，实现大模型与平台数据安全便捷、即插 即用的访问能力；以原子化、确定性工具集为执行单元，建立大模型决策编排与工具执行“大脑+手脚”协同机制，打造 智能决策大脑、智能决策执行、AI 工具三位一体的核心能力，构建银行数字员工智能体，形成“业务专家+数字员工” 协同作业的智能化体系。 未来，公司将按照AI辅助—AI原生—Bank4.0演进路径持续深耕，以“天元”底座为技术基座、以魔数智擎金融智 能体为能力延伸，持续沉淀银行业务全量资产，打造全周期 AI 转型解决方案，致力成为银行 AI 原生转型的首选合作伙 伴，推动银行迈向场景内嵌、智能驱动、无感体验、开放银行的Bank4.0新时代。 • 人民币跨境支付基础设施建设 在人民币跨境支付基础设施领域，公司深度把握人民币国际化与跨境金融基础设施升级战略机遇，以自主可控核心 技术为根基，深度参与人民币跨境支付系统建设、改造与业务创新，持续打造适配金融机构与市场主体需求的自研跨境 支付清算解决方案，构建覆盖系统建设及优化、技术适配、合规风控支撑、定制化技术服务、运维保障的全链条服务能 力，助力跨境人民币支付清算体系高效、安全、稳定运行，巩固公司在跨境金融科技领域的领先地位。 报告期内，公司实施的创新业务合作平台项目，结合人民币跨境支付直接参与者身份，搭建高效代理清算模式，实 现创新业务参与者与人民币跨境支付直接参与者跨境人民币支付直通处理，有效解决传统模式接入单一、链路冗余、头 寸管理不够灵活等行业痛点。平台具备多消息中间件兼容、多区域网关自主选择的灵活接入能力，全面适配各类机构技 术栈与部署需求；支持沙箱环境下多主体业务交互，兼顾测试验证与实操演练，降低机构上线风险；实现与大额支付系 统流动性解耦，支持参与者开展托管业务，突破运行时序限制，显著提升跨境资金运作与流动性管理效率；业务场景覆 盖基础支付清算、托收、保函、信用证等国际结算全品类，并为银行与企业提供司库管理支撑。在安全体系上，公司在 传统硬件加密基础上自研协同签名方案，构建全流程、多层次交易安全防护体系，保障跨境资金与数据安全可控。 同期，公司实施的人民币跨境支付核心系统信创改造项目，实现参与者无感知的核心切换与新老系统无缝回切，全 力保障业务连续性与系统稳定性。新一代核心账务系统具备热点账户高效处理、缓清算机制、多渠道流动性注入等关键 能力，全面适配高并发、大流量、多场景清算需求；同步完成人民币跨境支付标准报文升级与银行接入软件迭代，新增 港币支付清算、金融市场 PVP 交易、清算组织接入等重要功能，拓展多币种、跨市场、多主体业务场景，推动跨境支付 清算服务向更高效、更普惠、更开放升级。 中国人民银行出台的《关于进一步加强数字人民币管理服务体系和相关金融基础设施建设的行动方案》明确“新一 代数字人民币计量框架、管理体系、运行机制和生态体系于2026年1月1日正式启动实施”，标志着数字人民币由现金 型 1.0 版进入存款货币型数字人民币 2.0 版。公司在本次核心系统改造中率先实现清算系统对数字人民币的支持，打造 清算系统中数字人民币应用于对公支付的首个落地案例，进一步完善跨境支付与资金清算的数字化、智能化能力，为数 字人民币在对公及跨境场景规模化应用提供重要技术支撑。 未来，公司将继续立足人民币国际化国家战略，以自主研发、安全可控、高效适配为方向，持续深耕人民币跨境支 付基础设施建设与优化，强化技术创新、场景拓展与生态协同，为银行、清算机构、企业等各类市场主体提供稳定、高 效、合规、智能的跨境支付技术服务，助力完善多层次跨境金融服务体系，提升金融服务实体经济与对外开放的能力。 • 场景运营战略升级与四大场景落地 2025 年公司顺应金融科技行业从技术赋能向价值运营深度演进的趋势，对发展战略进行全面升级，将公司愿景从 “致力于成为最具业务价值的金融科技领导者”，更新为“致力于成为最具业务价值的金融科技和金融场景运营领导 者”。报告期内，公司以全新战略愿景为指引，在巩固 AI、跨境支付等核心技术优势的基础上，基于多年技术积淀与业 务实践，进一步深化、完善并聚焦“科技+场景+运营”三位一体的综合服务能力，将技术深度与产业场景、用户需求更 13",windowed_extraction_review_required
300872.SZ,AR_300872_SZ_2025,r_and_d,2,13,"天阳宏业科技股份有限公司2025年年度报告全文 2025 年年度报告 第一节 重要提示、目录和释义 公司董事会及董事、高级管理人员保证年度报告内容的真实、准确、完 整，不存在虚假记载、误导性陈述或者重大遗漏，并承担个别和连带的法律 责任。 公司负责人欧阳建平、主管会计工作负责人张庆勋及会计机构负责人(会 计主管人员)陈艳萍声明：保证本年度报告中财务报告的真实、准确、完整。 所有董事均已出席了审议本报告的董事会会议。 报告期内，公司实现营业总收入 177,687.17 万元，较上年同期增长 0.60%;归属于上市公司股东的净利润为-13,813.57 万元，较上年同期减少 278.23%。业绩变动原因说明：1、市场因素：随着行业竞争日趋激烈，为巩 固市场地位，部分战略方向业务项目毛利率下滑；同时，为应对市场变化， 公司进行业务转型及人员结构优化，相关成本费用增加，导致公司当期利润 下降。2、研发投入：为进一步增强核心竞争力，公司持续加大在信贷、信用 卡、金融市场、AI 等领域的智能化研发投入，强化相关板块技术储备与创新 布局。3、新市场和新业态的投入：公司积极拓展海外业务及探索新型业务运 营模式，但受行业特性、市场环境影响，相关业务仍处于投入阶段，尚未产 生规模利润回报，对报告期利润造成阶段性影响。4、外部环境：公司主要客 户为银行金融机构，中标大型项目大幅增加，此类项目金额较大，交付周期 长，以及银行合规要求更趋严格，使得更多解决方案类项目在软件系统上线 2
天阳宏业科技股份有限公司2025年年度报告全文 运行或试运行期结束，并通过客户验收后才可确认收入，对报告期利润产生 一定影响。 除上述指标情况外，公司主营业务、核心竞争力、主要财务指标，未发 生重大不利变化；公司所处行业未发生重大变化，不存在产能过剩、持续衰 退等情形；公司持续经营能力不存在重大风险。 报告期内，公司经营出现阶段性亏损，为扭转经营局面、持续改善盈利 水平，公司将多措并举落实提质增效举措：一是聚焦核心业务赛道，优化业 务布局。公司进一步收缩非核心低效业务，集中资源深耕银行信贷类核心业 务，依托行业积累与客户资源，深化重点银行客户合作，扩大优质业务落地 规模，持续优化收入结构，夯实盈利基本盘。二是深化精细化经营管理，提 升运营效益。严格项目全流程评审与管控，优选高质量、高附加值项目，杜 绝低效低回报业务投放；持续优化项目实施管理体系，合理调配人力资源， 提升人员作业效率与交付质量，严控成本费用支出，全面提升整体经营质量 与项目毛利水平。三是布局新兴增长业务，培育盈利新动能。持续加大金融 场景运营业务投入，依托现有金融行业服务优势，拓展多元化场景运营服务， 打造新的业务盈利模式，丰富常态化收入来源，对冲传统业务周期波动影响， 增强公司盈利的稳定性与可持续性。 报告中如有涉及未来的计划、业绩预测等方面的内容，均不构成本公司 对任何投资者及相关人士的承诺，投资者及相关人士均应对此保持足够的风 险认识，并且应当理解计划、预测与承诺之间的差异。 3
天阳宏业科技股份有限公司2025年年度报告全文 公司在发展过程中，可能存在市场竞争风险、技术与产品开发质量风险、 核心技术人员和关键管理人员流失风险、商誉减值风险、人力成本上升风险、 应收账款发生坏账风险等，敬请投资者查阅本报告“第三节、管理层讨论与 分析”之“十一、公司未来发展的展望”中的内容。 公司计划不派发现金红利，不送红股，不以公积金转增股本。 4
天阳宏业科技股份有限公司2025年年度报告全文 目录 第一节 重要提示、目录和释义 ...................................................2 第二节 公司简介和主要财务指标 .................................................8 第三节 管理层讨论与分析 ......................................................12 第四节 公司治理、环境和社会 ..................................................42 第五节 重要事项 ..............................................................64 第六节 股份变动及股东情况 ................................................... 128 第七节 债券相关情况 ......................................................... 136 第八节 财务报告 ............................................................. 141 5
天阳宏业科技股份有限公司2025年年度报告全文 备查文件目录 一、载有公司法定代表人、主管会计工作负责人、会计机构负责人签名并盖章的财务报表； 二、载有会计师事务所盖章、注册会计师签名并盖章的审计报告原件； 三、报告期内在中国证监会指定网站上公开披露过的所有公司文件的正本及公告的原稿； 四、其它备查文件。 6
天阳宏业科技股份有限公司2025年年度报告全文 释义 释义项 指 释义内容 公司、本公司、天阳科技 指 天阳宏业科技股份有限公司 天阳有限公司 指 北京天阳宏业软件技术有限公司 厦门赞扬丰硕软件技术有限公司，公司子 厦门赞扬 指 公司 卡洛其 指 北京卡洛其咨询有限公司，公司子公司 北京银恒通电子科技有限公司，公司子公 银恒通 指 司 天阳胜合科技（北京）有限公司，公司子 天阳胜合 指 公司 北京同创安胜咨询服务中心（有限合伙）， 同创安胜 指 公司子公司 深圳市魔数智擎人工智能有限公司，公司 魔数智擎 指 子公司 中国证监会 指 中国证券监督管理委员会 财政部 指 中华人民共和国财政部 Information Technology，信息技术的英 IT 指 文缩写 首都在线 指 北京首都在线科技股份有限公司 宝兰德 指 北京宝兰德软件股份有限公司 天阳宏业科技股份有限公司向不特定对象 可转债 指 发行可转换公司债券 报告期、本期、本报告期 指 2025年1月1日至2025年12月31日 上年同期 指 2024年1月1日至2024年12月31日 元；万元；亿元 指 人民币元；人民币万元；人民币亿元 7
天阳宏业科技股份有限公司2025年年度报告全文 第二节 公司简介和主要财务指标 一、公司信息 股票简称 天阳科技 股票代码 300872 公司的中文名称 天阳宏业科技股份有限公司 公司的中文简称 天阳科技 公司的外文名称（如有） Tansun Technology Co., Ltd. 公司的外文名称缩写（如 TANSUN 有） 公司的法定代表人 欧阳建平 注册地址 拉萨经济技术开发区林琼岗东一路7号西藏西欣商贸有限公司A座608房 注册地址的邮政编码 850000 2006年11月16日由北京市海淀区花园路B3号804室变更为北京市海淀区花园路B3号 3幢307室；2015年3月24日由北京市海淀区花园路B3号3幢307室变更为北京市海 公司注册地址历史变更情况 淀区中关村大街11号13层十三层办公1318号；2016年12月30日由北京市海淀区中关 村大街11号13层十三层办公1318号变更为现注册地址。 办公地址 北京市朝阳区阜通东大街1号院3号楼9层2单元121005 办公地址的邮政编码 100102 公司网址 www.tansun.com.cn 电子信箱 ir@tansun.com.cn 二、联系人和联系方式 董事会秘书 证券事务代表 姓名 甘泉 李莹 北京市朝阳区阜通东大街1号院3号 北京市朝阳区阜通东大街1号院3号 联系地址 楼9层2单元121005 楼9层2单元121005 0891-6401153 0891-6401153 电话 010-57076008 010-57076008 0891-6139569 0891-6139569 传真 010-50955905 010-50955905 电子信箱 ir@tansun.com.cn ir@tansun.com.cn 三、信息披露及备置地点 公司披露年度报告的证券交易所网站 深圳证券交易所（http://www.szse.cn） 《中国证券报》《上海证券报》《证券时报》《证券日报》及 公司披露年度报告的媒体名称及网址 巨潮资讯网（http://www.cninfo.com.cn/） 公司年度报告备置地点 证券事务部 四、其他有关资料 8
天阳宏业科技股份有限公司2025年年度报告全文 公司聘请的会计师事务所 会计师事务所名称 大华会计师事务所（特殊普通合伙） 会计师事务所办公地址 北京市海淀区西四环中路16号院7号楼1101 签字会计师姓名 黄羽、林洪毅 公司聘请的报告期内履行持续督导职责的保荐机构 适用 □不适用 保荐机构名称 保荐机构办公地址 保荐代表人姓名 持续督导期间 发行可转换公司债券持续督 广西壮族自治区南宁市滨湖 国海证券股份有限公司 张彦忠、任伟鹏 导期：自2023年4月18日 路46号国海大厦 至2025年12月31日 公司聘请的报告期内履行持续督导职责的财务顾问 □适用 不适用 五、主要会计数据和财务指标 公司是否需追溯调整或重述以前年度会计数据 □是 否 2025年 2024年 本年比上年增减 2023年 营业收入（元） 1,776,871,711.48 1,766,211,579.54 0.60% 1,935,801,733.00 归属于上市公司股东 -138,135,742.49 77,503,842.69 -278.23% 116,728,781.98 的净利润（元） 归属于上市公司股东 的扣除非经常性损益 -197,741,499.70 2,716,502.32 -7,379.27% 63,942,346.47 的净利润（元） 经营活动产生的现金 133,634,874.50 122,660,310.10 8.95% 406,294,866.95 流量净额（元） 基本每股收益（元/ -0.29 0.21 -238.10% 0.29 股） 稀释每股收益（元/ -0.29 0.21 -238.10% 0.29 股） 加权平均净资产收益 -4.11% 2.91% -7.02% 4.69% 率 2025年末 2024年末 本年末比上年末增减 2023年末 资产总额（元） 4,784,424,654.80 4,197,801,354.26 13.97% 4,037,096,683.54 归属于上市公司股东 3,583,408,269.69 3,221,078,383.71 11.25% 2,593,605,844.12 的净资产（元） 公司最近三个会计年度扣除非经常性损益前后净利润孰低者均为负值，且最近一年审计报告显示公司持续经营能力存在 不确定性 □是 否 公司报告期内经审计利润总额、净利润、扣除非经常性损益后的净利润三者孰低为负值 是 □否 项目 2025年 2024年 备注 营业收入（元） 1,776,871,711.48 1,766,211,579.54 营业收入扣除金额（元） 2,570,430.18 2,427,793.59 其他业务收入 9
天阳宏业科技股份有限公司2025年年度报告全文 项目 2025年 2024年 备注 营业收入扣除后金额（元） 1,774,301,281.30 1,763,783,785.95 六、分季度主要财务指标 单位：元 第一季度 第二季度 第三季度 第四季度 营业收入 486,808,683.19 509,846,377.92 519,570,185.88 260,646,464.49 归属于上市公司股东 25,596,408.01 25,445,011.66 6,725,678.53 -195,902,840.69 的净利润 归属于上市公司股东 的扣除非经常性损益 -2,417,759.57 17,562,521.17 -9,152,488.76 -203,733,772.54 的净利润 经营活动产生的现金 -289,156,014.74 3,265,334.09 71,738,766.23 347,786,788.92 流量净额 上述财务指标或其加总数是否与公司已披露季度报告、半年度报告相关财务指标存在重大差异 □是 否 七、境内外会计准则下会计数据差异 1、同时按照国际会计准则与按照中国会计准则披露的财务报告中净利润和净资产差异情况 □适用 不适用 公司报告期不存在按照国际会计准则与按照中国会计准则披露的财务报告中净利润和净资产差异情况。 2、同时按照境外会计准则与按照中国会计准则披露的财务报告中净利润和净资产差异情况 □适用 不适用 公司报告期不存在按照境外会计准则与按照中国会计准则披露的财务报告中净利润和净资产差异情况。 八、非经常性损益项目及金额 适用 □不适用 单位：元 项目 2025年金额 2024年金额 2023年金额 说明 非流动性资产处置损 益（包括已计提资产 -203,746.63 28,973,661.83 减值准备的冲销部 分） 计入当期损益的政府 补助（与公司正常经 营业务密切相关，符 合国家政策规定、按 55,692,337.97 51,409,196.91 48,056,916.53 照确定的标准享有、 对公司损益产生持续 影响的政府补助除 外） 10
天阳宏业科技股份有限公司2025年年度报告全文 项目 2025年金额 2024年金额 2023年金额 说明 除同公司正常经营业 务相关的有效套期保 值业务外，非金融企 业持有金融资产和金 3,607,123.14 4,855,196.35 8,549,816.36 融负债产生的公允价 值变动损益以及处置 金融资产和金融负债 产生的损益 除上述各项之外的其 -156,764.17 -660,909.95 -259,686.56 他营业外收入和支出 其他符合非经常性损 723,356.52 407,139.39 1,667,003.64 益定义的损益项目 减：所得税影响额 19,916.38 10,192,529.67 5,228,619.35 少数股东权益影 36,633.24 4,414.49 -1,004.89 响额（税后） 合计 59,605,757.21 74,787,340.37 52,786,435.51 -- 其他符合非经常性损益定义的损益项目的具体情况： 适用 □不适用 其他符合非经常性损益定义的损益项目的具体情况：个税返还：723,356.52元。 将《公开发行证券的公司信息披露解释性公告第1号——非经常性损益》中列举的非经常性损益项目界定为经常性损益 项目的情况说明 □适用 不适用 公司不存在将《公开发行证券的公司信息披露解释性公告第1号——非经常性损益》中列举的非经常性损益项目界定为 经常性损益的项目的情形。 11
天阳宏业科技股份有限公司2025年年度报告全文 第三节 管理层讨论与分析 一、报告期内公司从事的主要业务 （一）主要业务、主要产品概况 公司服务于以银行为主的金融行业客户，利用人工智能、区块链、云计算和大数据等新一代金融科技为客户提供咨 询、金融科技、场景运营等产品和服务，赋能金融行业数字化转型，致力于成为最具业务价值的金融科技和金融场景运 营领导者，帮助客户提升在营销、获客、风控、业务流程处理和运营管理等业务环节的效率，更好地为社会提供普惠金 融服务。是近年来国内高速成长、具有强大活力和创新精神的金融科技领军企业，是业内科技赋能金融的重要贡献者。 公司业务板块主要有咨询、金融科技、场景运营，主要围绕银行的关键业务领域、关键业务环节以及关键科技领域 展开。咨询包括IT规划、金融业务咨询；金融科技包括综合信贷、智能信贷、供应链金融、数字支付、风险管理、营销 运营和数智化转型；场景运营包括农村普惠金融、中小微普惠金融、零售普惠金融和航空互联网运营。公司的产品和解 决方案超过400个，承建了数千个银行里重要的IT系统，这些系统协助金融机构管理了数十万亿元的资产，为上千万企 业客户和数亿个人用户提供安全可信的金融服务。 （二）公司主要经营模式 公司的主要客户系以银行为主的金融机构，通过招投标或竞争性谈判方式向客户提供软件产品、软件开发及服务。 具体包括： 1.公司根据客户的需求，利用自有知识产权产品开发满足其需求的软件系统。 2.公司向客户提供人力和技术支持，以客户需求为导向协助完成软件系统的开发。 3.公司根据客户需求，提供专业测试服务、数据迁移服务。 4.公司根据客户需求，提供IT基础设施技术咨询规划、业务咨询及项目管理服务。 5.公司定期和不定期对客户的IT系统进行技术支持和运行维护。 6.公司根据客户需求，提供场景运营服务。 （三）报告期内公司主要完成的工作 报告期内，公司紧紧围绕“稳主业、拓赛道”核心方针，以全球化视野擘画金融科技生态新蓝图，主动拥抱新质生 产力发展浪潮，在深化金融科技主业的基础上，着力打造银行业AI智能体“母舰”，通过深度融合大小模型技术与人民 币跨境支付基础设施，助力金融机构实现从“经验驱动”向“数智驱动”跃迁，持续巩固公司在金融科技与金融场景运 营领域的价值引领地位。 • AI原生技术与银行数智化转型 报告期内，公司以 AI 原生为核心技术方向，全面推进银行数智化转型底层能力建设，打造银行 AI 原生底座—— “天元”，使其成为银行数智化转型的“第一推动力”，打破传统技术栈桎梏，推动技术架构从“传统IT”向“AI原生” 实现根本性跃迁，构建全新的技术与业务范式，成为银行拥抱AI时代的“元年基石”，为行业数智化长远发展筑牢根基。 “天元”底座深度融合云计算、大数据、人工智能及分布式架构能力，依托技术底座沉淀形成丰富的银行业务资产，为 银行打造稳固、可扩展的数智化底座，推动实现从“AI赋能”到“AI原生”的范式跃迁，重塑银行数字化转型底层逻辑。 底座坚持金融级的稳定、可信与可控为核心，集成可解释 AI 与模型风险管理能力，确保 AI 决策过程透明、可干预、可 审计、可解释；同时搭载低代码/零代码开发、模型工厂、智能编排等工具，实现银行各业务系统功能迭代与优化的快速 12
天阳宏业科技股份有限公司2025年年度报告全文 响应，初步构建决策至执行的闭环，覆盖智能风控、智能营销、智能运营、信贷审批、合规审计等全金融场景，将大模 型、智能体、MCP协议深度嵌入数据、算力与应用全链路，推动AI与银行业务深度原生融合。 同时，公司依托控股子公司魔数智擎，专注金融领域小模型研发与金融智能体构建，针对通用大模型在银行场景中 存在的幻觉、不可解释、不可审计、合规性不足等痛点，搭建大小模型深度协同技术体系，形成“通用大模型+金融专属 小模型”的双轮驱动模式。魔数智擎以 MCP 协议构建数据与环境的标准化管道，实现大模型与平台数据安全便捷、即插 即用的访问能力；以原子化、确定性工具集为执行单元，建立大模型决策编排与工具执行“大脑+手脚”协同机制，打造 智能决策大脑、智能决策执行、AI 工具三位一体的核心能力，构建银行数字员工智能体，形成“业务专家+数字员工” 协同作业的智能化体系。 未来，公司将按照AI辅助—AI原生—Bank4.0演进路径持续深耕，以“天元”底座为技术基座、以魔数智擎金融智 能体为能力延伸，持续沉淀银行业务全量资产，打造全周期 AI 转型解决方案，致力成为银行 AI 原生转型的首选合作伙 伴，推动银行迈向场景内嵌、智能驱动、无感体验、开放银行的Bank4.0新时代。 • 人民币跨境支付基础设施建设 在人民币跨境支付基础设施领域，公司深度把握人民币国际化与跨境金融基础设施升级战略机遇，以自主可控核心 技术为根基，深度参与人民币跨境支付系统建设、改造与业务创新，持续打造适配金融机构与市场主体需求的自研跨境 支付清算解决方案，构建覆盖系统建设及优化、技术适配、合规风控支撑、定制化技术服务、运维保障的全链条服务能 力，助力跨境人民币支付清算体系高效、安全、稳定运行，巩固公司在跨境金融科技领域的领先地位。 报告期内，公司实施的创新业务合作平台项目，结合人民币跨境支付直接参与者身份，搭建高效代理清算模式，实 现创新业务参与者与人民币跨境支付直接参与者跨境人民币支付直通处理，有效解决传统模式接入单一、链路冗余、头 寸管理不够灵活等行业痛点。平台具备多消息中间件兼容、多区域网关自主选择的灵活接入能力，全面适配各类机构技 术栈与部署需求；支持沙箱环境下多主体业务交互，兼顾测试验证与实操演练，降低机构上线风险；实现与大额支付系 统流动性解耦，支持参与者开展托管业务，突破运行时序限制，显著提升跨境资金运作与流动性管理效率；业务场景覆 盖基础支付清算、托收、保函、信用证等国际结算全品类，并为银行与企业提供司库管理支撑。在安全体系上，公司在 传统硬件加密基础上自研协同签名方案，构建全流程、多层次交易安全防护体系，保障跨境资金与数据安全可控。 同期，公司实施的人民币跨境支付核心系统信创改造项目，实现参与者无感知的核心切换与新老系统无缝回切，全 力保障业务连续性与系统稳定性。新一代核心账务系统具备热点账户高效处理、缓清算机制、多渠道流动性注入等关键 能力，全面适配高并发、大流量、多场景清算需求；同步完成人民币跨境支付标准报文升级与银行接入软件迭代，新增 港币支付清算、金融市场 PVP 交易、清算组织接入等重要功能，拓展多币种、跨市场、多主体业务场景，推动跨境支付 清算服务向更高效、更普惠、更开放升级。 中国人民银行出台的《关于进一步加强数字人民币管理服务体系和相关金融基础设施建设的行动方案》明确“新一 代数字人民币计量框架、管理体系、运行机制和生态体系于2026年1月1日正式启动实施”，标志着数字人民币由现金 型 1.0 版进入存款货币型数字人民币 2.0 版。公司在本次核心系统改造中率先实现清算系统对数字人民币的支持，打造 清算系统中数字人民币应用于对公支付的首个落地案例，进一步完善跨境支付与资金清算的数字化、智能化能力，为数 字人民币在对公及跨境场景规模化应用提供重要技术支撑。 未来，公司将继续立足人民币国际化国家战略，以自主研发、安全可控、高效适配为方向，持续深耕人民币跨境支 付基础设施建设与优化，强化技术创新、场景拓展与生态协同，为银行、清算机构、企业等各类市场主体提供稳定、高 效、合规、智能的跨境支付技术服务，助力完善多层次跨境金融服务体系，提升金融服务实体经济与对外开放的能力。 • 场景运营战略升级与四大场景落地 2025 年公司顺应金融科技行业从技术赋能向价值运营深度演进的趋势，对发展战略进行全面升级，将公司愿景从 “致力于成为最具业务价值的金融科技领导者”，更新为“致力于成为最具业务价值的金融科技和金融场景运营领导 者”。报告期内，公司以全新战略愿景为指引，在巩固 AI、跨境支付等核心技术优势的基础上，基于多年技术积淀与业 务实践，进一步深化、完善并聚焦“科技+场景+运营”三位一体的综合服务能力，将技术深度与产业场景、用户需求更 13",windowed_extraction_review_required
300872.SZ,AR_300872_SZ_2025,management_discussion,5,16,"天阳宏业科技股份有限公司2025年年度报告全文 目录 第一节 重要提示、目录和释义 ...................................................2 第二节 公司简介和主要财务指标 .................................................8 第三节 管理层讨论与分析 ......................................................12 第四节 公司治理、环境和社会 ..................................................42 第五节 重要事项 ..............................................................64 第六节 股份变动及股东情况 ................................................... 128 第七节 债券相关情况 ......................................................... 136 第八节 财务报告 ............................................................. 141 5
天阳宏业科技股份有限公司2025年年度报告全文 备查文件目录 一、载有公司法定代表人、主管会计工作负责人、会计机构负责人签名并盖章的财务报表； 二、载有会计师事务所盖章、注册会计师签名并盖章的审计报告原件； 三、报告期内在中国证监会指定网站上公开披露过的所有公司文件的正本及公告的原稿； 四、其它备查文件。 6
天阳宏业科技股份有限公司2025年年度报告全文 释义 释义项 指 释义内容 公司、本公司、天阳科技 指 天阳宏业科技股份有限公司 天阳有限公司 指 北京天阳宏业软件技术有限公司 厦门赞扬丰硕软件技术有限公司，公司子 厦门赞扬 指 公司 卡洛其 指 北京卡洛其咨询有限公司，公司子公司 北京银恒通电子科技有限公司，公司子公 银恒通 指 司 天阳胜合科技（北京）有限公司，公司子 天阳胜合 指 公司 北京同创安胜咨询服务中心（有限合伙）， 同创安胜 指 公司子公司 深圳市魔数智擎人工智能有限公司，公司 魔数智擎 指 子公司 中国证监会 指 中国证券监督管理委员会 财政部 指 中华人民共和国财政部 Information Technology，信息技术的英 IT 指 文缩写 首都在线 指 北京首都在线科技股份有限公司 宝兰德 指 北京宝兰德软件股份有限公司 天阳宏业科技股份有限公司向不特定对象 可转债 指 发行可转换公司债券 报告期、本期、本报告期 指 2025年1月1日至2025年12月31日 上年同期 指 2024年1月1日至2024年12月31日 元；万元；亿元 指 人民币元；人民币万元；人民币亿元 7
天阳宏业科技股份有限公司2025年年度报告全文 第二节 公司简介和主要财务指标 一、公司信息 股票简称 天阳科技 股票代码 300872 公司的中文名称 天阳宏业科技股份有限公司 公司的中文简称 天阳科技 公司的外文名称（如有） Tansun Technology Co., Ltd. 公司的外文名称缩写（如 TANSUN 有） 公司的法定代表人 欧阳建平 注册地址 拉萨经济技术开发区林琼岗东一路7号西藏西欣商贸有限公司A座608房 注册地址的邮政编码 850000 2006年11月16日由北京市海淀区花园路B3号804室变更为北京市海淀区花园路B3号 3幢307室；2015年3月24日由北京市海淀区花园路B3号3幢307室变更为北京市海 公司注册地址历史变更情况 淀区中关村大街11号13层十三层办公1318号；2016年12月30日由北京市海淀区中关 村大街11号13层十三层办公1318号变更为现注册地址。 办公地址 北京市朝阳区阜通东大街1号院3号楼9层2单元121005 办公地址的邮政编码 100102 公司网址 www.tansun.com.cn 电子信箱 ir@tansun.com.cn 二、联系人和联系方式 董事会秘书 证券事务代表 姓名 甘泉 李莹 北京市朝阳区阜通东大街1号院3号 北京市朝阳区阜通东大街1号院3号 联系地址 楼9层2单元121005 楼9层2单元121005 0891-6401153 0891-6401153 电话 010-57076008 010-57076008 0891-6139569 0891-6139569 传真 010-50955905 010-50955905 电子信箱 ir@tansun.com.cn ir@tansun.com.cn 三、信息披露及备置地点 公司披露年度报告的证券交易所网站 深圳证券交易所（http://www.szse.cn） 《中国证券报》《上海证券报》《证券时报》《证券日报》及 公司披露年度报告的媒体名称及网址 巨潮资讯网（http://www.cninfo.com.cn/） 公司年度报告备置地点 证券事务部 四、其他有关资料 8
天阳宏业科技股份有限公司2025年年度报告全文 公司聘请的会计师事务所 会计师事务所名称 大华会计师事务所（特殊普通合伙） 会计师事务所办公地址 北京市海淀区西四环中路16号院7号楼1101 签字会计师姓名 黄羽、林洪毅 公司聘请的报告期内履行持续督导职责的保荐机构 适用 □不适用 保荐机构名称 保荐机构办公地址 保荐代表人姓名 持续督导期间 发行可转换公司债券持续督 广西壮族自治区南宁市滨湖 国海证券股份有限公司 张彦忠、任伟鹏 导期：自2023年4月18日 路46号国海大厦 至2025年12月31日 公司聘请的报告期内履行持续督导职责的财务顾问 □适用 不适用 五、主要会计数据和财务指标 公司是否需追溯调整或重述以前年度会计数据 □是 否 2025年 2024年 本年比上年增减 2023年 营业收入（元） 1,776,871,711.48 1,766,211,579.54 0.60% 1,935,801,733.00 归属于上市公司股东 -138,135,742.49 77,503,842.69 -278.23% 116,728,781.98 的净利润（元） 归属于上市公司股东 的扣除非经常性损益 -197,741,499.70 2,716,502.32 -7,379.27% 63,942,346.47 的净利润（元） 经营活动产生的现金 133,634,874.50 122,660,310.10 8.95% 406,294,866.95 流量净额（元） 基本每股收益（元/ -0.29 0.21 -238.10% 0.29 股） 稀释每股收益（元/ -0.29 0.21 -238.10% 0.29 股） 加权平均净资产收益 -4.11% 2.91% -7.02% 4.69% 率 2025年末 2024年末 本年末比上年末增减 2023年末 资产总额（元） 4,784,424,654.80 4,197,801,354.26 13.97% 4,037,096,683.54 归属于上市公司股东 3,583,408,269.69 3,221,078,383.71 11.25% 2,593,605,844.12 的净资产（元） 公司最近三个会计年度扣除非经常性损益前后净利润孰低者均为负值，且最近一年审计报告显示公司持续经营能力存在 不确定性 □是 否 公司报告期内经审计利润总额、净利润、扣除非经常性损益后的净利润三者孰低为负值 是 □否 项目 2025年 2024年 备注 营业收入（元） 1,776,871,711.48 1,766,211,579.54 营业收入扣除金额（元） 2,570,430.18 2,427,793.59 其他业务收入 9
天阳宏业科技股份有限公司2025年年度报告全文 项目 2025年 2024年 备注 营业收入扣除后金额（元） 1,774,301,281.30 1,763,783,785.95 六、分季度主要财务指标 单位：元 第一季度 第二季度 第三季度 第四季度 营业收入 486,808,683.19 509,846,377.92 519,570,185.88 260,646,464.49 归属于上市公司股东 25,596,408.01 25,445,011.66 6,725,678.53 -195,902,840.69 的净利润 归属于上市公司股东 的扣除非经常性损益 -2,417,759.57 17,562,521.17 -9,152,488.76 -203,733,772.54 的净利润 经营活动产生的现金 -289,156,014.74 3,265,334.09 71,738,766.23 347,786,788.92 流量净额 上述财务指标或其加总数是否与公司已披露季度报告、半年度报告相关财务指标存在重大差异 □是 否 七、境内外会计准则下会计数据差异 1、同时按照国际会计准则与按照中国会计准则披露的财务报告中净利润和净资产差异情况 □适用 不适用 公司报告期不存在按照国际会计准则与按照中国会计准则披露的财务报告中净利润和净资产差异情况。 2、同时按照境外会计准则与按照中国会计准则披露的财务报告中净利润和净资产差异情况 □适用 不适用 公司报告期不存在按照境外会计准则与按照中国会计准则披露的财务报告中净利润和净资产差异情况。 八、非经常性损益项目及金额 适用 □不适用 单位：元 项目 2025年金额 2024年金额 2023年金额 说明 非流动性资产处置损 益（包括已计提资产 -203,746.63 28,973,661.83 减值准备的冲销部 分） 计入当期损益的政府 补助（与公司正常经 营业务密切相关，符 合国家政策规定、按 55,692,337.97 51,409,196.91 48,056,916.53 照确定的标准享有、 对公司损益产生持续 影响的政府补助除 外） 10
天阳宏业科技股份有限公司2025年年度报告全文 项目 2025年金额 2024年金额 2023年金额 说明 除同公司正常经营业 务相关的有效套期保 值业务外，非金融企 业持有金融资产和金 3,607,123.14 4,855,196.35 8,549,816.36 融负债产生的公允价 值变动损益以及处置 金融资产和金融负债 产生的损益 除上述各项之外的其 -156,764.17 -660,909.95 -259,686.56 他营业外收入和支出 其他符合非经常性损 723,356.52 407,139.39 1,667,003.64 益定义的损益项目 减：所得税影响额 19,916.38 10,192,529.67 5,228,619.35 少数股东权益影 36,633.24 4,414.49 -1,004.89 响额（税后） 合计 59,605,757.21 74,787,340.37 52,786,435.51 -- 其他符合非经常性损益定义的损益项目的具体情况： 适用 □不适用 其他符合非经常性损益定义的损益项目的具体情况：个税返还：723,356.52元。 将《公开发行证券的公司信息披露解释性公告第1号——非经常性损益》中列举的非经常性损益项目界定为经常性损益 项目的情况说明 □适用 不适用 公司不存在将《公开发行证券的公司信息披露解释性公告第1号——非经常性损益》中列举的非经常性损益项目界定为 经常性损益的项目的情形。 11
天阳宏业科技股份有限公司2025年年度报告全文 第三节 管理层讨论与分析 一、报告期内公司从事的主要业务 （一）主要业务、主要产品概况 公司服务于以银行为主的金融行业客户，利用人工智能、区块链、云计算和大数据等新一代金融科技为客户提供咨 询、金融科技、场景运营等产品和服务，赋能金融行业数字化转型，致力于成为最具业务价值的金融科技和金融场景运 营领导者，帮助客户提升在营销、获客、风控、业务流程处理和运营管理等业务环节的效率，更好地为社会提供普惠金 融服务。是近年来国内高速成长、具有强大活力和创新精神的金融科技领军企业，是业内科技赋能金融的重要贡献者。 公司业务板块主要有咨询、金融科技、场景运营，主要围绕银行的关键业务领域、关键业务环节以及关键科技领域 展开。咨询包括IT规划、金融业务咨询；金融科技包括综合信贷、智能信贷、供应链金融、数字支付、风险管理、营销 运营和数智化转型；场景运营包括农村普惠金融、中小微普惠金融、零售普惠金融和航空互联网运营。公司的产品和解 决方案超过400个，承建了数千个银行里重要的IT系统，这些系统协助金融机构管理了数十万亿元的资产，为上千万企 业客户和数亿个人用户提供安全可信的金融服务。 （二）公司主要经营模式 公司的主要客户系以银行为主的金融机构，通过招投标或竞争性谈判方式向客户提供软件产品、软件开发及服务。 具体包括： 1.公司根据客户的需求，利用自有知识产权产品开发满足其需求的软件系统。 2.公司向客户提供人力和技术支持，以客户需求为导向协助完成软件系统的开发。 3.公司根据客户需求，提供专业测试服务、数据迁移服务。 4.公司根据客户需求，提供IT基础设施技术咨询规划、业务咨询及项目管理服务。 5.公司定期和不定期对客户的IT系统进行技术支持和运行维护。 6.公司根据客户需求，提供场景运营服务。 （三）报告期内公司主要完成的工作 报告期内，公司紧紧围绕“稳主业、拓赛道”核心方针，以全球化视野擘画金融科技生态新蓝图，主动拥抱新质生 产力发展浪潮，在深化金融科技主业的基础上，着力打造银行业AI智能体“母舰”，通过深度融合大小模型技术与人民 币跨境支付基础设施，助力金融机构实现从“经验驱动”向“数智驱动”跃迁，持续巩固公司在金融科技与金融场景运 营领域的价值引领地位。 • AI原生技术与银行数智化转型 报告期内，公司以 AI 原生为核心技术方向，全面推进银行数智化转型底层能力建设，打造银行 AI 原生底座—— “天元”，使其成为银行数智化转型的“第一推动力”，打破传统技术栈桎梏，推动技术架构从“传统IT”向“AI原生” 实现根本性跃迁，构建全新的技术与业务范式，成为银行拥抱AI时代的“元年基石”，为行业数智化长远发展筑牢根基。 “天元”底座深度融合云计算、大数据、人工智能及分布式架构能力，依托技术底座沉淀形成丰富的银行业务资产，为 银行打造稳固、可扩展的数智化底座，推动实现从“AI赋能”到“AI原生”的范式跃迁，重塑银行数字化转型底层逻辑。 底座坚持金融级的稳定、可信与可控为核心，集成可解释 AI 与模型风险管理能力，确保 AI 决策过程透明、可干预、可 审计、可解释；同时搭载低代码/零代码开发、模型工厂、智能编排等工具，实现银行各业务系统功能迭代与优化的快速 12
天阳宏业科技股份有限公司2025年年度报告全文 响应，初步构建决策至执行的闭环，覆盖智能风控、智能营销、智能运营、信贷审批、合规审计等全金融场景，将大模 型、智能体、MCP协议深度嵌入数据、算力与应用全链路，推动AI与银行业务深度原生融合。 同时，公司依托控股子公司魔数智擎，专注金融领域小模型研发与金融智能体构建，针对通用大模型在银行场景中 存在的幻觉、不可解释、不可审计、合规性不足等痛点，搭建大小模型深度协同技术体系，形成“通用大模型+金融专属 小模型”的双轮驱动模式。魔数智擎以 MCP 协议构建数据与环境的标准化管道，实现大模型与平台数据安全便捷、即插 即用的访问能力；以原子化、确定性工具集为执行单元，建立大模型决策编排与工具执行“大脑+手脚”协同机制，打造 智能决策大脑、智能决策执行、AI 工具三位一体的核心能力，构建银行数字员工智能体，形成“业务专家+数字员工” 协同作业的智能化体系。 未来，公司将按照AI辅助—AI原生—Bank4.0演进路径持续深耕，以“天元”底座为技术基座、以魔数智擎金融智 能体为能力延伸，持续沉淀银行业务全量资产，打造全周期 AI 转型解决方案，致力成为银行 AI 原生转型的首选合作伙 伴，推动银行迈向场景内嵌、智能驱动、无感体验、开放银行的Bank4.0新时代。 • 人民币跨境支付基础设施建设 在人民币跨境支付基础设施领域，公司深度把握人民币国际化与跨境金融基础设施升级战略机遇，以自主可控核心 技术为根基，深度参与人民币跨境支付系统建设、改造与业务创新，持续打造适配金融机构与市场主体需求的自研跨境 支付清算解决方案，构建覆盖系统建设及优化、技术适配、合规风控支撑、定制化技术服务、运维保障的全链条服务能 力，助力跨境人民币支付清算体系高效、安全、稳定运行，巩固公司在跨境金融科技领域的领先地位。 报告期内，公司实施的创新业务合作平台项目，结合人民币跨境支付直接参与者身份，搭建高效代理清算模式，实 现创新业务参与者与人民币跨境支付直接参与者跨境人民币支付直通处理，有效解决传统模式接入单一、链路冗余、头 寸管理不够灵活等行业痛点。平台具备多消息中间件兼容、多区域网关自主选择的灵活接入能力，全面适配各类机构技 术栈与部署需求；支持沙箱环境下多主体业务交互，兼顾测试验证与实操演练，降低机构上线风险；实现与大额支付系 统流动性解耦，支持参与者开展托管业务，突破运行时序限制，显著提升跨境资金运作与流动性管理效率；业务场景覆 盖基础支付清算、托收、保函、信用证等国际结算全品类，并为银行与企业提供司库管理支撑。在安全体系上，公司在 传统硬件加密基础上自研协同签名方案，构建全流程、多层次交易安全防护体系，保障跨境资金与数据安全可控。 同期，公司实施的人民币跨境支付核心系统信创改造项目，实现参与者无感知的核心切换与新老系统无缝回切，全 力保障业务连续性与系统稳定性。新一代核心账务系统具备热点账户高效处理、缓清算机制、多渠道流动性注入等关键 能力，全面适配高并发、大流量、多场景清算需求；同步完成人民币跨境支付标准报文升级与银行接入软件迭代，新增 港币支付清算、金融市场 PVP 交易、清算组织接入等重要功能，拓展多币种、跨市场、多主体业务场景，推动跨境支付 清算服务向更高效、更普惠、更开放升级。 中国人民银行出台的《关于进一步加强数字人民币管理服务体系和相关金融基础设施建设的行动方案》明确“新一 代数字人民币计量框架、管理体系、运行机制和生态体系于2026年1月1日正式启动实施”，标志着数字人民币由现金 型 1.0 版进入存款货币型数字人民币 2.0 版。公司在本次核心系统改造中率先实现清算系统对数字人民币的支持，打造 清算系统中数字人民币应用于对公支付的首个落地案例，进一步完善跨境支付与资金清算的数字化、智能化能力，为数 字人民币在对公及跨境场景规模化应用提供重要技术支撑。 未来，公司将继续立足人民币国际化国家战略，以自主研发、安全可控、高效适配为方向，持续深耕人民币跨境支 付基础设施建设与优化，强化技术创新、场景拓展与生态协同，为银行、清算机构、企业等各类市场主体提供稳定、高 效、合规、智能的跨境支付技术服务，助力完善多层次跨境金融服务体系，提升金融服务实体经济与对外开放的能力。 • 场景运营战略升级与四大场景落地 2025 年公司顺应金融科技行业从技术赋能向价值运营深度演进的趋势，对发展战略进行全面升级，将公司愿景从 “致力于成为最具业务价值的金融科技领导者”，更新为“致力于成为最具业务价值的金融科技和金融场景运营领导 者”。报告期内，公司以全新战略愿景为指引，在巩固 AI、跨境支付等核心技术优势的基础上，基于多年技术积淀与业 务实践，进一步深化、完善并聚焦“科技+场景+运营”三位一体的综合服务能力，将技术深度与产业场景、用户需求更 13
天阳宏业科技股份有限公司2025年年度报告全文 紧密结合，推动业务模式从项目交付型向长期价值运营型加速转变。围绕国家普惠金融发展战略与产业数字化浪潮，公 司聚焦农村普惠金融、中小微普惠金融、零售普惠金融及航空互联网运营四大核心场景，通过整合数据、技术、生态与 渠道资源，打造标准化、可复制、高粘性的场景化运营解决方案，为金融机构及产业伙伴提供覆盖客户全生命周期的一 体化运营服务，有效打通金融服务“最后一公里”，在助力实体经济发展的同时，开辟公司第二增长曲线。 1）农村普惠金融场景运营 报告期内，公司深度服务国家乡村振兴战略，聚焦县域及农村金融市场，以“科技+场景+运营”三位一体服务体系 为核心，充分发挥地方银行“人缘、地缘、亲缘”本土优势，构建线上线下深度融合的农村普惠金融服务新模式。通过 整村授信、党建+金融、网格化数字运营等成熟落地路径，整合政务数据、乡土软信息、行内业务数据等多维度资源，搭 建覆盖农户、新型农业经营主体的批量预授信与智能风控体系，以数字化 IPC 技术、智能绩效、客户生态系统等核心工 具，有效破解农村地区信息不对称、风控难度大、服务覆盖不足、一线服务能力参差不齐等行业痛点。相关业务累计已 覆盖全国超 5 万个行政村、服务农户超 1,200 万户，累计助力合作金融机构投放普惠贷款超 2,000 亿元，资产质量保持 优良，不良率控制在 1%以内，成功打造一批可复制、可推广的标杆案例，相关实践获得权威媒体报道、国家级数据要素 赛事奖项及各级政府高度认可，切实推动金融资源下沉田间地头，打通农村金融服务“最后一公里”，为乡村振兴与县 域金融高质量发展提供持续、稳定的科技与运营支撑。 2）中小微普惠金融场景运营 报告期内，公司紧扣国家支持中小微企业高质量发展政策导向，聚焦中小微企业“融资难、融资慢、信息不对称” 核心痛点，以数据驱动、风控赋能、全流程线上化为核心，打造覆盖营销、风控、产品、运营、贷后一体化的中小微普 惠金融场景运营体系。依托全国中小微企业资金流信用信息共享平台，深度挖掘账户收支、公共缴费、第三方支付、投 融资往来等 8 大类资金流信息，构建 6 大维度、700+特征指标的标准化特征库，形成覆盖贷前准入、贷中监测、贷后预 警的全流程风控策略与模型体系，通过资金流信息与企业征信、税务、财报等数据融合建模，显著提升风险区分能力。 同时，依托成熟的中小企业线上化信贷运营能力，构建业务底座、数据中台、智能决策引擎一体化技术架构，围绕产业 链、供应链与特色产业集群打造多元化小微普惠产品与服务，实现千万元级以下普惠信贷业务从营销获客、移动展业、 智能审批、线上签约放款到资金用途监控、全生命周期风险管理的闭环线上化运营，支持免抵押、线上化、高效率的服 务体验，配套建立催收、纾困、诉讼、核销一体化贷后管理体系，使得整体回收效果提升 20%，整体催回率持续改善， 催回率〉95%，有效提升中小微企业融资可得性与服务效率，助力金融机构实现小微普惠业务“规模、效益、风险”平衡 发展。 3）零售普惠金融场景运营 报告期内，公司为金融机构零售信贷业务提供全流程场景化运营支撑。围绕零售信贷业务增长目标，构建覆盖市场 洞察、客群定位、产品设计、定价策略、多渠道获客、智能风控、客户生命周期管理及贷后预警的全链路服务体系。通 过整合线上线下渠道资源，搭建线下展业、存量经营、流量转化、企业团办相结合的多元化获客体系，有效提升客群覆 盖与触达效率。依托智能决策引擎与标准化联合运营平台，实现反欺诈、信用评估、授信审批的智能化与自动化，重构 信贷作业流程，助力金融机构快速规模化展业。深度参与联合运营落地，提供组织搭建、过程管控、宣传推广、存量激 活、续贷提额、尾量经营等全周期陪伴式服务，建立风险联运、量化策略、数据监控、持续迭代的风控运营机制，保障 资产质量稳定与业务收益提升。 报告期内，相关运营服务成效显著，助力合作金融机构零售信贷业务实现高质量增长：信贷余额规模大幅提升 400%， 月均新客数量提升5倍，利息收入增长65%，获客成本降低30%；业务办理效率显著优化，平均审批时长缩短至5分钟以 内，自动化审批率超 95%，营销投资回报率提升 2.2 倍；资产质量保持优异，不良率控制在 0.3%的低位水平，全面推动 零售普惠金融业务实现规模、效益与风险的平衡发展。 4）航空互联网运营场景 报告期内，公司持续推进航空互联网创新场景的布局与落地筹备工作。自2024年战略投资环球航通以来，公司与航 空公司及产业伙伴保持紧密协同，稳步推进航空互联网平台的共建规划与前期筹备，积极探索航空+金融+科技深度融合 14
天阳宏业科技股份有限公司2025年年度报告全文 的创新运营模式。依托公司金融科技核心能力，公司围绕机载互联系统建设、机上支付结算、联名信用卡推广、合规金 融产品精准营销等方向开展方案设计与资源对接，致力于构建高速、智能、安全的机上互联生态，为旅客提供无缝衔接 的数字化飞行体验并沉淀数字资产。在业务规划层面，公司已明确流量分润、增值服务矩阵、金融服务等多元化收益路 径，打造“航空场景引流—金融服务转化—数据反哺优化”的业务闭环，抢占航空互联网蓝海赛道。报告期内，相关业 务仍处于稳步推进与落地筹备阶段，公司将持续完善生态布局、优化盈利模式，力争打造航空金融科技新生态，为公司 培育长期、可持续的创新增长动能。 在整体战略指引下，公司各业务条线有序开展经营活动，2025年度各领域重点工作完成情况如下： 1）信用卡领域 2025 年，公司信用卡业务核心重心转向国际化发展，加快出海业务拓展，已在港澳、印尼、新加坡等市场实现突破， 并重点接洽东南亚、中亚、中东等新兴金融市场，推动业务从国内领跑向全球布局转型。报告期内，公司聚焦全球化需 求，完成核心产品技术升级与模式创新，精准匹配海外金融机构数字化转型需求，筑牢核心竞争力： • CreditX信用卡核心系统全球落地提速 拳头产品 CreditXIssuing 已在香港及东南亚多个国家落地，通过 PCIDSS 等国际权威认证，获得东南亚、中东等新 兴海外市场认可。其采用分布式及X86开放式单元化架构，可帮助客户节省80%的IT投入成本，降低数字化转型门槛。 • “信用卡+收单+支付”全球数字支付底座融合升级 公司打造“信用卡+收单+支付”融合方案，加大与金融科技公司合作，在跨境支付、人民币全球清结算领域成效显 著。目前已在美国、香港、印尼等地区搭建数字支付底层能力，将跨境结算时间缩短至30秒内，手续费降至传统汇款的 千分之一，并与多家境外机构达成深度合作。 • CAAS业务模式实现海外从0到1创新突破 公司在印尼与某头部数字银行达成CAAS模式合作，实现发卡、互联网贷款等场景从0到1的突破。创新收益模式， 除保底月费外，深度参与到与发卡量、车金融贷款等场景业务运营收益中，提升业务附加值。 • 虚拟信用卡服务适配全球发展趋势 紧跟全球虚拟信用卡发展趋势，升级服务体系，支持本地化部署，满足不同市场监管与客户需求，丰富产品矩阵。 报告期内，公司深化全球化生态合作，提升海外品牌影响力。亮相华为全联接大会 2025，面向全球金融机构客户展 示 CreditX 发卡解决方案、Consulo 消费贷款等核心解决方案；与华为“融海计划”合作，围绕 PaymentModernization 领域，共同拓展东南亚、中东等海外市场；在印尼、马来西亚、新加坡、越南等国与当地头部SI签署战略合作协议，强 化全球化布局及本地化运营、市场、交付的拓展能力。 2025 年是公司信用卡海外业务从战略布局转向实质性落地的关键一年。通过“CreditX 发卡系统+收单+支付+CaaS 云服务”组合拳，在东南亚、中东等市场初步建立业务基础，但规模化营收仍需培育。未来将持续深耕海外市场，推动 业务向规模化盈利迈进，实现国内外业务双翼齐飞。 2）资产业务领域 近年来，在加快数字化转型与自主创新的推动下，银行的信贷系统步入大范围的升级与重构期，新一代信贷管理系 统的升级换代速度不断加快，信贷管理系统项目的建设规模也呈现出越来越大的趋势。与此同时，随着自主创新步伐的 加快，与信贷系统相关的周边系统也都面临着进一步的升级。当前信贷管理系统的升级逐步从大行向城商行、农商行以 及省农信领域推进，省农信的改制进一步带动了信贷管理系统的升级与重构，公司在报告期内农商农信信贷市占率得到 持续提升。 报告期内，公司资产业务条线坚持""科技赋能金融、创新驱动发展""的战略主线，围绕信贷核心领域持续深化AI技术 融合与产品创新。通过构建企业级智能研发体系，公司实现了从产品交付向""咨询+PMO+场景方案+产品实施+运营服务""全 15
天阳宏业科技股份有限公司2025年年度报告全文 价值链服务模式的转型升级，为客户提供覆盖信贷全生命周期的数字化解决方案，助力金融机构提升服务实体经济质效。 报告期内，公司信贷业务板块经营业绩稳健增长，市场拓展成效显著，成功中标 4 个大型综合信贷平台项目，此外还中 标 30 余个信贷相关项目。在""新一贷""信贷平台及供应链金融等重点领域中标率保持 60%以上，充分体现了公司在信贷科 技细分市场的技术领先优势与品牌竞争实力。 • AI技术底座升级，筑牢信贷管理智能化根基 完成企业级AI平台工程化体系迭代，本地化部署保障数据安全合规，实现平台持续自学习迭代。打通信贷研发全流 程智能化覆盖，覆盖智能需求编写、业务建模、数据模型设计、业务逻辑AI辅助设计、代码智能生成、自动化审查、智 能接口测试等关键环节，全面提升信贷管理系统研发效率与质量。沉淀金融信贷领域IT业务资产与工具链，固化专家经 验，构建技术底座AI化能力，为信贷管理全场景智能化提供支撑。 • 核心交付组件迭代，提升系统效能与交付质量 基于历年项目实施经验的深度总结，结合大模型技术能力，公司对核心交付组件实施系统性升级，全年完成八大关 键领域的研发创新： a）数据标准管理：落地全字段一键贯标技术，降低信贷行业标准替换成本与实施风险; b）移动审批平台：实现PC端原生体验一键转换、多端资产共用，简化信贷审批移动端开发与维护; c）批量业务开发框架：抽象通用业务组件、封装技术组件，提升信贷批量业务开发规范性与效率; d）放还款交易框架：完成架构优化重构，降低信贷核心交易实施难度，提升处理可靠性; e）智能风控组件：实现风险规则解耦、独立配置与动态执行，支撑信贷风控集中管理与实时响应; f）专项测试工具箱：打造信贷核心组件定制化测试工具，保障系统质量，快速定位问题; g）电子文档系统：支持可视化模板配置、自动转换报告撰写页面，消除单独页面开发与第三方插件依赖，显著降低 开发成本与集成复杂度; h）智能需求管理：原子化分解需求、差异化分析需求矩阵，实现信贷项目需求全流程追溯与精细化管理。 • 智能体研发布局深化 报告期内，公司在人工智能场景应用领域实现重要技术突破。公司与头部城市商业银行开展智能金融应用联合研发， 成功打造四十余项智能体应用场景，并已完成在多家同业机构的商业化部署。 智能体应用矩阵覆盖：智能填单与数据录入；智能财报分析与风险识别；智能尽职调查；智能问答与知识检索；智 能风险预警监控；智能合规审查；智能贷后检查管理；信贷业务知识库；智能营销助手。未来，公司将以独立智能体形 态将上述AI能力深度融入综合信贷产品体系，持续赋能客户业务的智能化转型升级。 • AI信贷作业模式创新 2025 年度，公司完成向导式信贷作业产品的升级研发，启动新一代人机交互信贷作业产品设计，基于用户旅程整合 智能体能力，推动信贷作业模式向AI化迭代升级。 3）数据业务领域 报告期内，公司深度聚焦银行核心业务场景，坚定践行“AI+金融”战略发展布局，紧扣金融数据业务本质需求，紧 密围绕金融机构数智化转型的核心诉求，持续深化技术研发与场景落地，取得了一系列阶段性突破，核心业务实现高质 量发展。在数据底座构建方面，公司以金融数据为核心根基，成功构建起以“粒度模型”为基础的确定性金融AI数据底 座，为金融场景智能化应用提供了高效、精准、可靠的数据支撑。在此稳固的数据底座之上，公司进一步搭建完成“智 能大脑（决策）+智能执行（行动）”的闭环式智能体系，实现了数据驱动下决策与执行的无缝联动、高效循环，显著提 升了金融场景下的智能响应速度与决策精准度，为业务全链路贯通奠定了坚实的技术基础。在市场拓展与项目落地方面， 16",windowed_extraction_review_required
688590.SH,AR_688590_SH_2025,business_overview,32,43,"上海新致软件股份有限公司2025年年度报告 加剧，近年来首次出现一定规模的降价趋势，若未来市场竞争进一步加剧，或者金融机构经营策 略出现失误且在较长时间内未能进行调整，则可能影响金融机构盈利能力，迫使金融机构降低信 息系统建设预算，对公司经营业绩产生重大不利影响。 2、公司向金融机构提供的解决方案集中度较高的风险 目前，公司向金融机构提供的解决方案集中在保险渠道解决方案、金融大数据解决方案、保 险核心类解决方案、金融市场代客交易解决方案、金融风控预警监控解决方案、银行卡系统解决 方案、银行支付、清算与托管系统解决方案。金融机构软件开发服务供应商众多，竞争激烈，同 时具有产品迭代快，客户需求及行业监管政策变化快等特点。若公司在该领域的竞争力下降，或 公司提供的解决方案需求下降，则可能对公司经营业绩产生重大不利影响。 针对上述风险，公司通过不断提升产品的技术水平，完善产品的各方面功能，巩固公司现有 业务市场竞争地位，形成有自身特色的各类型产品和相应的竞争实力。另一方面，公司除了继续 夯实现有核心客户外，还将充分挖掘中小金融机构市场空间，抢占新的盈利增长点，提高抗风险 能力和持续盈利能力。 (七) 宏观环境风险 √适用 □不适用 公司主要客户集中在保险业和银行业，这些客户所在的行业与宏观经济紧密相关，且为国民 经济的核心支柱产业，对宏观经济波动的敏感度较高。尽管目前宏观经济稳步发展，保险业和银 行业发展较为稳定，但若宏观经济出现波动或增速减慢，将影响本公司下游客户的业务需求，从 而可能造成本公司主营业务收入的波动。 (八) 存托凭证相关风险 □适用 √不适用 (九) 其他重大风险 □适用 √不适用 五、报告期内主要经营情况 报告期内的公司主要经营情况详见本报告“第三节 管理层讨论与分析”之“一、经营情况讨 论与分析”的相关内容。 (一) 主营业务分析 1、 利润表及现金流量表相关科目变动分析表 单位：元 币种：人民币 科目 本期数 上年同期数 变动比例（%） 营业收入 2,106,579,792.56 1,995,198,312.45 5.58 营业成本 1,703,042,617.85 1,491,939,246.78 14.15 32/252
上海新致软件股份有限公司2025年年度报告 销售费用 138,439,442.17 124,963,545.24 10.78 管理费用 122,759,980.07 119,745,572.90 2.52 财务费用 47,686,941.41 49,463,188.55 -3.59 研发费用 172,848,444.53 152,291,331.77 13.50 经营活动产生的现金流量净额 -103,816,658.79 38,542,609.87 -369.36 投资活动产生的现金流量净额 -74,885,895.06 -399,060,484.71 不适用 筹资活动产生的现金流量净额 249,127,701.96 306,815,284.83 -18.80 营业收入变动原因说明：主要系国内数字化经济建设发展迅速，公司加大在AIGC应用方向投 入，公司创新业务增长所致； 营业成本变动原因说明：主要系报告期内IT解决方案业务客户单价下降，虽然公司整体收入规 模上升，但成本上升速度高于收入； 销售费用变动原因说明：主要系报告期内公司全面拥抱人工智能，从原有的IT服务向产品转 型，扩张了产品销售团队及售前团队，并增加了市场营销投入，导致销售费用增长； 管理费用变动原因说明：主要系报告期内公司不断扩大人才队伍，导致管理费用增长； 财务费用变动原因说明：主要系报告期内贷款利率降低，相关利息支出减少所致； 研发费用变动原因说明：主要系报告期内公司加大AIGC为主的新一代信息技术行业解决方案的 相关研发投入所致； 经营活动产生的现金流量净额变动原因说明：主要系报告期内创新业务收入增加，增加了项目前 期投入，相应收入款项暂未收回所致； 投资活动产生的现金流量净额变动原因说明：主要系上年同期公司支付购楼款及装修款所致； 本期公司业务类型、利润构成或利润来源发生重大变动的详细说明 □适用 √不适用 2、 收入和成本分析 □适用 √不适用 (1). 主营业务分行业、分产品、分地区、分销售模式情况 单位：万元 币种：人民币 主营业务分行业情况 营业收入 营业成本 毛利率比 毛利率 分行业 营业收入 营业成本 比上年增 比上年增 上年增减 （%） 减（%） 减（%） （%） 金融-保险 减少6.28 78,235.39 60,949.08 22.10 7.45 16.88 行业 个百分点 金融-银行 减少3.59 及其他金 48,544.36 40,697.35 16.16 -3.23 1.10 个百分点 融行业 减少8.59 企服行业 77,829.18 63,329.32 18.63 12.43 25.71 个百分点 减少0.31 海外行业 5,876.51 5,175.76 11.92 -17.57 -17.28 个百分点 主营业务分产品情况 营业收入 营业成本 毛利率比 毛利率 分产品 营业收入 营业成本 比上年增 比上年增 上年增减 （%） 减（%） 减（%） （%） IT解决方 减少5.09 160,113.49 123,286.4 23.00 -4.72 2.02 案 个百分点 软件开发 减少0.31 5,876.51 5,175.76 11.92 -17.57 -17.28 分包 个百分点 33/252
上海新致软件股份有限公司2025年年度报告 减少0.24 创新业务 34,707.31 32,629.63 5.99 158.31 158.96 个百分点 IT产品销 减少5.40 售及增值 9,788.13 9,059.71 7.44 -8.59 -2.93 个百分点 服务 主营业务分地区情况 营业收入 营业成本 毛利率比 毛利率 分地区 营业收入 营业成本 比上年增 比上年增 上年增减 （%） 减（%） 减（%） （%） 减少6.34 国内 204,608.93 164,975.74 19.37 6.46 15.55 个百分点 减少0.31 国外 5,876.51 5,175.76 11.92 -17.57 -17.28 个百分点 主营业务分销售模式情况 营业收入 营业成本 毛利率比 毛利率 销售模式 营业收入 营业成本 比上年增 比上年增 上年增减 （%） 减（%） 减（%） （%） 减少6.07 直接销售 210,485.44 170,151.50 19.16 5.60 14.17 个百分点 主营业务分行业、分产品、分地区、分销售模式情况的说明 无 (1). 产销量情况分析表 □适用 √不适用 (2). 重大采购合同、重大销售合同的履行情况 □适用 √不适用 (3). 成本分析表 单位：万元币种：人民币 分行业情况 本期占总 上年同期占 本期金额较上年 成本构 上年同期 情况 分行业 本期金额 成本比例 总成本比例 同期变动比例 成项目 金额 说明 (%) (%) (%) 职工薪 34,235.56 20.12 37,172.29 24.94 -7.90 酬 技术服 为补充公司区域交付能力， 务采购 4,004.50 2.35 3,021.50 2.03 32.53 增加了相关技术服务外采； 支出 外采服 公司加大与保险行业客户在 金融-保险 19,831.09 11.65 9,821.29 6.59 101.92 务支出 场景运营中的合作； 行业 执行费 1,225.07 0.72 1,277.21 0.86 -4.08 用 房租及 当年分摊的固定资产及无形 1,629.27 0.96 855.21 0.57 90.51 折旧 资产累计折旧增加； 软硬件 部分客户解决方案增加部分 23.59 0.01 - 0.00 / 采购 软硬件需求； 职工薪 28,943.08 17.01 30,092.62 20.19 -3.82 酬 技术服 金融-银行 务采购 7,232.40 4.25 6,246.39 4.19 15.79 及其他金 支出 融行业 外采服 相关业务减少，相关外采服 - - 201.30 0.14 -100.00 务支出 务支出减少； 执行费 1,801.88 1.06 726.05 0.49 148.17 为提高交付能力，增加了相 34/252
上海新致软件股份有限公司2025年年度报告 用 关执行费用支出； 房租及 当年分摊的固定资产及无形 1,125.92 0.66 796.88 0.53 41.29 折旧 资产累计折旧增加； 软硬件 1,594.06 0.94 2,190.04 1.47 -27.21 采购 职工薪 23,477.41 13.80 29,384.72 19.72 -20.10 酬 技术服 为补充公司区域交付能力， 务采购 17,733.02 10.42 11,693.00 7.85 51.66 增加了相关技术服务支出； 支出 外采服 公司加大企服行业场景化运 12,794.04 7.52 2,564.84 1.72 398.82 企服行业 务支出 营投入，增加了相关支出 执行费 741.25 0.44 961.06 0.64 -22.87 用 房租及 当年分摊的固定资产及无形 1,462.43 0.86 776.68 0.52 88.29 折旧 资产累计折旧增加； 软硬件 部分客户解决方案增加部分 7,121.17 4.19 4,998.06 3.35 42.48 采购 软硬件需求； 职工薪 3,511.16 2.06 4,393.54 2.95 -20.08 酬 技术服 务采购 1,598.79 0.94 1,772.11 1.19 -9.78 海外行业 支出 执行费 公司有效控制成本，降低海 23.30 0.01 59.95 0.04 -61.13 用 外相关费用支出； 房租及 当年分摊的固定资产及无形 42.51 0.02 31.10 0.02 36.69 折旧 资产累计折旧增加； 分产品情况 本期占总 上年同期占 本期金额较上年 成本构 上年同期 情况 分产品 本期金额 成本比例 总成本比例 同期变动比例 成项目 金额 说明 (%) (%) (%) 职工薪 86,478.53 50.82 95,310.70 63.95 -9.27 酬 技术服 为补充公司区域交付能力， 务采购 27,484.63 16.15 20,115.18 13.50 36.64 增加了相关技术服务外采； 支出 IT解决方 执行费 案 3,737.69 2.20 2,938.61 1.97 27.19 用 房租及 当年分摊的固定资产及无形 4,194.59 2.47 2,407.00 1.62 74.27 折旧 资产累计折旧增加； 软硬件 部分客户解决方案增加部分 1,390.96 0.82 73.88 0.05 1,782.68 采购 软硬件需求； 职工薪 3,511.16 2.06 4,393.54 2.95 -20.08 酬 技术服 务采购 1,598.79 0.94 1,772.11 1.19 -9.78 软件开发 支出 分包 执行费 公司有效控制成本，降低海 23.30 0.01 59.95 0.04 -61.13 用 外相关费用支出； 房租及 当年分摊的固定资产及无形 42.51 0.02 31.10 0.02 36.69 折旧 资产累计折旧增加； 职工薪 公司有效控制成本，降低相 - - 12.54 0.01 -100.00 酬 关费用支出； 场景化运营业务中，为补充 外采服 32,625.13 19.17 12,587.44 8.45 159.19 公司流量不足，增加了相关 务支出 创新业务 外采服务支出； 执行费 为提高交付能力，增加了相 4.50 0.00 0.13 0.00 3,404.79 用 关执行费用支出； 房租及 公司有效控制成本，降低相 - - 0.24 0.00 -100.00 折旧 关费用支出； 职工薪 公司有效控制成本，降低相 177.52 0.10 1,326.38 0.89 -86.62 酬 关费用支出； 技术服 为补充公司区域交付能力， IT 产品销 务采购 1,485.30 0.87 845.72 0.57 75.63 增加了相关技术服务外采。 售及增值 支出 服务 执行费 26.01 0.02 25.58 0.02 1.68 用 房租及 23.02 0.01 21.53 0.01 6.91 折旧 35/252
上海新致软件股份有限公司2025年年度报告 软硬件 7,347.85 4.32 7,114.22 4.77 3.28 采购 成本分析其他情况说明 无 (4). 报告期主要子公司股权变动导致合并范围变化 □适用 √不适用 (5). 公司报告期内业务、产品或服务发生重大变化或调整有关情况 □适用 √不适用 (6). 主要销售客户及主要供应商情况 属于同一控制人控制的客户或供应商视为同一客户或供应商合并列示，受同一国有资产管理机构 实际控制的除外。 下列客户及供应商信息按照同一控制口径合并计算列示的情况说明 前五大客户及供应商信息按照同一控制口径合并计算。 A.公司主要销售客户情况 √适用 □不适用 前五名客户销售额51,393.16万元，占年度销售总额24.40%；其中前五名客户销售额中关联方销 售额0.00万元，占年度销售总额0.00%。 公司前五名客户 √适用 □不适用 单位：万元币种：人民币 占年度销售总额比例 是否与上市公司存在 序号 客户名称 销售额 （%） 关联关系 1 客户一 17,458.92 8.29 否 2 客户二 15,091.11 7.16 否 3 客户三 6,409.21 3.04 否 4 客户四 6,292.28 2.99 否 5 客户五 6,141.64 2.92 否 合计 / 51,393.16 24.40 / 报告期内向单个客户的销售比例超过总额的50%、前5名客户中存在新增客户的或严重依赖于 少数客户的情形 □适用 √不适用 报告期内公司贸易业务收入占营业收入比例超过10%的贸易业务前五名销售客户 □适用 √不适用 B.公司主要供应商情况 √适用 □不适用 前五名供应商采购额38,406.56万元，占年度采购总额38.63%；其中前五名供应商采购额中关联 方采购额0.00万元，占年度采购总额0.00%。 公司前五名供应商 √适用 □不适用 单位：万元币种：人民币 36/252
上海新致软件股份有限公司2025年年度报告 占年度采购总额比例 是否与上市公司存在 序号 供应商名称 采购额 （%） 关联关系 1 供应商一 21,455.04 21.58 否 2 供应商二 6,677.93 6.72 否 3 供应商三 3,866.94 3.89 否 4 供应商四 3,253.10 3.27 否 5 供应商五 3,153.54 3.17 否 合计 / 38,406.56 38.63 / 报告期内向单个供应商的采购比例超过总额的50%、前5名供应商中存在新增供应商的或严重 依赖于少数供应商的情形 □适用 √不适用 报告期内公司贸易业务收入占营业收入比例超过10%的贸易业务前五名供应商 □适用 √不适用 C.报告期内公司存在贸易业务收入 □适用 √不适用 3、 费用 √适用 □不适用 科目 本期数 上年同期数 变动比例（%） 销售费用 138,439,442.17 124,963,545.24 10.78 管理费用 122,759,980.07 119,745,572.90 2.52 财务费用 47,686,941.41 49,463,188.55 -3.59 研发费用 172,848,444.53 152,291,331.77 13.50 4、 现金流 √适用 □不适用 科目 变动比例 本期数 上年同期数 （%） 经营活动产生的现金流量净额 -103,816,658.79 38,542,609.87 -369.36 投资活动产生的现金流量净额 -74,885,895.06 -399,060,484.71 不适用 筹资活动产生的现金流量净额 249,127,701.96 306,815,284.83 -18.80 (二) 非主营业务导致利润重大变化的说明 □适用 √不适用 (三) 资产、负债情况分析 √适用 □不适用 1、 资产及负债状况 单位：元 币种：人民币 本期期末 上期期末 本期期末 项目 数占总资 数占总资 金额较上 本期期末数 上期期末数 情况说明 名称 产的比例 产的比例 期期末变 （%） （%） 动比例 37/252
上海新致软件股份有限公司2025年年度报告 （%） 交易 主要系报告期 性金 40,307,259.35 1.26 58,481,175.16 1.88 -31.08 内赎回理财产 融资 品所致； 产 主要系报告期 应收 2,616,157.40 0.08 750,500.00 0.02 248.59 内收到商业承 票据 兑汇票所致； 应收 主要系报告期 款项 2,510,575.39 0.08 5,337,332.01 0.17 -52.96 内银行承兑汇 融资 票到期所致； 去年合同资产 主要是下属子 合同 0.00 1,508,610.70 0.05 -100.00 公司沐高网 资产 络，本年该公 司已剥离； 一年 主要系报告期 内到 内处置沐高网 期的 19,346,666.43 0.60 3,682,099.06 0.12 425.42 络尚未收回股 非流 权转让款所 动资 致； 产 主要系报告期 开发 22,170,239.56 0.69 16,003,868.23 0.52 38.53 内研发投入所 支出 致； 主要系报告期 递延 内冲回可弥补 所得 17,557,956.87 0.55 41,832,574.98 1.35 -58.03 亏损相关递延 税资 所得税资产所 产 致； 主要系报告期 其他 内支付长沙灵 非流 犀购地预付款 65,846,099.92 2.05 7,979,245.28 0.26 725.22 动资 及深圳恒道少 产 数股东首笔收 购款所致； 主要系报告期 短期 1,080,729,043.56 33.68 759,354,504.69 24.47 42.32 内短期借款增 借款 加； 主要系报告期 衍生 内与银行签订 金融 3,391,110.00 0.11 掉期合同所 负债 致； 主要系报告期 应付 54,040,752.94 1.68 115,243,446.62 3.71 -53.11 内处置沐高网 账款 络所致； 主要系报告期 合同 内为客户提供 28,029,938.55 0.87 19,684,423.96 0.63 42.40 负债 算力及云服务 基础建设的预 38/252
上海新致软件股份有限公司2025年年度报告 收款所致； 主要系报告期 其他 内收购贵州新 应付 26,565,231.52 0.83 13,772,080.00 0.44 92.89 致少数股东股 款 权的款项尚未 支付所致； 其他 主要系合同负 流动 3,365,817.62 0.10 2,581,896.77 0.08 30.36 债相关税金增 负债 加所致； 递延 主要系非同一 所得 控制企业合并 1,274,239.86 0.04 3,178,279.98 0.10 -59.91 税负 资产评估增值 债 摊销所致。 其他说明 无 公司尚未盈利的成因及对公司的影响 □适用 √不适用 1、 境外资产情况 √适用 □不适用 (1).资产规模 其中：境外资产14,309.69（单位：万元币种：人民币），占总资产的比例为4.46%。 (2).境外资产占比较高的相关说明 □适用 √不适用 2、 截至报告期末主要资产受限情况 √适用 □不适用 单位：元 币种：人民币 期末 期初 受 受 受 受 项 限 限 限 限 目 账面余额 账面价值 账面余额 账面价值 类 情 类 情 型 况 型 况 履 履 货 约 约 币 其 其 13,497,793.63 13,497,793.63 保 5,166,047.90 5,166,047.90 保 资 他 他 证 证 金 金 金 固 抵 抵 定 抵 押 抵 押 359,211,205.41 347,836,183.90 359,211,205.41 355,419,531.58 资 押 借 押 借 产 款 款 合 372,708,999.04 361,333,977.53 / / 364,377,253.31 360,585,579.48 / / 计 39/252
上海新致软件股份有限公司2025年年度报告 3、 其他说明 □适用 √不适用 (四) 行业经营性信息分析 □适用 √不适用 40/252
上海新致软件股份有限公司2025年年度报告 (五) 投资状况分析 对外股权投资总体分析 √适用 □不适用 单位：元 币种：人民币 报告期投资额（元） 上年同期投资额（元） 变动幅度 78,753,732.58 4,800,000.00 1,541% 1、 重大的股权投资 □适用 √不适用 2、 重大的非股权投资 □适用 √不适用 3、 以公允价值计量的金融资产 √适用 □不适用 单位：元 币种：人民币 本期公允价值变 计入权益的累计公 本期计提的减 本期购买金 本期出售/赎回 资产类别 期初数 其他变动 期末数 动损益 允价值变动 值 额 金额 其他权益 31,158,108.56 -1,882,505.22 -9,909,013.85 -1,882,505.22 5,000,000.00 - 34,275,603.34 工具投资 理财产品 19,413,926.64 34,600,000.00 -54,000,000.00 -13,926.64 0.00 权益工具 39,067,248.52 1,240,010.83 40,307,259.35 投资 其他非流 动金融资 27,734,325.33 118,431.08 27,852,756.41 产 合计 117,373,609.05 -524,063.31 -9,909,013.85 -1,882,505.22 39,600,000.00 -54,000,000.00 -13,926.64 102,435,619.10 41/252
上海新致软件股份有限公司2025年年度报告 证券投资情况 □适用 √不适用 衍生品投资情况 □适用 √不适用 4、 私募股权投资基金投资情况 √适用 □不适用 单位：万元币种：人民币 报告 截至报 报告期 是否控制 是否 基金 投资协 拟投 报告期 私募基金名 期内 告期末 参与 末出资 该基金或 会计核 存在 底层 累计利 议签署 投资目的 资总 利润影 称 投资 已投资 身份 比例 施加重大 算科目 关联 资产 润影响 时点 额 响 金额 金额 （%） 影响 关系 情况 为充分整合利用各方优势资源，提升公 司综合竞争实力，公司对该合伙企业进 上海闵行科 行了投资。该合伙企业投资于具有良好 技成果转移 有 限 交易性 2021年 成长性和发展前景的项目，在项目培育 产业 转化创业投 4,000 0 4,000 合 伙 6.57 否 金融资 否 124.00 30.73 11月 成熟后实现投资退出，有望实现一定的 基金 资合伙企业 人 产 资本增值收益；公司作为投资人，可以 （有限合伙） 从中分享投资回报，从而增强公司的盈 利能力。 对金融科技相关产业提供资本支持和 上海金融科 重组整合，加快金融科技赋能产业升 有 限 非流动 技股权投资 2022年 产业 级，重点关注产业赋能型科技金融新业 2,800 0 2,800 合 伙 1.47 否 性金融 否 11.84 -14.72 基金（有限合 10月 基金 态和金融科技新技术，助推国家产业结 人 资产 伙） 构调整和经济转型战略发展。 合计 / / 6,800 0 6,800 / / / / / / 135.84 16.00 其他说明 无 5、 报告期内重大资产重组整合的具体进展情况 □适用 √不适用 42/252
上海新致软件股份有限公司2025年年度报告 独立董事意见 不适用 (六) 重大资产和股权出售 □适用 √不适用 (七) 主要控股参股公司分析 □适用 √不适用 (八) 公司控制的结构化主体情况 □适用 √不适用 43/252",windowed_extraction_review_required
688590.SH,AR_688590_SH_2025,core_competitiveness,8,19,"上海新致软件股份有限公司2025年年度报告 率下降6.07个百分点，利润同步下滑；（2）创新业务的拓展不及预期：公司在拓展新市场与构建 新业态方面进行了战略性投入，特别是在人工智能一体机及大模型应用的探索上，但受行业特性、 市场环境影响，相关产品规模化商业落地需要一定时间周期。目前该业务营业收入有所增长，但 规模依然较小，相关项目定制化程度较高，收入确认依赖客户验收，易受客户预算与决策周期影 响，导致新业务的盈利情况未达预期；（3）持续研发投入：公司为进一步增强核心竞争力，积极 抢抓人工智能技术的历史新机遇，强化相关技术的研发投入，上述投入一定程度上影响了当期利 润。（4）本年度计提可转换债券利息费用1,730.02万元，股权激励费用2,711.22万元，对公司当 期利润共影响4,441.24万元。 经营活动产生的现金流量净额为-1.04亿元，下降369.36%，主要是由于：（1）传统业务部分 客户回款不及预期；（2）报告期内，公司收入大幅增长的创新业务所需前期投入所致。 七、境内外会计准则下会计数据差异 (一) 同时按照国际会计准则与按中国会计准则披露的财务报告中净利润和归属于上市公司股东 的净资产差异情况 □适用 √不适用 (二) 同时按照境外会计准则与按中国会计准则披露的财务报告中净利润和归属于上市公司股东 的净资产差异情况 □适用 √不适用 (三) 境内外会计准则差异的说明： □适用 √不适用 八、2025年分季度主要财务数据 单位：元 币种：人民币 第一季度 第二季度 第三季度 第四季度 （1-3月份） （4-6月份） （7-9月份） （10-12月份） 营业收入 434,173,272.66 462,917,501.27 542,025,964.73 667,463,053.90 归属于上市公司股东的 15,727,920.77 14,625,138.36 668,862.74 -158,387,511.80 净利润 归属于上市公司股东的 扣除非经常性损益后的 14,778,815.30 4,192,268.10 -2,915,457.80 -154,637,897.20 净利润 经营活动产生的现金流 -201,825,862.64 -90,062,889.93 -30,585,029.83 218,657,123.61 量净额 季度数据与已披露定期报告数据差异说明 □适用 √不适用 九、非经常性损益项目和金额 √适用 □不适用 单位：元 币种：人民币 8/252
上海新致软件股份有限公司2025年年度报告 附注 非经常性损益项目 2025年金额 （如适 2024年金额 2023年金额 用） 非流动性资产处置损益，包括已计提 2,445,426.40 749,549.63 897.89 资产减值准备的冲销部分 计入当期损益的政府补助，但与公司 正常经营业务密切相关、符合国家政 12,836,063.31 20,119,747.04 28,863,833.39 策规定、按照确定的标准享有、对公 司损益产生持续影响的政府补助除外 除同公司正常经营业务相关的有效套 期保值业务外，非金融企业持有金融 资产和金融负债产生的公允价值变动 -1,115,735.51 -3,954,318.02 4,754,788.76 损益以及处置金融资产和金融负债产 生的损益 单独进行减值测试的应收款项减值准 185,000.00 1,562,442.46 备转回 企业取得子公司、联营企业及合营企 业的投资成本小于取得投资时应享有 880,613.31 被投资单位可辨认净资产公允价值产 生的收益 债务重组损益 172,610.48 除上述各项之外的其他营业外收入和 -1,164,829.14 -2,623,942.43 -2,081,835.29 支出 减：所得税影响额 247,956.78 2,530,558.19 5,261,862.10 少数股东权益影响额（税后） 1,893,897.09 1,115,745.63 1,807,313.68 合计 11,216,681.67 12,207,174.86 25,349,122.28 对公司将《公开发行证券的公司信息披露解释性公告第1号——非经常性损益》未列举的项目认 定为非经常性损益项目且金额重大的，以及将《公开发行证券的公司信息披露解释性公告第1号 ——非经常性损益》中列举的非经常性损益项目界定为经常性损益的项目，应说明原因。 □适用 √不适用 9/252
上海新致软件股份有限公司2025年年度报告 十、营业收入扣除情况表 单位：万元 币种：人民币 项目 本年度 具体扣除情况 上年度 具体扣除情况 营业收入金额 210,657.98 199,519.83 营业收入扣除项目合计金额 7,157.93 194.28 营业收入扣除项目合计金额占营业收入的比重 3.40 / 0.10 / （%） 一、与主营业务无关的业务收入 1.正常经营之外的其他业务收入。如出租固定资 产、无形资产、包装物，销售材料，用材料进行非 货币性资产交换，经营受托管理业务等实现的收 172.54 房屋租赁收入等 194.28 房屋租赁收入等 入，以及虽计入主营业务收入，但属于上市公司正 常经营之外的收入。 2.不具备资质的类金融业务收入，如拆出资金利息 收入；本会计年度以及上一会计年度新增的类金融 业务所产生的收入，如担保、商业保理、小额贷 款、融资租赁、典当等业务形成的收入，为销售主 营产品而开展的融资租赁业务除外。 3.本会计年度以及上一会计年度新增贸易业务所产 生的收入。 4.与上市公司现有正常经营业务无关的关联交易产 生的收入。 5.同一控制下企业合并的子公司期初至合并日的收 入。 6.未形成或难以形成稳定业务模式的业务所产生的 6,985.39 运营商增值服务等 收入。 与主营业务无关的业务收入小计 7,157.93 194.28 二、不具备商业实质的收入 10/252
上海新致软件股份有限公司2025年年度报告 1.未显著改变企业未来现金流量的风险、时间分布 或金额的交易或事项产生的收入。 2.不具有真实业务的交易产生的收入。如以自我交 易的方式实现的虚假收入，利用互联网技术手段或 其他方法构造交易产生的虚假收入等。 3.交易价格显失公允的业务产生的收入。 4.本会计年度以显失公允的对价或非交易方式取得 的企业合并的子公司或业务产生的收入。 5.审计意见中非标准审计意见涉及的收入。 6.其他不具有商业合理性的交易或事项产生的收 入。 不具备商业实质的收入小计 三、与主营业务无关或不具备商业实质的其他收入 营业收入扣除后金额 203,500.05 199,325.55 11/252
上海新致软件股份有限公司2025年年度报告 十一、存在股权激励、员工持股计划的公司可选择披露扣除股份支付影响后的净利润 √适用 □不适用 单位：元 币种：人民币 本期比上年同 主要会计数据 2025年 2024年 2023年 期增减(%) 扣除股份支付影响 -108,129,196.92 37,895,444.94 -385.34 80,338,492.66 后的净利润 十二、非企业会计准则财务指标情况 □适用 √不适用 十三、采用公允价值计量的项目 √适用 □不适用 单位：元 币种：人民币 对当期利润的 项目名称 期初余额 期末余额 当期变动 影响金额 其他权益工具投资 31,158,108.56 34,275,603.34 3,117,494.78 170,909.57 理财产品 19,413,926.64 - -19,413,926.64 198,847.34 权益工具投资 39,067,248.52 40,307,259.35 1,240,010.83 1,240,010.83 其他非流动金融资产 27,734,325.33 27,852,756.41 118,431.08 665,606.75 衍生金融负债 3,391,110.00 -3,391,110.00 -3,391,110.00 合计 117,373,609.05 105,826,729.10 -18,329,099.95 -1,115,735.51 十四、因国家秘密、商业秘密等原因的信息暂缓、豁免情况说明 □适用 √不适用 第三节 管理层讨论与分析 一、报告期内公司所从事的主要业务、经营模式、行业情况说明 (一) 主要业务、主要产品或服务情况 新致软件是国内领先的软件服务提供商之一。公司主要向以银行、保险为主的金融机构和其 他行业的终端客户提供科技服务，主要从事咨询规划、设计、开发、运维等软件开发服务及基础 算力服务。同时，公司凭借全方位能力，在各类解决方案的整合过程中，向客户提供场景运营流 量业务。 在时代变革中持续创新发展，是新致软件的初心和使命，报告期内，新致软件受益于国内经 济持续回暖，政策红利持续释放，收入实现稳定增长。公司坚定信心，对现有市场深耕细作，充 分发挥核心竞争力，依托丰富的产品经验，持续完善业务平台的生态布局，加大对人工智能大模 型技术的投入和研发，并逐步落地应用成果。在数字化经济全面发展的大背景下，公司进一步优 12/252
上海新致软件股份有限公司2025年年度报告 化内部管理水平，深度把握行业发展规律，分析竞争态势与区域变化，认清并强化自身竞争优势； 同时，持续挖掘客户需求，提供更优质的技术支持和服务，不断提升客户的满意度与忠诚度。 新增重要非主营业务情况 □适用 √不适用 (二) 主要经营模式 1、盈利模式 公司主要盈利模式是通过向客户提供软件开发服务及软件分包服务获得收入。 2、销售及订单获取方式 公司均以直销的模式向客户提供服务，通过招投标、竞争性谈判、商务谈判等形式获取订单。 订单获取方式 主要销售流程 招投标分为公开招标、邀请招标。客户发布招投标信息，公司市场部销 售人员了解具体业务需求后，与公司自身的特点相结合进行分析，并协 同软件技术服务人员向潜在客户详细介绍公司过往成功案例，在业务技 招投标 术方面得到客户初步认可后双方对合同价格、服务标准做进一步沟通， 由市场部向品质保证部、财务部汇报拟合作意向，经上述部门审批通过 后，公司取得标书并准备投标文件参与投标，客户经过筛选后，确定最 终中标方后与之签订业务合同。 公司与谈判小组就采购服务事宜进行谈判，公司按照谈判文件的要求提 交相应文件和最后报价，客户从谈判小组提出的成交候选人中确定成交 竞争性谈判 供应商，并向成交供应商发出成交通知书，将竞争性谈判文件、询价通 知书随成交结果同时公告。 公司通过与客户针对价格、付款方式、项目实施安排等商务条件进行初 商务谈判 步谈判确认，双方达成交易意向后，直接和客户签订销售合同，并与之 建立长期的合作关系。 3、采购模式 公司主要采购内容包括软硬件设备采购、技术服务采购以及IDC服务器托管服务采购。 对于上述采购标的，项目负责人提出具体采购计划并经过事业部负责人审批后，由品质保证 中心按照公司制定的评定标准对供应商资质、采购内容和价格进行评定，评审通过后由行政中心 负责签署采购合同、实施采购、监控软硬件交付情况或预提技术服务及IDC服务成本，完成采购 后财务部根据合同条款进行支付。 4、研发模式 为了精准把握市场发展趋势，确保公司的技术和产品能够在市场中保持竞争优势，公司在密 切关注外部市场发展、技术趋势变化的同时还会以季度为周期对客户进行拜访、收集改进意见、 发现新的需求。 在准确理解客户需求的基础上，公司进行有针对性的研发，研发阶段主要包括：调研和立项、 设计、计划、开发、测试、发布、结项等阶段。在研发过程中，公司多采用敏捷开发模式，通过 迭代和并行的方式提高效率缩短研发周期，公司的总经理和研发专家委员会对各个阶段进行管理 和评审。 13/252
上海新致软件股份有限公司2025年年度报告 (三) 所处行业情况 1、 行业的发展阶段、基本特点、主要技术门槛 （1）行业的发展阶段和技术特点 根据中国证监会2012年10月26日颁布的《上市公司行业分类指引》(2012年修订)，公司所 属行业为信息传输、软件和信息技术服务业(I)中的软件和信息技术服务业(I65);根据《国民经济行 业分类》(GB/T4754-2017)，公司所处行业为软件和信息技术服务业(I65);根据国家统计局发布的 《战略性新兴产业分类(2018)》(国家统计局令第23号)，公司所处行业属于“1新一代信息技术产 业”之“1.3新兴软件和新型信息技术服务”之“1.3.1新兴软件开发”之“I6513应用软件开发”分类。 2025年，软件和信息技术服务业作为数字经济的核心引擎，实现了从“技术驱动”向“价值 驱动”的深度转型。在国家“十四五”规划收官与“十五五”规划谋划的交汇期，以及“东数西 算”工程全面铺开的背景下，行业呈现出“AI原生化、算力普惠化、数据资产化”的显著特征。 根据工业和信息化部发布的官方数据，2025年我国软件和信息技术服务业实现全年软件业务 收入15.48万亿元，同比增长13.2%；实现利润总额1.88万亿元，同比增长7.3%，行业增速持续 领跑国民经济各主要行业，产业发展韧性与增长活力持续凸显。 2025年，软件行业延续高景气增长态势，增长核心驱动力源于企业数字化转型向深水区迈进、 《数字中国建设2025年行动方案》落地实施、“东数西算”工程全面深化、信创产业从“安全可控” 向“价值创造”战略跃迁，以及以生成式人工智能大模型为代表的新兴技术实现从技术突破到规模 化商业落地的跨越式发展。 新致软件作为行业领先的软件和信息技术服务公司，将持续推动和加强云计算、大数据、物 联网、人工智能、区块链、5G、信息安全等新一代信息技术在各行业的深度应用,推动公司业务向 更广阔领域加速发展，不断探索新业务和新模式，强化自身品牌优势。 （2）行业主要技术门槛 2025年的行业竞争格局进一步加剧了“马太效应”。随着企业数字化需求从单一的系统建设 升级为“业务+AI”的深度融合，行业准入门槛发生了结构性变化： 1）技术与场景的融合壁垒：单纯的代码编写能力已不再是核心竞争力，“行业Know-How+AI 工程化能力”成为关键壁垒。企业不仅需要掌握大模型、云计算、区块链等底层技术，更需要具 备将这些技术与保险、银行等具体业务场景深度融合的能力，提供端到端的智能化解决方案。 2）数据治理与安全门槛：随着《数据安全法》和《个人信息保护法》的深入实施，以及数据 要素市场的活跃，如何在保障数据安全的前提下进行高效的数据挖掘与应用，成为了衡量IT服务 商能力的重要标尺。具备完善的数据治理体系和隐私计算技术的企业将占据优势。 3）敏捷响应与生态构建能力：在AI技术快速迭代的背景下，企业需要具备极强的技术响应 速度和生态整合能力。能够快速适配开源大模型、构建开发者生态，并提供全生命周期服务的头 部企业，将主导市场话语权。 14/252
上海新致软件股份有限公司2025年年度报告 此外，软件服务业属于技术密集型产业，为下游提供技术解决方案涉及多个技术领域，是多 学科相互渗透、相互交叉形成的高新技术产业，对企业的研发创新能力有较高要求。企业以新一 代信息技术为底层支撑，推动场景融合，不断提升自身的技术能力、创新能力和服务水平，赢得 了客户的信任和支持。中国的软件行业将继续保持强劲的发展势头，同时加快服务化、智能化、 平台化、融合化的发展步伐，推动行业向更高质量发展的同时，也对软件服务商的整体技术方案 解决能力以及快速响应能力提出了更高的要求。 由于大型IT解决方案对核心平台标准和信息化处理要求较高，小型厂商难以具备开发能力， 行业准入门槛较高。在此背景下，具有较强的技术开发能力、相对成熟的产品系列和较为完善的 营销与服务网络的企业，拥有较高的市场份额。 2、 公司所处的行业地位分析及其变化情况 公司的技术服务方案在产品功能、技术性能方面享有良好的品牌知名度，并长期服务中国太 保、中国人保、中国人寿、新华保险等保险行业核心客户，与其建立了良好的合作关系，为其不 断开发建设信息系统。经过多年发展，公司在保险行业IT解决方案领域积累了丰富的经验，形成 了完善的信息技术服务体系，因此在保险行业IT解决方案市场的行业地位较高。 公司的银行业IT解决方案应用于40余家股份制银行。其中，公司对大型商业银行、股份制 商业银行和邮政储蓄银行的客户覆盖率较高，逐步复制并推广大型银行客户的成功经验至中小型 银行企业，逐步提高公司在银行行业的客户覆盖率。根据工信部赛迪研究院报告显示，公司连续 多年在中国保险业、银行业IT解决方案供应商中排名领先。 3、 报告期内新技术、新产业、新业态、新模式的发展情况和未来发展趋势 2025年以生成式人工智能（AIGC）为代表的新技术在金融、制造等核心领域的规模化落地标 志着行业正式迈入“智能化重构”的新阶段。如果说2024年是大模型的“涌现之年”，那么2025 年则是大模型的“应用元年”。软件不再仅仅是流程的自动化工具，而是成为了具备推理能力和 创造能力的“智能体”。特别是在金融领域，AI不仅用于降本增效，更开始参与核心风控与产品 创新，成为新质生产力的典型代表。 （1）人工智能的质变与量变 2025年，在“因地制宜发展新质生产力”政策主线牵引下，据中国信通院测算，2024年我国人 工智能核心产业规模已突破9000亿元，同比增长24%，2025年有望达1.2万亿元。中国AI企业 数量超过6000家，全球占比达16%，形成从基础底座、模型框架到行业应用的完整产业体系，这 一增长速度远超同期GDP增速，更加凸显了人工智能作为新质生产力核心引擎的地位。 Token调用量是衡量大模型应用深度和广度的核心先行指标。据中国信通院统计，2025年全 年，公有云大模型（对客侧）Token调用量约2000万亿次，国内日均Token消耗量在2025年年 初达到10万亿次，同比2024年年初增长约100倍。Token调用量从年初到年末的几何级增长， 15/252
上海新致软件股份有限公司2025年年度报告 不仅验证了推理成本快速下降带来的经济可行性，更标志着大模型已从“实验室玩具”真正进入企 业核心生产流程。 （2）AIAgent商业化元年的爆发 2025年被业界广泛定义为“AI应用元年”或“智能体商业化元年”。智能体作为连接大模型 能力与产业价值的关键载体，在这一年完成了从试点探索到规模化商用的关键跨越。 据赛迪顾问发布的《中国2025中国智能体市场发展研究报告》显示，2024年中国智能体市 场规模达47.5亿元，同比增长64.4%；预计2025年将达78.4亿元，增速持续超过60%。这一增 长得益于模型推理能力、多模态融合与记忆机制的持续突破，以及智能体架构和低门槛智能体开 发平台的广泛应用。 随着“人工智能+”行动在政务、医疗、交通、能源等重点领域深入推进，智能体正从技术验证 迈向规模化价值兑现阶段。未来，智能体能否在复杂、动态、多约束的真实环境中稳定交付可解 释、可审计、可复现的业务成果，将成为智能体产品和解决方案发展的分水岭，也决定了人工智 能从辅助工具走向核心生产力的演进速度。 （3）一只“龙虾”引发的AI产业风暴 近期，一场始于开源社区的“养虾”热潮席卷中国科技圈。这只“虾”的全名是OpenClaw,一个开 源AI智能体框架，其核心功能是让大模型实现“主动执行任务”，而非单纯对话。OpenClaw主要 是通过开放的Skill模块机制、本地记忆管理以及极低的安装成本，让AI从“能说会道”走向“能动 手干活”。普通用户也能轻松拥有可处理日常事务的“数字员工”，这一突破降低了AI应用的技术 门槛。 开源AI智能体OpenClaw的爆火并非偶然，而是2026年政策、技术与市场三重力量共振的 结果，OpenClaw展现的能力（本地文件操作、程序自动化、跨软件协同）指明了未来AI操作系 统级集成的方向。未来，操作系统原生集成AI智能体能力将成为必然趋势。 （4）数字中国建设的新篇章—“十五五”规划 2026年3月13日，《中华人民共和国国民经济和社会发展第十五个五年规划纲要》正式公 布，纲要将提升数智化发展水平单独成篇，提出“深入推进数字中国建设，提升数智化发展水平”。 2026年政府工作报告首次提出“打造智能经济新形态”，标志着数字经济与智能经济的深度融合进 入国家战略核心，为未来5年数字中国建设划定清晰路线。“十五五”纲要在IT信息产业规划中 主要提到： 1）我国要加快建设网络强国，坚持智能化、绿色化、融合化方向。 2）发展壮大新兴产业，加快新一代信息技术、智能网联新能源汽车、机器人等战略性新兴产 业发展；推进低空经济健康有序发展；实施新技术新产品新场景大规模应用示范行动，加大场景 培育和开放力度，加快新兴产业规模化发展。并且推动量子科技、脑机接口、具身智能、第六代 移动通信等成为新的经济增长点。 16/252
上海新致软件股份有限公司2025年年度报告 3）全面实施“人工智能+”行动，加强人工智能同科技创新、产业发展、文化建设、民生保 障、社会治理相结合，抢占人工智能产业应用制高点，全方位赋能千行百业。规划纲要提出促进 制造业“智改数转网联”，实施智能制造工程和工业互联网创新发展工程。推动工业互联网平台 内嵌AI能力，打造“5G+工业互联网”升级版，为企业提供“平台+智能体”的新型服务。 （5） 对比“十四五”规划，“十五五”规划呈现几个显著的升级方向： 从“数字化”到“数智化”的范式跃迁。规划首次将“数字化”提升为“数智化”，将“提 升数智化发展水平”单独成篇，系统部署算力、算法、数据三位一体的新型基础设施体系。纲要 在数字中国篇中首次系统阐述了算力、算法、数据三大要素的协同供给路径，标志着中国从数字 经济规模扩张转向数智生产力深度渗透的新阶段。 从“培育未来产业”到“建立全链条培育体系”。“十五五”规划明确提出构建未来产业全 链条培育体系，并提出“建立未来产业投入增长和风险分担机制”，标志着未来产业发展已从概 念探索进入制度化推进的全新阶段。工信部已表示将做好统筹谋划和前瞻布局，健全技术预见机 制，统筹有序推进未来产业先导区建设，引导各地因地制宜、错位发展未来产业。 从“单一基础设施”到“系统工程化统筹”。新型基础设施建设首次被纳入109项重大工程 项目，全国一体化算力网位列首项。从“东数西算”的物理堆叠走向“全国一张网”的逻辑一体， 算力基础设施正从单纯的硬件建设升级为涵盖“算力+算法+数据+应用”的系统工程。 从“推动开放”到“拓展规则话语权”。规划积极提出人工智能、数字经济等新兴领域国际 规则的中国方案，标志着中国从数字经济的技术应用者向全球规则制定者的角色升级。 二、经营情况讨论与分析 自2024年确立“全面拥抱人工智能”发展战略以来，公司持续推动人工智能技术与核心业务深 度融合，不断加快软件产品的创新迭代，有效提升了市场核心竞争力。与此同时，公司积极布局 新业务领域，重点发力基础算力业务与创新流量业务，稳步拓展业务版图。公司坚信，通过一系 列战略布局与落地实施，将在新一轮技术变革与市场竞争中抢占先机、赢得主动。 报告期内，公司实现营业总收入21.07亿元，同比上升5.58%；归属于上市公司股东的净亏损 1.27亿元，同比下降1,673.83%；归属于上市公司股东的扣除非经常性损益的净亏损1.39亿元。 主要是由于：（1）传统业务IT解决方案收缩：公司下游金融及相关行业竞争加剧，近年来首次 出现一定规模的降价趋势；由于业务体量下降，公司主动对人员结构进行了优化和调整，相关安 置、合规成本增加。上述综合因素导致公司整体毛利率下降6.07个百分点，利润同步下滑；（2） 创新业务的拓展不及预期：公司在拓展新市场与构建新业态方面进行了战略性投入，特别是在人 工智能一体机及大模型应用的探索上，但受行业特性、市场环境影响，相关产品规模化商业落地 需要一定时间周期。目前该业务营业收入有所增长，但规模依然较小，相关项目定制化程度较高， 收入确认依赖客户验收，易受客户预算与决策周期影响，导致新业务的盈利情况未达预期；（3） 持续研发投入：公司为进一步增强核心竞争力，积极抢抓人工智能技术的历史新机遇，强化相关 17/252
上海新致软件股份有限公司2025年年度报告 技术的研发投入，上述投入一定程度上影响了当期利润。（4）本年度计提可转换债券利息费用 1,730.02万元，股权激励费用2,711.22万元，对公司当期利润共影响4,441.24万元。 报告期内，公司持续推进人工智能大模型在行业场景的深度落地，以新致新知人工智能平台、 新知大模型及金融行业数字资产为核心基座，结合各行业实际业务需求，打造并落地多领域行业 应用智能体（Agent）。 在金融领域，公司聚焦营销展业、产品解读、产品核验、智能核保、理赔辅助、业务对练培 训等关键场景，形成成熟应用方案。在企业服务领域，公司于2025年上线新致司法智能体“新知 智法”，并与新致训推一体机深度融合，形成“法官助理”一体化产品。同时，在汽车行业持续推进 “营销智能工牌”及系列衍生工具的创新落地与场景应用。 公司以AIGC技术全面升级赋能自有软件产品体系，并积极与外部软硬件厂商、大模型生态 伙伴深化合作，构建更完善的协同机制。通过融合公司优势行业产品能力与合作伙伴技术能力， 推出新致训推一体机，助力行业客户快速完成模型部署与训练迭代，构建企业专属自主知识库， 进而打造可持续进化的企业智能中枢。 2025年，公司各业务板块具体情况如下： 1、IT解决方案业务承压 2025年度，公司IT解决方案业务的收入规模有所下滑，全年实现收入16.01亿元，同比下 降4.72%，该业务的毛利率也同比下降5.09个百分点，为23.00%。IT解决方案收入和毛利率的 下滑，主要受外部市场环境严峻挑战影响：客户科技投入呈现明显结构性调整，金融行业科技预 算持续向大中型客户集中，行业资源进一步向头部倾斜。同时，大型金融机构凭借自身规模优势 持续压低采购价格，导致公司盈利空间受到明显挤压，市场竞争压力显著加剧。为此，公司主动 对人员结构进行了优化和调整，相关安置、合规成本增加。 2、创新流量业务高速增长，积极布局新方向 公司的创新流量业务是指：公司针对国内金融机构的需求而开发、运营的金融生态平台，利 用自身大数据分析、AI能力和云原生体系等技术搭建的线上化平台帮助金融机构拓展获客渠道、 提高业务效率、拓宽客户覆盖面，是公司未来经营发展的新方向。 目前，公司创新运营业务立足技术、产品、服务多维度深度协同，重点布局数字营销、数字 零售信贷两大核心赛道，搭建起覆盖大零售数字化全链路的一站式运营服务体系，全方位为中小 金融机构提供专业化、全流程数字化赋能支撑。报告期内，公司创新流量业务表现亮眼，实现营 业收入3.74亿元，同比大幅增长158.31%，但现阶段该业务毛利率仅为5.99%，仍保持在较低水 平，盈利能力尚未得到实质性改善。后续公司持续深化生态合作发展战略，持续拓宽业务边界与 应用场景。通过与各领域优质企业开展技术研发、产品迭代、服务升级等多维度深度合作，逐步 构建起资源互通、优势互补、自主运转、良性循环的商业协同生态网络，持续夯实业务发展根基， 赋能业务长效增长。 3、金融行业保持市场竞争优势 18/252
上海新致软件股份有限公司2025年年度报告 报告期内，金融行业实现收入12.68亿元，与去年相比略有增长。其中保险行业的收入为7.82 亿元，同比上升7.45%，毛利率为22.10%；银行行业的收入为4.85亿元，同比下降3.23%，毛利 率为16.16%。 金融行业竞争内卷加剧、利润空间持续承压的困境。为抢占市场份额，部分企业选择以低价 策略入局，这一行为直接拉低了行业整体的利润率水平；而宏观经济放缓使得各大机构业绩普遍 面临压力，为了应对经营上的压力，各大机构普遍调整了在信息技术方面的投入规模和进度。尽 管金融机构在人工智能领域投入有所增长、业务升级意愿逐步增强，未来或存在一定市场机会， 但当前技术渗透与商机转化存在较大不确定性。面对行业格局变化与技术迭代带来的双重挑战， 公司必须积极应对，在继续服务金融机构科技部门的同时，主动贴近业务部门新需求，加快运用 新技术适配新场景，努力在日趋激烈的市场竞争与复杂挑战中谋求突破。公司以新致新知平台为 基座，构建多元化产品矩阵与解决方案体系，全面覆盖营销拓客、客服智能应答、智能理赔、智 能核保及智能办公等关键场景，并实现客户端全链路部署与迭代优化。作为典型的知识与技术双 密集型领域，金融行业因业务场景的高度复杂性，成为AIGC技术深度赋能的重点赛道。报告期 内，已将上述产品布局中国太保、中国人保、中国人寿、大家保险、大地财险等数十家金融机构。 4、企服行业保持稳健发展 企服行业实现收入7.78亿元，同比上升12.43%，毛利率18.63%，较去年同期下降8.59个百 分点。公司企服业务集中在运营商及政务、汽车等优势领域。在运营商及政务领域，除加深原有 渠道管理系统的技术优势外，公司保持与运营商的密切沟通，积极参与电信行业政企业务拓展。 毛利率下降主要是由于收入增长集中在场景化运营的创新业务，而该业务毛利率尚处在投入摸索 期，导致企服行业毛利率下降较多。 在汽车领域，随着智能网联汽车系统快速发展，公司主要向整车厂及产业链下游参与者提供 软件技术服务，包括了后市场信息系统、经营管理系统等细分领域的数字化系统建设。从产品角 度来看，公司推出的汽车人工智能产品“营销智能工牌”已经部署近1000家4S店，并基于“智能工 牌”产品向客户不断拓展衍生工具。 从产品角度来看，公司上线了新致司法Agent“新知智法”，并将其与新致训推一体机结合，形 成“法官助理”产品。“法官助理”是新致软件面向法院应用场景打造的智能司法辅助产品，基于“信 创算力服务器+新致AI中台+司法行业应用”技术架构，将具备司法知识的AI大模型本地部署至 法院，专为法官提供高效、安全的日常办案支持。 19/252",windowed_extraction_review_required
688590.SH,AR_688590_SH_2025,r_and_d,7,18,"上海新致软件股份有限公司2025年年度报告 六、近三年主要会计数据和财务指标 (一) 主要会计数据 单位：元 币种：人民币 本期比上年同 主要会计数据 2025年 2024年 2023年 期增减(%) 营业收入 2,106,579,792.56 1,995,198,312.45 5.58 1,682,692,866.75 扣除与主营业务无关 的业务收入和不具备 2,035,000,465.96 1,993,255,488.90 2.09 1,680,746,528.87 商业实质的收入后的 营业收入 利润总额 -111,392,992.66 6,042,114.94 -1,943.61 73,055,586.25 归属于上市公司股东 -127,365,589.93 8,092,740.19 -1,673.83 68,615,164.59 的净利润 归属于上市公司股东 的扣除非经常性损益 -138,582,271.60 -4,114,434.67 不适用 43,266,042.31 的净利润 经营活动产生的现金 -103,816,658.79 38,542,609.87 -369.36 85,943,227.17 流量净额 本期末比上年 2025年末 2024年末 同期末增减（ 2023年末 %） 归属于上市公司股东 1,357,187,530.97 1,458,211,222.60 -6.93 1,444,712,446.66 的净资产 总资产 3,210,084,146.61 3,103,402,623.66 3.44 2,699,689,831.86 (二) 主要财务指标 2025 2024 本期比上年同期增减 2023 主要财务指标 年 年 (%) 年 基本每股收益（元／股） -0.48 0.03 -1,700.00 0.29 稀释每股收益（元／股） -0.48 0.03 -1,700.00 0.29 扣除非经常性损益后的基本每股收益（元／ -0.53 -0.02 2,550.00 0.18 股） 加权平均净资产收益率（%） -9.05 0.56 减少9.61个百分点 5.25 扣除非经常性损益后的加权平均净资产收益 -9.84 -0.28 减少9.56个百分点 3.31 率（%） 研发投入占营业收入的比例（%） 9.58 8.85 增加0.73个百分点 10.43 报告期末公司前三年主要会计数据和财务指标的说明 √适用 □不适用 报告期内，公司实现营业总收入21.07亿元，同比上升5.58%；利润总额-1.11亿元，同比下 降1,943.61%；归属于上市公司股东的净亏损1.27亿元，同比下降1,673.83%；归属于上市公司股 东的扣除非经常性损益的净亏损1.39亿元。主要是由于：（1）传统业务IT解决方案收缩：公司 下游金融及相关行业竞争加剧，近年来首次出现一定规模的降价趋势；由于业务体量下降，公司 主动对人员结构进行了优化和调整，相关安置、合规成本增加。上述综合因素导致公司整体毛利 7/252
上海新致软件股份有限公司2025年年度报告 率下降6.07个百分点，利润同步下滑；（2）创新业务的拓展不及预期：公司在拓展新市场与构建 新业态方面进行了战略性投入，特别是在人工智能一体机及大模型应用的探索上，但受行业特性、 市场环境影响，相关产品规模化商业落地需要一定时间周期。目前该业务营业收入有所增长，但 规模依然较小，相关项目定制化程度较高，收入确认依赖客户验收，易受客户预算与决策周期影 响，导致新业务的盈利情况未达预期；（3）持续研发投入：公司为进一步增强核心竞争力，积极 抢抓人工智能技术的历史新机遇，强化相关技术的研发投入，上述投入一定程度上影响了当期利 润。（4）本年度计提可转换债券利息费用1,730.02万元，股权激励费用2,711.22万元，对公司当 期利润共影响4,441.24万元。 经营活动产生的现金流量净额为-1.04亿元，下降369.36%，主要是由于：（1）传统业务部分 客户回款不及预期；（2）报告期内，公司收入大幅增长的创新业务所需前期投入所致。 七、境内外会计准则下会计数据差异 (一) 同时按照国际会计准则与按中国会计准则披露的财务报告中净利润和归属于上市公司股东 的净资产差异情况 □适用 √不适用 (二) 同时按照境外会计准则与按中国会计准则披露的财务报告中净利润和归属于上市公司股东 的净资产差异情况 □适用 √不适用 (三) 境内外会计准则差异的说明： □适用 √不适用 八、2025年分季度主要财务数据 单位：元 币种：人民币 第一季度 第二季度 第三季度 第四季度 （1-3月份） （4-6月份） （7-9月份） （10-12月份） 营业收入 434,173,272.66 462,917,501.27 542,025,964.73 667,463,053.90 归属于上市公司股东的 15,727,920.77 14,625,138.36 668,862.74 -158,387,511.80 净利润 归属于上市公司股东的 扣除非经常性损益后的 14,778,815.30 4,192,268.10 -2,915,457.80 -154,637,897.20 净利润 经营活动产生的现金流 -201,825,862.64 -90,062,889.93 -30,585,029.83 218,657,123.61 量净额 季度数据与已披露定期报告数据差异说明 □适用 √不适用 九、非经常性损益项目和金额 √适用 □不适用 单位：元 币种：人民币 8/252
上海新致软件股份有限公司2025年年度报告 附注 非经常性损益项目 2025年金额 （如适 2024年金额 2023年金额 用） 非流动性资产处置损益，包括已计提 2,445,426.40 749,549.63 897.89 资产减值准备的冲销部分 计入当期损益的政府补助，但与公司 正常经营业务密切相关、符合国家政 12,836,063.31 20,119,747.04 28,863,833.39 策规定、按照确定的标准享有、对公 司损益产生持续影响的政府补助除外 除同公司正常经营业务相关的有效套 期保值业务外，非金融企业持有金融 资产和金融负债产生的公允价值变动 -1,115,735.51 -3,954,318.02 4,754,788.76 损益以及处置金融资产和金融负债产 生的损益 单独进行减值测试的应收款项减值准 185,000.00 1,562,442.46 备转回 企业取得子公司、联营企业及合营企 业的投资成本小于取得投资时应享有 880,613.31 被投资单位可辨认净资产公允价值产 生的收益 债务重组损益 172,610.48 除上述各项之外的其他营业外收入和 -1,164,829.14 -2,623,942.43 -2,081,835.29 支出 减：所得税影响额 247,956.78 2,530,558.19 5,261,862.10 少数股东权益影响额（税后） 1,893,897.09 1,115,745.63 1,807,313.68 合计 11,216,681.67 12,207,174.86 25,349,122.28 对公司将《公开发行证券的公司信息披露解释性公告第1号——非经常性损益》未列举的项目认 定为非经常性损益项目且金额重大的，以及将《公开发行证券的公司信息披露解释性公告第1号 ——非经常性损益》中列举的非经常性损益项目界定为经常性损益的项目，应说明原因。 □适用 √不适用 9/252
上海新致软件股份有限公司2025年年度报告 十、营业收入扣除情况表 单位：万元 币种：人民币 项目 本年度 具体扣除情况 上年度 具体扣除情况 营业收入金额 210,657.98 199,519.83 营业收入扣除项目合计金额 7,157.93 194.28 营业收入扣除项目合计金额占营业收入的比重 3.40 / 0.10 / （%） 一、与主营业务无关的业务收入 1.正常经营之外的其他业务收入。如出租固定资 产、无形资产、包装物，销售材料，用材料进行非 货币性资产交换，经营受托管理业务等实现的收 172.54 房屋租赁收入等 194.28 房屋租赁收入等 入，以及虽计入主营业务收入，但属于上市公司正 常经营之外的收入。 2.不具备资质的类金融业务收入，如拆出资金利息 收入；本会计年度以及上一会计年度新增的类金融 业务所产生的收入，如担保、商业保理、小额贷 款、融资租赁、典当等业务形成的收入，为销售主 营产品而开展的融资租赁业务除外。 3.本会计年度以及上一会计年度新增贸易业务所产 生的收入。 4.与上市公司现有正常经营业务无关的关联交易产 生的收入。 5.同一控制下企业合并的子公司期初至合并日的收 入。 6.未形成或难以形成稳定业务模式的业务所产生的 6,985.39 运营商增值服务等 收入。 与主营业务无关的业务收入小计 7,157.93 194.28 二、不具备商业实质的收入 10/252
上海新致软件股份有限公司2025年年度报告 1.未显著改变企业未来现金流量的风险、时间分布 或金额的交易或事项产生的收入。 2.不具有真实业务的交易产生的收入。如以自我交 易的方式实现的虚假收入，利用互联网技术手段或 其他方法构造交易产生的虚假收入等。 3.交易价格显失公允的业务产生的收入。 4.本会计年度以显失公允的对价或非交易方式取得 的企业合并的子公司或业务产生的收入。 5.审计意见中非标准审计意见涉及的收入。 6.其他不具有商业合理性的交易或事项产生的收 入。 不具备商业实质的收入小计 三、与主营业务无关或不具备商业实质的其他收入 营业收入扣除后金额 203,500.05 199,325.55 11/252
上海新致软件股份有限公司2025年年度报告 十一、存在股权激励、员工持股计划的公司可选择披露扣除股份支付影响后的净利润 √适用 □不适用 单位：元 币种：人民币 本期比上年同 主要会计数据 2025年 2024年 2023年 期增减(%) 扣除股份支付影响 -108,129,196.92 37,895,444.94 -385.34 80,338,492.66 后的净利润 十二、非企业会计准则财务指标情况 □适用 √不适用 十三、采用公允价值计量的项目 √适用 □不适用 单位：元 币种：人民币 对当期利润的 项目名称 期初余额 期末余额 当期变动 影响金额 其他权益工具投资 31,158,108.56 34,275,603.34 3,117,494.78 170,909.57 理财产品 19,413,926.64 - -19,413,926.64 198,847.34 权益工具投资 39,067,248.52 40,307,259.35 1,240,010.83 1,240,010.83 其他非流动金融资产 27,734,325.33 27,852,756.41 118,431.08 665,606.75 衍生金融负债 3,391,110.00 -3,391,110.00 -3,391,110.00 合计 117,373,609.05 105,826,729.10 -18,329,099.95 -1,115,735.51 十四、因国家秘密、商业秘密等原因的信息暂缓、豁免情况说明 □适用 √不适用 第三节 管理层讨论与分析 一、报告期内公司所从事的主要业务、经营模式、行业情况说明 (一) 主要业务、主要产品或服务情况 新致软件是国内领先的软件服务提供商之一。公司主要向以银行、保险为主的金融机构和其 他行业的终端客户提供科技服务，主要从事咨询规划、设计、开发、运维等软件开发服务及基础 算力服务。同时，公司凭借全方位能力，在各类解决方案的整合过程中，向客户提供场景运营流 量业务。 在时代变革中持续创新发展，是新致软件的初心和使命，报告期内，新致软件受益于国内经 济持续回暖，政策红利持续释放，收入实现稳定增长。公司坚定信心，对现有市场深耕细作，充 分发挥核心竞争力，依托丰富的产品经验，持续完善业务平台的生态布局，加大对人工智能大模 型技术的投入和研发，并逐步落地应用成果。在数字化经济全面发展的大背景下，公司进一步优 12/252
上海新致软件股份有限公司2025年年度报告 化内部管理水平，深度把握行业发展规律，分析竞争态势与区域变化，认清并强化自身竞争优势； 同时，持续挖掘客户需求，提供更优质的技术支持和服务，不断提升客户的满意度与忠诚度。 新增重要非主营业务情况 □适用 √不适用 (二) 主要经营模式 1、盈利模式 公司主要盈利模式是通过向客户提供软件开发服务及软件分包服务获得收入。 2、销售及订单获取方式 公司均以直销的模式向客户提供服务，通过招投标、竞争性谈判、商务谈判等形式获取订单。 订单获取方式 主要销售流程 招投标分为公开招标、邀请招标。客户发布招投标信息，公司市场部销 售人员了解具体业务需求后，与公司自身的特点相结合进行分析，并协 同软件技术服务人员向潜在客户详细介绍公司过往成功案例，在业务技 招投标 术方面得到客户初步认可后双方对合同价格、服务标准做进一步沟通， 由市场部向品质保证部、财务部汇报拟合作意向，经上述部门审批通过 后，公司取得标书并准备投标文件参与投标，客户经过筛选后，确定最 终中标方后与之签订业务合同。 公司与谈判小组就采购服务事宜进行谈判，公司按照谈判文件的要求提 交相应文件和最后报价，客户从谈判小组提出的成交候选人中确定成交 竞争性谈判 供应商，并向成交供应商发出成交通知书，将竞争性谈判文件、询价通 知书随成交结果同时公告。 公司通过与客户针对价格、付款方式、项目实施安排等商务条件进行初 商务谈判 步谈判确认，双方达成交易意向后，直接和客户签订销售合同，并与之 建立长期的合作关系。 3、采购模式 公司主要采购内容包括软硬件设备采购、技术服务采购以及IDC服务器托管服务采购。 对于上述采购标的，项目负责人提出具体采购计划并经过事业部负责人审批后，由品质保证 中心按照公司制定的评定标准对供应商资质、采购内容和价格进行评定，评审通过后由行政中心 负责签署采购合同、实施采购、监控软硬件交付情况或预提技术服务及IDC服务成本，完成采购 后财务部根据合同条款进行支付。 4、研发模式 为了精准把握市场发展趋势，确保公司的技术和产品能够在市场中保持竞争优势，公司在密 切关注外部市场发展、技术趋势变化的同时还会以季度为周期对客户进行拜访、收集改进意见、 发现新的需求。 在准确理解客户需求的基础上，公司进行有针对性的研发，研发阶段主要包括：调研和立项、 设计、计划、开发、测试、发布、结项等阶段。在研发过程中，公司多采用敏捷开发模式，通过 迭代和并行的方式提高效率缩短研发周期，公司的总经理和研发专家委员会对各个阶段进行管理 和评审。 13/252
上海新致软件股份有限公司2025年年度报告 (三) 所处行业情况 1、 行业的发展阶段、基本特点、主要技术门槛 （1）行业的发展阶段和技术特点 根据中国证监会2012年10月26日颁布的《上市公司行业分类指引》(2012年修订)，公司所 属行业为信息传输、软件和信息技术服务业(I)中的软件和信息技术服务业(I65);根据《国民经济行 业分类》(GB/T4754-2017)，公司所处行业为软件和信息技术服务业(I65);根据国家统计局发布的 《战略性新兴产业分类(2018)》(国家统计局令第23号)，公司所处行业属于“1新一代信息技术产 业”之“1.3新兴软件和新型信息技术服务”之“1.3.1新兴软件开发”之“I6513应用软件开发”分类。 2025年，软件和信息技术服务业作为数字经济的核心引擎，实现了从“技术驱动”向“价值 驱动”的深度转型。在国家“十四五”规划收官与“十五五”规划谋划的交汇期，以及“东数西 算”工程全面铺开的背景下，行业呈现出“AI原生化、算力普惠化、数据资产化”的显著特征。 根据工业和信息化部发布的官方数据，2025年我国软件和信息技术服务业实现全年软件业务 收入15.48万亿元，同比增长13.2%；实现利润总额1.88万亿元，同比增长7.3%，行业增速持续 领跑国民经济各主要行业，产业发展韧性与增长活力持续凸显。 2025年，软件行业延续高景气增长态势，增长核心驱动力源于企业数字化转型向深水区迈进、 《数字中国建设2025年行动方案》落地实施、“东数西算”工程全面深化、信创产业从“安全可控” 向“价值创造”战略跃迁，以及以生成式人工智能大模型为代表的新兴技术实现从技术突破到规模 化商业落地的跨越式发展。 新致软件作为行业领先的软件和信息技术服务公司，将持续推动和加强云计算、大数据、物 联网、人工智能、区块链、5G、信息安全等新一代信息技术在各行业的深度应用,推动公司业务向 更广阔领域加速发展，不断探索新业务和新模式，强化自身品牌优势。 （2）行业主要技术门槛 2025年的行业竞争格局进一步加剧了“马太效应”。随着企业数字化需求从单一的系统建设 升级为“业务+AI”的深度融合，行业准入门槛发生了结构性变化： 1）技术与场景的融合壁垒：单纯的代码编写能力已不再是核心竞争力，“行业Know-How+AI 工程化能力”成为关键壁垒。企业不仅需要掌握大模型、云计算、区块链等底层技术，更需要具 备将这些技术与保险、银行等具体业务场景深度融合的能力，提供端到端的智能化解决方案。 2）数据治理与安全门槛：随着《数据安全法》和《个人信息保护法》的深入实施，以及数据 要素市场的活跃，如何在保障数据安全的前提下进行高效的数据挖掘与应用，成为了衡量IT服务 商能力的重要标尺。具备完善的数据治理体系和隐私计算技术的企业将占据优势。 3）敏捷响应与生态构建能力：在AI技术快速迭代的背景下，企业需要具备极强的技术响应 速度和生态整合能力。能够快速适配开源大模型、构建开发者生态，并提供全生命周期服务的头 部企业，将主导市场话语权。 14/252
上海新致软件股份有限公司2025年年度报告 此外，软件服务业属于技术密集型产业，为下游提供技术解决方案涉及多个技术领域，是多 学科相互渗透、相互交叉形成的高新技术产业，对企业的研发创新能力有较高要求。企业以新一 代信息技术为底层支撑，推动场景融合，不断提升自身的技术能力、创新能力和服务水平，赢得 了客户的信任和支持。中国的软件行业将继续保持强劲的发展势头，同时加快服务化、智能化、 平台化、融合化的发展步伐，推动行业向更高质量发展的同时，也对软件服务商的整体技术方案 解决能力以及快速响应能力提出了更高的要求。 由于大型IT解决方案对核心平台标准和信息化处理要求较高，小型厂商难以具备开发能力， 行业准入门槛较高。在此背景下，具有较强的技术开发能力、相对成熟的产品系列和较为完善的 营销与服务网络的企业，拥有较高的市场份额。 2、 公司所处的行业地位分析及其变化情况 公司的技术服务方案在产品功能、技术性能方面享有良好的品牌知名度，并长期服务中国太 保、中国人保、中国人寿、新华保险等保险行业核心客户，与其建立了良好的合作关系，为其不 断开发建设信息系统。经过多年发展，公司在保险行业IT解决方案领域积累了丰富的经验，形成 了完善的信息技术服务体系，因此在保险行业IT解决方案市场的行业地位较高。 公司的银行业IT解决方案应用于40余家股份制银行。其中，公司对大型商业银行、股份制 商业银行和邮政储蓄银行的客户覆盖率较高，逐步复制并推广大型银行客户的成功经验至中小型 银行企业，逐步提高公司在银行行业的客户覆盖率。根据工信部赛迪研究院报告显示，公司连续 多年在中国保险业、银行业IT解决方案供应商中排名领先。 3、 报告期内新技术、新产业、新业态、新模式的发展情况和未来发展趋势 2025年以生成式人工智能（AIGC）为代表的新技术在金融、制造等核心领域的规模化落地标 志着行业正式迈入“智能化重构”的新阶段。如果说2024年是大模型的“涌现之年”，那么2025 年则是大模型的“应用元年”。软件不再仅仅是流程的自动化工具，而是成为了具备推理能力和 创造能力的“智能体”。特别是在金融领域，AI不仅用于降本增效，更开始参与核心风控与产品 创新，成为新质生产力的典型代表。 （1）人工智能的质变与量变 2025年，在“因地制宜发展新质生产力”政策主线牵引下，据中国信通院测算，2024年我国人 工智能核心产业规模已突破9000亿元，同比增长24%，2025年有望达1.2万亿元。中国AI企业 数量超过6000家，全球占比达16%，形成从基础底座、模型框架到行业应用的完整产业体系，这 一增长速度远超同期GDP增速，更加凸显了人工智能作为新质生产力核心引擎的地位。 Token调用量是衡量大模型应用深度和广度的核心先行指标。据中国信通院统计，2025年全 年，公有云大模型（对客侧）Token调用量约2000万亿次，国内日均Token消耗量在2025年年 初达到10万亿次，同比2024年年初增长约100倍。Token调用量从年初到年末的几何级增长， 15/252
上海新致软件股份有限公司2025年年度报告 不仅验证了推理成本快速下降带来的经济可行性，更标志着大模型已从“实验室玩具”真正进入企 业核心生产流程。 （2）AIAgent商业化元年的爆发 2025年被业界广泛定义为“AI应用元年”或“智能体商业化元年”。智能体作为连接大模型 能力与产业价值的关键载体，在这一年完成了从试点探索到规模化商用的关键跨越。 据赛迪顾问发布的《中国2025中国智能体市场发展研究报告》显示，2024年中国智能体市 场规模达47.5亿元，同比增长64.4%；预计2025年将达78.4亿元，增速持续超过60%。这一增 长得益于模型推理能力、多模态融合与记忆机制的持续突破，以及智能体架构和低门槛智能体开 发平台的广泛应用。 随着“人工智能+”行动在政务、医疗、交通、能源等重点领域深入推进，智能体正从技术验证 迈向规模化价值兑现阶段。未来，智能体能否在复杂、动态、多约束的真实环境中稳定交付可解 释、可审计、可复现的业务成果，将成为智能体产品和解决方案发展的分水岭，也决定了人工智 能从辅助工具走向核心生产力的演进速度。 （3）一只“龙虾”引发的AI产业风暴 近期，一场始于开源社区的“养虾”热潮席卷中国科技圈。这只“虾”的全名是OpenClaw,一个开 源AI智能体框架，其核心功能是让大模型实现“主动执行任务”，而非单纯对话。OpenClaw主要 是通过开放的Skill模块机制、本地记忆管理以及极低的安装成本，让AI从“能说会道”走向“能动 手干活”。普通用户也能轻松拥有可处理日常事务的“数字员工”，这一突破降低了AI应用的技术 门槛。 开源AI智能体OpenClaw的爆火并非偶然，而是2026年政策、技术与市场三重力量共振的 结果，OpenClaw展现的能力（本地文件操作、程序自动化、跨软件协同）指明了未来AI操作系 统级集成的方向。未来，操作系统原生集成AI智能体能力将成为必然趋势。 （4）数字中国建设的新篇章—“十五五”规划 2026年3月13日，《中华人民共和国国民经济和社会发展第十五个五年规划纲要》正式公 布，纲要将提升数智化发展水平单独成篇，提出“深入推进数字中国建设，提升数智化发展水平”。 2026年政府工作报告首次提出“打造智能经济新形态”，标志着数字经济与智能经济的深度融合进 入国家战略核心，为未来5年数字中国建设划定清晰路线。“十五五”纲要在IT信息产业规划中 主要提到： 1）我国要加快建设网络强国，坚持智能化、绿色化、融合化方向。 2）发展壮大新兴产业，加快新一代信息技术、智能网联新能源汽车、机器人等战略性新兴产 业发展；推进低空经济健康有序发展；实施新技术新产品新场景大规模应用示范行动，加大场景 培育和开放力度，加快新兴产业规模化发展。并且推动量子科技、脑机接口、具身智能、第六代 移动通信等成为新的经济增长点。 16/252
上海新致软件股份有限公司2025年年度报告 3）全面实施“人工智能+”行动，加强人工智能同科技创新、产业发展、文化建设、民生保 障、社会治理相结合，抢占人工智能产业应用制高点，全方位赋能千行百业。规划纲要提出促进 制造业“智改数转网联”，实施智能制造工程和工业互联网创新发展工程。推动工业互联网平台 内嵌AI能力，打造“5G+工业互联网”升级版，为企业提供“平台+智能体”的新型服务。 （5） 对比“十四五”规划，“十五五”规划呈现几个显著的升级方向： 从“数字化”到“数智化”的范式跃迁。规划首次将“数字化”提升为“数智化”，将“提 升数智化发展水平”单独成篇，系统部署算力、算法、数据三位一体的新型基础设施体系。纲要 在数字中国篇中首次系统阐述了算力、算法、数据三大要素的协同供给路径，标志着中国从数字 经济规模扩张转向数智生产力深度渗透的新阶段。 从“培育未来产业”到“建立全链条培育体系”。“十五五”规划明确提出构建未来产业全 链条培育体系，并提出“建立未来产业投入增长和风险分担机制”，标志着未来产业发展已从概 念探索进入制度化推进的全新阶段。工信部已表示将做好统筹谋划和前瞻布局，健全技术预见机 制，统筹有序推进未来产业先导区建设，引导各地因地制宜、错位发展未来产业。 从“单一基础设施”到“系统工程化统筹”。新型基础设施建设首次被纳入109项重大工程 项目，全国一体化算力网位列首项。从“东数西算”的物理堆叠走向“全国一张网”的逻辑一体， 算力基础设施正从单纯的硬件建设升级为涵盖“算力+算法+数据+应用”的系统工程。 从“推动开放”到“拓展规则话语权”。规划积极提出人工智能、数字经济等新兴领域国际 规则的中国方案，标志着中国从数字经济的技术应用者向全球规则制定者的角色升级。 二、经营情况讨论与分析 自2024年确立“全面拥抱人工智能”发展战略以来，公司持续推动人工智能技术与核心业务深 度融合，不断加快软件产品的创新迭代，有效提升了市场核心竞争力。与此同时，公司积极布局 新业务领域，重点发力基础算力业务与创新流量业务，稳步拓展业务版图。公司坚信，通过一系 列战略布局与落地实施，将在新一轮技术变革与市场竞争中抢占先机、赢得主动。 报告期内，公司实现营业总收入21.07亿元，同比上升5.58%；归属于上市公司股东的净亏损 1.27亿元，同比下降1,673.83%；归属于上市公司股东的扣除非经常性损益的净亏损1.39亿元。 主要是由于：（1）传统业务IT解决方案收缩：公司下游金融及相关行业竞争加剧，近年来首次 出现一定规模的降价趋势；由于业务体量下降，公司主动对人员结构进行了优化和调整，相关安 置、合规成本增加。上述综合因素导致公司整体毛利率下降6.07个百分点，利润同步下滑；（2） 创新业务的拓展不及预期：公司在拓展新市场与构建新业态方面进行了战略性投入，特别是在人 工智能一体机及大模型应用的探索上，但受行业特性、市场环境影响，相关产品规模化商业落地 需要一定时间周期。目前该业务营业收入有所增长，但规模依然较小，相关项目定制化程度较高， 收入确认依赖客户验收，易受客户预算与决策周期影响，导致新业务的盈利情况未达预期；（3） 持续研发投入：公司为进一步增强核心竞争力，积极抢抓人工智能技术的历史新机遇，强化相关 17/252
上海新致软件股份有限公司2025年年度报告 技术的研发投入，上述投入一定程度上影响了当期利润。（4）本年度计提可转换债券利息费用 1,730.02万元，股权激励费用2,711.22万元，对公司当期利润共影响4,441.24万元。 报告期内，公司持续推进人工智能大模型在行业场景的深度落地，以新致新知人工智能平台、 新知大模型及金融行业数字资产为核心基座，结合各行业实际业务需求，打造并落地多领域行业 应用智能体（Agent）。 在金融领域，公司聚焦营销展业、产品解读、产品核验、智能核保、理赔辅助、业务对练培 训等关键场景，形成成熟应用方案。在企业服务领域，公司于2025年上线新致司法智能体“新知 智法”，并与新致训推一体机深度融合，形成“法官助理”一体化产品。同时，在汽车行业持续推进 “营销智能工牌”及系列衍生工具的创新落地与场景应用。 公司以AIGC技术全面升级赋能自有软件产品体系，并积极与外部软硬件厂商、大模型生态 伙伴深化合作，构建更完善的协同机制。通过融合公司优势行业产品能力与合作伙伴技术能力， 推出新致训推一体机，助力行业客户快速完成模型部署与训练迭代，构建企业专属自主知识库， 进而打造可持续进化的企业智能中枢。 2025年，公司各业务板块具体情况如下： 1、IT解决方案业务承压 2025年度，公司IT解决方案业务的收入规模有所下滑，全年实现收入16.01亿元，同比下 降4.72%，该业务的毛利率也同比下降5.09个百分点，为23.00%。IT解决方案收入和毛利率的 下滑，主要受外部市场环境严峻挑战影响：客户科技投入呈现明显结构性调整，金融行业科技预 算持续向大中型客户集中，行业资源进一步向头部倾斜。同时，大型金融机构凭借自身规模优势 持续压低采购价格，导致公司盈利空间受到明显挤压，市场竞争压力显著加剧。为此，公司主动 对人员结构进行了优化和调整，相关安置、合规成本增加。 2、创新流量业务高速增长，积极布局新方向 公司的创新流量业务是指：公司针对国内金融机构的需求而开发、运营的金融生态平台，利 用自身大数据分析、AI能力和云原生体系等技术搭建的线上化平台帮助金融机构拓展获客渠道、 提高业务效率、拓宽客户覆盖面，是公司未来经营发展的新方向。 目前，公司创新运营业务立足技术、产品、服务多维度深度协同，重点布局数字营销、数字 零售信贷两大核心赛道，搭建起覆盖大零售数字化全链路的一站式运营服务体系，全方位为中小 金融机构提供专业化、全流程数字化赋能支撑。报告期内，公司创新流量业务表现亮眼，实现营 业收入3.74亿元，同比大幅增长158.31%，但现阶段该业务毛利率仅为5.99%，仍保持在较低水 平，盈利能力尚未得到实质性改善。后续公司持续深化生态合作发展战略，持续拓宽业务边界与 应用场景。通过与各领域优质企业开展技术研发、产品迭代、服务升级等多维度深度合作，逐步 构建起资源互通、优势互补、自主运转、良性循环的商业协同生态网络，持续夯实业务发展根基， 赋能业务长效增长。 3、金融行业保持市场竞争优势 18/252",windowed_extraction_review_required
688590.SH,AR_688590_SH_2025,management_discussion,2,13,"上海新致软件股份有限公司2025年年度报告 重要提示 一、本公司董事会及董事、高级管理人员保证年度报告内容的真实性、准确性、完整性，不存在 虚假记载、误导性陈述或重大遗漏，并承担个别和连带的法律责任。 二、公司上市时未盈利且尚未实现盈利 □是 √否 三、重大风险提示 公司已在本报告中详细阐述公司在经营过程中可能面临的各种风险及应对措施，敬请查阅本 报告“第三节管理层讨论与分析”之“四、风险因素”。 四、公司全体董事出席董事会会议。 五、立信会计师事务所（特殊普通合伙）为本公司出具了标准无保留意见的审计报告。 六、公司负责人郭玮、主管会计工作负责人钱亚敏及会计机构负责人（会计主管人员）胡慧声明： 保证年度报告中财务报告的真实、准确、完整。 七、董事会决议通过的本报告期利润分配预案或公积金转增股本预案 2025年6月3日的2024年年度股东大会授权董事会全权办理2025年中期利润分配相关事 宜，2025年10月29日第四届董事会第二十七次会议审议通过《关于2025年前三季度利润分配 方案的议案》。2025年12月19日，公司实施了2025年前三季度利润分配，向公司全体股东派 发现金红利共计人民币 9,110,005.38 元（含税），具体详见公司在上海证券交易所网站 （www.sse.com.cn）披露的《上海新致软件股份有限公司2025年前三季度权益分派实施公告》（公 告编号：2025-075）。 公司不再进行2025年度利润分配。 母公司存在未弥补亏损 □适用 √不适用 八、是否存在公司治理特殊安排等重要事项 □适用 √不适用 九、前瞻性陈述的风险声明 √适用 □不适用 2/252
上海新致软件股份有限公司2025年年度报告 本报告所涉及的公司未来计划、发展战略等前瞻性陈述，不构成公司对投资者的实质承诺， 请投资者注意投资风险。 十、是否存在被控股股东及其他关联方非经营性占用资金情况 否 十一、 是否存在违反规定决策程序对外提供担保的情况 否 十二、 是否存在半数以上董事无法保证公司所披露年度报告的真实性、准确性和完整性 否 十三、 其他 □适用 √不适用 3/252
上海新致软件股份有限公司2025年年度报告 目录 第一节 释义......................................................................................................................................5 第二节 公司简介和主要财务指标..................................................................................................5 第三节 管理层讨论与分析............................................................................................................12 第四节 公司治理、环境和社会....................................................................................................46 第五节 重要事项............................................................................................................................68 第六节 股份变动及股东情况........................................................................................................92 第七节 债券相关情况....................................................................................................................99 第八节 财务报告..........................................................................................................................101 载有公司负责人、主管会计工作负责人、会计机构负责人（会计主管人 员）签名并盖章的财务报表。 备查文件目录 报告期内公开披露过的所有公司文件的正本及公告的原稿。 载有会计师事务所盖章、注册会计师签名并盖章的审计报告原件。 4/252
上海新致软件股份有限公司2025年年度报告 第一节 释义 一、 释义 在本报告书中，除非文义另有所指，下列词语具有如下含义： 常用词语释义 新致软件、公司、本公司 指 上海新致软件股份有限公司 前置通信 指 上海前置通信技术有限公司，公司控股股东 OCIL OasisCoveInvestmentsLimited，公司股东 AL AcmecityLimited，公司股东 CEL CentralEraLimited，公司股东 中件管理 上海中件管理咨询有限公司，公司股东 IT解决方案 应用软件及其相关服务 InternetDataCenter的缩写，即互联网数据中心，一种拥有完善的 IDC 设备（包括高速互联网接入带宽、高性能局域网络、安全可靠的 机房环境等）、专业化的管理、完善的应用服务平台 IaaS InfrastructureasaService的缩写，指基础设施即服务 SaaS SoftwareasaService的缩写，指软件即服务 PaaS PlatformasaService的缩写，指平台即服务 是新致软件企业数字信息化管理平台简称，是一个基于软件 CMMI标准的项目技术管理平台，是一个集生产管理、销售管 EDS 理、成本管理、采购管理、项目管理、人力资源管理、客户服务 管理和知识管理于一体的企业集成门户系统 STANDARD规范 新致软件的软件研发、开发质量控制标准 新致软件品质保证中心简称，是新致软件项目管理体系实施运 QAC 行监督的主要负责部门、品质保证单位 NewtouchOne 技术开发平台，是公司建立的开发运维一体化 （DevOps）的协作平台，提供了包括微服务开发框架、移动端 NewtouchOne 开发框架、敏捷过程管理、代码仓库托管、自动化测试等应用环 境及功能，利用云计算技术实现跨平台调用业务资源，整体提升 了软件开发的水平和交付效率，保证交付结果的一致性 公司云计算相关技术的实践验证平台，提供应用运行时的基础 层以及平台软件，能够模拟行业用户在应用云计算技术时遇到 NewtouchX 的各种场景，开发团队可以在此环境下高效的对所开发的软件 进行全方位的验证，包括功能验证、性能验证、安全验证，从而 保证软件开发的质量 报告期 2025年1月1日至2025年12月31日 报告期末 2025年12月31日 第二节 公司简介和主要财务指标 一、公司基本情况 公司的中文名称 上海新致软件股份有限公司 公司的中文简称 新致软件 公司的外文名称 ShanghaiNewtouchSoftwareCo.,Ltd. 公司的外文名称缩写 Newtouch 5/252
上海新致软件股份有限公司2025年年度报告 公司的法定代表人 郭玮 公司注册地址 上海市浦东新区康杉路308号 于2024年7月4日从中国（上海）自由贸易试验区峨山路91弄 公司注册地址的历史变更情况 98号（软件园1号楼）第四层至第六层变更为现注册地址 公司办公地址 上海市浦东新区康杉路308号 公司办公地址的邮政编码 201315 公司网址 https://www.newtouch.com/ 电子信箱 investor@newtouch.com 二、联系人和联系方式 董事会秘书 证券事务代表 姓名 金铭康 寇祖亮 联系地址 上海市浦东新区康杉路308号 上海市浦东新区康杉路308号 电话 021-51105633 021-51105633 传真 021-51105678 021-51105678 电子信箱 investor@newtouch.com investor@newtouch.com 三、信息披露及备置地点 《中国证券报》（https://www.cs.com.cn）、《上海 证券报》（https://www.cnstock.com）、《证券时报 公司披露年度报告的媒体名称及网址 》（https://www.stcn.com）、《证券日报》（http:// www.zqrb.cn） 公司披露年度报告的证券交易所网址 https://www.sse.com.cn 公司年度报告备置地点 公司证券事务部办公室 四、公司股票/存托凭证简况 (一)公司股票简况 √适用 □不适用 公司股票简况 股票种类 股票上市交易所及板块 股票简称 股票代码 变更前股票简称 A股 上海证券交易所科创板 新致软件 688590 不适用 (二)公司存托凭证简况 □适用 √不适用 五、其他相关资料 名称 立信会计师事务所（特殊普通合伙） 公司聘请的会计师事务所（境 办公地址 上海市黄浦区南京东路61号四楼 内） 签字会计师姓名 邵振宇、翁秀波 名称 长江证券承销保荐有限公司 上海市虹口区新建路200号国华金融中心B 办公地址 报告期内履行持续督导职责的 栋20层 保荐机构 签字的保荐代表 赵雨、黄力 人姓名 持续督导的期间 2020年12月7日至2025年12月31日 6/252
上海新致软件股份有限公司2025年年度报告 六、近三年主要会计数据和财务指标 (一) 主要会计数据 单位：元 币种：人民币 本期比上年同 主要会计数据 2025年 2024年 2023年 期增减(%) 营业收入 2,106,579,792.56 1,995,198,312.45 5.58 1,682,692,866.75 扣除与主营业务无关 的业务收入和不具备 2,035,000,465.96 1,993,255,488.90 2.09 1,680,746,528.87 商业实质的收入后的 营业收入 利润总额 -111,392,992.66 6,042,114.94 -1,943.61 73,055,586.25 归属于上市公司股东 -127,365,589.93 8,092,740.19 -1,673.83 68,615,164.59 的净利润 归属于上市公司股东 的扣除非经常性损益 -138,582,271.60 -4,114,434.67 不适用 43,266,042.31 的净利润 经营活动产生的现金 -103,816,658.79 38,542,609.87 -369.36 85,943,227.17 流量净额 本期末比上年 2025年末 2024年末 同期末增减（ 2023年末 %） 归属于上市公司股东 1,357,187,530.97 1,458,211,222.60 -6.93 1,444,712,446.66 的净资产 总资产 3,210,084,146.61 3,103,402,623.66 3.44 2,699,689,831.86 (二) 主要财务指标 2025 2024 本期比上年同期增减 2023 主要财务指标 年 年 (%) 年 基本每股收益（元／股） -0.48 0.03 -1,700.00 0.29 稀释每股收益（元／股） -0.48 0.03 -1,700.00 0.29 扣除非经常性损益后的基本每股收益（元／ -0.53 -0.02 2,550.00 0.18 股） 加权平均净资产收益率（%） -9.05 0.56 减少9.61个百分点 5.25 扣除非经常性损益后的加权平均净资产收益 -9.84 -0.28 减少9.56个百分点 3.31 率（%） 研发投入占营业收入的比例（%） 9.58 8.85 增加0.73个百分点 10.43 报告期末公司前三年主要会计数据和财务指标的说明 √适用 □不适用 报告期内，公司实现营业总收入21.07亿元，同比上升5.58%；利润总额-1.11亿元，同比下 降1,943.61%；归属于上市公司股东的净亏损1.27亿元，同比下降1,673.83%；归属于上市公司股 东的扣除非经常性损益的净亏损1.39亿元。主要是由于：（1）传统业务IT解决方案收缩：公司 下游金融及相关行业竞争加剧，近年来首次出现一定规模的降价趋势；由于业务体量下降，公司 主动对人员结构进行了优化和调整，相关安置、合规成本增加。上述综合因素导致公司整体毛利 7/252
上海新致软件股份有限公司2025年年度报告 率下降6.07个百分点，利润同步下滑；（2）创新业务的拓展不及预期：公司在拓展新市场与构建 新业态方面进行了战略性投入，特别是在人工智能一体机及大模型应用的探索上，但受行业特性、 市场环境影响，相关产品规模化商业落地需要一定时间周期。目前该业务营业收入有所增长，但 规模依然较小，相关项目定制化程度较高，收入确认依赖客户验收，易受客户预算与决策周期影 响，导致新业务的盈利情况未达预期；（3）持续研发投入：公司为进一步增强核心竞争力，积极 抢抓人工智能技术的历史新机遇，强化相关技术的研发投入，上述投入一定程度上影响了当期利 润。（4）本年度计提可转换债券利息费用1,730.02万元，股权激励费用2,711.22万元，对公司当 期利润共影响4,441.24万元。 经营活动产生的现金流量净额为-1.04亿元，下降369.36%，主要是由于：（1）传统业务部分 客户回款不及预期；（2）报告期内，公司收入大幅增长的创新业务所需前期投入所致。 七、境内外会计准则下会计数据差异 (一) 同时按照国际会计准则与按中国会计准则披露的财务报告中净利润和归属于上市公司股东 的净资产差异情况 □适用 √不适用 (二) 同时按照境外会计准则与按中国会计准则披露的财务报告中净利润和归属于上市公司股东 的净资产差异情况 □适用 √不适用 (三) 境内外会计准则差异的说明： □适用 √不适用 八、2025年分季度主要财务数据 单位：元 币种：人民币 第一季度 第二季度 第三季度 第四季度 （1-3月份） （4-6月份） （7-9月份） （10-12月份） 营业收入 434,173,272.66 462,917,501.27 542,025,964.73 667,463,053.90 归属于上市公司股东的 15,727,920.77 14,625,138.36 668,862.74 -158,387,511.80 净利润 归属于上市公司股东的 扣除非经常性损益后的 14,778,815.30 4,192,268.10 -2,915,457.80 -154,637,897.20 净利润 经营活动产生的现金流 -201,825,862.64 -90,062,889.93 -30,585,029.83 218,657,123.61 量净额 季度数据与已披露定期报告数据差异说明 □适用 √不适用 九、非经常性损益项目和金额 √适用 □不适用 单位：元 币种：人民币 8/252
上海新致软件股份有限公司2025年年度报告 附注 非经常性损益项目 2025年金额 （如适 2024年金额 2023年金额 用） 非流动性资产处置损益，包括已计提 2,445,426.40 749,549.63 897.89 资产减值准备的冲销部分 计入当期损益的政府补助，但与公司 正常经营业务密切相关、符合国家政 12,836,063.31 20,119,747.04 28,863,833.39 策规定、按照确定的标准享有、对公 司损益产生持续影响的政府补助除外 除同公司正常经营业务相关的有效套 期保值业务外，非金融企业持有金融 资产和金融负债产生的公允价值变动 -1,115,735.51 -3,954,318.02 4,754,788.76 损益以及处置金融资产和金融负债产 生的损益 单独进行减值测试的应收款项减值准 185,000.00 1,562,442.46 备转回 企业取得子公司、联营企业及合营企 业的投资成本小于取得投资时应享有 880,613.31 被投资单位可辨认净资产公允价值产 生的收益 债务重组损益 172,610.48 除上述各项之外的其他营业外收入和 -1,164,829.14 -2,623,942.43 -2,081,835.29 支出 减：所得税影响额 247,956.78 2,530,558.19 5,261,862.10 少数股东权益影响额（税后） 1,893,897.09 1,115,745.63 1,807,313.68 合计 11,216,681.67 12,207,174.86 25,349,122.28 对公司将《公开发行证券的公司信息披露解释性公告第1号——非经常性损益》未列举的项目认 定为非经常性损益项目且金额重大的，以及将《公开发行证券的公司信息披露解释性公告第1号 ——非经常性损益》中列举的非经常性损益项目界定为经常性损益的项目，应说明原因。 □适用 √不适用 9/252
上海新致软件股份有限公司2025年年度报告 十、营业收入扣除情况表 单位：万元 币种：人民币 项目 本年度 具体扣除情况 上年度 具体扣除情况 营业收入金额 210,657.98 199,519.83 营业收入扣除项目合计金额 7,157.93 194.28 营业收入扣除项目合计金额占营业收入的比重 3.40 / 0.10 / （%） 一、与主营业务无关的业务收入 1.正常经营之外的其他业务收入。如出租固定资 产、无形资产、包装物，销售材料，用材料进行非 货币性资产交换，经营受托管理业务等实现的收 172.54 房屋租赁收入等 194.28 房屋租赁收入等 入，以及虽计入主营业务收入，但属于上市公司正 常经营之外的收入。 2.不具备资质的类金融业务收入，如拆出资金利息 收入；本会计年度以及上一会计年度新增的类金融 业务所产生的收入，如担保、商业保理、小额贷 款、融资租赁、典当等业务形成的收入，为销售主 营产品而开展的融资租赁业务除外。 3.本会计年度以及上一会计年度新增贸易业务所产 生的收入。 4.与上市公司现有正常经营业务无关的关联交易产 生的收入。 5.同一控制下企业合并的子公司期初至合并日的收 入。 6.未形成或难以形成稳定业务模式的业务所产生的 6,985.39 运营商增值服务等 收入。 与主营业务无关的业务收入小计 7,157.93 194.28 二、不具备商业实质的收入 10/252
上海新致软件股份有限公司2025年年度报告 1.未显著改变企业未来现金流量的风险、时间分布 或金额的交易或事项产生的收入。 2.不具有真实业务的交易产生的收入。如以自我交 易的方式实现的虚假收入，利用互联网技术手段或 其他方法构造交易产生的虚假收入等。 3.交易价格显失公允的业务产生的收入。 4.本会计年度以显失公允的对价或非交易方式取得 的企业合并的子公司或业务产生的收入。 5.审计意见中非标准审计意见涉及的收入。 6.其他不具有商业合理性的交易或事项产生的收 入。 不具备商业实质的收入小计 三、与主营业务无关或不具备商业实质的其他收入 营业收入扣除后金额 203,500.05 199,325.55 11/252
上海新致软件股份有限公司2025年年度报告 十一、存在股权激励、员工持股计划的公司可选择披露扣除股份支付影响后的净利润 √适用 □不适用 单位：元 币种：人民币 本期比上年同 主要会计数据 2025年 2024年 2023年 期增减(%) 扣除股份支付影响 -108,129,196.92 37,895,444.94 -385.34 80,338,492.66 后的净利润 十二、非企业会计准则财务指标情况 □适用 √不适用 十三、采用公允价值计量的项目 √适用 □不适用 单位：元 币种：人民币 对当期利润的 项目名称 期初余额 期末余额 当期变动 影响金额 其他权益工具投资 31,158,108.56 34,275,603.34 3,117,494.78 170,909.57 理财产品 19,413,926.64 - -19,413,926.64 198,847.34 权益工具投资 39,067,248.52 40,307,259.35 1,240,010.83 1,240,010.83 其他非流动金融资产 27,734,325.33 27,852,756.41 118,431.08 665,606.75 衍生金融负债 3,391,110.00 -3,391,110.00 -3,391,110.00 合计 117,373,609.05 105,826,729.10 -18,329,099.95 -1,115,735.51 十四、因国家秘密、商业秘密等原因的信息暂缓、豁免情况说明 □适用 √不适用 第三节 管理层讨论与分析 一、报告期内公司所从事的主要业务、经营模式、行业情况说明 (一) 主要业务、主要产品或服务情况 新致软件是国内领先的软件服务提供商之一。公司主要向以银行、保险为主的金融机构和其 他行业的终端客户提供科技服务，主要从事咨询规划、设计、开发、运维等软件开发服务及基础 算力服务。同时，公司凭借全方位能力，在各类解决方案的整合过程中，向客户提供场景运营流 量业务。 在时代变革中持续创新发展，是新致软件的初心和使命，报告期内，新致软件受益于国内经 济持续回暖，政策红利持续释放，收入实现稳定增长。公司坚定信心，对现有市场深耕细作，充 分发挥核心竞争力，依托丰富的产品经验，持续完善业务平台的生态布局，加大对人工智能大模 型技术的投入和研发，并逐步落地应用成果。在数字化经济全面发展的大背景下，公司进一步优 12/252
上海新致软件股份有限公司2025年年度报告 化内部管理水平，深度把握行业发展规律，分析竞争态势与区域变化，认清并强化自身竞争优势； 同时，持续挖掘客户需求，提供更优质的技术支持和服务，不断提升客户的满意度与忠诚度。 新增重要非主营业务情况 □适用 √不适用 (二) 主要经营模式 1、盈利模式 公司主要盈利模式是通过向客户提供软件开发服务及软件分包服务获得收入。 2、销售及订单获取方式 公司均以直销的模式向客户提供服务，通过招投标、竞争性谈判、商务谈判等形式获取订单。 订单获取方式 主要销售流程 招投标分为公开招标、邀请招标。客户发布招投标信息，公司市场部销 售人员了解具体业务需求后，与公司自身的特点相结合进行分析，并协 同软件技术服务人员向潜在客户详细介绍公司过往成功案例，在业务技 招投标 术方面得到客户初步认可后双方对合同价格、服务标准做进一步沟通， 由市场部向品质保证部、财务部汇报拟合作意向，经上述部门审批通过 后，公司取得标书并准备投标文件参与投标，客户经过筛选后，确定最 终中标方后与之签订业务合同。 公司与谈判小组就采购服务事宜进行谈判，公司按照谈判文件的要求提 交相应文件和最后报价，客户从谈判小组提出的成交候选人中确定成交 竞争性谈判 供应商，并向成交供应商发出成交通知书，将竞争性谈判文件、询价通 知书随成交结果同时公告。 公司通过与客户针对价格、付款方式、项目实施安排等商务条件进行初 商务谈判 步谈判确认，双方达成交易意向后，直接和客户签订销售合同，并与之 建立长期的合作关系。 3、采购模式 公司主要采购内容包括软硬件设备采购、技术服务采购以及IDC服务器托管服务采购。 对于上述采购标的，项目负责人提出具体采购计划并经过事业部负责人审批后，由品质保证 中心按照公司制定的评定标准对供应商资质、采购内容和价格进行评定，评审通过后由行政中心 负责签署采购合同、实施采购、监控软硬件交付情况或预提技术服务及IDC服务成本，完成采购 后财务部根据合同条款进行支付。 4、研发模式 为了精准把握市场发展趋势，确保公司的技术和产品能够在市场中保持竞争优势，公司在密 切关注外部市场发展、技术趋势变化的同时还会以季度为周期对客户进行拜访、收集改进意见、 发现新的需求。 在准确理解客户需求的基础上，公司进行有针对性的研发，研发阶段主要包括：调研和立项、 设计、计划、开发、测试、发布、结项等阶段。在研发过程中，公司多采用敏捷开发模式，通过 迭代和并行的方式提高效率缩短研发周期，公司的总经理和研发专家委员会对各个阶段进行管理 和评审。 13/252",windowed_extraction_review_required
002230.SZ,AR_002230_SZ_2025,business_overview,33,44,"科大讯飞股份有限公司2025年年度报告全文 发展第十五个五年规划纲要》明确提出""全面实施'人工智能+'行动。在国家充分发挥新型举国体制优势、推 动人工智能朝着有益、安全、公平方向健康有序发展的战略部署下，G端的高标准应用和示范效应是保障人 工智能阳光、健康发展的重要锚点；B端、C端在真实场景中积累的行业know-how、规模化数据和工程化能 力，则构成了从核心技术到产业应用之间的关键壁垒。GBC联动的独特优势，使公司能够更好承接国家战略 部署，在新一轮人工智能产业竞争中持续构筑核心竞争力。 （六）科技品牌的公信力及全域营销服务网络 科大讯飞作为中国智能语音及人工智能产业头部企业，公司丰富的人工智能规模化应用案例和可以用统 计数据验证的实际成果，受到行业客户和合作伙伴的充分信任，并与各行业占据市场优势地位的开发商建立 了长期稳定的战略合作关系，行业科技品牌号召力与竞争优势明显。特别在教育、医疗等民生行业方向，科 大讯飞作为“人工智能国家队”的品牌公信力获得了客户广泛认可。公司品牌资产位列国际权威榜单 BrandZ“最具价值中国品牌100强”第42名，品牌价值47.62亿美元。 基于多年在行业业务的耕耘和积累，科大讯飞已经形成覆盖全国的规模化营销网络，在全国共设立32 个区域营销机构（各省大区+央国企），覆盖全国所有省份。为了更好地贴近客户，为客户提供服务，科大 讯飞积极加强对落地区域的团队管理和建设，前后端全流程拉通已构建起一体化销售服务体系，支撑业务产 品的全面快速推广和落地。 四、主营业务分析 1、概述 报告期内，公司踏踏实实推进长期、可持续、高质量发展。得益于人工智能应用规模化落地不断取得成 效，公司在人工智能自主可控保持高强度投入的背景下，仍然实现了全年营业收入、毛利、归母净利润、扣 非净利润、经营性现金流净额等各项核心经营指标均保持正向增长。具体为：实现营业收入271.05亿元，较 上年同期增长16.12%；实现归母净利润8.39亿元，较上年同期增长49.85%，扣非净利润2.64亿元，较上年 同期增长40.47%。同时，销售回款总额超过274亿元，较去年同期增长超过45亿元，报告期末经营活动产 生的现金流量净额32.08亿元，以上两项均创历史新高。 本报告期业绩变动的主要原因是： 1、公司积极抢抓通用人工智能的历史新机遇，继续保持面向未来抢占人工智能根红利的战略投入，研 发投入较上年同比增长7.84亿元，占营业收入比重为19.79%。公司坚持核心技术底座自主可控，算法、算 力、数据等要素自主可控的AI核心技术研究和模型训练体系领先性得到进一步验证。 “讯飞星火”大模型是目前我国唯一基于全国产算力训练出来的全民可下载的主流大模型，整体技术指 标持续对标全球第一梯队，并在教育、医疗、安全、能源等行业的模型效果全球领先；星火多语言大模型已 覆盖超130个语种，有力支撑中国人工智能出海，为世界提供第二种选择的同时，将形成公司业务收入增长 的有力支撑。科大讯飞人工智能国家队的产业地位进一步增强，得到国家高度认可，2025年因承担重大项目 的政府补助增加3.50亿元，公司同期上缴税收超过16亿元，创历史新高。 33
科大讯飞股份有限公司2025年年度报告全文 2、面对人工智能从技术突破到规模化商业落地的关键阶段，公司强化高端品牌建设，在包括讯飞AI学 习机在内的C端人工智能产品的品牌推广和渠道建设，以及面对人工智能出海方面继续增加营销投入，销售 费用同比增长27.12%。上述高强度投入的成效正日益显现，效益将随着规模效应而进一步释放。 “讯飞星火”大模型在C端落地不断加速。以讯飞AI学习机为例，大模型赋能答疑辅导、精准学、AI 互动，不断提升自主学习效果，连续三年在京东天猫618、双11电商节中获得学习机品类全周期销售额冠军， 用户推荐值NPS持续行业第一。大模型行业落地方面，2025年科大讯飞大模型相关项目的中标数量和金额 在全行业统计中再次获得双第一，科大讯飞大模型相关项目中标金额23.16亿元，超过第二名至第六名的总 和（数据来源：智能超参数“中国大模型中标项目监测与洞察报告（2025）”）。同时，“讯飞星火”产业 生态进一步加强，讯飞开放平台开发者数量突破1000万，其中，海外开发者56.4万。2025年全年新增开发 者数量超过224万，其中大模型开发者新增127万，开发者数量持续高速增长，加速行业赋能步伐。 综上所述，2025年公司在自主可控平台上进一步夯实了人工智能产业国家队的地位，在当前人工智能 产业持续迎来更有利的产业发展环境下，公司将在更加坚实的基础上，更高质量地推动技术进步与产业发展。 各项业务进展情况请详见“一、报告期内公司从事的主要业务”的相关内容。 2、收入与成本 （1）营业收入构成 单位：元 2025年 2024年 项目 同比增减 占营业收入 占营业收入 金额 金额 比重 比重 营业收入合计 27,105,390,547.66 100% 23,343,093,018.69 100% 16.12% 分行业 一、主营业务 软件和信息技术服务业 26,688,286,195.26 98.46% 22,961,637,479.48 98.37% 16.23% 教育教学 346,907,592.86 1.28% 315,942,543.30 1.35% 9.80% 二、其他业务 70,196,759.54 0.26% 65,512,995.91 0.28% 7.15% 分产品 一、主营业务 1、智慧教育 8,967,359,795.13 33.08% 7,229,265,407.18 30.97% 24.04% 2、智慧医疗 858,054,929.00 3.17% 691,572,023.72 2.96% 24.07% 3、开放平台及消费者业务 开放平台 6,088,310,052.51 22.46% 5,171,903,877.27 22.16% 17.72% 智能硬件 2,182,983,104.60 8.05% 2,022,764,845.35 8.67% 7.92% 移动互联网产品及服务 978,057,906.62 3.61% 691,306,726.81 2.96% 41.48% 4、智慧城市 34
科大讯飞股份有限公司2025年年度报告全文 信息工程 1,299,840,753.42 4.80% 1,682,385,292.47 7.21% -22.74% 数字政府行业应用 1,558,485,446.04 5.75% 1,195,589,506.33 5.12% 30.35% 智慧政法行业应用 713,362,743.18 2.63% 738,774,392.27 3.16% -3.44% 5、运营商 1,935,558,748.45 7.14% 1,901,147,959.94 8.14% 1.81% 6、智慧汽车 1,239,966,473.07 4.57% 988,753,872.97 4.24% 25.41% 7、企业AI解决方案 858,924,808.45 3.17% 642,685,685.22 2.75% 33.65% 8、其他 354,289,027.65 1.31% 321,430,433.25 1.38% 10.22% 二、其他业务 70,196,759.54 0.26% 65,512,995.91 0.28% 7.15% 分地区 一、主营业务 华东地区 12,737,286,793.30 46.99% 11,750,547,820.62 50.34% 8.40% 华南地区 5,044,103,118.72 18.61% 3,612,469,328.26 15.48% 39.63% 华北地区 3,588,315,004.47 13.24% 3,211,611,130.50 13.76% 11.73% 西南地区 2,017,201,781.48 7.45% 1,718,744,636.31 7.36% 17.36% 华中地区 1,839,065,773.07 6.78% 1,648,642,191.51 7.06% 11.55% 西北地区 789,457,155.42 2.91% 697,348,051.19 2.99% 13.21% 国外地区 518,207,385.84 1.91% 159,527,734.43 0.68% 224.84% 东北地区 501,556,775.82 1.85% 478,689,129.96 2.05% 4.78% 二、其他业务 华东地区 70,196,759.54 0.26% 65,512,995.91 0.28% 7.15% 分销售模式 营业收入 27,105,390,547.66 100% 23,343,093,018.69 100% 16.12% 公司需遵守《深圳证券交易所上市公司自律监管指引第3号——行业信息披露》中软件与信息技术服务业的披露要求 单位：元 2025年度 2024年度 项目 第一季度 第二季度 第三季度 第四季度 第一季度 第二季度 第三季度 第四季度 4,657,815,6 6,253,122,1 6,078,496,9 10,115,955, 3,646,215,3 5,678,329,6 5,524,991,8 8,493,556,0 营业收入 85.81 36.90 51.37 773.58 86.95 54.19 87.00 90.55 归属于上 - - - - 市公司股 172,251,81 906,066,28 56,961,383. 903,866,89 193,251,72 45,675,509. 300,468,03 100,197,58 东的净利 2.40 7.65 78 6.59 9.36 33 0.20 7.01 润 说明经营季节性（或周期性）发生的原因及波动风险 公司教育业务、智慧城市业务等主要面向学校、政府等企事业单位及规模较大企业，在项目建设上具有一定的季节 性特点，如上半年规划论证、年中或下半年实施。从近年各季度经营情况来看，亦呈现第一季度营业收入较低，第四季 度营业收入较高的特点。 35
科大讯飞股份有限公司2025年年度报告全文 （2）占公司营业收入或营业利润10%以上的行业、产品、地区、销售模式的情况 ☑适用□不适用 公司需遵守《深圳证券交易所上市公司自律监管指引第3号——行业信息披露》中软件与信息技术服务业的披露要求 单位：元 营业收入比上 营业成本比上 毛利率比上 项目 营业收入 营业成本 毛利率 年同期增减 年同期增减 年同期增减 分客户所处行业 软件和信息技术 26,688,286,195.26 15,307,980,107.47 42.64% 16.23% 16.81% -0.29% 服务业 分产品 教育产品和服务 8,967,359,795.13 4,025,167,260.37 55.11% 24.04% 23.57% 0.17% 开放平台 6,088,310,052.51 4,909,526,031.84 19.36% 17.72% 16.39% 0.92% 分地区 华东地区 12,807,483,552.84 7,185,936,718.61 43.89% 8.39% 8.13% 0.13% 华南地区 5,044,103,118.72 3,161,646,139.04 37.32% 39.63% 40.51% -0.39% 华北地区 3,588,315,004.47 2,205,584,842.86 38.53% 11.73% 9.33% 1.34% 公司主营业务数据统计口径在报告期发生调整的情况下，公司最近1年按报告期末口径调整后的主营业务数据 □适用☑不适用 （3）公司实物销售收入是否大于劳务收入 □是☑否 （4）公司已签订的重大销售合同、重大采购合同截至本报告期的履行情况 □适用☑不适用 （5）营业成本构成 行业分类 单位：元 2025年 2024年 行业分类 项目 同比增减 占营业成本 占营业成 金额 金额 比重 本比重 软件和信息技术 物料成本 8,255,047,088.49 52.83% 6,998,395,326.80 52.26% 0.57% 服务业 软件和信息技术 运营成本 5,983,621,183.52 38.30% 5,077,268,612.84 37.92% 0.38% 服务业 软件和信息技术 人员支出及外 1,063,349,779.90 6.81% 1,029,273,844.91 7.69% -0.88% 服务业 协劳务 教学业务 运营成本 299,466,834.88 1.92% 254,784,853.78 1.90% 0.02% 其他业务 运营成本 22,920,360.89 0.14% 31,442,831.93 0.23% -0.09% 合计 15,624,405,247.68 100.00% 13,391,165,470.26 100.00% 36
科大讯飞股份有限公司2025年年度报告全文 说明 公司需遵守《深圳证券交易所上市公司自律监管指引第3号——行业信息披露》中软件与信息技术服务业的披露要求 主营业务成本构成 单位：元 本报告期 上年同期 成本构成 同比增减 金额 占营业成本比重 金额 占营业成本比重 物料成本 8,255,047,088.49 52.91% 6,998,395,326.80 52.38% 0.53% 运营成本 6,283,088,018.40 40.27% 5,332,053,466.62 39.91% 0.36% 人力支出及外协 1,063,349,779.90 6.82% 1,029,273,844.91 7.70% -0.88% 成本 合计 15,601,484,886.79 100.00% 13,359,722,638.33 100.00% （6）报告期内合并范围是否发生变动 ☑是□否 详见本报告“第五节重要事项之“七”、与上年度财务报告相比，合并报表范围发生变化的情况说明”。 （7）公司报告期内业务、产品或服务发生重大变化或调整有关情况 □适用☑不适用 （8）主要销售客户和主要供应商情况 公司主要销售客户情况 前五名客户合计销售金额（元） 4,532,130,677.72 前五名客户合计销售金额占年度销售总额比例 16.72% 前五名客户销售额中关联方销售额占年度销售总额比例 4.19% 公司前5大客户资料 序号 客户名称 销售额（元） 占年度销售总额比例 1 客户一 1,381,615,971.87 5.09% 2 客户二 1,218,878,398.57 4.50% 3 客户三 1,134,920,926.18 4.19% 4 客户四 421,508,708.87 1.56% 5 客户五 375,206,672.23 1.38% 合计 4,532,130,677.72 16.72% 主要客户其他情况说明 ☑适用□不适用 公司与上述前五大客户中，客户三为中国移动通信有限公司及其下属子公司，为公司持股5%以上股东。根据《深 圳证券交易所股票上市规则（2024年修订）》6.3.3条等规定，该客户为本公司的关联法人。与其他客户不存在关联关系， 37
科大讯飞股份有限公司2025年年度报告全文 公司董事、高级管理人员、核心技术人员、持股5%以上股东、实际控制人和其他关联方在剩余的主要客户中无直接或 间接拥有权益。 公司主要供应商情况 前五名供应商合计采购金额（元） 3,251,851,156.85 前五名供应商合计采购金额占年度采购总额比例 24.12% 前五名供应商采购额中关联方采购额占年度采购总额比例 4.07% 公司前5名供应商资料 序号 供应商名称 采购额（元） 占年度采购总额比例 1 供应商一 1,652,206,381.89 12.26% 2 供应商二 548,345,127.78 4.07% 3 供应商三 445,232,278.82 3.30% 4 供应商四 334,449,143.24 2.48% 5 供应商五 271,618,225.12 2.01% 合计 3,251,851,156.85 24.12% 主要供应商其他情况说明 ☑适用□不适用 公司与上述前五大供应商中，供应商二为安徽言知科技有限公司及其下属子公司，为实际控制人刘庆峰控制的其他 公司。根据《深圳证券交易所股票上市规则（2024年修订）》6.3.3条等规定，该供应商为本公司的关联法人。与其他上 述供应商不存在关联关系，公司董事、高级管理人员、核心技术人员、持股5%以上股东、实际控制人和其他关联方在 剩余主要供应商中无直接或间接拥有权益。 报告期内公司贸易业务收入占营业收入比例超过10% □适用☑不适用 3、费用 单位：元 2025年 2024年 同比增减 重大变动说明 销售费用 5,190,906,420.51 4,083,416,224.07 27.12% 管理费用 1,387,906,299.50 1,455,408,951.23 -4.64% 财务费用 172,981,046.56 134,760,518.04 28.36% 研发费用 4,438,994,619.20 3,891,601,383.59 14.07% 4、研发投入 ☑适用□不适用 预计对公司未来发展 主要研发项目名称 项目目的 项目进展 拟达到的目标 的影响 面向K12学生及家 完成旗舰款、进阶 本项目作为2026年度 科大讯飞学习机T90 长，解决自主学习效 开发阶段 款、基础款全系列产 旗舰系列产品，将进 系列 果差、效率低、兴趣 品研发，覆盖不同价 一步巩固讯飞在AI学 38
科大讯飞股份有限公司2025年年度报告全文 预计对公司未来发展 主要研发项目名称 项目目的 项目进展 拟达到的目标 的影响 不足及家长辅导难等 格段与用户需求； 习机领域的高端领导 核心痛点，通过AI技 强化AI大模型在个性 者地位。通过软硬件 术构建个性化精准 化学习、答疑辅导等 一体化创新，持续强 学、互动课程、答疑 核心功能的应用，提 化“星火大模型”与 辅导等功能，提供一 升产品智能化水平； “AI个性化精准学” 站式智能学习能力。 在主力价格带巩固竞 的核心差异化优势， 争优势，提升各价格 提升品牌影响力与行 段市场份额。 业话语权，为教育业 务持续健康发展提供 有力支撑。 面向BG支撑学习 机、考试与语言学 习、大课堂、大学 情、素质教育和科普 整合行业厂商、AI引 研究院等核心方案和 擎与大模型引擎，构 产品,秉承人工智能助 建教育大模型矩阵能 力减负增效,因材施教 力平台。通过架构与 的理念,持续建设教育 技术栈统一，降低运 领域AI关键功能、知 维成本，提升核心业 加速教育大模型应用 识库、工具、智能体 务现网稳定性，保障 建设普适化，提升各 教育大模型能力平台 和语音、图文、认 开发完成 流量持续增长下的资 个教育业务市场产品 知、三方、专有大模 源可用。在安全框架 交付效率 型等融合的教育大模 内，高效、低成本地 型能力平台,推动教育 为业务提供更多AI能 刚需场景基于大模型 力，快速响应业务诉 的融合创新,重点解决 求，助力教育产品实 效果、成本、效率和 现降本增效。 安全方面的问题,构建 产品竞争壁垒,满足师 生在教学考评管各环 节使用。 聚焦“不会用、不好 完成核心软件及教学 用、用不好”等核心 内容结构性优化，提 通过AI技术在教育场 用户痛点，依托AI技 升课程质量与学习路 景深度落地，强化产 术优化学习路径引导 径引导能力； 品系统性与智能化水 与课程内容质量，构 构建多学科个性化学 平，提升用户粘性与 学习机Lumie系列 建以学习效果为核心 开发完成 习系统，实现学习过 品牌信任度，巩固公 的学习系统，解决学 程可跟踪、成效可量 司在AI学习机市场的 生在学习规划、智能 化；提升用户活跃度 领先地位，并为后续 辅导等方面的实际困 与学习完成率，增强 教育产品线发展沉淀 难，提升学习效率与 产品差异化竞争力与 可复用能力。 成果。 用户满意度。 项目面向学习机业 面向自主学习场景构 务，依托教研能力与 该项目将进一步夯实 建系统化学练资源， 内容资源服务，深耕 讯飞学习机自研AI 涵盖全科新课标自研 学习场景，打磨学习 课程核心优势，丰富 2025年学习机资源建 体系课、低幼思维 路径，完善学科体 开发完成 优质学科内容，完善 设 课、初中语文精准 系，持续优化资源建 自主学习体系，有效 学、初中数学培优课 设，助力用户实现高 提升产品竞争力与用 等多品类优质课程内 效自主学习，提升整 户粘性。 容。 体用户满意度。 助力学习机从0到1 1.大幅提升核心竞争 批改+辅学，让学习 自研批改、辅学,在成 力，从“工具”变成 机从“播放工具”变 本可控、持续稳定、 “智能老师”，从传 成“智能私教”，提 学习机辅学模块 开发阶段 投诉可控的情况下,彻 统普通学习机（屏幕 升粘性、差异化、溢 底解决小猿卡脖子的 +资源+点读）升级 价能力。 问题，助力学习机打 为能诊断、批改、讲 构建技术壁垒，沉淀 39
科大讯飞股份有限公司2025年年度报告全文 预计对公司未来发展 主要研发项目名称 项目目的 项目进展 拟达到的目标 的影响 造1V1辅导老师 解、出题、追踪进步 用户数据，拓展持续 （如：超拟人、错因 2、解决家长最痛的痛 收入，把品牌从硬件 批改、错因讲解、作 点：不会教、没时 厂商升级为教育科技 业辅导方案等）,和传 间、改不动，达到做 平台。 统批改+视频讲解形 题→批改→找错→ 成明显差异化优势,引 讲解→同类题巩固 领行业。 →进步追踪的闭环 在教育信息化2.0和 巩固智学网在精准教 新高考改革背景下， 学赛道的行业领先地 针对K12学校考试阅 位，AI+教育深度融 产品层面：完成分级 卷效率低、学情分析 合形成差异化技术壁 套餐重构，提升产品 维度单一、集团校/区 垒；集团校/区域平 易用性；集团校/区级 域教研缺乏数据支撑 台填补""单校工具→区 产品上线，AI智批改 等痛点，构建大数据 域管理平台""的产品空 大精产品 开发完成 落地，提升重点省份 精准教学系统，通过 白，打开GB端大单 教研渗透率。 智能阅卷、AI精准分 市场；分级套餐和运 市场层面：运营新模 析、分级套餐等能 营新模式为教育 式完成0-1验证并可 力，为学校和教育管 SAAS存量经营提供 规模化复制。 理部门实现数据驱动 可复制方法论，支撑 的精准教学与科学教 公司教育信息化长期 研。 战略。 在“双减”及教育数 字化背景下,结合学校 在“一教一辅”收紧 教育教学实际需求,建 在一教一辅政策收紧 的政窗口期，以“不 设数智作业平台,技术 的背景下，本方案旨 增负、提质量”的数 赋能作业设计、作业 在构建一套覆盖全科 智作业切入，能强化 批改、作业讲评、学 的数智作业产品方 讯飞“因材施教”的 情沉淀、作业监管等 案，通过打造高适配 品牌形象；深化技术 作业全流程。 度的全科教学资源、 数智作业 开发阶段 壁垒，强化全科智批 构建教师考核评价指 具备全科全题型智能 核心技术优势，巩固 标,有效落实作业管理 批改的能力，以及贯 行业标杆地位。提升 要求,提高教师作业设 通教学全流程的数据 存量校渗透率，以全 计能力,提升师资教研 闭环，全面提升各学 科运营扩大单校产出 力量,数据指导教学,提 科课时作业场景的易 与增量市场，拓展市 高教学效能,减轻作业 用性与教学效能。 场空间。 负担,促进学生个性成 长。 面向高校教务处、二 级学院及教师,提供混 合式智慧教学平台和 智慧课程建设运营服 适配高等教育的科技 将学科教育专用大模 务,以更加适配高等教 文献大模型与学科教 型切入教学场景，提 育的科技文献大模型 育专用大模型引入教 供混合式智慧教学平 为选择,以更加精准的 学核心场景，在高校 台和智慧课程建设运 学科教育专用大模型 这一关键赛道形成差 讯飞AI课程 开发阶段 营服务，服务高效教 为拓展,提供包含知识 异化竞争优势。建立 师减负增效和精准教 图谱、智能助手、智 起高粘性的院校合作 学，实现学生个性化 能工具等在内的融合 生态，为后续市场拓 学习，助力师生人工 性教学应用,帮助教师 展奠定坚实的客户基 智能素养提升。 减负增效和精准教学, 础。 实现学生个性化学习, 助力师生人工智能素 养提升。 针对当前企业普遍面 1、通过多维数据建模 AIBOOST平台的推 临的获客成本持续攀 实现用户精准分群与 广应用，将推动企业 aiBoost存量营销平台 开发阶段 高、存量用户价值难 动态标签化，提升识 从传统营销向数据与 以有效挖掘以及传统 别管理能力；2、基于 AI驱动的智能运营升 40
科大讯飞股份有限公司2025年年度报告全文 预计对公司未来发展 主要研发项目名称 项目目的 项目进展 拟达到的目标 的影响 营销方式效果有限、 生命周期与实时行为 级，树立行业数字化 用户触达不精准等核 构建智能营销体系， 转型标杆。同时伴随 心痛点，AIBOOST 精准触达以提升转化 平台技术壁垒与竞争 平台依托AI大模型技 效率与ROI；3、深度 力的日益增强，将拓 术，构建集用户精准 挖掘存量用户价值， 展多元应用场景，为 分群、行为触发式营 针对高潜、沉默及流 企业沉淀数据资产、 销、全渠道智能触达 失人群实施差异化策 构建未来智能商业生 与效果归因于一体的 略，驱动复购与留存 态奠定坚实基础，实 智能化运营体系，为 增长；4、打通全渠道 现高效、稳健的长期 客户提供存量用户价 触点，形成运营闭 发展 值深度挖掘、营销效 环，实现策略自动执 率提升与用户生命周 行与效果归因；5、利 期延长的综合支撑体 用AI模型持续优化营 系，助力企业在获客 销策略，增强决策科 与存量竞争中实现可 学性；6、沉淀标准化 持续增长。 能力，助力多领域客 户实现规模化商业落 地 旨在基于“星火认知 大模型”,构建面向企 业客户的大模型原生 场景化应用产品矩 基于B端场景探索， 打造智能体应用在B 阵。将技术优势转化 树立面向B端的智能 端企业的品牌影响 为商业价值，完善自 体应用品牌；在B端 星火场景化应用 开发阶段 力，为公司面向B端 身产品布局，同时,快 场景化市场做到领先 业务的拓展提供稳定 速应对主要竞争对手 地位，占据市场份额 持续的产品方案供给 的市场动作,构筑核心 的30%以上 竞争壁垒,并最终推动 星火应用生态的繁荣 与发展。 重点树立虚拟人品牌 势能： 能力输出：为广大开 发者提供效果好、价 面向央国企、金融文 格低的高性价比虚拟 旅及大型企业客户， 人技术能力，占领虚 平台围绕展厅接待、 拟人市场。 打造虚拟人交互技术 网站客服、数字助 提供标准的虚拟人软 核心竞争力和第一品 理、大屏调度等多个 虚拟人交互平台 开发阶段 件体系，涵盖虚拟人 牌，保持在B端行业 场景，提供垂直且完 交互WEB端与PC端 中数字人智能体交互 善的全链路能力，将 工具 产品行业第一 AI虚拟人引入多个行 硬件终端：支撑交互 业，针对性破解关键 机、端方案、移动端 场景中的实际难题。 等虚拟人软硬件一体 化设备，提供大模型 及业务办理类交互服 务。 1、持续优化输入法核 1、持续优化用户体 不断探索新的变现路 心输入功能，优化核 验，提升用户规模， 径提升收入规模,拓展 心输入引擎效果、优 实现输入法的用户价 大模型AI助手、智能 化端云结合的大模型 值提升并拓展内容增 体在输入法的深度落 核心输入能力，提升 值、大模型增值、商 讯飞输入法 开发阶段 地,提升用户输入效果, 输入准确性和效率； 业化价值；2、融入星 探索大模型增值新模 2、推进大模型AI助 火大模型AI、智能体 式,完善内容生态建设, 手UGC用户生态、 技术到输入法，巩固 提升内容增值规模。 垂直场景的深度拓 科大讯飞在人工智能 展，实现用户规模和 领域的品牌形象，树 41
科大讯飞股份有限公司2025年年度报告全文 预计对公司未来发展 主要研发项目名称 项目目的 项目进展 拟达到的目标 的影响 增值收入增长；3、完 立面向AI时代的新一 成皮肤、壁纸、字 代输入法的行业形象 体、光标搭子等增值 内容生态、UGC生 态、工具能力建设， 提升内容生态规模和 增值收入规模；4、完 成鸿蒙输入法版本的 优化、各平台信创输 入法、车机输入法的 优化，进一步提升平 台覆盖能力，扩展设 备厂商合作；5、探索 新的变现路径和精细 化运营能力，提升变 现收入规模 旨在解决法官在办案 辅助办案系统与法院 贴合法官办案的业务 过程中面临的案情梳 一张图、庭审等系统 场景，对案件的案情 理繁琐、案件审查、 深度融合，打造数字 梳理、要件审查、事 文书编写工作量大,以 法院的整体能力体 实查明、文书编写等 及法条和类案适用不 系；同时基于本产品 星火AI法官助理 开发阶段 场景依托大模型的要 准确等问题,同时,也为 理念与逻辑，拓展面 素抽取、内容摘要、 院庭长提供高效的阅 向律师办案的辅助产 逻辑推理能力生成初 核工具,降低工作负荷, 品。进一步夯实讯飞 版内容，辅助法官工 提高办案效率和司法 在法律行业的产品布 作提效 公正性。 局和竞争力 为用户提供全场景、 自然流畅的智能交互 通过协同音效、驾驶 功能的星火座舱系统 在市场竞争激烈和快 等领域，应用大模 产品，解决车企客户 速变化的情况下，座 型、语音、视觉等多 的智能体验碎片化、 舱通过持续推出体验 模态AI核心技术和其 难以融合生态、座舱 优势产品打动用户， 星火座舱系统 开发阶段 他座舱技术，实现下 场景品质不足、数据 顺应行业格局变化做 一代智能座舱AI融合 安全焦虑、自研能力 好客户支撑，与合作 框架和行业共识的座 弱、体验评价难等问 伙伴协同共赢，最终 舱体验评价体系 题，达到交互自然流 实现讯飞的持续发展 畅行业领先，特色垂 域场景行业领先 三年内实现大学生与 巩固新生代AI助手市 初阶白领用户规模化 场领导地位，推动 突破，覆盖重点高校 “星火”品牌年轻化 为用户提供大模型智 及核心城市职场，通 渗透；验证技术商业 能助手产品,面向C端 过“学业-职场-生 化路径，反哺大模型 个人用户及开发者群 活”智能体矩阵抢占 星火APP 开发阶段 垂类能力；培育高价 体,帮助用户在工作和 垂直场景，以“免费 值用户社群，为生态 生活中解决问题和提 +订阅+定制”三层模 扩张（教育/职场/生 升效率 式驱动付费转化，用 活）提供数据与流量 户满意度行业领先， 基础，构筑长期竞争 形成高粘性社群与可 壁垒。 复用的获客体系。 研发一款不改变老师 1、持续提升学习机市 星火智能批阅机是在 习惯，支持任意三方 场份额占有率，对应 大模型能力加持下， 作业版面（无点无线 价格区间GMV力争 第一批真实落地的行 星火智能批阅机 识别）的智能批改一 开发阶段 达到TOP2，增强品 业应用并在试点阶段 体机，能便捷高效的 牌影响力； 已取得前场客户认可 批阅作业/试卷，将老 2、通过画像推荐、图 的软硬一体产品。相 师从机械重复的作业 文识别、拍搜、批 信在未来，通过技术 42
科大讯飞股份有限公司2025年年度报告全文 预计对公司未来发展 主要研发项目名称 项目目的 项目进展 拟达到的目标 的影响 批改工作中解放出 改、语音识别、语音 能力不断升级，智能 来，投入更多精力在 评测、大模型知识问 识别和批改效果不断 作业讲评、个性化辅 答等核心技术深度融 提升。在大作业场景 导上，助力教育教学 合，实现AI1对1精 下，取得市场占有率 改革。 准学、AI1对1答疑 第一的位置，巩固公 辅导等特色功能发 司在智慧教育领域行 布，提升产品核心竞 业影响和地位。 争力。 该项目面向学习机业 务线，通过提供教研 能力和教学资源内容 针对自主学习场景建 服务，基于既定场 夯实讯飞学习机自研 设学练资源，主要包 景，不断打磨并完成 AI课程优势，丰富学 含小学数学AI提优 学习机“测诊学练 学习路径规划，搭建 习机内容课程资源， 开发完成 课、小学语文习作助 拓”资源建设 并完善学科体系，建 为科大讯飞在智能教 手、小学语文整本书 设并不断优化资源内 育领域保持领先地位 阅读等精品课程资 容；解决用户在自主 提供有力支撑。 源。 学习场景下高效学习 问题，提升用户满意 度。 随着AI营销的发展， 数字广告行业成为全 球广告行业重要组成 部分，推动营销领域 从策略构思到执行反 适应市场和互联网营 馈全链条革新，标志 构建面向多区域、多 销商业模式的双重演 着高度精准化和自动 场景的一站式智能营 变，推动AI营销平台 化营销新时代开启。 销体系，提升运营执 智能化持续升级，使 通过智能化升级和区 行效率、效果归因准 其从国内走向全球 域延展适配，提升移 确度；同时面向垂直 化；满足广告主对于 动广告的营销效率和 GrowOne数字广告营 场景推出端对端效果 高效广告投放的需 开发完成 交付效果，提升AI营 销平台 交付能力，增强自身 求，以及媒体供应商 销在整个行业内的竞 竞争力，夯实讯飞 提高流量转化率的需 争力，帮助AI营销业 DSP在国内效果与品 要；为合作伙伴提供 务获取更多市场份 牌行业中的头部供应 高效的销售增长及品 额。为客户提供更好 商地位。此外，推动 牌推广服务，为客户 的服务，帮助客户选 海外区域业务拓展。 创造更大营销价值。 择合适的创意、受众 和合理的出价，实现 客户的高效用户增长 及品牌推广，显著降 低运营专家的工作复 杂度。 基于AI的程序化广告 1、完善产品矩阵，完 1、深耕多年的人工智 平台，以讯飞开放平 成程序化广告平台向 能技术和大数据积 台的海量开发者和应 自助化、智能化、体 累，赋予营销智慧创 用为渠道，依托AI技 系化转型，形成以创 新的大脑，以健全的 术与大数据，从智能 新交互式广告体验、 产品矩阵和全方位的 洞察、智能传播、智 万物互联交互入口流 服务，帮助广告主用 FAX程序化广告交易 慧连接、智能决策四 量等为基础，构建了 A.I.实现营销效能的 开发完成 平台 个维度，助力国际 从流量整合、人群管 全面提升，打造数字 4A、品牌主、代理 理到广告精准投放的 营销新生态； 商、电商等实现营销 广告交易系统。提升 2、助力科大讯飞在广 升级与创新。在消费 在市场上的影响力， 告领域市场占据优 者洞察、程序化广 扩大广告产业链上的 势，打造科大讯飞在 告、AI创意、智能链 利益布局长度，增加 广告行业的品牌影响 接等多个领域，为品 广告收入的来源，为 力，从而可横向提升 43
科大讯飞股份有限公司2025年年度报告全文 预计对公司未来发展 主要研发项目名称 项目目的 项目进展 拟达到的目标 的影响 牌客户持续提供更优 广告业务更快、更大 集团整体的品牌影响 更强的AI营销能力与 的发展，提供技术支 及产品竞争力。 产品。通过大数据精 持； 准定向和互动广告创 2、技术上完善和提升 意为媒体提供更高的 后端服务和大数据技 变现解决方案，从而 术栈，优化已有的技 提升讯飞程序化广告 术架构，引入混合云 平台的知名度、影响 架构、全链路追踪技 力和盈利能力。同 术以及实时数据分析 时，数据的整合和数 技术，促进大流量服 据挖掘方向的推进， 务、链路追踪、数据 更加深入的挖掘数据 与分析需求平台化。 价值，不仅有助于公 同时节省带宽、机器 司高层决策，而且可 和运维成本，有效地 以帮助提高用户体 达到降本增效的目 验、扩展产品业务 的。 等。 通过不断优化用户体 推动星火大模型技术 验和功能设计，为大 落地与生态布局的核 模型提供了多样化的 心战略，旨在通过实 应用场景，推动模型 际场景验证星火大模 在理解、生成和推理 型能力，抢占生成式 完成模型能力在产品 能力上的持续提升。 AI市场入口，构建开 功能侧的应用，主要 同时促使大模型快速 发者生态。其兼顾 功能包括： 适应新任务，增强其 B/C端商业化探索， 星火SparkDesk 开发完成 1、长文本相关能力； 泛化能力和多模态协 同时强化中文AI技术 2、个人空间&文档处 同效率。这种“场景 自主权，推动行业标 理能力； 驱动”的模式，不仅 准制定，加速垂直领 3、多模交互能力。 加速了技术突破，还 域应用，最终巩固讯 为大模型在垂直领域 飞在AI时代的竞争壁 的深度应用和商业化 垒，助力中国参与全 落地提供了坚实基 球人工智能技术竞 础，助力公司在AI竞 争。 争中保持创新优势。 通过深度适配、优选 通过强化推理及 数据集、算法及模型 MaaS能力，预置AI 预置、智能调度、模 服务引擎，补全训练 型训练（大模型）、 作为新型智能化基础 工具链并拓展开源大 场景赋能等技术，实 设施服务平台，该平 模型，深化多可用 现异构算力资源的统 台面向城市、企业、 区、vGPU、容器等多 一管理、调度、运 科研院所及高校等客 元算力与生态兼容， 营，多租户资源隔 户群体，提供集算力 星火智算中心 开发完成 构建坚实产品基座。 离，支撑行业模型的 资源管理、模型训练 安全分类、故障识别 快速构建功能的智算 及推理、开发服务于 及语义抽取模型有效 平台产品，提高集团 一体的“AI+算力” 支撑业务场景，实现 在城市/企业/高校等 能力，推进人工智能 标准版本高效交付， 客户的国产化算力底 与产业深度融合。 严控OTC/LTC成本 座建设及优化、大模 效益。 型选型、行业模型训 练及资源算力运营等 方面的影响力。 面向汽车厂商提供前 顺应汽车“新四化” 提供一个国产化、高 装智能座舱软硬件一 趋势，在智能化方向 汽车智能座舱域控制 性价比的座舱域控平 体化产品，实现元器 开发阶段 给汽车行业更多选 器 台，打破国际芯片垄 件高国产化比率，满 择，同时增加新的利 断局面。 足国内及国际市场对 润增长点。 汽车零部件供应链可 44",windowed_extraction_review_required
002230.SZ,AR_002230_SZ_2025,core_competitiveness,29,40,"科大讯飞股份有限公司2025年年度报告全文 2025年，AI完成了从“有能力”到“有用处”的实质性跨越，技术创新的突破性进展与产业应用的深 度落地相互交织，协同并进。一方面，大模型技术持续突破边界，GPT-5、Gemini3、Claude3.7等国际顶尖 模型相继完成重要升级，DeepSeek-R1、讯飞星火X1.5等国内模型持续迭代，共同推动大模型能力向更高层 次跃升。与此同时，开源阵营快速崛起，形成“闭源引领、开源协同”的发展格局。另一方面，我国各行业 已全面开启大模型场景落地的深化阶段。根据智能超参数发布的《中国大模型中标项目监测与洞察报告 （2025）》，在2025年全行业大模型相关项目竞标中，科大讯飞表现突出，大模型相关项目的中标数量与 中标金额均再次斩获全行业第一，且科大讯飞大模型相关项目中标金额23.16亿元，这一数值超过第二名至 第六名的总和，充分体现了公司在大模型技术转化、场景落地能力上的行业领先地位。 人工智能作为引领新一轮科技革命和产业变革的战略性数字化技术，正催生出无数新产品、新场景、新 业态，为数字经济高质量发展注入创新活力。据世界经济论坛2025年就业前景报告预测，截至2030年，人 工智能将替代9,200万个岗位，同时将创造1.7亿个新岗位；Gartner认为，到2036年AI解决方案将创造超 过5亿个新岗位。根据麦肯锡发布的《生成式人工智能的经济潜力》的研究报告，在其研究的63种应用中 使用生成式AI，将为全球经济每年带来2.6万亿至4.4万亿美元的增长。Gartner预测，到2027年中国80% 的企业将使用多模型生成式人工智能策略来实现多样化的模型功能、满足本地部署要求并获得成本效益。 人工智能产业正面临前所未有的历史新机遇，我国人工智能产业相关政策呈现出从顶层设计到产业落地、 从技术创新到生态构建的全方位推进态势，人工智能产业发展将会得到更加有力的政策支持，为企业持续推 进核心技术创新以及人工智能规模化产业落地进一步提供良好的政策与宏观环境。 当前，人工智能已成为中美双方都输不起的战略制高点之争。 美国政府发布的《赢得竞赛：美国人工 智能行动计划》，明确提出“不惜一切代价引领世界人工智能”，将人工智能竞赛提升至堪比“曼哈顿计划” 的国家战略高度。2026年1月，xAI创始人马斯克在发布最新模型时明确表示，未来全球通用人工智能领域 的终极玩家只会有三家——xAI、谷歌以及“中国国家队”。面对这一全球态势，党中央、国务院充分发挥 新型举国体制优势，将人工智能确立为新一轮科技革命和产业变革的战略性技术。国务院出台“人工智能+” 行动意见、《“十五五”规划纲要》明确提出“打造智能经济新形态”纳入国家顶层设计、明确提出到2030 年人工智能核心产业规模突破10万亿元，一系列重大战略部署密集落地。在中美战略博弈日趋激烈的时代 背景下，掌握全栈自主可控核心技术、深度服务国家重大战略需求的人工智能企业，正面临前所未有的历史 性机遇。 三、核心竞争力分析 随着人工智能大模型的快速发展和万物互联时代的到来，科大讯飞凭借在智能语音领域的长期积累，以 及全栈自主可控的大模型底座能力和丰富的行业应用实践，形成了独特的核心竞争优势。 （一）全栈自主可控大模型技术底座和业界领先的行业模型 公司立足自主可控，坚持源头核心技术创新，并实现从硬件基础到软件支撑，贯穿模型训练与推理应用 的全栈自主可控。目前，讯飞星火大模型仍然是中国主流大模型中唯一基于全国产算力训练的通用大模型 （对主流大模型的定义为：国内通用大模型APP下载排名前十，或大模型招投标市场份额排名前十）。 29
科大讯飞股份有限公司2025年年度报告全文 2025年，公司在全国产算力平台上攻克了长思维链强化学习训练效率和MoE模型全链路训练效率等技 术难题，1月率先推出首个基于全国产算力训练的具备深度思考和推理能力的深度推理模型讯飞星火X1，在 模型参数比业界同类模型小一个数量级的情况下实现一流效果，并率先实现实际场景落地，在新京报等主流 媒体进行的2025高考语文、英语作文横评中排名第一，高考数学评测中成为仅有的两个超过140分的大模 型之一；9月面向东盟地区首发基于纯国产化软硬件打造的星火东盟多语言大模型底座，覆盖东盟地区十种 语言，综合效果对标国际领先水平；11月发布深度推理大模型星火X1.5，在模型参数小一倍的情况下对标 业界领先水平，支持多语言数目超130种，整体性能达到GPT-5（high）的95%以上，为世界提供“第二种 选择”。基于在国产化算力及多语言能力上的独特优势，科大讯飞与华为进行紧密协同，讯飞星火与华为昇 腾在海外主权大模型落地上深度合作，在全球插红旗、抢阵地。 在全栈自主可控底座大模型与行业应用能力基础上，2025年科大讯飞大模型相关项目的中标数量和金 额在全行业统计中再次获得双第一，大模型相关项目中标金额23.16亿元，超过第二名至第六名的总和（数 据来源于智能超参数“中国大模型中标项目监测与洞察报告（2025）”）。科大讯飞已成为国家能源集团、 中国石油、中国海油、国家管网、国家电投、中国华能、中国移动、中国国航、中粮集团、工商银行、中国 银行、中国银联、交通银行、中国人保、太平洋保险、奇瑞汽车、中国一汽、大众汽车、海尔集团、美的集 团等多个重点行业头部企业的大模型合作伙伴。 依托自主可控的底座大模型创新迭代、行业高质量数据和可验证细粒度行业专家思维链技术，星火行业 大模型在功能和效果层面全面升级，在教育、医疗等关键场景上全球领先。在教育领域，基于星火大模型融 合教育专家思维链、多模态端到端理解技术的星火教育大模型在批改、错因分析等核心教学领域的表现，显 著优于国内外主流模型效果，国家数学课程标准修订组组长曹一鸣教授评价“AI错因诊断水平超过普通数 学老师”；2026年2月28日正式发布AI学习机T90，行业首创错因讲解超拟人虚拟教师，精准围绕学生核 心错因针对性讲解，用户问题解决率达94.3%，远超传统视频讲解的问题解决率，并在硬件上全球首发“护 眼屏+听力友好”双守护技术，用户净推荐值NPS指标蝉联行业第一。在医疗领域，基于星火大模型的医疗 大模型再次升级，循证推理、健康交互等关键技术方向各项能力继续领先全球，专科领域深度推理在业界率 先达到三甲医院主任级医师水平。“讯飞晓医”APP问诊准确率、体检报告单解读等关键指标准确率上大幅 领先于行业第二名近10个百分点，真正实现以专业能力守护百姓健康。 2026年一季度，以ClaudeCode、OpenClaw为代表的智能体快速兴起，带来了全球范围内token调用量 的大幅增长。近期部分媒体报道称已有多家厂商在国产算力上完成大模型适配，但实际上，在国产算力上做 推理和做训练是完全不同层次的技术难度：将训练好的模型部署在国产芯片上运行推理，技术上已比较成熟； 但要在国产算力上完成大模型训练，尤其是智能体任务所依赖的高效模型结构、超长上下文、AgenticRL等 前沿技术的训练，工程实现面临很大挑战。目前中国主流大模型中，科大讯飞是唯一一家坚持在全国产算力 上完成模型训练的厂商，也是业内率先在国产算力上跑通强化学习RL、混合专家模型MoE及DSA等前沿 算法的厂商。目前科大讯飞已在昇腾910B上完成了DSA等方案的深度适配和中小尺寸模型的训练落地，4 月29日正式发布30B中等尺寸极具性价比又完全基于全国产算力训练和推理的全新模型，已经在讯飞开放 平台上线，智能体和代码等能力领先千问Qwen3.5（35B-A3B）同尺寸模型。经AstronClaw实测，在深度研 究报告、Skill管理与调用、系统控制与执行等多类任务上效果已经接近业界万亿级参数模型，但基于其融合 多项工程创新的中尺寸特性，token消耗不到GLM5.1等大参数模型的三分之一。讯飞AstronClaw通过中尺 30
科大讯飞股份有限公司2025年年度报告全文 寸模型+开源模型组合，实现同等体验下用户成本更低。在大尺寸旗舰模型的国产化训练方面，华为已正式 发布昇腾950系列芯片并披露性能参数，科大讯飞已与华为开展深度联合，在昇腾950平台上联合攻坚高效 模型结构、混合Attention机制、智能体强化学习等关键技术。公司计划在今年1024开发者节期间，在昇腾 950平台上发布中国首个对标业界最先进主流模型的旗舰大模型。 （二）全球领先的智能语音核心技术 科大讯飞在智能语音技术领域深耕已久，始终坚持技术创新和系统性创新并行，作为第一完成单位的 “多语种智能语音关键技术及产业化”项目在2024年获得国家科学技术进步奖一等奖，这是深度学习引发 全球人工智能浪潮以来，过去十年人工智能领域首个国家科学技术进步奖一等奖，充分证明了科大讯飞在智 能语音领域的技术优势与创新能力。 智能语音技术作为万物互联时代的最便捷的入口技术，在大模型的加持下同样是推动token经济快速发 展的关键入口，是大模型从电脑智能体和手机APP等软件形态走向智能家居、陪伴机器人等现实生产和生 活的关键。同时，各类应用场景的延伸也对智能语音技术提出了更高的要求，例如从单人、近场语音识别交 互发展到多模态、高噪远场、多语言多方言的识别交互。只有具备包括麦克风阵列、摄像头深度融合的软硬 一体化、远场高噪多人语音增强和识别、超拟人语音合成和百变声音复刻、多模态全双工交互等多项关键技 术的深度融合，才能真正实现AI交互能力在现实世界落地实用。 科大讯飞在全国产算力上坚持语音大模型基础架构的创新，2025年业界首发非自回归语音大模型架构， 效果相对提升16%，推理成本下降84%，目前已规模化推广；发布超拟人语音合成和业界首发的百变声音复 刻，大幅提升合成语音的拟人度和情感等可控能力；2025年业界首发端到端语音同传大模型，显著提升语音 同传的体验得分、首字响应时间和专业词汇翻译能力。在IDC发布的《中国AI翻译技术评估，2025》报告 中，科大讯飞在翻译速度、翻译效果、专业度、拟人度、研发投入、产品成熟度、商业化规模及用户推荐度 全部8项评估维度中均排名第一。2025年世界人工智能大会（WAIC）上，科大讯飞作为大会官方""翻译合作 伙伴""，提供覆盖15种语言的专业同传服务。 2025年发布多模态实时交互系统，在全双工交互、复杂任务规划、多模态感知、长短时记忆等技术上 取得突破，助力讯飞车载智能座舱持续保持行业市场份额第一。 （三）软硬一体实现行业技术引领与应用落地 软硬一体是AI走进真实生活、落地智能终端与全场景应用的核心路径。科大讯飞拥有国家级工业设计 中心，建成语音声学、光学显示、通信射频、电子产品可靠性四大实验室，拥有155项CNAS认可资质和全 球100多个国家与地区检测互认，构建了麦克风阵列、扬声器阵列、视觉感知、显示护眼、端侧算力等底层 能力，实现硬件能力与大模型深度融合，持续引领AI+硬件的技术创新与产业落地，在翻译机、录音笔、 办公本、会议耳机、学习机五大AI硬件赛道，获得德国红点、德国IF、美国IDEA、日本G-Mark等31项 国际设计奖项，持续多年稳居全渠道销售额冠军，体现了公司AI技术软硬件一体化的持续领先优势。 在AI+麦克风技术上，原创多型麦克风阵列，通过AI智能测算和动态调节，实现全场景自适应降噪。 AI办公本 X5在 80 分贝高噪环境下于 3米和 5米距离的识别准确率分别为 95%和 90.6%，而同环境下 iPhone17Pro为74.2%和50.9%。AI翻译耳机首创单耳三麦多感融合降噪，食堂、地铁等高噪环境语音识别 31
科大讯飞股份有限公司2025年年度报告全文 准确率97.1%。AI翻译机独创1米穹顶式隔音效果，有效隔离1米外噪音干扰，在嘈杂的工厂也可以静谧交 流。 在AI+显示技术上，公司联合国际权威认证机构、眼科医院、中标院等研究院所，从灯珠荧光粉材料、 光学膜层、芯片与护眼算法的组合创新，实现“自然光显示”效果，守护视觉健康。AI学习机连续四代引 领旗舰学习终端显示护眼行业水平。AI黑板130度超宽显示视角，让学生在课堂的每一个座位上都可以看清 楚。 在AI+多模技术上，AI眼镜首创唇动识别降噪技术，基于12M摄像头和6麦克风阵列，实现唇动与语 音的多模融合识别，最远拾音距离10米。 （四）业界领先的开发者生态 讯飞AI开放平台作为我国首批国家级人工智能开放创新平台，MaaS业务发展成效显著，同时依托软硬 一体战略构建差异化优势，核心竞争力突出。运营层面，构建“API经济+大模型Token经济”双轮驱动新 模式，生态运营高效，开发者生态规模领跑行业，AI开发者超1000万，大模型开发者达229万，年度增速 124%，三方开发者大模型日均Tokens同比激增4241%，生态扩容速度行业领先。 MaaS业务持续突破，以星辰MaaS底座为核心，提供国产算力支撑的训推一体全链路服务，整合50+主 流开源模型，开放垂直场景精调与第三方接入能力，同步推动信创大模型生态建设。MaaS相关收入增长迅 猛，大模型API及MaaS平台服务收入3.85亿元，同比增长263%，依托“1+N+X”升级模型矩阵，结合智 能体产业化战略与软硬一体布局，形成“模型—平台—智能体—终端”的完整服务体系。同时，平台积极推 进海外赋能，在多地区部署本地服务器，开放多语种AI能力，服务200余个国家和地区，累计服务海外开 发者超56万，推动中国AI技术全球化落地，进一步放大核心竞争优势。 （五）GBC联动独特优势 不同于单一面向政府、行业或消费者市场的人工智能企业，科大讯飞在多个核心业务领域已经形成""以 G端树立应用制高点和品牌公信力、以B端实现规模化落地、以C端服务亿万个人用户""的GBC联动模式，最 终实现""后台核心技术共享、前台场景贯穿、品牌相互联动""的飞轮效应： 1、在教育领域，公司从承建国家级人工智能教育应用示范区起步，深入服务超过6万所高校及中小学， 沉淀出覆盖""教、学、考、评、管""全链条的教育大模型和场景理解能力，进而赋能讯飞AI学习机等C端硬 件产品，让""因材施教""的优质教育资源走进千家万户，学习机保持高端品牌第一，行业指名度（NPS）第一。 2、在医疗领域，公司以基层诊疗助手智医助理在全国超过800个区县实现了常态化应用，提供近11亿 次医疗辅助诊断建议，深度参与基层医疗能力建设和疾控体系赋能，并向各级等级医院延伸，最终通过诊后 随访、讯飞晓医等产品直接服务个人用户健康管理，形成""区域—医院—个人""贯通的医疗AI服务体系。 3、在办公、翻译等领域，公司同样依托面向行业客户打磨的核心技术，反哺翻译机、办公本、录音笔、 智能眼镜、讯飞听见等C端软硬件产品，使其在各自细分品类中长期保持市场领先地位。 GBC联动模式的独特价值在当前阶段尤为凸显。2025年8月26日，国务院印发《关于深入实施""人工智 能+""行动的意见》，系统部署""人工智能+""六大重点行动。2026年3月，《中华人民共和国国民经济和社会 32
科大讯飞股份有限公司2025年年度报告全文 发展第十五个五年规划纲要》明确提出""全面实施'人工智能+'行动。在国家充分发挥新型举国体制优势、推 动人工智能朝着有益、安全、公平方向健康有序发展的战略部署下，G端的高标准应用和示范效应是保障人 工智能阳光、健康发展的重要锚点；B端、C端在真实场景中积累的行业know-how、规模化数据和工程化能 力，则构成了从核心技术到产业应用之间的关键壁垒。GBC联动的独特优势，使公司能够更好承接国家战略 部署，在新一轮人工智能产业竞争中持续构筑核心竞争力。 （六）科技品牌的公信力及全域营销服务网络 科大讯飞作为中国智能语音及人工智能产业头部企业，公司丰富的人工智能规模化应用案例和可以用统 计数据验证的实际成果，受到行业客户和合作伙伴的充分信任，并与各行业占据市场优势地位的开发商建立 了长期稳定的战略合作关系，行业科技品牌号召力与竞争优势明显。特别在教育、医疗等民生行业方向，科 大讯飞作为“人工智能国家队”的品牌公信力获得了客户广泛认可。公司品牌资产位列国际权威榜单 BrandZ“最具价值中国品牌100强”第42名，品牌价值47.62亿美元。 基于多年在行业业务的耕耘和积累，科大讯飞已经形成覆盖全国的规模化营销网络，在全国共设立32 个区域营销机构（各省大区+央国企），覆盖全国所有省份。为了更好地贴近客户，为客户提供服务，科大 讯飞积极加强对落地区域的团队管理和建设，前后端全流程拉通已构建起一体化销售服务体系，支撑业务产 品的全面快速推广和落地。 四、主营业务分析 1、概述 报告期内，公司踏踏实实推进长期、可持续、高质量发展。得益于人工智能应用规模化落地不断取得成 效，公司在人工智能自主可控保持高强度投入的背景下，仍然实现了全年营业收入、毛利、归母净利润、扣 非净利润、经营性现金流净额等各项核心经营指标均保持正向增长。具体为：实现营业收入271.05亿元，较 上年同期增长16.12%；实现归母净利润8.39亿元，较上年同期增长49.85%，扣非净利润2.64亿元，较上年 同期增长40.47%。同时，销售回款总额超过274亿元，较去年同期增长超过45亿元，报告期末经营活动产 生的现金流量净额32.08亿元，以上两项均创历史新高。 本报告期业绩变动的主要原因是： 1、公司积极抢抓通用人工智能的历史新机遇，继续保持面向未来抢占人工智能根红利的战略投入，研 发投入较上年同比增长7.84亿元，占营业收入比重为19.79%。公司坚持核心技术底座自主可控，算法、算 力、数据等要素自主可控的AI核心技术研究和模型训练体系领先性得到进一步验证。 “讯飞星火”大模型是目前我国唯一基于全国产算力训练出来的全民可下载的主流大模型，整体技术指 标持续对标全球第一梯队，并在教育、医疗、安全、能源等行业的模型效果全球领先；星火多语言大模型已 覆盖超130个语种，有力支撑中国人工智能出海，为世界提供第二种选择的同时，将形成公司业务收入增长 的有力支撑。科大讯飞人工智能国家队的产业地位进一步增强，得到国家高度认可，2025年因承担重大项目 的政府补助增加3.50亿元，公司同期上缴税收超过16亿元，创历史新高。 33
科大讯飞股份有限公司2025年年度报告全文 2、面对人工智能从技术突破到规模化商业落地的关键阶段，公司强化高端品牌建设，在包括讯飞AI学 习机在内的C端人工智能产品的品牌推广和渠道建设，以及面对人工智能出海方面继续增加营销投入，销售 费用同比增长27.12%。上述高强度投入的成效正日益显现，效益将随着规模效应而进一步释放。 “讯飞星火”大模型在C端落地不断加速。以讯飞AI学习机为例，大模型赋能答疑辅导、精准学、AI 互动，不断提升自主学习效果，连续三年在京东天猫618、双11电商节中获得学习机品类全周期销售额冠军， 用户推荐值NPS持续行业第一。大模型行业落地方面，2025年科大讯飞大模型相关项目的中标数量和金额 在全行业统计中再次获得双第一，科大讯飞大模型相关项目中标金额23.16亿元，超过第二名至第六名的总 和（数据来源：智能超参数“中国大模型中标项目监测与洞察报告（2025）”）。同时，“讯飞星火”产业 生态进一步加强，讯飞开放平台开发者数量突破1000万，其中，海外开发者56.4万。2025年全年新增开发 者数量超过224万，其中大模型开发者新增127万，开发者数量持续高速增长，加速行业赋能步伐。 综上所述，2025年公司在自主可控平台上进一步夯实了人工智能产业国家队的地位，在当前人工智能 产业持续迎来更有利的产业发展环境下，公司将在更加坚实的基础上，更高质量地推动技术进步与产业发展。 各项业务进展情况请详见“一、报告期内公司从事的主要业务”的相关内容。 2、收入与成本 （1）营业收入构成 单位：元 2025年 2024年 项目 同比增减 占营业收入 占营业收入 金额 金额 比重 比重 营业收入合计 27,105,390,547.66 100% 23,343,093,018.69 100% 16.12% 分行业 一、主营业务 软件和信息技术服务业 26,688,286,195.26 98.46% 22,961,637,479.48 98.37% 16.23% 教育教学 346,907,592.86 1.28% 315,942,543.30 1.35% 9.80% 二、其他业务 70,196,759.54 0.26% 65,512,995.91 0.28% 7.15% 分产品 一、主营业务 1、智慧教育 8,967,359,795.13 33.08% 7,229,265,407.18 30.97% 24.04% 2、智慧医疗 858,054,929.00 3.17% 691,572,023.72 2.96% 24.07% 3、开放平台及消费者业务 开放平台 6,088,310,052.51 22.46% 5,171,903,877.27 22.16% 17.72% 智能硬件 2,182,983,104.60 8.05% 2,022,764,845.35 8.67% 7.92% 移动互联网产品及服务 978,057,906.62 3.61% 691,306,726.81 2.96% 41.48% 4、智慧城市 34
科大讯飞股份有限公司2025年年度报告全文 信息工程 1,299,840,753.42 4.80% 1,682,385,292.47 7.21% -22.74% 数字政府行业应用 1,558,485,446.04 5.75% 1,195,589,506.33 5.12% 30.35% 智慧政法行业应用 713,362,743.18 2.63% 738,774,392.27 3.16% -3.44% 5、运营商 1,935,558,748.45 7.14% 1,901,147,959.94 8.14% 1.81% 6、智慧汽车 1,239,966,473.07 4.57% 988,753,872.97 4.24% 25.41% 7、企业AI解决方案 858,924,808.45 3.17% 642,685,685.22 2.75% 33.65% 8、其他 354,289,027.65 1.31% 321,430,433.25 1.38% 10.22% 二、其他业务 70,196,759.54 0.26% 65,512,995.91 0.28% 7.15% 分地区 一、主营业务 华东地区 12,737,286,793.30 46.99% 11,750,547,820.62 50.34% 8.40% 华南地区 5,044,103,118.72 18.61% 3,612,469,328.26 15.48% 39.63% 华北地区 3,588,315,004.47 13.24% 3,211,611,130.50 13.76% 11.73% 西南地区 2,017,201,781.48 7.45% 1,718,744,636.31 7.36% 17.36% 华中地区 1,839,065,773.07 6.78% 1,648,642,191.51 7.06% 11.55% 西北地区 789,457,155.42 2.91% 697,348,051.19 2.99% 13.21% 国外地区 518,207,385.84 1.91% 159,527,734.43 0.68% 224.84% 东北地区 501,556,775.82 1.85% 478,689,129.96 2.05% 4.78% 二、其他业务 华东地区 70,196,759.54 0.26% 65,512,995.91 0.28% 7.15% 分销售模式 营业收入 27,105,390,547.66 100% 23,343,093,018.69 100% 16.12% 公司需遵守《深圳证券交易所上市公司自律监管指引第3号——行业信息披露》中软件与信息技术服务业的披露要求 单位：元 2025年度 2024年度 项目 第一季度 第二季度 第三季度 第四季度 第一季度 第二季度 第三季度 第四季度 4,657,815,6 6,253,122,1 6,078,496,9 10,115,955, 3,646,215,3 5,678,329,6 5,524,991,8 8,493,556,0 营业收入 85.81 36.90 51.37 773.58 86.95 54.19 87.00 90.55 归属于上 - - - - 市公司股 172,251,81 906,066,28 56,961,383. 903,866,89 193,251,72 45,675,509. 300,468,03 100,197,58 东的净利 2.40 7.65 78 6.59 9.36 33 0.20 7.01 润 说明经营季节性（或周期性）发生的原因及波动风险 公司教育业务、智慧城市业务等主要面向学校、政府等企事业单位及规模较大企业，在项目建设上具有一定的季节 性特点，如上半年规划论证、年中或下半年实施。从近年各季度经营情况来看，亦呈现第一季度营业收入较低，第四季 度营业收入较高的特点。 35
科大讯飞股份有限公司2025年年度报告全文 （2）占公司营业收入或营业利润10%以上的行业、产品、地区、销售模式的情况 ☑适用□不适用 公司需遵守《深圳证券交易所上市公司自律监管指引第3号——行业信息披露》中软件与信息技术服务业的披露要求 单位：元 营业收入比上 营业成本比上 毛利率比上 项目 营业收入 营业成本 毛利率 年同期增减 年同期增减 年同期增减 分客户所处行业 软件和信息技术 26,688,286,195.26 15,307,980,107.47 42.64% 16.23% 16.81% -0.29% 服务业 分产品 教育产品和服务 8,967,359,795.13 4,025,167,260.37 55.11% 24.04% 23.57% 0.17% 开放平台 6,088,310,052.51 4,909,526,031.84 19.36% 17.72% 16.39% 0.92% 分地区 华东地区 12,807,483,552.84 7,185,936,718.61 43.89% 8.39% 8.13% 0.13% 华南地区 5,044,103,118.72 3,161,646,139.04 37.32% 39.63% 40.51% -0.39% 华北地区 3,588,315,004.47 2,205,584,842.86 38.53% 11.73% 9.33% 1.34% 公司主营业务数据统计口径在报告期发生调整的情况下，公司最近1年按报告期末口径调整后的主营业务数据 □适用☑不适用 （3）公司实物销售收入是否大于劳务收入 □是☑否 （4）公司已签订的重大销售合同、重大采购合同截至本报告期的履行情况 □适用☑不适用 （5）营业成本构成 行业分类 单位：元 2025年 2024年 行业分类 项目 同比增减 占营业成本 占营业成 金额 金额 比重 本比重 软件和信息技术 物料成本 8,255,047,088.49 52.83% 6,998,395,326.80 52.26% 0.57% 服务业 软件和信息技术 运营成本 5,983,621,183.52 38.30% 5,077,268,612.84 37.92% 0.38% 服务业 软件和信息技术 人员支出及外 1,063,349,779.90 6.81% 1,029,273,844.91 7.69% -0.88% 服务业 协劳务 教学业务 运营成本 299,466,834.88 1.92% 254,784,853.78 1.90% 0.02% 其他业务 运营成本 22,920,360.89 0.14% 31,442,831.93 0.23% -0.09% 合计 15,624,405,247.68 100.00% 13,391,165,470.26 100.00% 36
科大讯飞股份有限公司2025年年度报告全文 说明 公司需遵守《深圳证券交易所上市公司自律监管指引第3号——行业信息披露》中软件与信息技术服务业的披露要求 主营业务成本构成 单位：元 本报告期 上年同期 成本构成 同比增减 金额 占营业成本比重 金额 占营业成本比重 物料成本 8,255,047,088.49 52.91% 6,998,395,326.80 52.38% 0.53% 运营成本 6,283,088,018.40 40.27% 5,332,053,466.62 39.91% 0.36% 人力支出及外协 1,063,349,779.90 6.82% 1,029,273,844.91 7.70% -0.88% 成本 合计 15,601,484,886.79 100.00% 13,359,722,638.33 100.00% （6）报告期内合并范围是否发生变动 ☑是□否 详见本报告“第五节重要事项之“七”、与上年度财务报告相比，合并报表范围发生变化的情况说明”。 （7）公司报告期内业务、产品或服务发生重大变化或调整有关情况 □适用☑不适用 （8）主要销售客户和主要供应商情况 公司主要销售客户情况 前五名客户合计销售金额（元） 4,532,130,677.72 前五名客户合计销售金额占年度销售总额比例 16.72% 前五名客户销售额中关联方销售额占年度销售总额比例 4.19% 公司前5大客户资料 序号 客户名称 销售额（元） 占年度销售总额比例 1 客户一 1,381,615,971.87 5.09% 2 客户二 1,218,878,398.57 4.50% 3 客户三 1,134,920,926.18 4.19% 4 客户四 421,508,708.87 1.56% 5 客户五 375,206,672.23 1.38% 合计 4,532,130,677.72 16.72% 主要客户其他情况说明 ☑适用□不适用 公司与上述前五大客户中，客户三为中国移动通信有限公司及其下属子公司，为公司持股5%以上股东。根据《深 圳证券交易所股票上市规则（2024年修订）》6.3.3条等规定，该客户为本公司的关联法人。与其他客户不存在关联关系， 37
科大讯飞股份有限公司2025年年度报告全文 公司董事、高级管理人员、核心技术人员、持股5%以上股东、实际控制人和其他关联方在剩余的主要客户中无直接或 间接拥有权益。 公司主要供应商情况 前五名供应商合计采购金额（元） 3,251,851,156.85 前五名供应商合计采购金额占年度采购总额比例 24.12% 前五名供应商采购额中关联方采购额占年度采购总额比例 4.07% 公司前5名供应商资料 序号 供应商名称 采购额（元） 占年度采购总额比例 1 供应商一 1,652,206,381.89 12.26% 2 供应商二 548,345,127.78 4.07% 3 供应商三 445,232,278.82 3.30% 4 供应商四 334,449,143.24 2.48% 5 供应商五 271,618,225.12 2.01% 合计 3,251,851,156.85 24.12% 主要供应商其他情况说明 ☑适用□不适用 公司与上述前五大供应商中，供应商二为安徽言知科技有限公司及其下属子公司，为实际控制人刘庆峰控制的其他 公司。根据《深圳证券交易所股票上市规则（2024年修订）》6.3.3条等规定，该供应商为本公司的关联法人。与其他上 述供应商不存在关联关系，公司董事、高级管理人员、核心技术人员、持股5%以上股东、实际控制人和其他关联方在 剩余主要供应商中无直接或间接拥有权益。 报告期内公司贸易业务收入占营业收入比例超过10% □适用☑不适用 3、费用 单位：元 2025年 2024年 同比增减 重大变动说明 销售费用 5,190,906,420.51 4,083,416,224.07 27.12% 管理费用 1,387,906,299.50 1,455,408,951.23 -4.64% 财务费用 172,981,046.56 134,760,518.04 28.36% 研发费用 4,438,994,619.20 3,891,601,383.59 14.07% 4、研发投入 ☑适用□不适用 预计对公司未来发展 主要研发项目名称 项目目的 项目进展 拟达到的目标 的影响 面向K12学生及家 完成旗舰款、进阶 本项目作为2026年度 科大讯飞学习机T90 长，解决自主学习效 开发阶段 款、基础款全系列产 旗舰系列产品，将进 系列 果差、效率低、兴趣 品研发，覆盖不同价 一步巩固讯飞在AI学 38
科大讯飞股份有限公司2025年年度报告全文 预计对公司未来发展 主要研发项目名称 项目目的 项目进展 拟达到的目标 的影响 不足及家长辅导难等 格段与用户需求； 习机领域的高端领导 核心痛点，通过AI技 强化AI大模型在个性 者地位。通过软硬件 术构建个性化精准 化学习、答疑辅导等 一体化创新，持续强 学、互动课程、答疑 核心功能的应用，提 化“星火大模型”与 辅导等功能，提供一 升产品智能化水平； “AI个性化精准学” 站式智能学习能力。 在主力价格带巩固竞 的核心差异化优势， 争优势，提升各价格 提升品牌影响力与行 段市场份额。 业话语权，为教育业 务持续健康发展提供 有力支撑。 面向BG支撑学习 机、考试与语言学 习、大课堂、大学 情、素质教育和科普 整合行业厂商、AI引 研究院等核心方案和 擎与大模型引擎，构 产品,秉承人工智能助 建教育大模型矩阵能 力减负增效,因材施教 力平台。通过架构与 的理念,持续建设教育 技术栈统一，降低运 领域AI关键功能、知 维成本，提升核心业 加速教育大模型应用 识库、工具、智能体 务现网稳定性，保障 建设普适化，提升各 教育大模型能力平台 和语音、图文、认 开发完成 流量持续增长下的资 个教育业务市场产品 知、三方、专有大模 源可用。在安全框架 交付效率 型等融合的教育大模 内，高效、低成本地 型能力平台,推动教育 为业务提供更多AI能 刚需场景基于大模型 力，快速响应业务诉 的融合创新,重点解决 求，助力教育产品实 效果、成本、效率和 现降本增效。 安全方面的问题,构建 产品竞争壁垒,满足师 生在教学考评管各环 节使用。 聚焦“不会用、不好 完成核心软件及教学 用、用不好”等核心 内容结构性优化，提 通过AI技术在教育场 用户痛点，依托AI技 升课程质量与学习路 景深度落地，强化产 术优化学习路径引导 径引导能力； 品系统性与智能化水 与课程内容质量，构 构建多学科个性化学 平，提升用户粘性与 学习机Lumie系列 建以学习效果为核心 开发完成 习系统，实现学习过 品牌信任度，巩固公 的学习系统，解决学 程可跟踪、成效可量 司在AI学习机市场的 生在学习规划、智能 化；提升用户活跃度 领先地位，并为后续 辅导等方面的实际困 与学习完成率，增强 教育产品线发展沉淀 难，提升学习效率与 产品差异化竞争力与 可复用能力。 成果。 用户满意度。 项目面向学习机业 面向自主学习场景构 务，依托教研能力与 该项目将进一步夯实 建系统化学练资源， 内容资源服务，深耕 讯飞学习机自研AI 涵盖全科新课标自研 学习场景，打磨学习 课程核心优势，丰富 2025年学习机资源建 体系课、低幼思维 路径，完善学科体 开发完成 优质学科内容，完善 设 课、初中语文精准 系，持续优化资源建 自主学习体系，有效 学、初中数学培优课 设，助力用户实现高 提升产品竞争力与用 等多品类优质课程内 效自主学习，提升整 户粘性。 容。 体用户满意度。 助力学习机从0到1 1.大幅提升核心竞争 批改+辅学，让学习 自研批改、辅学,在成 力，从“工具”变成 机从“播放工具”变 本可控、持续稳定、 “智能老师”，从传 成“智能私教”，提 学习机辅学模块 开发阶段 投诉可控的情况下,彻 统普通学习机（屏幕 升粘性、差异化、溢 底解决小猿卡脖子的 +资源+点读）升级 价能力。 问题，助力学习机打 为能诊断、批改、讲 构建技术壁垒，沉淀 39
科大讯飞股份有限公司2025年年度报告全文 预计对公司未来发展 主要研发项目名称 项目目的 项目进展 拟达到的目标 的影响 造1V1辅导老师 解、出题、追踪进步 用户数据，拓展持续 （如：超拟人、错因 2、解决家长最痛的痛 收入，把品牌从硬件 批改、错因讲解、作 点：不会教、没时 厂商升级为教育科技 业辅导方案等）,和传 间、改不动，达到做 平台。 统批改+视频讲解形 题→批改→找错→ 成明显差异化优势,引 讲解→同类题巩固 领行业。 →进步追踪的闭环 在教育信息化2.0和 巩固智学网在精准教 新高考改革背景下， 学赛道的行业领先地 针对K12学校考试阅 位，AI+教育深度融 产品层面：完成分级 卷效率低、学情分析 合形成差异化技术壁 套餐重构，提升产品 维度单一、集团校/区 垒；集团校/区域平 易用性；集团校/区级 域教研缺乏数据支撑 台填补""单校工具→区 产品上线，AI智批改 等痛点，构建大数据 域管理平台""的产品空 大精产品 开发完成 落地，提升重点省份 精准教学系统，通过 白，打开GB端大单 教研渗透率。 智能阅卷、AI精准分 市场；分级套餐和运 市场层面：运营新模 析、分级套餐等能 营新模式为教育 式完成0-1验证并可 力，为学校和教育管 SAAS存量经营提供 规模化复制。 理部门实现数据驱动 可复制方法论，支撑 的精准教学与科学教 公司教育信息化长期 研。 战略。 在“双减”及教育数 字化背景下,结合学校 在“一教一辅”收紧 教育教学实际需求,建 在一教一辅政策收紧 的政窗口期，以“不 设数智作业平台,技术 的背景下，本方案旨 增负、提质量”的数 赋能作业设计、作业 在构建一套覆盖全科 智作业切入，能强化 批改、作业讲评、学 的数智作业产品方 讯飞“因材施教”的 情沉淀、作业监管等 案，通过打造高适配 品牌形象；深化技术 作业全流程。 度的全科教学资源、 数智作业 开发阶段 壁垒，强化全科智批 构建教师考核评价指 具备全科全题型智能 核心技术优势，巩固 标,有效落实作业管理 批改的能力，以及贯 行业标杆地位。提升 要求,提高教师作业设 通教学全流程的数据 存量校渗透率，以全 计能力,提升师资教研 闭环，全面提升各学 科运营扩大单校产出 力量,数据指导教学,提 科课时作业场景的易 与增量市场，拓展市 高教学效能,减轻作业 用性与教学效能。 场空间。 负担,促进学生个性成 长。 面向高校教务处、二 级学院及教师,提供混 合式智慧教学平台和 智慧课程建设运营服 适配高等教育的科技 将学科教育专用大模 务,以更加适配高等教 文献大模型与学科教 型切入教学场景，提 育的科技文献大模型 育专用大模型引入教 供混合式智慧教学平 为选择,以更加精准的 学核心场景，在高校 台和智慧课程建设运 学科教育专用大模型 这一关键赛道形成差 讯飞AI课程 开发阶段 营服务，服务高效教 为拓展,提供包含知识 异化竞争优势。建立 师减负增效和精准教 图谱、智能助手、智 起高粘性的院校合作 学，实现学生个性化 能工具等在内的融合 生态，为后续市场拓 学习，助力师生人工 性教学应用,帮助教师 展奠定坚实的客户基 智能素养提升。 减负增效和精准教学, 础。 实现学生个性化学习, 助力师生人工智能素 养提升。 针对当前企业普遍面 1、通过多维数据建模 AIBOOST平台的推 临的获客成本持续攀 实现用户精准分群与 广应用，将推动企业 aiBoost存量营销平台 开发阶段 高、存量用户价值难 动态标签化，提升识 从传统营销向数据与 以有效挖掘以及传统 别管理能力；2、基于 AI驱动的智能运营升 40",windowed_extraction_review_required
002230.SZ,AR_002230_SZ_2025,r_and_d,31,42,"科大讯飞股份有限公司2025年年度报告全文 寸模型+开源模型组合，实现同等体验下用户成本更低。在大尺寸旗舰模型的国产化训练方面，华为已正式 发布昇腾950系列芯片并披露性能参数，科大讯飞已与华为开展深度联合，在昇腾950平台上联合攻坚高效 模型结构、混合Attention机制、智能体强化学习等关键技术。公司计划在今年1024开发者节期间，在昇腾 950平台上发布中国首个对标业界最先进主流模型的旗舰大模型。 （二）全球领先的智能语音核心技术 科大讯飞在智能语音技术领域深耕已久，始终坚持技术创新和系统性创新并行，作为第一完成单位的 “多语种智能语音关键技术及产业化”项目在2024年获得国家科学技术进步奖一等奖，这是深度学习引发 全球人工智能浪潮以来，过去十年人工智能领域首个国家科学技术进步奖一等奖，充分证明了科大讯飞在智 能语音领域的技术优势与创新能力。 智能语音技术作为万物互联时代的最便捷的入口技术，在大模型的加持下同样是推动token经济快速发 展的关键入口，是大模型从电脑智能体和手机APP等软件形态走向智能家居、陪伴机器人等现实生产和生 活的关键。同时，各类应用场景的延伸也对智能语音技术提出了更高的要求，例如从单人、近场语音识别交 互发展到多模态、高噪远场、多语言多方言的识别交互。只有具备包括麦克风阵列、摄像头深度融合的软硬 一体化、远场高噪多人语音增强和识别、超拟人语音合成和百变声音复刻、多模态全双工交互等多项关键技 术的深度融合，才能真正实现AI交互能力在现实世界落地实用。 科大讯飞在全国产算力上坚持语音大模型基础架构的创新，2025年业界首发非自回归语音大模型架构， 效果相对提升16%，推理成本下降84%，目前已规模化推广；发布超拟人语音合成和业界首发的百变声音复 刻，大幅提升合成语音的拟人度和情感等可控能力；2025年业界首发端到端语音同传大模型，显著提升语音 同传的体验得分、首字响应时间和专业词汇翻译能力。在IDC发布的《中国AI翻译技术评估，2025》报告 中，科大讯飞在翻译速度、翻译效果、专业度、拟人度、研发投入、产品成熟度、商业化规模及用户推荐度 全部8项评估维度中均排名第一。2025年世界人工智能大会（WAIC）上，科大讯飞作为大会官方""翻译合作 伙伴""，提供覆盖15种语言的专业同传服务。 2025年发布多模态实时交互系统，在全双工交互、复杂任务规划、多模态感知、长短时记忆等技术上 取得突破，助力讯飞车载智能座舱持续保持行业市场份额第一。 （三）软硬一体实现行业技术引领与应用落地 软硬一体是AI走进真实生活、落地智能终端与全场景应用的核心路径。科大讯飞拥有国家级工业设计 中心，建成语音声学、光学显示、通信射频、电子产品可靠性四大实验室，拥有155项CNAS认可资质和全 球100多个国家与地区检测互认，构建了麦克风阵列、扬声器阵列、视觉感知、显示护眼、端侧算力等底层 能力，实现硬件能力与大模型深度融合，持续引领AI+硬件的技术创新与产业落地，在翻译机、录音笔、 办公本、会议耳机、学习机五大AI硬件赛道，获得德国红点、德国IF、美国IDEA、日本G-Mark等31项 国际设计奖项，持续多年稳居全渠道销售额冠军，体现了公司AI技术软硬件一体化的持续领先优势。 在AI+麦克风技术上，原创多型麦克风阵列，通过AI智能测算和动态调节，实现全场景自适应降噪。 AI办公本 X5在 80 分贝高噪环境下于 3米和 5米距离的识别准确率分别为 95%和 90.6%，而同环境下 iPhone17Pro为74.2%和50.9%。AI翻译耳机首创单耳三麦多感融合降噪，食堂、地铁等高噪环境语音识别 31
科大讯飞股份有限公司2025年年度报告全文 准确率97.1%。AI翻译机独创1米穹顶式隔音效果，有效隔离1米外噪音干扰，在嘈杂的工厂也可以静谧交 流。 在AI+显示技术上，公司联合国际权威认证机构、眼科医院、中标院等研究院所，从灯珠荧光粉材料、 光学膜层、芯片与护眼算法的组合创新，实现“自然光显示”效果，守护视觉健康。AI学习机连续四代引 领旗舰学习终端显示护眼行业水平。AI黑板130度超宽显示视角，让学生在课堂的每一个座位上都可以看清 楚。 在AI+多模技术上，AI眼镜首创唇动识别降噪技术，基于12M摄像头和6麦克风阵列，实现唇动与语 音的多模融合识别，最远拾音距离10米。 （四）业界领先的开发者生态 讯飞AI开放平台作为我国首批国家级人工智能开放创新平台，MaaS业务发展成效显著，同时依托软硬 一体战略构建差异化优势，核心竞争力突出。运营层面，构建“API经济+大模型Token经济”双轮驱动新 模式，生态运营高效，开发者生态规模领跑行业，AI开发者超1000万，大模型开发者达229万，年度增速 124%，三方开发者大模型日均Tokens同比激增4241%，生态扩容速度行业领先。 MaaS业务持续突破，以星辰MaaS底座为核心，提供国产算力支撑的训推一体全链路服务，整合50+主 流开源模型，开放垂直场景精调与第三方接入能力，同步推动信创大模型生态建设。MaaS相关收入增长迅 猛，大模型API及MaaS平台服务收入3.85亿元，同比增长263%，依托“1+N+X”升级模型矩阵，结合智 能体产业化战略与软硬一体布局，形成“模型—平台—智能体—终端”的完整服务体系。同时，平台积极推 进海外赋能，在多地区部署本地服务器，开放多语种AI能力，服务200余个国家和地区，累计服务海外开 发者超56万，推动中国AI技术全球化落地，进一步放大核心竞争优势。 （五）GBC联动独特优势 不同于单一面向政府、行业或消费者市场的人工智能企业，科大讯飞在多个核心业务领域已经形成""以 G端树立应用制高点和品牌公信力、以B端实现规模化落地、以C端服务亿万个人用户""的GBC联动模式，最 终实现""后台核心技术共享、前台场景贯穿、品牌相互联动""的飞轮效应： 1、在教育领域，公司从承建国家级人工智能教育应用示范区起步，深入服务超过6万所高校及中小学， 沉淀出覆盖""教、学、考、评、管""全链条的教育大模型和场景理解能力，进而赋能讯飞AI学习机等C端硬 件产品，让""因材施教""的优质教育资源走进千家万户，学习机保持高端品牌第一，行业指名度（NPS）第一。 2、在医疗领域，公司以基层诊疗助手智医助理在全国超过800个区县实现了常态化应用，提供近11亿 次医疗辅助诊断建议，深度参与基层医疗能力建设和疾控体系赋能，并向各级等级医院延伸，最终通过诊后 随访、讯飞晓医等产品直接服务个人用户健康管理，形成""区域—医院—个人""贯通的医疗AI服务体系。 3、在办公、翻译等领域，公司同样依托面向行业客户打磨的核心技术，反哺翻译机、办公本、录音笔、 智能眼镜、讯飞听见等C端软硬件产品，使其在各自细分品类中长期保持市场领先地位。 GBC联动模式的独特价值在当前阶段尤为凸显。2025年8月26日，国务院印发《关于深入实施""人工智 能+""行动的意见》，系统部署""人工智能+""六大重点行动。2026年3月，《中华人民共和国国民经济和社会 32
科大讯飞股份有限公司2025年年度报告全文 发展第十五个五年规划纲要》明确提出""全面实施'人工智能+'行动。在国家充分发挥新型举国体制优势、推 动人工智能朝着有益、安全、公平方向健康有序发展的战略部署下，G端的高标准应用和示范效应是保障人 工智能阳光、健康发展的重要锚点；B端、C端在真实场景中积累的行业know-how、规模化数据和工程化能 力，则构成了从核心技术到产业应用之间的关键壁垒。GBC联动的独特优势，使公司能够更好承接国家战略 部署，在新一轮人工智能产业竞争中持续构筑核心竞争力。 （六）科技品牌的公信力及全域营销服务网络 科大讯飞作为中国智能语音及人工智能产业头部企业，公司丰富的人工智能规模化应用案例和可以用统 计数据验证的实际成果，受到行业客户和合作伙伴的充分信任，并与各行业占据市场优势地位的开发商建立 了长期稳定的战略合作关系，行业科技品牌号召力与竞争优势明显。特别在教育、医疗等民生行业方向，科 大讯飞作为“人工智能国家队”的品牌公信力获得了客户广泛认可。公司品牌资产位列国际权威榜单 BrandZ“最具价值中国品牌100强”第42名，品牌价值47.62亿美元。 基于多年在行业业务的耕耘和积累，科大讯飞已经形成覆盖全国的规模化营销网络，在全国共设立32 个区域营销机构（各省大区+央国企），覆盖全国所有省份。为了更好地贴近客户，为客户提供服务，科大 讯飞积极加强对落地区域的团队管理和建设，前后端全流程拉通已构建起一体化销售服务体系，支撑业务产 品的全面快速推广和落地。 四、主营业务分析 1、概述 报告期内，公司踏踏实实推进长期、可持续、高质量发展。得益于人工智能应用规模化落地不断取得成 效，公司在人工智能自主可控保持高强度投入的背景下，仍然实现了全年营业收入、毛利、归母净利润、扣 非净利润、经营性现金流净额等各项核心经营指标均保持正向增长。具体为：实现营业收入271.05亿元，较 上年同期增长16.12%；实现归母净利润8.39亿元，较上年同期增长49.85%，扣非净利润2.64亿元，较上年 同期增长40.47%。同时，销售回款总额超过274亿元，较去年同期增长超过45亿元，报告期末经营活动产 生的现金流量净额32.08亿元，以上两项均创历史新高。 本报告期业绩变动的主要原因是： 1、公司积极抢抓通用人工智能的历史新机遇，继续保持面向未来抢占人工智能根红利的战略投入，研 发投入较上年同比增长7.84亿元，占营业收入比重为19.79%。公司坚持核心技术底座自主可控，算法、算 力、数据等要素自主可控的AI核心技术研究和模型训练体系领先性得到进一步验证。 “讯飞星火”大模型是目前我国唯一基于全国产算力训练出来的全民可下载的主流大模型，整体技术指 标持续对标全球第一梯队，并在教育、医疗、安全、能源等行业的模型效果全球领先；星火多语言大模型已 覆盖超130个语种，有力支撑中国人工智能出海，为世界提供第二种选择的同时，将形成公司业务收入增长 的有力支撑。科大讯飞人工智能国家队的产业地位进一步增强，得到国家高度认可，2025年因承担重大项目 的政府补助增加3.50亿元，公司同期上缴税收超过16亿元，创历史新高。 33
科大讯飞股份有限公司2025年年度报告全文 2、面对人工智能从技术突破到规模化商业落地的关键阶段，公司强化高端品牌建设，在包括讯飞AI学 习机在内的C端人工智能产品的品牌推广和渠道建设，以及面对人工智能出海方面继续增加营销投入，销售 费用同比增长27.12%。上述高强度投入的成效正日益显现，效益将随着规模效应而进一步释放。 “讯飞星火”大模型在C端落地不断加速。以讯飞AI学习机为例，大模型赋能答疑辅导、精准学、AI 互动，不断提升自主学习效果，连续三年在京东天猫618、双11电商节中获得学习机品类全周期销售额冠军， 用户推荐值NPS持续行业第一。大模型行业落地方面，2025年科大讯飞大模型相关项目的中标数量和金额 在全行业统计中再次获得双第一，科大讯飞大模型相关项目中标金额23.16亿元，超过第二名至第六名的总 和（数据来源：智能超参数“中国大模型中标项目监测与洞察报告（2025）”）。同时，“讯飞星火”产业 生态进一步加强，讯飞开放平台开发者数量突破1000万，其中，海外开发者56.4万。2025年全年新增开发 者数量超过224万，其中大模型开发者新增127万，开发者数量持续高速增长，加速行业赋能步伐。 综上所述，2025年公司在自主可控平台上进一步夯实了人工智能产业国家队的地位，在当前人工智能 产业持续迎来更有利的产业发展环境下，公司将在更加坚实的基础上，更高质量地推动技术进步与产业发展。 各项业务进展情况请详见“一、报告期内公司从事的主要业务”的相关内容。 2、收入与成本 （1）营业收入构成 单位：元 2025年 2024年 项目 同比增减 占营业收入 占营业收入 金额 金额 比重 比重 营业收入合计 27,105,390,547.66 100% 23,343,093,018.69 100% 16.12% 分行业 一、主营业务 软件和信息技术服务业 26,688,286,195.26 98.46% 22,961,637,479.48 98.37% 16.23% 教育教学 346,907,592.86 1.28% 315,942,543.30 1.35% 9.80% 二、其他业务 70,196,759.54 0.26% 65,512,995.91 0.28% 7.15% 分产品 一、主营业务 1、智慧教育 8,967,359,795.13 33.08% 7,229,265,407.18 30.97% 24.04% 2、智慧医疗 858,054,929.00 3.17% 691,572,023.72 2.96% 24.07% 3、开放平台及消费者业务 开放平台 6,088,310,052.51 22.46% 5,171,903,877.27 22.16% 17.72% 智能硬件 2,182,983,104.60 8.05% 2,022,764,845.35 8.67% 7.92% 移动互联网产品及服务 978,057,906.62 3.61% 691,306,726.81 2.96% 41.48% 4、智慧城市 34
科大讯飞股份有限公司2025年年度报告全文 信息工程 1,299,840,753.42 4.80% 1,682,385,292.47 7.21% -22.74% 数字政府行业应用 1,558,485,446.04 5.75% 1,195,589,506.33 5.12% 30.35% 智慧政法行业应用 713,362,743.18 2.63% 738,774,392.27 3.16% -3.44% 5、运营商 1,935,558,748.45 7.14% 1,901,147,959.94 8.14% 1.81% 6、智慧汽车 1,239,966,473.07 4.57% 988,753,872.97 4.24% 25.41% 7、企业AI解决方案 858,924,808.45 3.17% 642,685,685.22 2.75% 33.65% 8、其他 354,289,027.65 1.31% 321,430,433.25 1.38% 10.22% 二、其他业务 70,196,759.54 0.26% 65,512,995.91 0.28% 7.15% 分地区 一、主营业务 华东地区 12,737,286,793.30 46.99% 11,750,547,820.62 50.34% 8.40% 华南地区 5,044,103,118.72 18.61% 3,612,469,328.26 15.48% 39.63% 华北地区 3,588,315,004.47 13.24% 3,211,611,130.50 13.76% 11.73% 西南地区 2,017,201,781.48 7.45% 1,718,744,636.31 7.36% 17.36% 华中地区 1,839,065,773.07 6.78% 1,648,642,191.51 7.06% 11.55% 西北地区 789,457,155.42 2.91% 697,348,051.19 2.99% 13.21% 国外地区 518,207,385.84 1.91% 159,527,734.43 0.68% 224.84% 东北地区 501,556,775.82 1.85% 478,689,129.96 2.05% 4.78% 二、其他业务 华东地区 70,196,759.54 0.26% 65,512,995.91 0.28% 7.15% 分销售模式 营业收入 27,105,390,547.66 100% 23,343,093,018.69 100% 16.12% 公司需遵守《深圳证券交易所上市公司自律监管指引第3号——行业信息披露》中软件与信息技术服务业的披露要求 单位：元 2025年度 2024年度 项目 第一季度 第二季度 第三季度 第四季度 第一季度 第二季度 第三季度 第四季度 4,657,815,6 6,253,122,1 6,078,496,9 10,115,955, 3,646,215,3 5,678,329,6 5,524,991,8 8,493,556,0 营业收入 85.81 36.90 51.37 773.58 86.95 54.19 87.00 90.55 归属于上 - - - - 市公司股 172,251,81 906,066,28 56,961,383. 903,866,89 193,251,72 45,675,509. 300,468,03 100,197,58 东的净利 2.40 7.65 78 6.59 9.36 33 0.20 7.01 润 说明经营季节性（或周期性）发生的原因及波动风险 公司教育业务、智慧城市业务等主要面向学校、政府等企事业单位及规模较大企业，在项目建设上具有一定的季节 性特点，如上半年规划论证、年中或下半年实施。从近年各季度经营情况来看，亦呈现第一季度营业收入较低，第四季 度营业收入较高的特点。 35
科大讯飞股份有限公司2025年年度报告全文 （2）占公司营业收入或营业利润10%以上的行业、产品、地区、销售模式的情况 ☑适用□不适用 公司需遵守《深圳证券交易所上市公司自律监管指引第3号——行业信息披露》中软件与信息技术服务业的披露要求 单位：元 营业收入比上 营业成本比上 毛利率比上 项目 营业收入 营业成本 毛利率 年同期增减 年同期增减 年同期增减 分客户所处行业 软件和信息技术 26,688,286,195.26 15,307,980,107.47 42.64% 16.23% 16.81% -0.29% 服务业 分产品 教育产品和服务 8,967,359,795.13 4,025,167,260.37 55.11% 24.04% 23.57% 0.17% 开放平台 6,088,310,052.51 4,909,526,031.84 19.36% 17.72% 16.39% 0.92% 分地区 华东地区 12,807,483,552.84 7,185,936,718.61 43.89% 8.39% 8.13% 0.13% 华南地区 5,044,103,118.72 3,161,646,139.04 37.32% 39.63% 40.51% -0.39% 华北地区 3,588,315,004.47 2,205,584,842.86 38.53% 11.73% 9.33% 1.34% 公司主营业务数据统计口径在报告期发生调整的情况下，公司最近1年按报告期末口径调整后的主营业务数据 □适用☑不适用 （3）公司实物销售收入是否大于劳务收入 □是☑否 （4）公司已签订的重大销售合同、重大采购合同截至本报告期的履行情况 □适用☑不适用 （5）营业成本构成 行业分类 单位：元 2025年 2024年 行业分类 项目 同比增减 占营业成本 占营业成 金额 金额 比重 本比重 软件和信息技术 物料成本 8,255,047,088.49 52.83% 6,998,395,326.80 52.26% 0.57% 服务业 软件和信息技术 运营成本 5,983,621,183.52 38.30% 5,077,268,612.84 37.92% 0.38% 服务业 软件和信息技术 人员支出及外 1,063,349,779.90 6.81% 1,029,273,844.91 7.69% -0.88% 服务业 协劳务 教学业务 运营成本 299,466,834.88 1.92% 254,784,853.78 1.90% 0.02% 其他业务 运营成本 22,920,360.89 0.14% 31,442,831.93 0.23% -0.09% 合计 15,624,405,247.68 100.00% 13,391,165,470.26 100.00% 36
科大讯飞股份有限公司2025年年度报告全文 说明 公司需遵守《深圳证券交易所上市公司自律监管指引第3号——行业信息披露》中软件与信息技术服务业的披露要求 主营业务成本构成 单位：元 本报告期 上年同期 成本构成 同比增减 金额 占营业成本比重 金额 占营业成本比重 物料成本 8,255,047,088.49 52.91% 6,998,395,326.80 52.38% 0.53% 运营成本 6,283,088,018.40 40.27% 5,332,053,466.62 39.91% 0.36% 人力支出及外协 1,063,349,779.90 6.82% 1,029,273,844.91 7.70% -0.88% 成本 合计 15,601,484,886.79 100.00% 13,359,722,638.33 100.00% （6）报告期内合并范围是否发生变动 ☑是□否 详见本报告“第五节重要事项之“七”、与上年度财务报告相比，合并报表范围发生变化的情况说明”。 （7）公司报告期内业务、产品或服务发生重大变化或调整有关情况 □适用☑不适用 （8）主要销售客户和主要供应商情况 公司主要销售客户情况 前五名客户合计销售金额（元） 4,532,130,677.72 前五名客户合计销售金额占年度销售总额比例 16.72% 前五名客户销售额中关联方销售额占年度销售总额比例 4.19% 公司前5大客户资料 序号 客户名称 销售额（元） 占年度销售总额比例 1 客户一 1,381,615,971.87 5.09% 2 客户二 1,218,878,398.57 4.50% 3 客户三 1,134,920,926.18 4.19% 4 客户四 421,508,708.87 1.56% 5 客户五 375,206,672.23 1.38% 合计 4,532,130,677.72 16.72% 主要客户其他情况说明 ☑适用□不适用 公司与上述前五大客户中，客户三为中国移动通信有限公司及其下属子公司，为公司持股5%以上股东。根据《深 圳证券交易所股票上市规则（2024年修订）》6.3.3条等规定，该客户为本公司的关联法人。与其他客户不存在关联关系， 37
科大讯飞股份有限公司2025年年度报告全文 公司董事、高级管理人员、核心技术人员、持股5%以上股东、实际控制人和其他关联方在剩余的主要客户中无直接或 间接拥有权益。 公司主要供应商情况 前五名供应商合计采购金额（元） 3,251,851,156.85 前五名供应商合计采购金额占年度采购总额比例 24.12% 前五名供应商采购额中关联方采购额占年度采购总额比例 4.07% 公司前5名供应商资料 序号 供应商名称 采购额（元） 占年度采购总额比例 1 供应商一 1,652,206,381.89 12.26% 2 供应商二 548,345,127.78 4.07% 3 供应商三 445,232,278.82 3.30% 4 供应商四 334,449,143.24 2.48% 5 供应商五 271,618,225.12 2.01% 合计 3,251,851,156.85 24.12% 主要供应商其他情况说明 ☑适用□不适用 公司与上述前五大供应商中，供应商二为安徽言知科技有限公司及其下属子公司，为实际控制人刘庆峰控制的其他 公司。根据《深圳证券交易所股票上市规则（2024年修订）》6.3.3条等规定，该供应商为本公司的关联法人。与其他上 述供应商不存在关联关系，公司董事、高级管理人员、核心技术人员、持股5%以上股东、实际控制人和其他关联方在 剩余主要供应商中无直接或间接拥有权益。 报告期内公司贸易业务收入占营业收入比例超过10% □适用☑不适用 3、费用 单位：元 2025年 2024年 同比增减 重大变动说明 销售费用 5,190,906,420.51 4,083,416,224.07 27.12% 管理费用 1,387,906,299.50 1,455,408,951.23 -4.64% 财务费用 172,981,046.56 134,760,518.04 28.36% 研发费用 4,438,994,619.20 3,891,601,383.59 14.07% 4、研发投入 ☑适用□不适用 预计对公司未来发展 主要研发项目名称 项目目的 项目进展 拟达到的目标 的影响 面向K12学生及家 完成旗舰款、进阶 本项目作为2026年度 科大讯飞学习机T90 长，解决自主学习效 开发阶段 款、基础款全系列产 旗舰系列产品，将进 系列 果差、效率低、兴趣 品研发，覆盖不同价 一步巩固讯飞在AI学 38
科大讯飞股份有限公司2025年年度报告全文 预计对公司未来发展 主要研发项目名称 项目目的 项目进展 拟达到的目标 的影响 不足及家长辅导难等 格段与用户需求； 习机领域的高端领导 核心痛点，通过AI技 强化AI大模型在个性 者地位。通过软硬件 术构建个性化精准 化学习、答疑辅导等 一体化创新，持续强 学、互动课程、答疑 核心功能的应用，提 化“星火大模型”与 辅导等功能，提供一 升产品智能化水平； “AI个性化精准学” 站式智能学习能力。 在主力价格带巩固竞 的核心差异化优势， 争优势，提升各价格 提升品牌影响力与行 段市场份额。 业话语权，为教育业 务持续健康发展提供 有力支撑。 面向BG支撑学习 机、考试与语言学 习、大课堂、大学 情、素质教育和科普 整合行业厂商、AI引 研究院等核心方案和 擎与大模型引擎，构 产品,秉承人工智能助 建教育大模型矩阵能 力减负增效,因材施教 力平台。通过架构与 的理念,持续建设教育 技术栈统一，降低运 领域AI关键功能、知 维成本，提升核心业 加速教育大模型应用 识库、工具、智能体 务现网稳定性，保障 建设普适化，提升各 教育大模型能力平台 和语音、图文、认 开发完成 流量持续增长下的资 个教育业务市场产品 知、三方、专有大模 源可用。在安全框架 交付效率 型等融合的教育大模 内，高效、低成本地 型能力平台,推动教育 为业务提供更多AI能 刚需场景基于大模型 力，快速响应业务诉 的融合创新,重点解决 求，助力教育产品实 效果、成本、效率和 现降本增效。 安全方面的问题,构建 产品竞争壁垒,满足师 生在教学考评管各环 节使用。 聚焦“不会用、不好 完成核心软件及教学 用、用不好”等核心 内容结构性优化，提 通过AI技术在教育场 用户痛点，依托AI技 升课程质量与学习路 景深度落地，强化产 术优化学习路径引导 径引导能力； 品系统性与智能化水 与课程内容质量，构 构建多学科个性化学 平，提升用户粘性与 学习机Lumie系列 建以学习效果为核心 开发完成 习系统，实现学习过 品牌信任度，巩固公 的学习系统，解决学 程可跟踪、成效可量 司在AI学习机市场的 生在学习规划、智能 化；提升用户活跃度 领先地位，并为后续 辅导等方面的实际困 与学习完成率，增强 教育产品线发展沉淀 难，提升学习效率与 产品差异化竞争力与 可复用能力。 成果。 用户满意度。 项目面向学习机业 面向自主学习场景构 务，依托教研能力与 该项目将进一步夯实 建系统化学练资源， 内容资源服务，深耕 讯飞学习机自研AI 涵盖全科新课标自研 学习场景，打磨学习 课程核心优势，丰富 2025年学习机资源建 体系课、低幼思维 路径，完善学科体 开发完成 优质学科内容，完善 设 课、初中语文精准 系，持续优化资源建 自主学习体系，有效 学、初中数学培优课 设，助力用户实现高 提升产品竞争力与用 等多品类优质课程内 效自主学习，提升整 户粘性。 容。 体用户满意度。 助力学习机从0到1 1.大幅提升核心竞争 批改+辅学，让学习 自研批改、辅学,在成 力，从“工具”变成 机从“播放工具”变 本可控、持续稳定、 “智能老师”，从传 成“智能私教”，提 学习机辅学模块 开发阶段 投诉可控的情况下,彻 统普通学习机（屏幕 升粘性、差异化、溢 底解决小猿卡脖子的 +资源+点读）升级 价能力。 问题，助力学习机打 为能诊断、批改、讲 构建技术壁垒，沉淀 39
科大讯飞股份有限公司2025年年度报告全文 预计对公司未来发展 主要研发项目名称 项目目的 项目进展 拟达到的目标 的影响 造1V1辅导老师 解、出题、追踪进步 用户数据，拓展持续 （如：超拟人、错因 2、解决家长最痛的痛 收入，把品牌从硬件 批改、错因讲解、作 点：不会教、没时 厂商升级为教育科技 业辅导方案等）,和传 间、改不动，达到做 平台。 统批改+视频讲解形 题→批改→找错→ 成明显差异化优势,引 讲解→同类题巩固 领行业。 →进步追踪的闭环 在教育信息化2.0和 巩固智学网在精准教 新高考改革背景下， 学赛道的行业领先地 针对K12学校考试阅 位，AI+教育深度融 产品层面：完成分级 卷效率低、学情分析 合形成差异化技术壁 套餐重构，提升产品 维度单一、集团校/区 垒；集团校/区域平 易用性；集团校/区级 域教研缺乏数据支撑 台填补""单校工具→区 产品上线，AI智批改 等痛点，构建大数据 域管理平台""的产品空 大精产品 开发完成 落地，提升重点省份 精准教学系统，通过 白，打开GB端大单 教研渗透率。 智能阅卷、AI精准分 市场；分级套餐和运 市场层面：运营新模 析、分级套餐等能 营新模式为教育 式完成0-1验证并可 力，为学校和教育管 SAAS存量经营提供 规模化复制。 理部门实现数据驱动 可复制方法论，支撑 的精准教学与科学教 公司教育信息化长期 研。 战略。 在“双减”及教育数 字化背景下,结合学校 在“一教一辅”收紧 教育教学实际需求,建 在一教一辅政策收紧 的政窗口期，以“不 设数智作业平台,技术 的背景下，本方案旨 增负、提质量”的数 赋能作业设计、作业 在构建一套覆盖全科 智作业切入，能强化 批改、作业讲评、学 的数智作业产品方 讯飞“因材施教”的 情沉淀、作业监管等 案，通过打造高适配 品牌形象；深化技术 作业全流程。 度的全科教学资源、 数智作业 开发阶段 壁垒，强化全科智批 构建教师考核评价指 具备全科全题型智能 核心技术优势，巩固 标,有效落实作业管理 批改的能力，以及贯 行业标杆地位。提升 要求,提高教师作业设 通教学全流程的数据 存量校渗透率，以全 计能力,提升师资教研 闭环，全面提升各学 科运营扩大单校产出 力量,数据指导教学,提 科课时作业场景的易 与增量市场，拓展市 高教学效能,减轻作业 用性与教学效能。 场空间。 负担,促进学生个性成 长。 面向高校教务处、二 级学院及教师,提供混 合式智慧教学平台和 智慧课程建设运营服 适配高等教育的科技 将学科教育专用大模 务,以更加适配高等教 文献大模型与学科教 型切入教学场景，提 育的科技文献大模型 育专用大模型引入教 供混合式智慧教学平 为选择,以更加精准的 学核心场景，在高校 台和智慧课程建设运 学科教育专用大模型 这一关键赛道形成差 讯飞AI课程 开发阶段 营服务，服务高效教 为拓展,提供包含知识 异化竞争优势。建立 师减负增效和精准教 图谱、智能助手、智 起高粘性的院校合作 学，实现学生个性化 能工具等在内的融合 生态，为后续市场拓 学习，助力师生人工 性教学应用,帮助教师 展奠定坚实的客户基 智能素养提升。 减负增效和精准教学, 础。 实现学生个性化学习, 助力师生人工智能素 养提升。 针对当前企业普遍面 1、通过多维数据建模 AIBOOST平台的推 临的获客成本持续攀 实现用户精准分群与 广应用，将推动企业 aiBoost存量营销平台 开发阶段 高、存量用户价值难 动态标签化，提升识 从传统营销向数据与 以有效挖掘以及传统 别管理能力；2、基于 AI驱动的智能运营升 40
科大讯飞股份有限公司2025年年度报告全文 预计对公司未来发展 主要研发项目名称 项目目的 项目进展 拟达到的目标 的影响 营销方式效果有限、 生命周期与实时行为 级，树立行业数字化 用户触达不精准等核 构建智能营销体系， 转型标杆。同时伴随 心痛点，AIBOOST 精准触达以提升转化 平台技术壁垒与竞争 平台依托AI大模型技 效率与ROI；3、深度 力的日益增强，将拓 术，构建集用户精准 挖掘存量用户价值， 展多元应用场景，为 分群、行为触发式营 针对高潜、沉默及流 企业沉淀数据资产、 销、全渠道智能触达 失人群实施差异化策 构建未来智能商业生 与效果归因于一体的 略，驱动复购与留存 态奠定坚实基础，实 智能化运营体系，为 增长；4、打通全渠道 现高效、稳健的长期 客户提供存量用户价 触点，形成运营闭 发展 值深度挖掘、营销效 环，实现策略自动执 率提升与用户生命周 行与效果归因；5、利 期延长的综合支撑体 用AI模型持续优化营 系，助力企业在获客 销策略，增强决策科 与存量竞争中实现可 学性；6、沉淀标准化 持续增长。 能力，助力多领域客 户实现规模化商业落 地 旨在基于“星火认知 大模型”,构建面向企 业客户的大模型原生 场景化应用产品矩 基于B端场景探索， 打造智能体应用在B 阵。将技术优势转化 树立面向B端的智能 端企业的品牌影响 为商业价值，完善自 体应用品牌；在B端 星火场景化应用 开发阶段 力，为公司面向B端 身产品布局，同时,快 场景化市场做到领先 业务的拓展提供稳定 速应对主要竞争对手 地位，占据市场份额 持续的产品方案供给 的市场动作,构筑核心 的30%以上 竞争壁垒,并最终推动 星火应用生态的繁荣 与发展。 重点树立虚拟人品牌 势能： 能力输出：为广大开 发者提供效果好、价 面向央国企、金融文 格低的高性价比虚拟 旅及大型企业客户， 人技术能力，占领虚 平台围绕展厅接待、 拟人市场。 打造虚拟人交互技术 网站客服、数字助 提供标准的虚拟人软 核心竞争力和第一品 理、大屏调度等多个 虚拟人交互平台 开发阶段 件体系，涵盖虚拟人 牌，保持在B端行业 场景，提供垂直且完 交互WEB端与PC端 中数字人智能体交互 善的全链路能力，将 工具 产品行业第一 AI虚拟人引入多个行 硬件终端：支撑交互 业，针对性破解关键 机、端方案、移动端 场景中的实际难题。 等虚拟人软硬件一体 化设备，提供大模型 及业务办理类交互服 务。 1、持续优化输入法核 1、持续优化用户体 不断探索新的变现路 心输入功能，优化核 验，提升用户规模， 径提升收入规模,拓展 心输入引擎效果、优 实现输入法的用户价 大模型AI助手、智能 化端云结合的大模型 值提升并拓展内容增 体在输入法的深度落 核心输入能力，提升 值、大模型增值、商 讯飞输入法 开发阶段 地,提升用户输入效果, 输入准确性和效率； 业化价值；2、融入星 探索大模型增值新模 2、推进大模型AI助 火大模型AI、智能体 式,完善内容生态建设, 手UGC用户生态、 技术到输入法，巩固 提升内容增值规模。 垂直场景的深度拓 科大讯飞在人工智能 展，实现用户规模和 领域的品牌形象，树 41
科大讯飞股份有限公司2025年年度报告全文 预计对公司未来发展 主要研发项目名称 项目目的 项目进展 拟达到的目标 的影响 增值收入增长；3、完 立面向AI时代的新一 成皮肤、壁纸、字 代输入法的行业形象 体、光标搭子等增值 内容生态、UGC生 态、工具能力建设， 提升内容生态规模和 增值收入规模；4、完 成鸿蒙输入法版本的 优化、各平台信创输 入法、车机输入法的 优化，进一步提升平 台覆盖能力，扩展设 备厂商合作；5、探索 新的变现路径和精细 化运营能力，提升变 现收入规模 旨在解决法官在办案 辅助办案系统与法院 贴合法官办案的业务 过程中面临的案情梳 一张图、庭审等系统 场景，对案件的案情 理繁琐、案件审查、 深度融合，打造数字 梳理、要件审查、事 文书编写工作量大,以 法院的整体能力体 实查明、文书编写等 及法条和类案适用不 系；同时基于本产品 星火AI法官助理 开发阶段 场景依托大模型的要 准确等问题,同时,也为 理念与逻辑，拓展面 素抽取、内容摘要、 院庭长提供高效的阅 向律师办案的辅助产 逻辑推理能力生成初 核工具,降低工作负荷, 品。进一步夯实讯飞 版内容，辅助法官工 提高办案效率和司法 在法律行业的产品布 作提效 公正性。 局和竞争力 为用户提供全场景、 自然流畅的智能交互 通过协同音效、驾驶 功能的星火座舱系统 在市场竞争激烈和快 等领域，应用大模 产品，解决车企客户 速变化的情况下，座 型、语音、视觉等多 的智能体验碎片化、 舱通过持续推出体验 模态AI核心技术和其 难以融合生态、座舱 优势产品打动用户， 星火座舱系统 开发阶段 他座舱技术，实现下 场景品质不足、数据 顺应行业格局变化做 一代智能座舱AI融合 安全焦虑、自研能力 好客户支撑，与合作 框架和行业共识的座 弱、体验评价难等问 伙伴协同共赢，最终 舱体验评价体系 题，达到交互自然流 实现讯飞的持续发展 畅行业领先，特色垂 域场景行业领先 三年内实现大学生与 巩固新生代AI助手市 初阶白领用户规模化 场领导地位，推动 突破，覆盖重点高校 “星火”品牌年轻化 为用户提供大模型智 及核心城市职场，通 渗透；验证技术商业 能助手产品,面向C端 过“学业-职场-生 化路径，反哺大模型 个人用户及开发者群 活”智能体矩阵抢占 星火APP 开发阶段 垂类能力；培育高价 体,帮助用户在工作和 垂直场景，以“免费 值用户社群，为生态 生活中解决问题和提 +订阅+定制”三层模 扩张（教育/职场/生 升效率 式驱动付费转化，用 活）提供数据与流量 户满意度行业领先， 基础，构筑长期竞争 形成高粘性社群与可 壁垒。 复用的获客体系。 研发一款不改变老师 1、持续提升学习机市 星火智能批阅机是在 习惯，支持任意三方 场份额占有率，对应 大模型能力加持下， 作业版面（无点无线 价格区间GMV力争 第一批真实落地的行 星火智能批阅机 识别）的智能批改一 开发阶段 达到TOP2，增强品 业应用并在试点阶段 体机，能便捷高效的 牌影响力； 已取得前场客户认可 批阅作业/试卷，将老 2、通过画像推荐、图 的软硬一体产品。相 师从机械重复的作业 文识别、拍搜、批 信在未来，通过技术 42",windowed_extraction_review_required
002230.SZ,AR_002230_SZ_2025,management_discussion,2,13,"科大讯飞股份有限公司2025年年度报告全文 年年度报告 2025 第一节重要提示、目录和释义 公司董事会及董事、高级管理人员保证年度报告内容的真实、准确、完 整，不存在虚假记载、误导性陈述或重大遗漏，并承担个别和连带的法律责 任。 公司负责人刘庆峰、主管会计工作负责人蔡尚及会计机构负责人（会计 主管人员）赵林悦声明：保证本年度报告中财务报告的真实、准确、完整。 所有董事均已出席了审议本报告的董事会会议。 本报告涉及的未来发展规划和经营目标的相关陈述，属于公司计划性事 务，不构成公司对投资者的实质承诺，投资者及相关人士均应对此保持足够 的风险认识，并且应当理解计划、预测与承诺之间的差异。 公司在本报告第三节“管理层讨论与分析”之“十一（二）、公司面临 的风险和应对措施”，分析了公司可能面临的风险及应对措施，提请投资者 关注相关内容。 公司经本次董事会审议通过的利润分配预案为：以未来实施分配方案时 股权登记日的总股本为基数，向全体股东每 10股派发现金红利 1元（含税）， 送红股 0股（含税），不以公积金转增股本。公司当前总股本 2,402,079,841 股，自董事会审议利润分配预案后至实施利润分配方案的股权登记日期间， 若公司总股本因回购股份等原因发生变动的，依照未来实施分配方案时股权 登记日的总股本为基数实施，并保持上述分配比例不变对总额进行调整。 2
科大讯飞股份有限公司2025年年度报告全文 目录 第一节重要提示、目录和释义........................................................................................................................................2 第二节公司简介和主要财务指标.....................................................................................................................................6 第三节管理层讨论与分析...............................................................................................................................................10 第四节公司治理、环境和社会........................................................................................................................................59 第五节重要事项.............................................................................................................................................................81 第六节股份变动及股东情况............................................................................................................................................93 第七节债券相关情况......................................................................................................................................................101 第八节财务报告.............................................................................................................................................................104 3
科大讯飞股份有限公司2025年年度报告全文 备查文件目录 一、载有法定代表人、主管会计工作负责人、会计机构负责人签名并盖章的财务报表。 二、载有会计师事务所盖章、注册会计师签名并盖章的审计报告原件。 三、报告期内在中国证监会指定报纸上公开披露过的所有公司文件的正本及公告的原稿。 四、载有董事长签名的2025年年度报告文本原件。 4
科大讯飞股份有限公司2025年年度报告全文 释义 释义项 指 释义内容 英文为ArtificialIntelligence（缩写为“AI”），指能够像人一样进行感 知、认知、决策和执行的程序或系统。其中感知能力指获取并处理基础环 境信息的能力（如语音识别、图像识别等），认知能力指分析处理高阶信 人工智能 指 息的能力（如自然语言理解、知识推理等），决策能力指基于认知结果制 定行动方案的能力（如博弈策略、规划控制等），执行能力指通过物理设 备或虚拟操作实现目标的能力（如机器人控制、自动化系统等）。 简称“讯飞星火”，是科大讯飞于2023年5月6号正式 推出的、基于全国产算力集群训练的全栈自主可控的通用大模型，具备文 本生成、语言理解、知识问答、逻辑推理、数学、代码、多模态等七大核 讯飞星火大模型 指 心能力。经过两年多的持续迭代，目前讯飞星火大模型已从通用模型上衍 生出星火语音大模型、星火多模态大模型、星火同传大模型，以及应用于 教育、医疗、企业等一系列行业大模型。 英文为ImageRecognition（缩写为“IR”），属于计算机视觉 图像识别 指 （ComputerVision）领域的技术之一，指利用计算机对图像进行处理、分析 和理解，以识别各种不同模式的目标和对象的技术。 英文为MachineTranslation（缩写为“MT”），指利用计算机将一种自然 机器翻译 指 语言（源语言）自动转换为另一种自然语言（目标语言）的技术。 英文为NaturalLanguageUnderstanding（缩写为“NLU”），属于自然语言 处理（NaturalLanguageProcessing）领域的核心技术之一，指能够将人类自 自然语言理解 指 然语言自动转换为机器可理解的语义表示的技术，包括对自然语言所蕴含 的意义、意图、情感及语境等信息的理解和认知。 英文为GenerativeArtificialIntelligence（缩写为“GAI”），是和判别式人 工智能（DiscriminativeArtificialIntelligence，缩写为“DAI”）对应的另一 生成式人工智能 指 种人工智能技术范式，核心任务为通过统计建模等方法学习各类型数据自 身的分布规律，从而据此分布生成新的符合统计特性的数据样本。该技术 具体可用于生成文本、图片、声音、视频等各多模态内容。 5
科大讯飞股份有限公司2025年年度报告全文 第二节公司简介和主要财务指标 一、公司信息 股票简称 科大讯飞 股票代码 002230 股票上市证券交易所 深圳证券交易所 公司的中文名称 科大讯飞股份有限公司 公司的中文简称 科大讯飞 公司的外文名称（如有） iFLYTEKCO.,LTD 公司的外文名称缩写（如有） iFLYTEK 公司的法定代表人 刘庆峰 注册地址 合肥市高新开发区望江西路666号 注册地址的邮政编码 230088 公司注册地址于2013年4月由合肥市高新开发区黄山路616号变更为合肥市高新开发 公司注册地址历史变更情况 区望江西路666号 办公地址 合肥市高新开发区望江西路666号 办公地址的邮政编码 230088 公司网址 http://www.iflytek.com 电子信箱 xunfei@iflytek.com 二、联系人和联系方式 董事会秘书 证券事务代表 姓名 江涛 常晓明 联系地址 合肥市高新开发区望江西路666号 合肥市高新开发区望江西路666号 电话 公司热线：4000-199199 公司热线：4000-199199 传真 0551-65331802 0551-65331802 电子信箱 taojiang@iflytek.com xmchang@iflytek.com 三、信息披露及备置地点 公司披露年度报告的证券交易所网站 https://www.szse.cn 《证券时报》《中国证券报》《上海证券报》《证券日报》及巨潮资讯网 公司披露年度报告的媒体名称及网址 http://www.cninfo.com.cn 公司年度报告备置地点 公司证券部 6
科大讯飞股份有限公司2025年年度报告全文 四、注册变更情况 统一社会信用代码 91340000711771143J 公司基于在人工智能核心技术领域取得的突破，从""让机器能听会说""进一步演 公司上市以来主营业务的变化情况 进至""让机器能理解会思考""，由智能语音核心技术提供商及应用方案提供商， （如有） 发展至人工智能产业头部企业。 历次控股股东的变更情况（如有） 无控股股东 五、其他有关资料 公司聘请的会计师事务所 会计师事务所名称 容诚会计师事务所（特殊普通合伙） 会计师事务所办公地址 合肥市蜀山区龙图路与绿洲西路交口置地广场A座29层 签字会计师姓名 黄亚琼、吕战男、李家勤 公司聘请的报告期内履行持续督导职责的保荐机构 □适用☑不适用 公司聘请的报告期内履行持续督导职责的财务顾问 □适用☑不适用 六、主要会计数据和财务指标 公司是否需追溯调整或重述以前年度会计数据 □是☑否 项目 2025年 2024年 本年比上年增减 2023年 营业收入（元） 27,105,390,547.66 23,343,093,018.69 16.12% 19,650,329,209.04 归属于上市公司股东的净利润 839,390,861.36 560,162,663.16 49.85% 657,312,908.24 （元） 归属于上市公司股东的扣除非经常 264,276,850.77 188,137,288.93 40.47% 118,061,711.15 性损益的净利润（元） 经营活动产生的现金流量净额 3,208,095,271.78 2,495,173,454.92 28.57% 349,757,814.55 （元） 基本每股收益（元/股） 0.36 0.24 50.00% 0.28 稀释每股收益（元/股） 0.36 0.24 50.00% 0.28 加权平均净资产收益率 4.57% 3.21% 1.36% 3.94% 2025年末 2024年末 本年末比上年末增减 2023年末 总资产（元） 44,857,109,349.34 41,478,899,803.20 8.14% 37,831,122,978.15 归属于上市公司股东的净资产 18,794,462,168.69 17,793,386,034.67 5.63% 17,032,284,511.72 （元） 公司最近三个会计年度扣除非经常性损益前后净利润孰低者均为负值，且最近一年审计报告显示公司持续经营能力存在 不确定性 □是☑否 公司报告期内经审计利润总额、净利润、扣除非经常性损益后的净利润三者孰低为负值 7
科大讯飞股份有限公司2025年年度报告全文 □是☑否 七、境内外会计准则下会计数据差异 1、同时按照国际会计准则与按照中国会计准则披露的财务报告中净利润和净资产差异情况 □适用☑不适用 公司报告期不存在按照国际会计准则与按照中国会计准则披露的财务报告中净利润和净资产差异情况。 2、同时按照境外会计准则与按照中国会计准则披露的财务报告中净利润和净资产差异情况 □适用☑不适用 公司报告期不存在按照境外会计准则与按照中国会计准则披露的财务报告中净利润和净资产差异情况。 八、分季度主要财务指标 单位：元 项目 第一季度 第二季度 第三季度 第四季度 营业收入 4,657,815,685.81 6,253,122,136.90 6,078,496,951.37 10,115,955,773.58 归属于上市公司股东的净利润 -193,251,729.36 -45,675,509.33 172,251,812.40 906,066,287.65 归属于上市公司股东的扣除非 -227,810,135.04 -136,359,620.18 26,238,946.77 602,207,659.22 经常性损益的净利润 经营活动产生的现金流量净额 -712,235,594.00 -59,738,770.16 894,645,921.17 3,085,423,714.77 上述财务指标或其加总数是否与公司已披露季度报告、半年度报告相关财务指标存在重大差异 □是☑否 九、非经常性损益项目及金额 ☑适用□不适用 单位：元 项目 2025年金额 2024年金额 2023年金额 说明 非流动性资产处置损益（包括已计提资产减值准备的冲销 12,823,978.12 12,293,698.18 22,292,562.80 部分） 计入当期损益的政府补助（与公司正常经营业务密切相 关，符合国家政策规定、按照确定的标准享有、对公司损 636,453,279.58 418,605,147.92 403,935,002.59 益产生持续影响的政府补助除外） 除同公司正常经营业务相关的有效套期保值业务外，非金 融企业持有金融资产和金融负债产生的公允价值变动损益 59,974,543.85 83,202,882.03 230,342,367.48 以及处置金融资产和金融负债产生的损益 委托他人投资或管理资产的损益 120,069.44 318,402.59 116,136.01 除上述各项之外的其他营业外收入和支出 -15,611,531.53 -76,227,181.17 -25,811,247.49 减：所得税影响额 110,342,525.35 51,007,163.77 83,523,602.33 8
科大讯飞股份有限公司2025年年度报告全文 少数股东权益影响额（税后） 8,303,803.52 15,160,411.55 8,100,021.97 合计 575,114,010.59 372,025,374.23 539,251,197.09 -- 其他符合非经常性损益定义的损益项目的具体情况： □适用☑不适用 公司不存在其他符合非经常性损益定义的损益项目的具体情况。 将《公开发行证券的公司信息披露解释性公告第1号——非经常性损益》中列举的非经常性损益项目界定为经常性损益 项目的情况说明 □适用☑不适用 公司不存在将《公开发行证券的公司信息披露解释性公告第1号——非经常性损益》中列举的非经常性损益项目界定为 经常性损益的项目的情形。 9
科大讯飞股份有限公司2025年年度报告全文 第三节管理层讨论与分析 一、报告期内公司从事的主要业务 科大讯飞自成立以来聚焦智能语音、自然语言理解、多模态、通用人工智能等AI核心技术研究，持续保持国际前 沿水平，积极推动人工智能产品研发和行业应用落地，致力于“让机器能听会说，能理解会思考，用人工智能建设美好 世界”。 图1业务全景示意图 科大讯飞经过多年持续投入，构建起自主可控的AI核心技术研究和模型训练体系，并形成AI开放平台、AI行业 应用、AI企业级应用、AI消费者应用四大商业化落地体系。 （一）核心技术研究和模型训练体系 科大讯飞作为推动中国人工智能技术自主创新的重要力量，承建了我国认知智能全国重点实验室和语音及语言信息 处理国家工程研究中心，在深度学习、智能语音、自然语言处理、多模态、通用人工智能等技术上积累深厚，多项核心 技术业界领先。 科大讯飞两次被列入美国实体清单，在成功应对极限施压的过程中，核心技术研究和产品开发平台已经逐步实现全 面自主可控。公司在此过程中锻炼出的核心能力已成为发展自主可控大模型的先发优势，通过与华为等强强联合，合力 打造我国通用人工智能新底座，让国产大模型架构在自主创新的软硬件基础之上，实现了大模型核心技术底座自主可控， 保障人工智能技术可持续发展。 面对复杂多变的国内外宏观环境，只有基于自主可控的技术创新，且在关键领域具备比较优势与行业话语权，才能 长期竞争中把握战略发展机遇。科大讯飞所构建的大模型全栈国产化技术具有重要战略意义和难得先发优势，已实现从 10
科大讯飞股份有限公司2025年年度报告全文 硬件基础到软件支撑，贯穿模型训练与推理应用的全栈自主可控。目前，讯飞星火仍然是中国主流大模型中唯一基于全 国产算力训练的通用大模型（主流大模型定义：国内通用大模型APP下载排名前十，或大模型招投标市场份额排名前 十）。 2025年1月，科大讯飞发布深度推理模型星火X1，这是首个基于全国产算力训练的具备深度思考和推理能力的大 模型，攻克了长思维链强化学习训练效率；在模型参数比业界同类模型小一个数量级的情况下实现业界一流效果，并率 先实现实际场景落地。2025年高考期间，新京报、新浪微博、上海报业集团等媒体对多家主流大模型进行高考语文和英 文作文写作、高考数学答题的权威横评，讯飞星火X1在语文和英文作文上均排名第一，在数学上是唯二超过140分的 大模型之一。 2025年11月，科大讯飞进一步升级发布了深度推理大模型星火X1.5，在全国产算力平台上攻克了MoE模型全链 路训练效率，在模型参数小一倍的情况下对标业界领先水平，并支撑教育、医疗等行业大模型能力持续领跑；多语言能 力超130种，整体性能达到GPT-5（high）的95%以上，为世界提供“第二种选择”。 除星火底座大模型多语言能力持续进阶外，2025年9月，科大讯飞面向东盟地区首发基于纯国产化软硬件打造的星 火东盟多语言大模型底座，覆盖东盟地区十种语言，具备语言理解、机器翻译、知识问答、文本生成、数学和常识推理 等能力，综合效果对标国际领先水平。基于在国产化算力及多语言能力上的独特优势，科大讯飞与华为进行紧密绑定， 讯飞星火与华为昇腾在海外主权大模型上深度合作，在全球插红旗、抢阵地。 在智能语音核心技术上，科大讯飞持续创新迭代保持全球领先。2025年全球首发自回归语音大模型架构，效果相 对提升16%，推理成本下降84%；业界首发端到端语音同传大模型并持续升级，翻译主观体验、响应速度、专业词库上 优势明显，在IDC《中国AI翻译技术评估》八大核心维度中排名第一；业界首发百变声音复刻，大幅提升合成语音拟人 度和情感等可控能力。 （二）AI开放平台 讯飞AI开放平台是首批国家人工智能开放创新平台，深耕AI技术开放与产业赋能，持续引领行业技术迭代与生态 共建，在夯实算力底座、完善模型体系、加速产业落地进程中持续发挥核心引领作用，平台将MaaS建设与智能体产业 化作为核心战略培育方向，在开发者生态规模增长以及“API经济”+大模型“Token经济”上快速提升，加速生态扩容， 构建了双轮驱动经济新增长的开放平台生态运营新模式。报告期内，平台已开放920项AI能力与解决方案，AI开发者 规模突破1000万，大模型开发者达到229万，年度增速124%。AI平台及授权服务收入12.52亿元，其中大模型API及 MaaS平台服务收入3.85亿元，同比增长263%。截至2026年3月末，依托星辰MaaS底座及星火大模型，平台三方开发 者大模型日均Tokens同比增长4241%。""1+N+X""模型矩阵全系列升级，覆盖代码生成、视频生成、内容创作、教育学习、 数据分析等60+关键场景。依托技术矩阵与生态优势，已形成能力开放、生态聚合与商业增长协同发展的行业新范式， 作为业界领先的AI开放平台，讯飞开放平台将持续夯实商业化根基、放大生态协同效应，不断驱动AI产业高质量增长。 全链自研，生态规模领跑行业：讯飞星辰MaaS平台为开发者提供基于国产算力的训推一体全链路工具，涵盖模型 精调、服务发布、调用管理等全生命周期，整合DeepSeek、Qwen、GLM等超50个业界主流开源模型，并向开发者开 放垂直场景模型精调及第三方模型接入能力。平台在国产算力规模上持续保持行业领先,持续推动信创大模型生态建设。 多元赋能，开源平台全球首发：星辰智能体平台建立覆盖“效果评测—持续优化—多渠道发布”的闭环运营体系， 原生集成RPA与AI原子能力，支持行业通用MCP工具体系。报告期内，平台已创建百万级智能体应用，覆盖办公协同、 内容创作、知识管理等高频场景。在1024开发者节上发布全球首个企业级开源智能体平台AstronAgent，截至报告期末 在GitHub已获得13k+Stars，获得""36氪WISE2025年度焦点产品""、""InfoQ年度榜单""、""开源中国年度工具榜""等多项行 业认可。 11
科大讯飞股份有限公司2025年年度报告全文 聚焦场景，应用矩阵价值兑现：基于智能体平台,讯飞开放平台已发布多款行业精品智能体。知识库智能体、会议 纪要智能体已在央国企、大型企业及高等院校等单位规模化部署。PPT创作智能体全球用户突破1000万,线上营收同比 增长186%,服务清华、北大、浙大等顶尖科研院校及中国海油、国家能源集团等世界500强企业。自媒体创作智能体付 费活跃用户规模突破10万。员工培训智能体已在汽车、金融、运营商、能源及政务等行业落地应用,赋能比亚迪、中国 移动、美团等行业龙头，年均实战陪练场次突破千万。全面实现垂直场景深度渗透，商业价值持续高效释放。 软硬协同，交互场景爆发增长：智能体平台基于软硬一体战略，与硬件终端深度连接，推动AIUI开放平台成为硬 件智能体交互新底座。支持超长连续对话、长时记忆与AI人格能力，实现低于1.6秒的全链路响应。在儿童交互场景， 推出童言识别大模型、童语理解大模型、角色记忆等儿童专属方案，实现关联硬件日交互次数提升850%。在家庭泛屏 场景，与海尔、三星、长虹等厂商深化合作，大模型日交互量同比增长100%。在公共场景，结合数字人大模型，提供 多模态交互本地化方案，助力银行、政务、医疗、展厅等场景实现智能化升级。截至报告期末，AIUI开放平台大模型日 均交互量增长500%，赋能智能硬件设备达24亿台，入选工信部""人工智能+""行业生态范式案例。 具身智联，全域赋能产业协同：在具身智能领域，机器人超脑平台已构建机器人智能体,覆盖人形机器人、四足机 器人与公共服务机器人。平台推出“AI语音背包”，通过一体化软硬件模组，将复杂的多模态交互系统简化为标准化模 块，全链路接入调试平均仅需2小时。截至报告期末，国内超90%智能机器人厂商正在使用讯飞机器人的超脑平台服务， 宇树科技、智元机器人、银河通用、松延动力等头部企业形成战略协同发展的深度合作关系。 虚实共生，多维交互技术标杆：在数字人领域，虚拟数字人平台发布多模态超拟人交互技术，融合情感语义理解、 多语种实时交互等核心能力。全面开放数字人资产平台，构建超10万企业数字分身与500万个性化音库。平台推出移动 数字人产品，实现""能说、会动、可感知""的沉浸式互动体验。报告期内，平台主导制定两项数字人国际标准；平台打造 的“AI孙悟空”亮相大阪世博会，多语种实时交互服务全球参展观众，成为代表中国馆的唯一大模型展项。 科创引智，全栈培育AI人才：AI开发者大赛持续推动人工智能算法与应用创新。2025年大赛吸引全球17个国家、 737所高校的36,898支团队参赛，联合团中央共建“挑战杯”人工智能+专项赛，涌现4,622个垂直智能体应用。在人才 培养方面，平台构建“学练赛证”一体化的大模型人才培养体系，服务超120万开发者与产业人才。联合工信部教考中 心发布“AI大模型应用工程师”证书，参与制定“生成式人工智能系统应用员”、“生成式人工智能系统测试员”等职 业标准。平台不断夯实产业人才底座，助力AI产业长效发展。 海外赋能，全球生态规模落地：讯飞开放平台持续推动中国人工智能技术走向世界。平台在新加坡、沙特和爱尔兰 等地建设本地服务器并部署核心能力，向全球开放119种AI能力及解决方案，多语种覆盖130余种，为来自200余个国 家和地区的用户提供技术支撑。科大讯飞在第22届中国—东盟博览会发布了面向东盟的多语言大模型及系列产品，报告 期内东盟开发者团队数同比增长32%。在中东地区，平台与卡塔尔、阿联酋、阿曼等相关部委在政务项目深入合作，在 政务、教育、金融、电信等行业形成标杆示范案例。2025年平台累计服务海外开发者超56万，加速中国AI技术出海， 构建全球化产业合作生态。 秉持 “开放・合作・生态・共享” 的发展理念，讯飞开放平台持续迭代升级，从 AstronAgent开源生态布局到 AstronClaw软硬一体能力进阶，从百万级智能体规模化落地到GlassClaw、RobotClaw创新产品首发，全面搭建起“模型 —平台—智能体—终端”全链协同、软硬融合的完整技术体系。平台以智能体原生架构与MaaS服务为核心底座，持 续重构AI产业运行模式，赋能产业提质增效。未来，伴随大模型技术向千行百业深度渗透、行业需求持续爆发，科大 讯飞将依托AstronAgent开源体系与全域智能体生态，不断拓宽商业化应用边界，深挖产业增值空间。讯飞开放平台将 12
科大讯飞股份有限公司2025年年度报告全文 持续筑牢核心技术壁垒，集聚生态合力，全面释放AI产业长期增长动能，全链构筑产业新格局。 （三）AI行业应用 1、智慧教育业务 在教育领域，科大讯飞在“人工智能助力教育，因材施教成就梦想”理念指导下，面向国家重大教育命题，通过人 工智能核心技术与教育教学场景深度融合，结合大模型技术能力，为学生、教师以及各级教育管理者提供精准便捷的服 务，实现教与学过程中的数据积累和应用，帮助师生减负增效，促进教育进步。目前，讯飞智慧教育产品已在全国33个 省级行政单位以及日本、新加坡等海外市场应用。 科大讯飞智慧教育业务顺应教育改革发展趋势，围绕减负增效、均衡发展和创新人才培养等核心价值，结合国家及 各地区实现教育数字化转型、推进教育高质量发展的战略要求，系统性构建面向G/B/C三类客户的业务体系。G端业务 主要以市县区等区域建设为主体，涵盖面向区域内教育管理者和学校师生等各类用户的教育新基建、因材施教和平台智 能化升级等综合解决方案；B端业务主要以学校建设为主体，包括面向学校的智慧黑板、智慧课堂、大数据精准教学、 英语听说课堂、数智作业、科创教育等；C端业务主要以家长用户群自主购买为主，包括AI学习机、个性化学习手册、 易听说、英语宝、课后服务等。 目前，公司智慧教育业务已经形成大课堂、大学情、AI学习机、智慧考试、区域因材施教解决方案五大业务体系。 1.1“大课堂产品体系”持续深化 报告期内，大课堂业务紧扣“教育强国”战略，顺应大规模因材施教与个性化教学需求，依托大模型核心能力，构 建了绿色、智能、高效的教学产品体系，打造“师-机-生”三元交互式教学新生态。 教育大屏依托“懂你的AI”星火大模型底座能力，发布“同窗”系列AI黑板Ultra，以软硬一体确立教育装备新质 生产力标杆。该产品全面重构教室视听与交互体验：在视听方面，圆偏振光技术获莱茵五重认证，结合高规格阵列麦克 风与AI声场均衡技术，实现优质护眼效果与全教室均衡听感；在交互方面，创新全自然语音交互，实现从指令输入到 意图理解的跨越，打造“零断点”教学新范式。产品持续驱动市场效益，助推大屏业务销量同比增长84%。 智慧课堂始终坚持人机共育的核心发展理念，2025年4月，发布了新一代“AI学伴”解决方案，通过上新AI情景 互动、AI拍批、AI答疑及AI阅读、AI备考等创新应用，让其从AI学习工具进化到AI学习伙伴，有效促进终端普及学 校规模化提升教学质量，驱动B端民办校业务全年增长约350%。 此外，AI赋能教师发展方面，星火教师助手逐步发展为学科智能体平台，满足教师教学灵感启发、课件创编、搜 题组卷、循证教研等多场景核心需求，已服务全国超80万名教师，日均互动率达75%。其中联合中国教育科学研究院 推出的基于“问题链”的高中数学智能教师助手已在全国270余个区域落地实践，打造出上万个优质教学案例。 1.2“大学情产品体系”创新升级 随着教育数字化及“人工智能+教育”行动的持续推进，大规模因材施教和作业场景数智化需求不断增强。科大讯 飞围绕学业核心场景，持续推进软硬一体化建设，加强智能批改等关键技术研发，深化多产品融合创新，持续为教师提 供精准作业设计、精准教学、为学生提供共性错题及个性薄弱巩固的价值服务，进一步夯实学情数据采集、分析与应用 平台的领先地位。 聚焦作业场景，一方面，公司全面升级星火智能批阅机的智能批改能力，实现数学解答题分步骤批改，创新提出三 级错因体系，覆盖3大类、3层级、4000+的错因标签，中英文作文可实现逐句纠错、评批一体，形成“理科到错因、文 科到能力”的批改能力。另一方面，公司持续完善星火智能批阅X/P/M系列产品建设，构建从作业精细批改到课堂因材 施教的小时级闭环，推动教学模式创新。2025年，星火智能批阅机已服务3000余所学校，市占率75%以上，日均批改 作业超360万份。 同时，公司形成了财政经费设备采购、批改服务续费和数智化作业服务等多元经费采购模式。其中： 13",windowed_extraction_review_required
300229.SZ,AR_300229_SZ_2025,business_overview,3,14,"拓尔思信息技术股份有限公司2025年年度报告全文 2025 年年度报告 第一节 重要提示、目录和释义 公司董事会及董事、高级管理人员保证年度报告内容的真实、准确、完 整，不存在虚假记载、误导性陈述或者重大遗漏，并承担个别和连带的法律 责任。 公司负责人李渝勤、主管会计工作负责人林义及会计机构负责人(会计主 管人员)林义声明：保证本年度报告中财务报告的真实、准确、完整。 所有董事均已出席了审议本报告的董事会会议。 报告期内，公司实现营业总收入 51,134.48 万元，较上年同期下降 34.19%；实现归属于上市公司股东的净利润-29,374.94 万元，较上年同期下 降 212.02%；实现归属于上市公司股东的扣除非经常性损益的净利润- 33,575.33 万元，较上年同期下降 96.88%。截至本年度报告披露之日，公司 持续经营能力不存在重大风险。有关公司本年度业绩亏损的原因及相关改善 盈利能力的措施的具体内容可参见本报告第三节“管理层讨论与分析”之 “二、报告期内公司从事的主要业务”、“四、主营业务分析”、“十一、 公司未来发展的展望”等部分相关描述。 本年度报告中涉及未来计划或规划等前瞻性陈述的，均不构成公司对投 资者的实质承诺，投资者及相关人士均应对此保持足够的风险认识，并且应 当理解计划、预测与承诺之间的差异，敬请投资者注意投资风险。 公司在本报告第三节“管理层讨论与分析”中“十一、公司未来发展的 2
拓尔思信息技术股份有限公司2025年年度报告全文 展望”部分，详细描述了公司经营中可能存在的风险及应对措施，敬请投资 者关注相关内容。 公司计划不派发现金红利，不送红股，不以公积金转增股本。 3
拓尔思信息技术股份有限公司2025年年度报告全文 目录 第一节 重要提示、目录和释义 ........................................................................................................ 2 第二节 公司简介和主要财务指标 .................................................................................................... 8 第三节 管理层讨论与分析 ................................................................................................................ 12 第四节 公司治理、环境和社会 ........................................................................................................ 49 第五节 重要事项 ................................................................................................................................ 66 第六节 股份变动及股东情况 ............................................................................................................ 86 第七节 债券相关情况 ........................................................................................................................ 93 第八节 财务报告 ................................................................................................................................ 94 4
拓尔思信息技术股份有限公司2025年年度报告全文 备查文件目录 （一）载有公司负责人、主管会计工作负责人、会计机构负责人（会计主管人员）签 名并盖章的财务报表。 （二）载有会计师事务所盖章、注册会计师签名并盖章的审计报告原件。 （三）报告期内公开披露过的所有公司文件的正本及公告的原稿。 （四）其他有关资料。 5
拓尔思信息技术股份有限公司2025年年度报告全文 释义 释义项 指 释义内容 工业和信息化部 指 中华人民共和国工业和信息化部 公安部 指 中华人民共和国公安部 财政部 指 中华人民共和国财政部 海关总署 指 中华人民共和国海关总署 税务总局 指 国家税务总局 国家发改委 指 中华人民共和国国家发展和改革委员会 中国信通院 指 中国信息通信研究院 公司、拓尔思 指 拓尔思信息技术股份有限公司（曾用名：北京拓尔思信息技术股份有限公司） TRS 指 公司的注册商标、英文简称和软件产品的统一品牌 控股股东、信科互动 指 信科互动科技发展有限公司（曾用名：北京信科互动科技发展有限公司） 实际控制人 指 李渝勤女士 认知智能 指 人工智能的高级形态，机器通过理解、推理等类人能力构建经济决策系统。 充分利用媒介载体，把广播、电视、报纸等既有共同点，又存在互补性的不同媒 融媒体 指 体，在人力、内容、宣传等方面进行全面整合，实现“资源通融、内容兼融、宣 传互融、利益共融”的新型媒体。 “对可能存在于智能体或智能体群体中的概念和关系的一种描述”，即用计算机可 本体 指 理解的方式，告诉机器“有什么、它们之间是什么关系”。 指智能体可调用的最小功能单元，即原子能力。每个 Skill 封装了特定的业务逻辑 Skill 指 或操作指令，供智能体在任务执行中按需调度。 Token 指 词元，大语言模型及多模态模型处理、理解与生成信息的最小可计算单元 具有庞大的参数规模和复杂程度的机器学习模型。在深度学习领域，大模型通常 大模型 指 是指具有数十亿甚至上万亿个参数的神经网络模型。 Artificial Intelligence，是研究、开发用于模拟、延伸和扩展人的智能的理论、方 人工智能/AI 指 法、技术及应用系统的计算机技术。 一种能够自主感知环境、动态决策并执行行动的智能实体，通过结合大语言模型 智能体 指 与外部工具/知识库，实现复杂任务的自动化处理。 通过将应用数学、图形学、信息可视化技术、信息科学等学科的理论与方法与计 量学引文分析、共现分析等方法结合，并利用可视化的图谱形象地展示学科的核 知识图谱 指 心结构、发展历史、前沿领域以及整体知识架构达到多学科融合目的的现代理 论。 情报、指挥、行动三大警务职能的高度融合和协同运作，旨在提升警务效率和应 情指行 指 对能力。 Capability Maturity Model Integration，即能力成熟度模型集成。CMMI共有5个级 CMMI 指 别，代表软件团队能力成熟度的 5 个等级，数字越大，成熟度越高，高成熟度等 级表示有比较强的软件综合开发能力。 自然语言处理（Natural Language Processing）的英文缩写，用计算机来处理、理解 NLP 指 以及运用人类语言（如中文、英文等），它属于人工智能的一个分支，是计算机科 学与语言学的交叉学科。 光学字符识别（Optical Character Recognition）的英文缩写，是指电子设备（例如 OCR 指 扫描仪或数码相机）检查纸上打印的字符，通过检测暗、亮的模式确定其形状， 6
拓尔思信息技术股份有限公司2025年年度报告全文 然后用字符识别方法将形状翻译成计算机文字的过程。 AIGC 指 利用人工智能技术来生成内容（AI Generated Content）的英文缩写 软件即服务，Software as a Service 的英文缩写，是一种软件分发模型，用户可以 SAAS 指 通过互联网访问并使用由第三方提供商托管的应用程序。在这种模型下，软件和 相关数据存储在云端，而不是本地计算机或服务器上。 结果即服务，Results as a Service的英文缩写，RaaS要求服务商直接对客户可量化 RaaS 指 的业务结果负责，按智能体处理任务数量、业务转化成效或效率提升效果等阶梯 式计费，实现供应商与客户利益深度绑定。 以数据资源作为关键生产要素、以现代信息网络作为重要载体、以信息通信技术 数字经济 指 的有效使用作为效率提升和经济结构优化的重要推动力的一系列经济活动 即信息技术应用创新产业，它是数据安全、网络安全的基础，也是新基建的重要 信创 指 组成部分 分布式计算的一种，指的是通过网络“云”将巨大的数据计算处理程序分解成无 云计算 指 数个小程序，然后，通过多部服务器组成的系统进行处理和分析这些小程序得到 结果并返回给用户。 基于互联网的相关服务的增加、使用和交互模式，通常涉及通过互联网来提供动 云服务 指 态易扩展且经常是虚拟化的资源。 拓尔思天行网安信息技术有限责任公司（曾用名：北京天行网安信息技术有限责 天行网安 指 任公司），公司全资子公司 金信网银 指 北京金信网银金融信息服务有限公司，公司持股80%的控股子公司 广州拓尔思大数据有限公司（曾用名：广州科韵大数据技术有限公司，广州科韵 广拓公司 指 大数据技术股份有限公司、广州科韵信息股份有限公司等），截至报告期末为公司 全资子公司 成都子公司、成都拓尔思 指 成都拓尔思信息技术有限公司，公司全资子公司 拓尔思国际 指 拓尔思国际有限公司，公司全资子公司 南京拓尔思 指 南京拓尔思智能系统有限公司，公司持股51%的控股子公司 本报告期、报告期 指 2025年1月1日-2025年12月31日 元、万元 指 人民币元、人民币万元 7
拓尔思信息技术股份有限公司2025年年度报告全文 第二节 公司简介和主要财务指标 一、公司信息 股票简称 拓尔思 股票代码 300229 公司的中文名称 拓尔思信息技术股份有限公司 公司的中文简称 拓尔思 公司的外文名称 TRS Information Technology Co., Ltd. 公司的外文名称缩写 TRS 公司的法定代表人 李渝勤 注册地址 北京市海淀区建枫路(南延)6号院3号楼1至7层101 注册地址的邮政编码 100096 2022 年 7 月，公司注册地址由“北京市海淀区知春路 6 号（锦秋国际大厦）B 座 14 层 公司注册地址历史变更情况 1404”变更至“北京市海淀区建枫路(南延)6号院3号楼1至7层101”。 办公地址 北京市海淀区建枫路（南延）6号院金隅西三旗科技园3号楼 办公地址的邮政编码 100096 公司网址 http://www.trs.com.cn 电子信箱 ir@trs.com.cn 二、联系人和联系方式 董事会秘书 证券事务代表 姓名 李党生 毛文仪 北京市海淀区建枫路（南延）6 号院金隅 北京市海淀区建枫路（南延）6 号院金隅 联系地址 西三旗科技园3号楼7层 西三旗科技园3号楼7层 电话 010-64848899 010-64848899-6618 传真 010-64879084 010-64879084 电子信箱 ir@trs.com.cn ir@trs.com.cn 三、信息披露及备置地点 公司披露年度报告的证券交易所网站 深圳证券交易所（http://www.szse.cn） 《证券时报》《证券日报》《上海证券报》《中国证券报》巨潮资讯网 公司披露年度报告的媒体名称及网址 （http://www.cninfo.com.cn） 公司年度报告备置地点 公司证券部 四、其他有关资料 公司聘请的会计师事务所 8
拓尔思信息技术股份有限公司2025年年度报告全文 会计师事务所名称 立信会计师事务所（特殊普通合伙） 会计师事务所办公地址 北京市朝阳区安定路5号院7号楼中海国际中心A座18层 签字会计师姓名 安行、李强 公司聘请的报告期内履行持续督导职责的保荐机构 适用 □不适用 保荐机构名称 保荐机构办公地址 保荐代表人姓名 持续督导期间 北京市朝阳区景辉街 16号院 1号楼泰 2024 年 10 月 29 日至 中信建投证券股份有限公司 张苏、周岱岳 康集团大厦10层 2026年12月31日 公司聘请的报告期内履行持续督导职责的财务顾问 □适用 不适用 五、主要会计数据和财务指标 公司是否需追溯调整或重述以前年度会计数据 □是 否 2025年 2024年 本年比上年增减 2023年 营业收入（元） 511,344,793.45 777,034,453.08 -34.19% 781,678,373.42 归属于上市公司股东的净利润（元） -293,749,397.56 -94,145,629.80 -212.02% 36,465,973.39 归属于上市公司股东的扣除非经常性 -335,753,340.94 -170,533,242.93 -96.88% 2,428,630.97 损益的净利润（元） 经营活动产生的现金流量净额（元） 197,978,468.33 69,459,171.56 185.03% 45,940,871.74 基本每股收益（元/股） -0.3362 -0.1165 -188.58% 0.0467 稀释每股收益（元/股） -0.3362 -0.1165 -188.58% 0.0467 加权平均净资产收益率 -7.38% -2.74% -4.64% 1.13% 2025年末 2024年末 本年末比上年末增减 2023年末 资产总额（元） 4,207,791,883.05 4,481,824,962.63 -6.11% 3,746,005,629.18 归属于上市公司股东的净资产（元） 3,846,553,812.81 4,125,239,803.11 -6.76% 3,352,105,013.12 公司最近三个会计年度扣除非经常性损益前后净利润孰低者均为负值，且最近一年审计报告显示公司持续经营能力存在 不确定性 □是 否 公司报告期内经审计利润总额、净利润、扣除非经常性损益后的净利润三者孰低为负值 是 □否 项目 2025年 2024年 备注 营业收入（元） 511,344,793.45 777,034,453.08 - 营业收入扣除金额（元） 18,160,515.30 122,999,665.90 - 9
拓尔思信息技术股份有限公司2025年年度报告全文 营业收入扣除后金额（元） 493,184,278.15 654,034,787.18 - 六、分季度主要财务指标 单位：元 第一季度 第二季度 第三季度 第四季度 营业收入 124,967,319.45 119,833,696.23 92,181,151.04 174,362,626.73 归属于上市公司股东的净利润 -22,929,808.70 -50,701,364.18 -86,446,254.59 -133,671,970.09 归属于上市公司股东的扣除非 -32,639,636.88 -56,806,657.15 -89,917,124.38 -156,389,922.53 经常性损益的净利润 经营活动产生的现金流量净额 42,160,300.02 -4,374,885.95 -1,921,948.75 162,115,003.01 上述财务指标或其加总数是否与公司已披露季度报告、半年度报告相关财务指标存在重大差异 □是 否 七、境内外会计准则下会计数据差异 1、同时按照国际会计准则与按照中国会计准则披露的财务报告中净利润和净资产差异情况 □适用 不适用 公司报告期不存在按照国际会计准则与按照中国会计准则披露的财务报告中净利润和净资产差异情况。 2、同时按照境外会计准则与按照中国会计准则披露的财务报告中净利润和净资产差异情况 □适用 不适用 公司报告期不存在按照境外会计准则与按照中国会计准则披露的财务报告中净利润和净资产差异情况。 八、非经常性损益项目及金额 适用 □不适用 单位：元 项目 2025年金额 2024年金额 2023年金额 说明 非流动性资产处置损益（包括已计提资产 572,908.80 41,198,850.41 351,922.86 减值准备的冲销部分） 计入当期损益的政府补助（与公司正常经 营业务密切相关，符合国家政策规定、按 19,453,081.93 19,689,767.90 13,269,992.64 照确定的标准享有、对公司损益产生持续 影响的政府补助除外） 除同公司正常经营业务相关的有效套期保 值业务外，非金融企业持有金融资产和金 21,538,007.04 10,038,514.47 20,276,626.86 融负债产生的公允价值变动损益以及处置 金融资产和金融负债产生的损益 10
拓尔思信息技术股份有限公司2025年年度报告全文 委托他人投资或管理资产的损益 2,723,874.90 2,300,661.92 3,794,230.37 除上述各项之外的其他营业外收入和支出 -1,316,285.85 3,064,264.73 -171,803.95 其他符合非经常性损益定义的损益项目 250,126.42 521,746.24 364,547.98 减：所得税影响额 1,209,833.99 95,802.32 3,700,217.93 少数股东权益影响额（税后） 7,935.87 330,390.22 147,956.41 合计 42,003,943.38 76,387,613.13 34,037,342.42 -- 其他符合非经常性损益定义的损益项目的具体情况： □适用 不适用 公司不存在其他符合非经常性损益定义的损益项目的具体情况。 将《公开发行证券的公司信息披露解释性公告第1号——非经常性损益》中列举的非经常性损益项目界定为经常性损益 项目的情况说明 □适用 不适用 公司不存在将《公开发行证券的公司信息披露解释性公告第 1 号——非经常性损益》中列举的非经常性损益项目界定为 经常性损益的项目的情形。 11
拓尔思信息技术股份有限公司2025年年度报告全文 第三节 管理层讨论与分析 一、报告期内公司从事的主要业务 报告期内，公司紧扣人工智能产业发展浪潮，以“决策智能”为核心发展方向，依托三十余年自然语言处理、知识 图谱等核心技术积累，持续加大行业大模型研发投入，加速拓天大模型技术落地与场景应用推广，深化人工智能、大数 据技术在数字政府、融媒体、金融科技、数字企业、公共安全等优势领域的融合创新。公司率先实现大模型与各行业传 统业务的深度耦合，助力客户实现体验提升、风险管控、降本增效的核心目标，持续巩固技术壁垒与市场领先优势，全 面推进商业模式向大模型赋能的认知智能服务转型，为公司长期高质量发展筑牢根基。 本报告期内，公司无新增重要非主营业务。 （一）人工智能产品 决策智能作为人工智能应用发展的核心前沿，是实现机器从“感知” 到“理解”再到“自主决策”的关键跨越，成 为全球科技界的核心探索方向。李飞飞曾指出“认知智能的突破将重构人机协作的底层逻辑，让 AI 真正具备解决复杂现 实问题的能力”，马斯克亦强调“真正的人工智能必然是拥有认知能力的智能体，而非单纯的信息处理工具”，Palantir 创 始人 Alex Karp 在 2025 年最新演讲中更是提出“认知智能作为双用途核心技术，已成为全球科技竞争与产业升级的关键 抓手”。全球决策智能发展已步入场景落地阶段，以 Palantir 为代表的企业正将认知智能技术深度融合于政务、安全、金 融等领域，实现从数据挖掘到智能决策的全链路赋能，头部科技企业均加大研发投入，推动认知智能技术与实体经济的 快速结合。国内决策智能产业迎来黄金发展期，在政策支持与技术创新双重驱动下，行业整体呈现“技术迭代加速、场 景应用深化、生态体系完善” 的特征，AI 大模型作为决策智能的核心载体，市场规模保持高速增长，成为数字经济发 展的重要引擎。 作为国内决策智能领域的先行者，公司构建了覆盖底座、平台、应用三层的全栈认知智能产品体系，涵盖从数据采 集、汇聚、存储检索到数据治理、动态本体、AI 大模型、智能体平台的全链路能力，为金融、能源、企业、媒体、政务、 网信、公安、特种等行业提供端到端的决策智能赋能。 12
拓尔思信息技术股份有限公司2025年年度报告全文 1、底座 底座层由数据资产与拓天大模型两大核心构成，共同为上层认知智能应用提供“燃料”与“引擎”。其中，数据资产 定位为高质量、多模态、可运营的 AI 训练资源底座和行业应用场景核心数据资源，拓天大模型定位为深耕垂直行业的 专用大模型基座。 数据资产：作为公司认知智能体系的“燃料层”，数据资产的核心价值在于为大模型预训练、行业专属语料销售及多 模态模型训练提供高质量、高密度的数据支撑。公司已构建超 6,000 亿条多模态数据资源，经标准化清洗与 Token 化处 理，形成超 200 万亿 Token 的高质量语料池。在金融风控、舆情监测、开源情报等核心应用场景中，公司数据资产为行 业场景智能体提供精准的行业上下文与实时动态信息，显著提升模型输出准确性与业务适配能力。 拓天大模型：作为公司认知智能体系的“引擎层”，拓天大模型定位为深耕政务、金融、媒体、公共安全等垂直行业 的专用大模型基座，核心价值在于为上层智能体应用提供高性价比、高安全性的行业 AI 能力。模型已完成与华为昇腾、 寒武纪、海光等主流国产化GPU厂商的深度适配。在不同行业应用场景中，拓天大模型实现规模化落地，具备行业知识 深度耦合、业务规则精准执行、私有化安全部署三大核心优势，成为驱动行业智能体的可靠动力核心。 2、平台 平台层由数据治理平台、动态本体平台、智能体平台三大核心引擎构成，分别承担数据资产化、知识语义化、能力 智能化的关键职能。 数据治理平台：定位为从多源异构数据采集、汇聚到高质量 AI 就绪数据的全链路加工与治理中心。其核心价值在 于将分散、原始、多模态的数据资源转化为标准化、可计量、可追溯的高价值数据资产，为上层认知智能应用提供坚实 的数据底座。平台深度融合海蜘分布式采集系统、海聚大数据融合系统、海贝全文搜索/向量/图数据库、数据中台及高 质量数据构建系统等核心产品，形成覆盖“采—聚—存—管—用”的全流程闭环。通过上述能力的系统集成，数据治理 平台为行业大模型训练与智能体应用提供源源不断的高质量“燃料”。 动态本体平台：定位为业务语义建模与知识表示系统。其核心价值在于解决 AI“看不懂业务”的痛点，通过构建统 一、动态、可执行的业务语义层，将分散在不同数据源中的原始字段、表结构、业务规则等转化为机器可理解、可推理 的概念、属性与关系。公司以自主研发的动态本体一体化平台为核心，支持多源异构数据的实时融合、实体提取、关系 建模与动态演化。与静态的、预先定义的行业知识图谱不同，动态本体能够随着业务变化、数据更新和应用反馈自动调 整和扩展，确保语义层始终与真实业务逻辑保持一致。通过动态本体平台，智能体可以基于业务概念而非底层数据表进 行推理和决策，从而大幅提升对复杂业务场景的理解准确性和任务执行可靠性，为上层智能体应用提供精准、可信、可 解释的业务上下文。 智能体平台：定位为行业智能体的统一开发、调度与运行环境。其核心价值在于将大模型能力与行业业务深度耦合， 实现从“通用对话”到“专业办事”的跨越。平台以拓天大模型为核心引擎，提供可视化编排、Skill 原子能力库及多智 能体协同等核心功能，将智能体开发周期从周级缩短至小时级。在此基础上，基于本体的自主探索系统支持业务人员无 需技术背景即可开展多跳挖掘、关联溯源与技战法沉淀，自动化解业务口径冲突，将专家经验转化为可复用分析流程。 平台深度融合拓天大模型及认知博弈实验平台等，支撑千行百业智能体的规模化落地。在交付模式上，支持按实例数、 Token消耗量或效果产出计费，推动商业模式向“数字员工服务采购”升级。 其他人工智能专业平台：TRS 事件推演与博弈系统新增基于平行数据的决策预测功能，将物理世界的多源感知数据 与信息领域的事件知识库相结合，提升复杂场景下的决策支持效果。TRS 数据和模型驱动的战略推演系统，借鉴国际先 进推演技术理念，基于 AI 大模型为战略推演与桌面演习提供智能化支持，助力国防相关领域用户探索动态复杂任务场 景。公司构建认知推演与分析平台，以社交媒体大数据为基础，融合 AI 语义理解、用户行为建模与仿真推演技术，形 成集主题发现、风险预警、立场分析、群体特征测绘、策略推演、内容生成与效果评估于一体的综合性分析系统，服务 于关键领域用户在网络空间风险感知与策略优化方面的需求。 13",windowed_extraction_review_required
300229.SZ,AR_300229_SZ_2025,core_competitiveness,25,36,"拓尔思信息技术股份有限公司2025年年度报告全文 行，推动产业从技术跟随向技术引领转型。展望2026年，人工智能深度赋能、行业数字化转型提速、全产业链生态协同、 开源重构产业规则、安全范式转变、全球布局加速、产教融合深化、标准走向全球等八大趋势，将共同塑造信创产业发 展新格局。根据国家相关政策要求，2027 年底前需实现所有中央企业信息化系统安全可信替代，当前数据库、操作系统 等重要基础软件领域国产化率仍有较大差距，未来两年将进入国产替换高峰期。 公司积极参与信创深度适配工作，推动产品与国内主流软硬件全面兼容，提升核心竞争力，为构建自主可控的信创 生态贡献力量。目前，公司已完成拓天大模型与华为昇腾、寒武纪、摩尔线程、沐曦、天数智芯、海光等主流国产化 GPU厂商的深度适配。公司入选2025年中国信创软件高质量发展百强企业，信创领域综合实力获行业认可。 三、核心竞争力分析 （一）全栈AI能力：构建决策智能的“核心引擎” 公司自成立以来持续专注于中文全文检索和自然语言处理技术的自主研发，是国内最早从事 NLP研发的企业之一。 当前，公司以“决策智能”为核心方向，致力于让机器不仅“读懂”文字与数据，更能“理解”复杂业务场景并自主执 行闭环任务。 报告期内，公司围绕这一方向持续强化全栈认知智能产品体系。自主研发的动态本体一体化平台，实现多源异构数 据的实时融合与知识动态建模，为 AI 提供精准的业务语义上下文；自主探索系统让业务人员无需技术背景即可开展多 跳挖掘、关联推理与事实溯源，将专家经验转化为可复用分析流程，实现从“被动响应”到“主动认知”的跨越；拓天 智能体平台整合数据资产、行业大模型、认知博弈实验平台等核心能力，形成“智能体集群”效应，让 AI 不仅提供答 案，更能自主执行复杂任务。基于底座、平台、应用三层的全栈协同，公司实现了从“数据采集”到“结果交付”的一 体化贯通，构筑了通用大模型厂商难以复制的行业壁垒——推理成本降低 40%以上，智能体开发周期从周级压缩至小时 级，并支持按效果计费的“数字员工服务采购”模式，真正推动AI从“对话”走向“办事”。 截至报告期末，公司及子公司新增软件著作权52项，持续夯实技术护城河，具体情况如下： 序号 证书编号 著作权名称 取得方式 发证日期 1 软著登字第14667743号 TRS网察大数据分析平台[简称：TRS NetInsight]V6.0 原始取得 2025.1.3 2 软著登字第14667726号 TRS数星产业大脑平台[简称：TRS DIB]V3.0 原始取得 2025.1.3 TRS数家资讯大数据分析平台[简称：数家云分析平 3 软著登字第14667754号 原始取得 2025.1.3 台]V2.0 4 软著登字第14686634号 天行OCR识别分析系统Topwalk-OCRAS/V1.0 原始取得 2025.1.7 5 软著登字第14866736号 TRS智能网评导控系统[简称:TRS OC]V1.0 原始取得 2025.2.7 6 软著登字第14973690号 天行抗拒绝服务系统Topwalk-ADDV1.0 原始取得 2025.2.24 7 软著登字第14983031号 TRS身份服务器系统[简称：TRS IDS]V5.2 原始取得 2025.2.25 8 软著登字第14991373号 小额贷款监管信息系统V1.0 原始取得 2025.2.26 9 软著登字第15010291号 区域性股权市场监管系统V1.0 原始取得 2025.2.28 10 软著登字第15011212号 典当行监管系统V1.0 原始取得 2025.2.28 11 软著登字第15021639号 保理行业监管信息系统V1.0 原始取得 2025.3.3 12 软著登字第15015905号 地方资产管理公司监管系统V1.0 原始取得 2025.3.3 13 软著登字第15015882号 融资租赁监管信息系统V1.0 原始取得 2025.3.3 14 软著登字第15028941号 融资担保监管信息系统V1.0 原始取得 2025.3.4 24
拓尔思信息技术股份有限公司2025年年度报告全文 15 软著登字第15030892号 天行态势感知系统Topwalk-SAS V1.0 原始取得 2025.3.4 16 软著登字第15035038号 天行ETL平台Topwalk-ETL V1.0 原始取得 2025.3.4 17 软著登字第15097379号 历史文化名城互联网舆情监测系统V1.0 原始取得 2025.3.13 18 软著登字第15113231号 拓尔思数据安全检查工具箱系统 原始取得 2025.3.14 19 软著登字第15140426号 天行安全隔离与信息交换系统Topwalk-GAP（CN）/V3.05 原始取得 2025.3.19 20 软著登字第15140158号 天行边界安全运维平台Topwalk-BOP（CN）/V2.05 原始取得 2025.3.19 21 软著登字第15170950号 天行数据传输安全管理系统Topwalk-DTMS/V1.0 原始取得 2025.3.25 22 软著登字第15171665号 天行数据交互安全管理系统Topwalk-DIMS/V1.0 原始取得 2025.3.25 23 软著登字第15170906号 天行终端安全管理系统Topwalk-ATMS/V1.0 原始取得 2025.3.25 24 软著登字第15200608号 天行安全管理平台 Topwalk-SMP（CN）V1.05 原始取得 2025.3.28 25 软著登字第15205958号 天行安全视频交换系统Topwalk-MTP（CN）V3.05 原始取得 2025.3.31 26 软著登字第15205973号 天行集中监管控制系统Topwalk-3AS（CN）V4.05 原始取得 2025.3.31 天行数据安全交换及访问控制系统Topwalk-DTS（CN） 27 软著登字第15205924号 原始取得 2025.3.31 V2.05 28 软著登字第15306137号 TRS智能事件分析研判平台[简称：TRS-EKG]V1.0 原始取得 2025.4.21 29 软著登字第15335214号 天行智慧警务APP系统V1.0 原始取得 2025.4.25 30 软著登字第15676882号 TRS高质量多模态数据集系统V1.0 原始取得 2025.6.17 TRS公共领域多模态大模型软件[简称：TRS公共领域多 31 软著登字第15676851号 原始取得 2025.6.17 模态大模型]V1.0 TRS多模态产业大模型软件[简称：TRS多模态产业大模 32 软著登字第15708027号 原始取得 2025.6.20 型]V1.0 33 软著登字第15734094号 TRSXC智能问答系统[简称：TRSXC IQA]3.0 原始取得 2025.6.24 34 软著登字第15733275号 TRSXC知识图谱平台 [简称：TRSXC KGP] 1.0 原始取得 2025.6.24 35 软著登字第15734080号 TRSXC向量数据库系统 [简称：TRSXC VDB] 10.0 原始取得 2025.6.24 36 软著登字第15734043号 TRSXC数据中台系统 [简称：TRSXC DMP] 1.0 原始取得 2025.6.24 37 软著登字第15734060号 TRSXC数据融合系统 [简称：TRSXC ETL] 6.1 原始取得 2025.6.24 38 软著登字第15955008号 广拓AI大模型目标数据采集系统V1.0 原始取得 2025.7.18 39 软著登字第15955015号 广拓AI大模型认知域情报作战系统V1.0 原始取得 2025.7.18 40 软著登字第15954960号 广拓AI经侦大数据分析应用软件V1.0 原始取得 2025.7.18 41 软著登字第16012157号 天行入侵检测系统Topwalk-IDS/V1.0 原始取得 2025.7.24 42 软著登字第16039252号 拓尔思天鉴资金分析系统V1.0 原始取得 2025.7.29 43 软著登字第16100349号 天秤犯罪分析工具系统V1.0 原始取得 2025.8.4 44 软著登字第16417641号 知识图谱系统V5.0 原始取得 2025.9.12 45 软著登字第16458660号 天行AI赋能平台Topwalk-Xiaotian/V1.0 原始取得 2025.9.17 46 软著登字第16458565号 天行数据治理平台Topwalk-DSG/V1.0 原始取得 2025.9.17 47 软著登字第16458637号 天行智能建模平台Topwalk-AIM/V1.0 原始取得 2025.9.17 25
拓尔思信息技术股份有限公司2025年年度报告全文 48 软著登字第16706709号 智慧工会运营服务平台[简称:智慧工会平台]V1.0 原始取得 2025.10.23 49 软著登字第16741809号 TRS事件预测和推演系统[简称：TRS ePAD]V1.0 原始取得 2025.10.28 50 软著登字第16741832号 XX科技情报服务平台[简称：xx科技情报平台]V1.0 原始取得 2025.10.28 51 软著登字第17179773号 TRS智创AIGC平台[简称：TRS AIGC]V3.0 原始取得 2025.12.29 52 软著登字第17179770号 TRS海贝搜索数据库系统[简称:TRS Hybase]V12.0 原始取得 2025.12.29 报告期内，公司及子公司共取得15项专利证书，具体如下： 序号 发明名称 专利类型 专利号 授权公告日 证书编号 用于航迹检索的航迹特征建模方法及系统、电 1 发明专利 ZL202010975489.X 2025.1.24 第7685826号 子装置 2 基于深度神经网络的实体及关系联合抽取方法 发明专利 ZL202010923832.6 2025.2.25 第7753188号 3 密评评估方法、系统、设备、存储介质及产品 发明专利 ZL202310140438.9 2025.3.14 第7799669号 基于 Batch-OT 的隐私集合求交方法、系统、 4 发明专利 ZL202210659188.5 2025.4.29 第7903889号 电子设备及介质 一种基于可解释性深度学习的海关风险评估规 5 发明专利 ZL202510161594.2 2025.5.2 第7911781号 则挖掘方法 安全数据交换系统、方法、电子设备及存储介 6 发明专利 ZL202210782874.1 2025.6.3 第7976481号 质 安全态势感知攻击溯源方法、装置、设备、介 7 发明专利 ZL202211089792.5 2025.6.10 第7994536号 质及产品 基于 Batch-OT 的数据传输方法、装置、设 8 发明专利 ZL202210535843.6 2025.6.20 第8014799号 备、介质和产品 民事案件风险评估方法、装置、设备、介质及 9 发明专利 ZL202411485541.8 2025.6.27 第8032791号 产品 纵向联邦 XGBoost 训练方法、系统、设备、 10 发明专利 ZL202211593740.1 2025.7.4 第8051347号 介质及产品 构建中文事件库及基于该元事件库对元事件分 11 发明专利 ZL202310001827.3 2025.7.15 第8069710号 析预测的方法及系统 12 一种集群中任务状态的同步方法 发明专利 ZL202510786959.0 2025.8.26 第8196492号 安全态势攻击检测方法、装置、设备、介质及 13 发明专利 ZL202211329486.4 2025.9.5 第8231004号 产品 一种基于热点聚类算法和产业大模型智能体的 14 发明专利 ZL202510294547.5 2025.10.3 第8329504号 产业风险识别方法 15 一种基于大模型的计算专利相关度的方法 发明专利 ZL202510961750.3 2025.10.17 第8371046号 （二）稀缺数据资源：构建可运营的知识资产 依托自建大数据中心积累的超 6,000亿条全域数据（覆盖 196国、130余语种，日均更新 6亿+、API调用 20万+）。 报告期内，公司自主研发的高质量数据集构建平台，形成覆盖“原始数据—净化—切片—知识库封装”的全链条工程能 力，构筑了难以复制的数据护城河。 面向 AI 原生时代，公司推动数据工程从“存数据”升级为“存知识”，构建“物理数据+业务语义”双层知识体系， 并引入智能化治理机制，让数据底座进化为驱动智能体自主运行的“活资产”。经标准化清洗与 Token 化处理，公司构 建了超200万亿Token的高质量语料池（有效Token率≥92%）、3亿对多模态对齐数据集及超1000万条RLHF偏好数据； 同时积累百亿级结构化知识图谱（覆盖专利、科技论文、金融、通用多语言、新闻事理、人物组织等），实现从“资源 性数据”到“经营性知识资产”的质变。 公司高质量数据获业界高度认可：在上海数据交易所《上市公司数据价值化研究报告（2025）》中，公司以 95.86 分位居“数据价值化 100 强榜单”榜首；作为杭州国家语料库计划首批数据合伙人，入驻全球数源中心“数场平台”， 数据服务类Open API已在全国核心数据交易所挂牌，为政企客户提供“数据+知识”一体化服务能力。 26
拓尔思信息技术股份有限公司2025年年度报告全文 （三）行业深耕与AI工程化：解决最复杂的关键任务 公司深度渗透政务、媒体、金融、公安、网信等关键领域，头部客户覆盖率保持行业领先：中央部委 80%、中央媒 体72%、国有银行100%、省级公安100%、省级网信56%。这一客户结构决定了公司须服务于最高要求场景——在高安 全、强合规、深业务的复杂环境中打磨技术。基于20余年垂直领域Know-How沉淀，公司构建了“行业知识+AI工程化” 深度融合能力。交付模式上，公司派遣工程师深入客户现场，把技术嵌入日常工作流，不仅交付系统，更交付解决复杂 问题的方法论。 报告期内，拓天大模型及智能体在千行百业落地取得显著进展。金融领域，消费者保护智能体已在国有大行及多家 股份制银行、城商行深度应用，客户包括中国银行、兴业银行、上海银行、北京银行、上海农商银行、天津银行、吉林 银行等。其中，2025 年公司承揽某国有大行近 2,000 万元消保智能体项目，为金融业该领域投入最大的单体项目之一。 政务领域，舆情智能体已在自然资源部、住房和城乡建设部、海关总署、贵州省等政府机构深度应用，数字办公和政务 服务智能体在贵州、云南、深圳等地成功落地。公安领域，刑侦办案智能体在多个省级公安及市级公安单位持续深化实 战应用。公司与香港某政府部门的合作持续深化，继一期、二期项目后签署第三期合同，彰显核心技术在高端客户中的 持续认可度。 公司以“决策智能”为核心发展方向，依托覆盖底座、平台、应用三层的全栈人工智能技术体系，通过“动态本体 +自主探索”架构升级，将 AI 能力深度嵌入各业务决策的执行闭环，在特种、公安、金融等强业务耦合场景中，构筑了 通用AI难以替代的差异化优势。 四、主营业务分析 1、概述 报告期内，公司实现营业总收入 51,134.48 万元，较上年同期下降 34.19%；实现归属于上市公司股东的净利润- 29,374.94 万元，较上年同期下降 212.02%；实现归属于上市公司股东的扣除非经常性损益的净利润-33,575.33 万元，较 上年同期下降 96.88%。报告期末，归属于上市公司股东的净资产为 384,655.38万元，较上年末下降 6.76%。公司业绩变 化的主要原因如下： （1）商誉减值影响 公司于2014年收购的子公司天行网安，受网络安全行业整体需求收缩、市场竞争加剧等因素影响，经营业绩未达预 期。基于谨慎性原则，公司计提商誉减值准备1.5亿元，对当期净利润产生较大影响。 （2）主营业务经营情况 剔除商誉减值影响后，公司全年主营业务亏损约 1.4 亿元。分阶段看，前三季度受宏观环境影响，下游行业客户信 息化投入整体放缓，公司收入同比下降，累计亏损约1.6亿元；第四季度业务恢复向好，实现归母净利润约2,000万元， 环比改善明显，显示经营呈修复态势。 （3）收入结构变化 2025年公司实现主营业务收入5.11亿元。2024年同期因处置房产产生非经常性收入9,834万元，剔除该因素后，公 司主营业务收入同比下降约 24.66%。主要原因为：下游政府、金融等行业客户信息化投资节奏放缓，部分项目推迟或缩 减规模；同时公司主动调整业务结构，压缩传统系统集成等低毛利业务，聚焦人工智能应用与数据要素新赛道。 （4）期间费用情况 27
拓尔思信息技术股份有限公司2025年年度报告全文 公司持续加大在人工智能大模型、智能体平台等前沿领域的研发投入，同步保持销售和管理团队的稳定布局。报告 期内期间费用总额与上年同期基本持平。在收入阶段性承压的背景下，费用刚性投入导致短期亏损，但为公司抢占 AI 产业机遇奠定了技术基础。 （5）财务结构稳健 截至报告期末，公司总资产42亿元，归属于上市公司股东的净资产38亿元，其中现金及交易性金融资产15亿元， 资产负债结构健康，资金储备充足，为后续业务拓展与战略转型提供坚实保障。 报告期内公司主要经营亮点： （1）公共安全业务实现快速增长 报告期内，公司公共安全业务实现营业收入 20,500 万元，同比增长 28.24%，成为公司增长最快的业务板块之一。 其中，特种业务爆发式增长，实现营收4,803万元，同比增长109.45%；其他监管及安全机构业务实现营收4,032万元， 同比增长54.00%；公安业务保持稳健发展，实现营收10,088万元，同比增长4.39%。客户拓展方面，新增两个省厅级单 位，以及数个西部市级公安单位和多个特种行业客户，市场覆盖广度与深度同步提升。公司与香港某纪律部队合作持续 深化，继一期、二期项目后签署第三期合同，彰显核心技术在高端客户中的持续认可度。目前，公共安全业务正加速从 “项目定制+数据服务”向“智能体集群+场景赋能”模式转型，为规模化复制奠定基础。 （2）AI智能体应用加速落地 报告期内，公司人工智能软件产品及服务实现营业收入 26,258 万元，在行业客户 IT投入普遍收缩的背景下保持稳 健增长。拓天大模型及智能体在金融、政务、公安、特种等领域持续突破：金融消保智能体承揽某国有大行近 2,000 万 元标杆项目，成为行业示范案例；政务舆情智能体在自然资源部、住房和城乡建设部、海关总署及贵州、云南、深圳等 政府机构深度应用；公安线索研判、资金穿透、时空碰撞、重点任务管控、涉毒网络挖掘、异常行为分析、辅助审讯、 黑产网络研判等智能体集群，覆盖侦查、研判、管控全链条，已在多个省市级公安机构中得到实战能力的持续验证。 （3）数据资产价值持续彰显 公司依托高质量数据集构建平台，已形成超6,000亿条稀缺数据资源，日均更新6亿+，日均API调用20万+。经标 准化清洗与 Token 化处理，公司构建了超 200 万亿 Token 的高质量语料池、3 亿对多模态对齐数据集及超 1,000 万条 RLHF 偏好数据，可广泛应用于大模型预训练授权、行业专属语料销售及多模态模型训练。同时，公司已积累覆盖专利、 科技论文、金融、多语言通用、新闻事理及人物组织等领域的结构化知识图谱，总规模超百亿条。在上海数据交易所发 布的《上市公司数据价值化研究报告（2025）》中，公司入选“2024上市公司数据价值化 100强榜单”并位居榜首；作 为杭州国家语料库计划首批数据合伙人，公司数据服务类Open API已在全国核心数据交易所挂牌，数据资产化能力获业 界高度认可。 （4）经营现金流显著改善 公司加大应收账款催收力度，优化采购管理，减少系统集成业务支出约 4,000 万元，同时通过人员结构优化降低了 部分成本，全年实现经营性现金流净额1.97亿元，经营质量持续提升。 （5）信创与国产化适配领先 公司积极参与信创生态建设，拓天大模型已完成与华为昇腾、寒武纪、摩尔线程、沐曦、天数智芯、海光等主流国 产化 GPU 厂商的深度适配。报告期内，公司入选“2025 年中国信创软件高质量发展百强企业”，信创领域综合实力获 行业认可。 （6）生态建设与品牌影响 报告期内，公司顺利通过CMMI V3.0成熟度5级认证，这是继2019年首次通过CMMI V1.3 5级认证、2022年通过 CMMI V2.0 5 级认证后，第三次在该领域获得国际权威认可。本次认证不仅体现了公司在软件研发、项目管理及交付能 力上的持续精进，更标志着其软件工程标准化、规范化水平已达到国际最高标准。 28
拓尔思信息技术股份有限公司2025年年度报告全文 公司子公司天行网安深度参与国家标准 GB/T 20279-2024《信息安全技术网络和终端隔离产品安全技术要求》的制 定工作，该项标准已于 2025年 4月 1日实施，目前正在参与该标准的汉译英工作；2025年在标准化建设领域取得重要 突破，成功加入多个权威标准化组织：正式获准成为密码行业标准化技术委员会基础密码工作组成员单位，同时入选全 国数据标准化技术委员会数据流通利用标准工作组成员单位，并成功加入全球计算联盟机密计算专业委员会。这些重要 资质的取得，标志着公司在密码技术、数据流通和机密计算等领域的专业能力获得行业高度认可。 同时，公司凭借深厚的技术实力与丰富的数智化应用场景，赢得了众多奖项和荣誉，具体情况如下： 类别 奖项名称 颁发单位 北京数字经济企业百强 北京企业联合会、北京市企业家协会 北京高精尖企业百强 北京企业联合会、北京市企业家协会 北京服务业企业百强 北京企业联合会、北京市企业家协会 北京软件和信息技术服务综合实力百家企业 北京软件和信息技术服务业协会 2025年北京软件核心竞争力企业（技术研发 北京软件和信息技术服务业协会 型） 2025中国人工智能百强企业 赛迪顾问 上海数据交易所、上海高级金融学院、证券日 2024上市公司数据价值化100强 报 中国软件诚信示范企业 中国软件行业协会 杭州国家语料库首批数据合伙人 杭州数据集团 华为鲲鹏展翅伙伴计划——优选级应用伙伴 华为 品牌荣誉 爱分析·AI大模型优秀厂商 爱分析 入选“数据场景创新示范企业” 创业邦 2025人工智能与数据应用品牌企业 2025数据应用与数字服务产业对接会组委会 拓尔思 2024年数据交易成果十大案例 北京国际大数据交易所 2025爱分析·AIGC厂商全景报告 爱分析 入选《2025中国大模型安全能力测评报告》 赛迪顾问 入选《AI Agent智能体产业图谱1.0》 中国信通院 入选《中国数据库产业图谱》 中国信通院 入选《2025中国AI大模型产业图谱1.0版》 数据猿 入选《智能体产业图谱1.0》 中国人工智能产业发展联盟 入驻首个国家试点“数场平台” 全球数源中心 2025年度优秀软件产品 中国软件行业协会 世界人工智能大会 Al Solutions for SME——中国中小企业人工智 Al for SME人工智能赋能中小企业高质量发展 能推荐解决方案 论坛组委会 产品荣誉 世界人工智能大会 2025世界人工智能大会“数据要素×人工智 “数据要素×人工智能+”赋能行业高质量发 能+”赋能行业高质量发展论坛典型案例 展论坛组委会 全球数字经济大会 北京市人工智能赋能产业发展典型案例 人工智能融合应用发展论坛组委会 29
拓尔思信息技术股份有限公司2025年年度报告全文 全球数字经济大会 《大数据创新应用优秀案例(2025)》 中国计算机行业协会大数据产业生态专委会 数据要素优秀产品 中国软件评测中心 入选《2025中国云生态典型应用案例集》 中关村云计算产业联盟 2025年度中关村科学城人工智能全景赋能典 中关村科学城管理委员会 型案例 第五届未来视听创新大赛——高品质视听赛道 北京市广播电视局 媒体视听新技术分赛道三等奖 天行网安 品牌荣誉 2025新质生产力领军企业 第十四届财经峰会 北京立言金融与发展研究院、金融科技50人 第六届“数字金融创新案例（2025）”征集 论坛、神州信息 2025年第二届CCF中国数字金融大会“数字 中国计算机学会（CCF） 金融产业应用优秀案例” 金信网银 案例类荣誉 2025年金融科技应用场景大赛-优秀实践项目 北京市西城区科学技术委员会 2025年金融街论坛年会发布中国数字金融独 北京金融街研究院 角兽榜单 报告期内经营未达目标的原因分析： （1）宏观环境影响下游需求 2025 年我国经济保持平稳增长，但各行业信息化投入普遍收缩。公司核心客户集中于政府和金融领域，相关客户受 财政预算统筹、自身经营压力等因素影响，项目推进放缓、投资规模缩减。从行业整体看，同行业上市公司亦普遍出现 亏损或业绩下滑，行业整体经营承压。 （2）政府行业依赖度较高 公司业务中国家财政支持的信息化项目占比较高，政府行业数字化转型投入放缓对公司收入产生直接影响。信息安 全细分领域受到冲击尤为明显，子公司天行网安所在行业竞争加剧、利润空间压缩，成为商誉减值的直接原因。 （3）战略转型期业绩转化滞后 公司主动调整业务结构，压缩传统大数据与系统集成业务，全力聚焦人工智能应用与数据要素新赛道。新业务虽已 形成上千个客户智能体应用，但现阶段多处于试用培育期，尚未进入规模化变现阶段；而研发投入、算力成本等刚性支 出持续发生，收入与成本错配导致短期亏损。 （4）人员结构调整需进一步深化 报告期内，公司减少人员约 200 人，人工成本有所下降。但由于员工结构和管理层对业务增长的预期偏乐观，人员 调整力度未达预期。后续公司将加大组织调整力度，推进队伍年轻化与结构优化，提升人效与组织敏捷性，以更好地适 应战略转型需要。 2、收入与成本 （1） 营业收入构成 营业收入整体情况 单位：元 2025年 2024年 同比增减 金额 占营业收入比重 金额 占营业收入比重 营业收入合计 511,344,793.45 100% 777,034,453.08 100% -34.19% 分行业 30
拓尔思信息技术股份有限公司2025年年度报告全文 政府行业 145,511,451.69 28.46% 174,342,847.89 22.44% -16.54% 公共安全 205,008,595.66 40.09% 159,857,113.05 20.57% 28.24% 互联网和传媒 56,349,537.09 11.02% 76,465,062.12 9.84% -26.31% 金融、制造、能源等企业客户 104,475,209.01 20.43% 366,369,430.02 47.15% -71.48% 分产品 大数据软件产品及服务 103,194,178.53 20.18% 291,379,489.00 37.50% -64.58% 人工智能软件产品及服务 262,587,669.46 51.35% 258,277,521.78 33.24% 1.67% 安全产品 93,702,365.67 18.32% 73,796,952.30 9.50% 26.97% 系统集成及其他 51,860,579.79 10.14% 153,580,490.00 19.76% -66.23% 分地区 北方 239,538,229.10 46.84% 414,433,975.71 53.34% -42.20% 华东 105,642,617.19 20.66% 108,255,967.94 13.93% -2.41% 华南/华中 75,019,773.95 14.67% 138,390,256.26 17.81% -45.79% 西部 91,144,173.21 17.82% 115,954,253.17 14.92% -21.40% 分销售模式 直接客户 281,072,605.32 54.97% 511,894,605.10 65.88% -45.09% 与集成商或代理商合作 230,272,188.13 45.03% 265,139,847.98 34.12% -13.15% 公司需遵守《深圳证券交易所上市公司自律监管指引第 3 号——行业信息披露》中的“软件与信息技术服务业”的披露 要求 单位：元 2025年度 第一季度 第二季度 第三季度 第四季度 营业收入 124,967,319.45 119,833,696.23 92,181,151.04 174,362,626.73 归属于上市公司股东的净利润 -22,929,808.70 -50,701,364.18 -86,446,254.59 -133,671,970.09 2024年度 第一季度 第二季度 第三季度 第四季度 营业收入 210,572,417.17 233,857,146.32 156,945,959.27 175,658,930.32 归属于上市公司股东的净利润 30,192,747.63 39,451,333.21 -46,780,355.23 -117,009,355.41 说明经营季节性（或周期性）发生的原因及波动风险 不适用 （2） 占公司营业收入或营业利润10%以上的行业、产品、地区、销售模式的情况 适用 □不适用 公司需遵守《深圳证券交易所上市公司自律监管指引第 3 号——行业信息披露》中的“软件与信息技术服务业”的披露 31
拓尔思信息技术股份有限公司2025年年度报告全文 要求 单位：元 营业收入比上 营业成本比上 毛利率比上 营业收入 营业成本 毛利率 年同期增减 年同期增减 年同期增减 分客户所处行业 政府行业 145,511,451.69 62,587,765.39 56.99% -16.54% -16.11% -0.22% 公共安全 205,008,595.66 59,714,570.52 70.87% 28.24% 29.81% -0.35% 互联网和传媒 56,349,537.09 22,105,992.48 60.77% -26.31% -44.01% 12.40% 金融、制造、能源等企业 104,475,209.01 52,739,108.91 49.52% -71.48% -61.94% -12.66% 客户 分产品 大数据软件产品及服务 103,194,178.53 40,831,597.21 60.43% -64.58% -64.78% 0.22% 人工智能软件产品及服务 262,587,669.46 96,427,003.10 63.28% 1.67% 36.66% -9.40% 安全产品 93,702,365.67 28,155,920.80 69.95% 26.97% 35.23% -1.84% 系统集成及其他 51,860,579.79 31,732,916.19 38.81% -66.23% -65.25% -1.72% 分地区 北方 239,538,229.10 98,011,594.49 59.08% -42.20% -45.30% 2.31% 华东 105,642,617.19 32,406,898.07 69.32% -2.41% 12.84% -4.15% 华南/华中 75,019,773.95 37,053,330.32 50.61% -45.79% -39.85% -4.88% 西部 91,144,173.21 29,675,614.42 67.44% -21.40% 1.81% -7.42% 分销售模式 直接客户 281,072,605.32 124,482,033.80 55.71% -45.09% -40.49% -3.43% 与集成商或代理商合作 230,272,188.13 72,665,403.50 68.44% -13.15% -18.79% 2.19% 公司主营业务数据统计口径在报告期发生调整的情况下，公司最近1年按报告期末口径调整后的主营业务数据 □适用 不适用 （3） 公司实物销售收入是否大于劳务收入 □是 否 （4） 公司已签订的重大销售合同、重大采购合同截至本报告期的履行情况 □适用 不适用 （5） 营业成本构成 产品分类 单位：元 32
拓尔思信息技术股份有限公司2025年年度报告全文 2025年 2024年 产品分类 项目 同比增减 占营业成本 占营业成本 金额 金额 比重 比重 大数据软件产品 人工成本、外包技术服务 40,831,597.21 20.71% 115,936,971.91 38.82% -64.78% 及服务 人工智能软件产 人工成本、外包技术服务 96,427,003.10 48.91% 70,561,377.70 23.63% 36.66% 品及服务 安全产品 外购原材料、人工成本 28,155,920.80 14.28% 20,820,757.87 6.97% 35.23% 系统集成及其他 外购软硬件 31,732,916.19 16.10% 91,328,195.33 30.58% -65.25% 公司需遵守《深圳证券交易所上市公司自律监管指引第 3 号——行业信息披露》中的“软件与信息技术服务业”的披露 要求 主营业务成本构成 单位：元 本报告期 上年同期 成本构成 同比增减 金额 占营业成本比重 金额 占营业成本比重 外包技术服务 108,774,184.51 57.67% 148,272,733.67 66.83% -26.64% 外购软硬件 23,038,203.54 12.21% 14,419,005.19 6.50% 59.78% 外购原材料 26,490,724.51 14.04% 18,956,853.09 8.54% 39.74% 人工成本 30,322,782.51 16.08% 40,205,491.81 18.12% -24.58% （6） 报告期内合并范围是否发生变动 是 □否 新增1家合并单位，原因为新设全资子公司，相关信息如下： 企业名称 注册地 业务性质 持股比例（%） 取得方式 海南热度数智技术有限公司 海南 软件开发与销售、技术服务 100.00 投资设立 （7） 公司报告期内业务、产品或服务发生重大变化或调整有关情况 □适用 不适用 （8） 主要销售客户和主要供应商情况 公司主要销售客户情况 前五名客户合计销售金额（元） 62,287,117.22 前五名客户合计销售金额占年度销售总额比例 12.18% 前五名客户销售额中关联方销售额占年度销售总额比例 0.00% 公司前5大客户资料 序号 客户名称 销售额（元） 占年度销售总额比例 33
拓尔思信息技术股份有限公司2025年年度报告全文 1 公安部第一研究所 17,224,005.42 3.37% 2 新长城科技有限公司 14,259,292.04 2.79% 3 中电信数智科技有限公司 12,860,943.17 2.52% 4 客户1 9,426,548.67 1.84% 5 四川兴熙鸿商业管理有限公司 8,516,327.92 1.66% 合计 -- 62,287,117.22 12.18% 主要客户其他情况说明 □适用 不适用 公司主要供应商情况 前五名供应商合计采购金额（元） 38,935,366.85 前五名供应商合计采购金额占年度采购总额比例 23.34% 前五名供应商采购额中关联方采购额占年度采购总额比例 0.00% 公司前5名供应商资料 序号 供应商名称 采购额（元） 占年度采购总额比例 1 北京优克信息技术有限公司 10,039,478.55 6.02% 2 北京兴汉网际股份有限公司 8,934,867.38 5.36% 3 北京宇通信合科技有限公司 8,578,159.29 5.14% 4 深圳市意盛科技有限公司 5,722,484.27 3.43% 5 山东浪潮超高清智能科技有限公司 5,660,377.36 3.39% 合计 -- 38,935,366.85 23.34% 主要供应商其他情况说明 □适用 不适用 报告期内公司贸易业务收入占营业收入比例超过10% □适用 不适用 3、费用 单位：元 2025年 2024年 同比增减 重大变动说明 销售费用 143,907,918.13 140,749,273.90 2.24% 管理费用 212,402,028.98 200,012,170.54 6.19% 财务费用 -12,727,325.20 -2,439,536.01 -421.71% 确认募集资金定存利息收入 研发费用 127,823,272.51 148,413,468.49 -13.87% 34
拓尔思信息技术股份有限公司2025年年度报告全文 4、研发投入 适用 □不适用 主要研发项 项目 项目目的 拟达到的目标 预计对公司未来发展的影响 目名称 进展 成为市场上极少数同时符合搜索 作为国内为数不多的从底层分 数据库标准和向量数据库标准的 词、索引机制到上层应用系统 研发集全文检索和向量检索于一体的 纯国产自研软件之一。不仅支持 都纯国产自研的搜索型数据 新一代搜索型数据库。 处于 常见的文本检索、拼音检索、同 TRS 海贝搜 库，海贝满足国家信创替换需 在倒排索引的基础上，引入了高性能 产品 义词检索等，还可以搭配大模型 索数据库系 求。另外，通过对稠密向量的 的 HNSW 向量索引，实现稠密向量索 研发 （深度学习引擎）实现语义搜 统V12 支持，配合拓尔思自研的拓天 引，可以实现文字、图像、音视频的 阶段 索、图片搜索、跨模态搜索以及 大模型，可以在智能问答、智 多模态统一搜索。 融合搜索等，可广泛用于企业搜 能搜索、智能写作等方面发挥 索、检索增强生成（RAG）以及 更大的作用。 智能问答等应用场景。 TRS智创AIGC平台V3是基于预 基于大模型的AIGC平台以预训练大模 训 练 大 模 型 、 In-Context TRS智创AIGC平台V3的研发 型、In-Context Learning、instruction Learning、instruction tuning 等技 成功，将大幅度提升拓尔思拓 tuning 等技术为基础，将文本生成、交 术的新一代人工智能软件，提供 处于 天行业大模型的开发效率， 面 TRS 智 创 互式生成、跨模态生成、小样本学 基于大模型的涵盖文本、图像、 产品 向金融、政务、媒体、专利等 AIGC 平台 习、大模型与外部知识库的融合等功 音频、视频、代码等 AIGC 内容 研发 领域的开发媒体大模型、金融 V3 能作为研发重点，突破基于大模型的 生成功能，支持文书/论文/文案写 阶段 大模型、政务大模型、舆情大 AIGC 的关键技术，在问答机器人、数 作、风格/情感改写、标题/摘要生 模型、公安大模型、专利大模 字虚拟人、搜索引擎等领域实现成功 成、代码生成、视频创作、图文 型。 应用。 协同生成、数字虚拟人等应用场 景。 构建 TRS 数家资讯大数据分析平 平台汇聚报纸、网站、客户端、微 台，汇聚全渠道互联网资讯内 信、微博、第三方平台、短视频平台 容，通过数据清洗与精加工实现 等互联网全渠道内容资讯，将清洗、 结构化分类整合，并以云服务方 精加工的数据进行结构化分类整合， 式满足用户多样化数据需求。平 为公司媒体、政务、企业、高 以“云服务”的方式满足用户对互联 台将提供高效检索、筛选、分 校等行业提供在线服务；为网 TRS 数家资 网资讯内容的数据需求，可快速实现 类、管理、取稿收藏及推送等功 信、开源情报等泛安全用户提 讯大数据分 海量资讯的检索与筛选、分类与管 完成 能，支持第三方系统无缝集成， 供底层数据、分析支撑；为公 析平台V2 理、取稿与收藏，订阅及推送，支持 实现精准内容定制与自动推送。 司内部网察、数星、OM、开源 与第三方系统进行无缝集成，实现精 平台将遵循高精准、高时效、场 情报平台提供底层数据支撑。 准内容定制与自动推送，按照“高精 景化原则，为用户提供实时、智 准、高时效、场景化”原则，为用户 能、个性化的内容服务，助力用 提供实时、精准、智能、个性化的内 户快速获取所需资讯，提升工作 容供给服务。 效率与决策水平。 TRS数星产业大脑平台 v3的研发旨在 构建全产业链分析服务平台，依 通过整合大数据、人工智能、云计算 托产业数据中心与智能数据标 产业大脑平台将强化公司在产 等先进技术，构建一套集数据分析、 签、全产业链知识引擎，运用信 业大数据领域的市场竞争力， 产业洞察、辅助政策制定及数智化服 息技术推动产业数字化，实现产 拓展业务领域，并提升创新能 TRS 数星产 务于一体的综合性平台。本项目的核 业要素与主体高效协同，赋能企 力。该平台促进产业合作与生 业大脑平台 心目标是充分发挥产业大数据在产业 完成 业生产经营，服务产业生态建 态构建，助力产业协同发展。 V3 链现代化过程中的数字支撑和智力支 设，促进经济治理数字化。产业 同时，成功研发和实施将提升 持作用，推动区域产业转型升级，为 大脑面向政府侧，提供多元应用 公司品牌形象与社会影响力， 政府、金融机构、企业等目标客户提 场景，助力产业转型升级，为经 树立专业地位，积极履行社会 供精准、高效的数智化服务，助力产 济可持续发展提供决策支撑。同 责任。 业生态的健康发展。 时，产业大脑赋能金融机构，助 35",windowed_extraction_review_required
300229.SZ,AR_300229_SZ_2025,r_and_d,13,24,"拓尔思信息技术股份有限公司2025年年度报告全文 第三节 管理层讨论与分析 一、报告期内公司从事的主要业务 报告期内，公司紧扣人工智能产业发展浪潮，以“决策智能”为核心发展方向，依托三十余年自然语言处理、知识 图谱等核心技术积累，持续加大行业大模型研发投入，加速拓天大模型技术落地与场景应用推广，深化人工智能、大数 据技术在数字政府、融媒体、金融科技、数字企业、公共安全等优势领域的融合创新。公司率先实现大模型与各行业传 统业务的深度耦合，助力客户实现体验提升、风险管控、降本增效的核心目标，持续巩固技术壁垒与市场领先优势，全 面推进商业模式向大模型赋能的认知智能服务转型，为公司长期高质量发展筑牢根基。 本报告期内，公司无新增重要非主营业务。 （一）人工智能产品 决策智能作为人工智能应用发展的核心前沿，是实现机器从“感知” 到“理解”再到“自主决策”的关键跨越，成 为全球科技界的核心探索方向。李飞飞曾指出“认知智能的突破将重构人机协作的底层逻辑，让 AI 真正具备解决复杂现 实问题的能力”，马斯克亦强调“真正的人工智能必然是拥有认知能力的智能体，而非单纯的信息处理工具”，Palantir 创 始人 Alex Karp 在 2025 年最新演讲中更是提出“认知智能作为双用途核心技术，已成为全球科技竞争与产业升级的关键 抓手”。全球决策智能发展已步入场景落地阶段，以 Palantir 为代表的企业正将认知智能技术深度融合于政务、安全、金 融等领域，实现从数据挖掘到智能决策的全链路赋能，头部科技企业均加大研发投入，推动认知智能技术与实体经济的 快速结合。国内决策智能产业迎来黄金发展期，在政策支持与技术创新双重驱动下，行业整体呈现“技术迭代加速、场 景应用深化、生态体系完善” 的特征，AI 大模型作为决策智能的核心载体，市场规模保持高速增长，成为数字经济发 展的重要引擎。 作为国内决策智能领域的先行者，公司构建了覆盖底座、平台、应用三层的全栈认知智能产品体系，涵盖从数据采 集、汇聚、存储检索到数据治理、动态本体、AI 大模型、智能体平台的全链路能力，为金融、能源、企业、媒体、政务、 网信、公安、特种等行业提供端到端的决策智能赋能。 12
拓尔思信息技术股份有限公司2025年年度报告全文 1、底座 底座层由数据资产与拓天大模型两大核心构成，共同为上层认知智能应用提供“燃料”与“引擎”。其中，数据资产 定位为高质量、多模态、可运营的 AI 训练资源底座和行业应用场景核心数据资源，拓天大模型定位为深耕垂直行业的 专用大模型基座。 数据资产：作为公司认知智能体系的“燃料层”，数据资产的核心价值在于为大模型预训练、行业专属语料销售及多 模态模型训练提供高质量、高密度的数据支撑。公司已构建超 6,000 亿条多模态数据资源，经标准化清洗与 Token 化处 理，形成超 200 万亿 Token 的高质量语料池。在金融风控、舆情监测、开源情报等核心应用场景中，公司数据资产为行 业场景智能体提供精准的行业上下文与实时动态信息，显著提升模型输出准确性与业务适配能力。 拓天大模型：作为公司认知智能体系的“引擎层”，拓天大模型定位为深耕政务、金融、媒体、公共安全等垂直行业 的专用大模型基座，核心价值在于为上层智能体应用提供高性价比、高安全性的行业 AI 能力。模型已完成与华为昇腾、 寒武纪、海光等主流国产化GPU厂商的深度适配。在不同行业应用场景中，拓天大模型实现规模化落地，具备行业知识 深度耦合、业务规则精准执行、私有化安全部署三大核心优势，成为驱动行业智能体的可靠动力核心。 2、平台 平台层由数据治理平台、动态本体平台、智能体平台三大核心引擎构成，分别承担数据资产化、知识语义化、能力 智能化的关键职能。 数据治理平台：定位为从多源异构数据采集、汇聚到高质量 AI 就绪数据的全链路加工与治理中心。其核心价值在 于将分散、原始、多模态的数据资源转化为标准化、可计量、可追溯的高价值数据资产，为上层认知智能应用提供坚实 的数据底座。平台深度融合海蜘分布式采集系统、海聚大数据融合系统、海贝全文搜索/向量/图数据库、数据中台及高 质量数据构建系统等核心产品，形成覆盖“采—聚—存—管—用”的全流程闭环。通过上述能力的系统集成，数据治理 平台为行业大模型训练与智能体应用提供源源不断的高质量“燃料”。 动态本体平台：定位为业务语义建模与知识表示系统。其核心价值在于解决 AI“看不懂业务”的痛点，通过构建统 一、动态、可执行的业务语义层，将分散在不同数据源中的原始字段、表结构、业务规则等转化为机器可理解、可推理 的概念、属性与关系。公司以自主研发的动态本体一体化平台为核心，支持多源异构数据的实时融合、实体提取、关系 建模与动态演化。与静态的、预先定义的行业知识图谱不同，动态本体能够随着业务变化、数据更新和应用反馈自动调 整和扩展，确保语义层始终与真实业务逻辑保持一致。通过动态本体平台，智能体可以基于业务概念而非底层数据表进 行推理和决策，从而大幅提升对复杂业务场景的理解准确性和任务执行可靠性，为上层智能体应用提供精准、可信、可 解释的业务上下文。 智能体平台：定位为行业智能体的统一开发、调度与运行环境。其核心价值在于将大模型能力与行业业务深度耦合， 实现从“通用对话”到“专业办事”的跨越。平台以拓天大模型为核心引擎，提供可视化编排、Skill 原子能力库及多智 能体协同等核心功能，将智能体开发周期从周级缩短至小时级。在此基础上，基于本体的自主探索系统支持业务人员无 需技术背景即可开展多跳挖掘、关联溯源与技战法沉淀，自动化解业务口径冲突，将专家经验转化为可复用分析流程。 平台深度融合拓天大模型及认知博弈实验平台等，支撑千行百业智能体的规模化落地。在交付模式上，支持按实例数、 Token消耗量或效果产出计费，推动商业模式向“数字员工服务采购”升级。 其他人工智能专业平台：TRS 事件推演与博弈系统新增基于平行数据的决策预测功能，将物理世界的多源感知数据 与信息领域的事件知识库相结合，提升复杂场景下的决策支持效果。TRS 数据和模型驱动的战略推演系统，借鉴国际先 进推演技术理念，基于 AI 大模型为战略推演与桌面演习提供智能化支持，助力国防相关领域用户探索动态复杂任务场 景。公司构建认知推演与分析平台，以社交媒体大数据为基础，融合 AI 语义理解、用户行为建模与仿真推演技术，形 成集主题发现、风险预警、立场分析、群体特征测绘、策略推演、内容生成与效果评估于一体的综合性分析系统，服务 于关键领域用户在网络空间风险感知与策略优化方面的需求。 13
拓尔思信息技术股份有限公司2025年年度报告全文 公司主要平台已完成与华为昇腾、寒武纪、摩尔线程、沐曦、天数智芯、燧原科技等主流国产 AI 芯片的适配，并 与海光、飞腾等国产CPU平台实现深度兼容，全面构建自主可控的国产化算力底座。 3、应用 在应用层，公司面向金融、公共安全（网信、公安、特种等）、能源、企业、政务、媒体等垂直领域，构建起覆盖核 心业务场景的智能体集群。这些智能体深度适配各行业复杂业务痛点，通过自主感知、规划与执行，实现从技术能力到 商业价值的快速转化：在金融领域，智能体助力风控审计、消保审查等场景实现全流程智能化；在公安领域，支撑情指 行一体化与合成作战等核心业务。通过标准化开发框架与可复用的行业知识资产，公司实现了智能体应用的快速部署与 规模化复制，持续巩固并扩大在关键赛道的技术代差与市场领先地位；在政务领域，推动 “对话即服务” 的新型政务 服务和数字机关办公模式落地。 （二）大数据 报告期内，公司持续对全栈数据服务能力与产品进行了升级与优化，重点以Token为核心完成了数据价值的重构。 1、数据来源 公司的原始数据主要来源于互联网公开数据，属于公共数据的授权，主要通过自研的海蜘智能化采集平台对原始数 据进行采集，采集范围包括新闻网页、APP新闻及 APP推送消息、报刊版面、音视频、自媒体平台、博客论坛、国内外 各主流社交媒体等。采集类型包括文本、图片、音视频、附件以及其他特种数据采集。 2、数据采集 报告期内，公司持续强化数据采集核心技术能力，在采集效率、成本控制与系统稳定性方面取得显著进展。 在采集能力提升方面，公司针对高成本采集场景优化技术路径，通过改进采集策略，有效降低流量成本约三分之一。 针对复杂应用环境下的采集难点，公司攻克了多层加密协议解析技术，支撑了高难度数据源的稳定获取。在站点采集稳 定性方面，公司通过优化访问策略、智能频率控制及行为模拟等综合手段，显著提升了对高难度目标站点的采集成功率 与稳定性。 在采集体系建设方面，公司重构浏览器采集器架构，实现资源的动态调度与高效利用，大幅提升机器资源使用效率。 针对数据重复等共性问题，公司优化采集调度策略，升级排重存储能力，整体采集效能持续提升。其中，特定场景采集 14
拓尔思信息技术股份有限公司2025年年度报告全文 通过接口化改造替代传统浏览器模式，采集效率提升5倍，系统稳定性显著增强。 上述技术突破有效提升了公司多源异构数据的采集获取能力，为行业大模型训练与数据服务业务提供了坚实的数据 基础支撑。 3、数据治理 报告期内，公司持续深化数据治理能力建设，在加工治理、系统稳定性、国产化适配及行业应用封装等方面取得进 展。 在数据加工治理方面，进一步增强数据聚合与多次治理能力，血缘支持细化至字段级，实现数据全链路可追溯、可 管理，提升数据资产质量与运维效率。同时，增强实时处理能力，满足重大项目对高时效数据服务的业务需求。 在系统稳定性与排障能力方面，优化动态资源调度机制，有效缓解资源倾斜问题，提升系统运行稳定性。增强平台 可观测性，降低实施与排障成本，为上层业务应用提供更可靠的数据服务支撑。 在国产化适配与合规能力方面，持续推进数据中台数据库的国产化适配工作，完成相关产品兼容性测试。同时，增 强审计智痕能力，满足高安全场景下的合规管理要求。 在行业应用封装方面，面向公安行业完成标准资产结构与算子骨架的初步构建，形成可复用的最小业务闭环；面向 特种领域开展基础调研与算子库储备，为后续行业化数据服务能力的快速构建奠定基础。 在基础设施方面，公司海贝搜索数据库系统发布 V12.0版本，全面升级向量检索能力，新增 IVF索引，优化 HNSW 索引构建与检索效率，提升海量高维数据的召回性能。系统深度融合拓天大模型，实现智能检索与跨模态搜索一体化能 力。在信创适配方面，全面完善 ElasticSearch 兼容接口，覆盖索引、检索、统计等核心业务场景，降低应用系统迁移与 对接成本。同时，进一步强化数据备份与恢复机制，完善多层次安全防护体系，提升系统稳定性与安全性。 4、数据质量 公司深刻认识到，在人工智能时代，数据质量已从完整性、准确性等传统指标，升级为以 Token 为计量单位、以有 效信息密度为核心的全新评价体系。为此，公司从六大维度系统性实施数据质量提升专项方案，实现核心指标的量化跃 升与价值转化。 ·基础层：源头治理与合规保障 数据来源可信度分层体系：建立 L1（权威级）、L2（优质级）、L3（参考级）三级信源权重体系，高权威数据在训 练语料中享有更高权重。核心成果：高权威数据覆盖核心业务场景，为模型训练提供可信源头。 合规与隐私保护：从个人信息自动脱敏、版权风险识别、数据来源溯源链完整率等方面构建全链路合规体系。核心 成果： PII脱敏率达100%，数据来源完整溯源，为数据流通提供合规硬门槛。 ·核心层：价值提炼与能力构建 Token级噪声过滤与信息密度提升：从传统条数衡量转向有效 Token衡量，以困惑度（Perplexity）、信息熵等 AI原 生指标驱动清洗策略。核心成果： 有效Token率从74%提升至92%以上，重复Token占比降至3%以内。 多模态数据对齐质量：图片、短视频与文字的跨模态对齐质量，是多模态大模型训练的核心原料。核心成果： 图文 语义对齐率从61%提升至85%以上，视频关键帧有效率从52%提升至80%。 社交数据深度结构化：社交平台数据天然高噪，但经过深度清洗与标注后，可转化为 RLHF 偏好数据、情感语料等 高附加值产品。核心成果： 有效内容提取率从43%提升至75%，AIGC生成内容识别率达92%。 ·保障层：持续迭代与效率优化 数据质量自动化飞轮：用自有数据训练数据质量小模型，构建“采集—清洗—评分—反馈”的闭环机制，使数据质 量随规模增长持续自我优化。核心成果：自动化质量标注覆盖率达85%，质量问题响应周期缩短至4小时。 5、数据资源 15
拓尔思信息技术股份有限公司2025年年度报告全文 目前，公司拥有的互联网数据总量为 6,000 亿条以上，日均更新数量 6 亿条以上，日均向公司各行业用户推送数据 20亿条以上。数据内容包括资讯数据、主题数据、行业数据、报告数据、特种数据 5大类，数据模态包括文本、图片、 音频、视频和GIS 等类型，新闻资讯采集范围覆盖196个国家与地区，语种130+种。 面向 AI 原生时代，公司前瞻性推动数据工程从“物理大一统”向“语义大一统”范式升级。通过构建语义层（主 题树），将分散的指标定义、业务规则、历史优质查询等隐性知识形式化为可被智能体理解的上下文资产，形成“目录树 （物理层）+主题树（语义层）”的双层知识架构。公司引入 Agentic 数据治理机制，并基于业务实际消耗的“最长链” 投票机制固化共识，使技术团队从业务扯皮中解放，成为规则引擎的设计者。同时，公司践行“过程即数据”理念，通 过组件化前端捕获专家与系统协同博弈的完整交互轨迹，将结构化修正动作反哺为高价值训练数据，实现数据飞轮的终 极形态。这一范式创新，使公司数据底座从“死数据”进化为驱动智能体自主运行的“活资产”。 公司互联网数据经标准化清洗与 Token 化处理，通过实施多层级质量过滤与信源分级体系，形成以下高质量语料池： ·高质量 Token语料池：累计超 200万亿 Token，有效 Token率≥92%，可用于大模型预训练授权与行业专属语料销 售； ·多模态对齐数据集：累计3亿对图文/视频对齐数据，为多模态大模型训练提供核心原料； ·RLHF偏好标注数据：累计超1,000万条，基于社交平台深度结构化生成。 在知识图谱方面，公司已构建覆盖多领域、多场景的结构化知识体系： ·行业知识图谱：专利知识图谱40亿条、科技论文知识图谱30亿条、金融行业知识图谱1亿条； ·通用知识图谱：多语言通用知识图谱30亿条； ·事理图谱：全球新闻事理图谱10亿条； ·人物组织图谱：重要公共人物与组织图谱实体3.22亿条，图谱关系2.78亿条。 6、数据产品 16
拓尔思信息技术股份有限公司2025年年度报告全文 公司通过采集互联网公开数据，进行清洗、排重、分类、打标、数据融合后，形成高质量数据资源，分发到五大数 据产品平台：数家资讯平台、网察大数据平台、数星产业大脑、天目开源情报平台、Global Insight 国际资讯平台，为千 行百业用户提供数据赋能。报告期内，五大数据资产平台均基于拓天行业智能底座进行了功能迭代，推出了智能体应用， 具体内容如下： ·数星产业大脑 公司聚焦金融科技领域，构建覆盖消保全链路与商业大数据决策的智能体产品矩阵。消保智能体集群实现事前审查、 事中投诉、事后预警全链路闭环；已在多家国有大行及股份制银行深度应用。商业大数据决策智能体依托舆情风控数据 与风险营销知识，面向金融机构及企业客户提供风控、营销、供应商管理等场景服务；同步探索 C 端专业用户应用与渠 道引流模式。 ·数家资讯平台 重点升级资讯热点与榜单系统。资讯热点模块新增多模态切换标签，支持国内主流视频内容展示，丰富资讯呈现维 度。榜单系统优化多模态筛选功能，支持按图文、视频、图片等模态类型进行精准排行，提升内容筛选与排行分析能力。 ·网察大数据平台 公司持续推进网察产品研发，在舆情智能体、企业版及谣言识别三大方向取得重要进展。舆情智能体完成多轮迭代， 重构深度思考与范式推演交互流程，新增自由智答、预警分级、分析看板等功能。网察企业版发布。谣言智能判定功能 实现“特征明显谣言”与“模糊信息”分层筛查；从传播特征、内容特征、影响风险及应对预防四大维度进行深度分析。 ·天目开源情报平台 平台持续围绕开源情报全链路，迭代升级“智能发现—专题汇聚—态势感知”核心能力，支撑全域事件监测与高风 险区域动态预警。持续拓展特色数据源与专项采集计划，形成覆盖全域宏观态势、公共安全及重点行业的多维数据资产， 为政企用户提供高价值情报支撑。 ·Global Insight国际资讯平台 从多维度优化数据呈现与分析能力，丰富社交账号核心信息视图并支持多模态内容自动关联，实现穿透式逐层分析 与区域化灵活配置，同时简化采集流程、增强协同分享功能，统一视觉标准，全面提升用户对全域资讯的高效获取与深 度洞察体验。 7、数据安全 完成 DTP（数据传输安全平台）、DTS（数据交换安全系统）、BOP（安全隔离与信息交换平台）、MTP（安全传输 平台）等核心产品的新规适配版本更新。基于 FPGA 芯片的新一代隔离板卡已研发完成并量产，新板卡的硬件设计、代 码实现完全自主完成，性能得到较大提升，具有高稳定性、高扩展性等特点。 （三）行业应用 1、公共安全 报告期内，国家安全体系现代化建设深入推进，公安、网信、特种机构对情报智能化、侦查精准化、管控主动化的 需求持续增强，以大模型驱动的智能体应用成为提升合成作战效能的关键抓手。公司依托拓天行业智能底座及公安大模 型、军事大模型、开源情报大模型等，构建覆盖多安全领域的智能体产品矩阵。 在公安领域，打造了线索研判、资金穿透、时空碰撞、重点任务管控、异常行为分析、辅助审讯、黑产网络研判等 智能体集群，覆盖侦查、研判、管控全链条。 17
拓尔思信息技术股份有限公司2025年年度报告全文 在网信和特种领域，推出舆情态势感知、开源情报知识问答、情报写作辅助、数据融合分析等专业智能体应用，支 撑网络空间治理与特殊业务需求。 报告期内，公司的公共安全业务实现营业收入 20,500 万元，同比增长 28.24%，成为公司增长最快的业务板块之一。 其中，特种业务爆发式增长，实现营收4,803万元，同比增长109.45%；其他监管及安全机构业务实现营收4,032万元， 同比增长54.00%；公安业务保持稳健发展，实现营收10,088万元，同比增长4.39%。客户拓展方面，新增两个省厅级单 位，以及数个西部市级公安单位和多个特种行业客户，市场覆盖广度与深度同步提升。公司与香港某政府部门的合作持 续深化，继一期、二期项目后签署第三期合同，彰显核心技术在高端客户中的持续认可度。目前，公共安全业务正加速 从“项目定制+数据服务”向“智能体集群+场景赋能”模式转型，为规模化复制奠定基础。 2、金融科技 报告期内，金融行业 IT投入更趋审慎，数字化建设重心加速从传统系统建设向智能化应用转型。在消费者权益保护 18
拓尔思信息技术股份有限公司2025年年度报告全文 领域，随着监管力度持续加强，金融机构亟须从事后处置向事前防控延伸，为智能体应用落地提供了明确的市场需求。 公司依托拓天行业智能体底座，重点打造以消保审查智能体、投诉智能体、消保预警智能体为核心的智能消保产品 矩阵。其中，消保审查智能体已实现全场景、全材料覆盖；投诉智能体构建十维分析体系，可自动识别投诉产品、原因、 诉求、风险、定责等关键信息。在智能风控领域，公司启动商业大数据决策智能体规划，面向金融机构提供风控、营销、 供应商管理等场景的智能体服务。 目前，公司智能风控业务用户已覆盖5大国有银行、3大政策性银行、92%的股份制商业银行，以及中国证监会、国 家金融监督管理总局、上交所、深交所等核心监管与交易机构。智能消保应用已推广至银行、保险、信托、消费金融公 司等多类金融机构，如中国银行、兴业银行、北京银行、上海银行等。 报告期内，公司主动推动金融科技业务从传统项目制开发向“AI+数据”服务模式转型，全年实现营业收入 7,084万 元，收入结构持续优化。传统定制化开发业务收入同比收缩34%，而AI与数据类业务合计实现收入4,753万元，同比增 长 23.26%，占总收入比重跃升至 67%。其中，消保智能体业务表现突出，全年收入达 2,604万元，同比增长 159%；风 控数据服务 ARR 收入保持在 1,500 万元，贡献了稳定的高毛利现金流。核心金融机构客户贡献了金融业务总收入的近 50%，展现出公司在头部客户中的稳固卡位能力。 3、融媒体 报告期内，受媒体行业 IT预算整体收缩影响，中央及省级媒体信息化项目规模较上年同期下降约三分之一，地市级 与行业媒体投入保持相对平稳。面对行业周期性调整，公司主动推动业务重心从传统项目制交付向数据服务与智能体应 用转型。 公司依托拓天行业智能体底座，持续打磨面向新闻生产全流程的智能编辑助手。该产品集“专业媒资库、全场景覆 盖、全流程接入、多模态支持”于一体，以智能体模式深度集成于编辑器核心工作流，为编辑记者提供标题拟定、智能 摘要、多语言翻译、以文生图、以图搜视频等生成式服务，有效提升内容生产效率。 公司融媒体用户已覆盖 72%中央媒体、61%省级媒体、40%行业媒体，保持较高的市场渗透率。尽管中央及省级媒 体项目制业务短期承压，但存量客户黏性稳定。报告期内，媒体行业数据服务合同总额及客单价均实现显著提升，公司 融媒体业务正从“软件产品”向“数据服务+AI赋能”的复合模式演进，收入结构持续优化。 4、数字政府 报告期内，各级政府数字化转型进入深水区，从系统建设向业务智能化、服务主动化加速演进，对政务大模型及智 能体应用的需求逐步释放。 公司依托拓天行业智能底座，全面推动数字政府解决方案向“智能体应用”迭代升级。在政务公开与政务服务领域， 打造政务问答智能体，深度融合多轮对话交互技术，构建“对话即服务、平台即助理”的新型服务模式。在政府办公领 域，推出公文仿写、材料整编、智能问数、政策比对、合同比对、材料总结等场景化应用，辅助公务人员实现政策解读、 报告撰写等工作的智能化提效。目前，拓天数字机关智能体矩阵已在政务热线、政府门户问答、专业领域知识问答等核 心场景深度落地。 19
拓尔思信息技术股份有限公司2025年年度报告全文 公司政府用户已覆盖 80%的中央和国务院机构、64%的省级政府、52%的地市政府及 400 余家地方金融监管单位。 报告期内，公司数字政府业务从传统的“软件交付+数据服务”模式，加速向“智能体应用+场景赋能”模式转型，业务 附加值及客户黏性显著提升。 5、数字企业 报告期内，央国企及大型企业在数字化转型中更加注重内部知识赋能与出海业务安全，对智能化内容处理与开源情 报服务的需求稳步释放。 公司依托拓天行业智能底座，持续深化企业内部知识服务场景应用。智能问答助手为研究人员提供政策资讯获取、 成果摘要、知识助手、竞争情报等服务；研报辅助撰写助手支持专业领域的渐进式智能化写作。同时，基于天目开源情 报平台，公司可为出海企业提供国际风险库、法律法规库、安全风险数据库及海外利益威胁预警等服务，帮助客户建立 海外风险事前防范能力。 公司数字企业服务用户已覆盖中国能建、中国铁路、国投集团、国家电网、南方电网、中国人民保险、海尔集团、 百胜集团等大型企业。报告期内，新增中国交建集团、中国航发黎明公司、青岛地铁集团、乾元科技公司等央国企客户， 原有用户保持较高 SaaS服务续签率。公司稳步推进数字企业业务从传统软件交付向“SaaS 订阅+场景智能体”模式演进， 业务基本盘保持稳健发展。 （四）服务模式 1、软件产品 公司拥有人工智能和大数据技术领域的通用产品，包括拓天行业智能底座、动态本体一体化平台、自主探索系统、 海蜘大数据采集平台、海聚数据融合平台、海贝搜索数据库等，在项目中主要用于构建人工智能底座和大数据底座，为 上层业务应用提供数智化能力。其中，拓天行业智能底座为行业大模型与智能体提供统一技术框架，动态本体一体化平 台实现多源异构数据的实时融合与知识动态建模，自主探索系统支持业务人员开展多跳挖掘与关联推理，三者协同构成 公司认知智能体系的核心引擎。目前，公司的软件产品主要按许可组件+套数的模式进行销售。 同时，随着人工智能技术向“智能体化”演进，公司已在探索行业应用场景推出智能体（Agent）软件许可，按智能 体实例数、并发数或模型调用量进行计费，满足客户对自主执行、任务驱动型AI应用的采购需求。 20
拓尔思信息技术股份有限公司2025年年度报告全文 2、大数据服务 公司采集的公开信源数据通过加工处理，通过不同专业模型转化成不同领域的知识数据，实现数据从资源性到经营 性的数据资产变现，形成了五大数据产品：数家资讯平台、网察大数据平台、数星产业大脑、天目开源情报平台、 Global Insight国际资讯平台。 目前，公司的数据产品主要提供以下计费服务模式： 服务模式 计费方式 数据集 按数据量购买 API 按次计费 / 按时长计费（年费）/ 按项目计费+按时长计费（年费） 订阅账号 按帐号数量计费 / 按版本计费（标准版、高级版、企业版）/ 按时长计费（年费） 在数据资源方面，公司对公开采集源进行了扩增，并持续加大数据标注服务投入，以保证数据标注质量不断提升。 在数据流通方面，公司数据服务类Open API已在北京、上海、深圳、郑州、湖南、浙江、贵阳、西部等数据交易所挂牌， 并入驻了全球数源中心数场平台，成为杭州国家语料库首批数据合伙人。 3、创新服务（SaaS、按Token计费、RaaS） 公司持续完善多元化服务体系，在传统订阅制SaaS服务基础上，构建“基础能力按需调用、价值成果按效付费”的 多层次商业模式。 在基础服务层面，公司面向大模型及智能体应用推出按 Token 计费模式，支持客户根据实际模型调用量灵活付费， 降低使用门槛，满足从轻量级应用到规模化部署的多样化需求。该模式已在金融风控、舆情监测等场景中试点应用，客 户可根据业务波峰波谷灵活配置资源，实现成本与效益的动态平衡。 在价值共创层面，公司积极探索“按效果付费（RaaS，Results as a Service）”创新商业模式。在金融风控、经侦等 业务逻辑清晰、产出可量化的场景中，公司已与部分客户试点按智能体处理案件数量、业务转化成果或效率提升效果进 行阶梯式计费。这一模式将AI能力从“工具采购”升级为“数字员工服务采购”，深度绑定供应商与客户利益。 IDC 预测，到 2028 年 70%的软件供应商将转向按业务结果计费的新模式。公司将积极把握市场趋势，持续优化 “SaaS 基础订阅+按 Token 弹性调用+按效果价值分成”的复合商业模式，推动从项目交付向“智能体+数据服务”可持 续模式转型。 （五）生产模式 公司全面转向人工智能和大数据赋能客户的数智化发展，整个商业模式正由销售解决方案、软件产品全面转向云和 数据服务模式。传统的数字政府、融媒体等行业解决方案的生产由重建设转向重运营、重增值服务，通过叠加专业领域 的数据服务，进一步深化公司的服务能力。大模型的生产模式也已由“建-用-管”转向细分领域场景落地。 随着智能体应用的规模化推广，公司生产模式正从“项目定制开发”向“智能体封装+场景配置”转型，通过沉淀可 复用的行业智能体组件，显著降低交付成本、提升规模化复制能力。在此基础上，公司进一步探索“Skill”原子能力生 产模式，将智能体的核心能力拆解为可独立调用、灵活组合的标准化技能单元（Skill），支持面向不同场景快速编排和定 制化组装，实现“基础智能体+场景 Skill”的模块化交付。这一模式有效缩短了从需求到上线的响应周期，提升了产品 的灵活性和复用性，为规模化服务更多细分领域客户奠定基础。 （六）采购模式 公司采购内容包括软件安全产品、技术服务等业务实现过程中所需的软件、硬件、材料、附件、工具，其中 IT软硬 件设备包括网络设备、安全设备、主机设备、数据库软件和操作系统等。IT 基础设施部负责受理公司内部软硬件采购申 请，提交审批，组织供应商评价工作，执行采购；商务部负责受理给客户代购的软硬件采购申请，处理客户提交的审批， 供应商监督、评价及执行采购等；行政部负责公司办公用品、产品介质光盘的采购，并负责相关供应商评价；市场部负 21
拓尔思信息技术股份有限公司2025年年度报告全文 责公司印刷品的采购，并负责相关供应商评价；公司主管领导负责对公司内部采购业务的软硬件、办公用品等合格供应 商进行审批；申请部门/人员配合采购实施人员对采购产品进行验收、保管及维护；销售部根据服务项目的需求提出采购 申请。在智能体业务拓展过程中，公司已开始探索与算力服务商、模型平台方的生态合作采购模式，满足客户对“模型+ 算力+应用”一体化交付的需求。 （七）研发模式 报告期内，公司研发人员 700余人，在北京、成都、广州设立了 7 个研发机构（北京研发中心、数字经济研究院、 资讯和融媒体产品中心、舆情和网信产品中心、金融和产业大脑产品中心、成都研发中心、广州知识图谱研究院），拥有 4个北京市重点实验室，是国家重点实验室数据智能创新研发基地，承担过 20余项国家级科研项目，包括多项国家重点 研发计划，已与多所知名高校建立了联合实验室/战略合作关系，形成产学研深度合作生态。公司新增获批共建情报智能 技术北京市重点实验室，该实验室依托北京市科学技术研究院，由公司与研究院联合建设。公司还与新华社国家重点实 验室、北京信息科技大学三方共建“媒体融合生产技术与系统国家重点实验室数据智能创新研发基地”，面向国家重大需 求筑牢科研基础，旨在推动创新链、产业链、资金链、人才链深度融合，围绕业务需求痛点开展应用研发。 在人工智能时代，公司积极推动研发组织从传统“金字塔”层级结构向“蜂窝状”超级个体协同模式进化，形成 “小团队、大平台”的作战模式，通过AI深度赋能研发全流程，倒逼管理机制系统性变革。 研发组织与协同：围绕金融、政务、媒体、公安等核心行业，组建面向场景的端到端研发小组，成员覆盖算法、工 程、产品、测试全职能，通过统一AI研发平台实现各单元间的协同与能力复用。 AI 赋能研发流程：公司将 AI 能力嵌入研发全生命周期——需求阶段由大模型辅助生成文档与原型，开发阶段集成 AI 编码助手实现代码补全与审查，测试阶段应用自动化工具生成用例，文档环节由大模型辅助撰写技术文档。目前，公 司AI辅助开发在研发体系中的渗透率已超90%。根据行业研究机构预测，AI驱动下的软件研发效能有望实现40%至50% 的整体提升。 研发流程与考核机制：公司以敏捷开发为核心，实施双周迭代模式，构建“需求—原型—验证—迭代”的快速闭环。 绩效考核全面转向“价值导向”，核心指标从“代码量、工时”调整为“Token 调度效率、指令质量、业务成果”，重点 考核产品交付质量、客户反馈与业务转化成效。同时，对市场化成果按销售额或续费率实施成果分红机制。 （八）销售模式 公司在全国设立了31家分子公司和办事处，已与行业头部企业建立了广泛的战略合作伙伴关系，包括央国企、互联 网平台公司、行业集成商等。公司软件产品、云和数据服务的销售主要是通过直接向客户销售以及委托合作伙伴销售相 结合的方式进行。多年来，公司以高质量的产品和服务获得大量的行业用户认可。基于这些客户逐步新增的业务需求， 和他们在行业内的口碑传播，以及公司积极进行行业营销活动的作用下，形成的销售机会可以驱动公司业绩在稳健增长 的基础上随着行业市场同步发展。 二、报告期内公司所处行业情况 公司需遵守《深圳证券交易所上市公司自律监管指引第 3 号——行业信息披露》中的“软件与信息技术服务业”的披露 要求 （一）行业概述：2025年软件与信息技术服务业发展态势良好 软件与信息技术服务业是关系国民经济和社会发展全局的基础性、战略性、先导性产业，对经济社会发展具有重要 的支撑和引领作用。工业和信息化部统计数据显示，2025 年我国软件和信息技术服务业运行态势良好，软件业务收入稳 健增长，达到 154,831亿元，同比增长 13.2%；利润总额为 18,848亿元，同比增长 7.3%；软件业务出口 627.3亿美元， 22
拓尔思信息技术股份有限公司2025年年度报告全文 同比增长 7.7%。其中信息技术服务收入保持两位数增长，达 106,366亿元，同比增长 14.7%，占全行业收入的 68.7%； 云计算、大数据服务共实现收入16,230亿元，同比增长13.6%。 （二）行业政策环境与趋势分析 1、人工智能：战略深化与智能经济新形态 近年来，我国人工智能产业在技术创新、产品创造和行业应用等方面实现快速发展，形成庞大市场规模。据国家发 展改革委在十四届全国人大四次会议上披露，到“十五五”末，我国人工智能相关产业规模将增长到 10 万亿元以上， 2025年初步估算相关领域投资将超过 7万亿元。工业和信息化部数据显示，2025年我国人工智能核心产业规模超过 1.2 万亿元，企业数量超过 6,200家，智能算力规模达 1,590 EFLOPS，中国企业推出的开源大模型下载量全球第一。伴随以 大模型为代表的 AI 技术加速迭代，人工智能产业呈现出创新技术群体突破、行业应用融合发展等新特点。政策层面， 国务院于 2025 年 8 月印发《关于深入实施“人工智能+”行动的意见》，作为我国首部人工智能领域纲领性文件，明确 提出到2030年人工智能全面赋能高质量发展，智能经济成为我国经济发展的重要增长极。国务院政府工作报告连续三年 聚焦“人工智能+”战略，2024 年确立行动框架，2025 年深化实施路径，2026 年进一步提出“打造智能经济新形态”， 政策支持力度持续加码。以DeepSeek、Qwen等为代表的AI大模型及应用的推出，标志着我国在生成式人工智能领域持 续走在世界前列。 2、数据要素：市场化配置改革全面深化 数据已成为影响未来发展的关键战略性资源。2025 年是我国数据要素市场化发展全面深化的一年，《企业数据资源 相关会计处理暂行规定》进入全面实施阶段，数据要素市场化发展迈入新阶段。这一年，国家持续完善数据基础制度体 系，《“数据要素×”三年行动计划（2024—2026年）》深入推进，各地紧扣国家部署，10多个省市已出台“数据要素 ×”行动整体或具体领域工作方案，配套制定了财政资金奖补等专项支持政策。截至2025年9月，国家数据资源登记平 台已公示公共数据资源 475项，覆盖 38个国民经济行业大类。2025年， “数据要素×”大赛全国报名队伍突破 2.2万 支，各地遴选近 900 个项目入围全国总决赛。国务院政府工作报告连续三年将数据要素纳入核心议题，政策支持力度持 续加码。未来，数据要素将加速向“基础设施普惠化、价值释放指数化、治理规则全球化”方向演进，为数字中国建设 提供核心支撑。 3、数字政府：集约化建设与政务大模型深度应用 近年，中国政府密集出台多项数字政府政策，推动政务治理向智能化、集约化方向纵深发展。2025 年，中央网信办、 国家发展改革委联合印发《政务领域人工智能大模型部署应用指引》，为人工智能技术推进电子政务创新发展、赋能国 家治理体系和治理能力现代化提供了方向与路径。文件明确要依托“东数西算”和全国一体化算力网，统筹推进智能算 力基础设施布局，构建集约高效的政务智能算力支撑体系。国务院公布《政务数据共享条例》，作为第一部促进政务数 据共享流通的行政法规，对政务数据共享工作提出总体要求。中国信通院发布的《数字政府建设发展研究报告（2025 年）》指出，数字政府建设正从依赖外部投入、粗放扩张的“高投入—低产出”模式，转向以内生动力驱动、注重质量 和可持续性的“低投入—高产出”模式。当前中国数字政府建设已呈现政务服务提质增效、城市全域数字化、数据治理 体系升级的显著特征，贵州省“贵人智办”AI 助手、黑龙江省“龙政智数”大模型等典型案例涌现。未来将在现有基础 上稳步推进，持续优化政务运行模式，为国家治理体系和治理能力现代化提供坚实支撑。 4、信创产业：自主可控全面加速，2027年节点迫近 当前，我国信创产业正经历从“国产替代”向“价值创造”、从“单点突破”向“场景深耕”的战略转型。在政策、 技术与市场三重驱动下，产业进入发展快车道，据中国软件行业协会预测，2025年我国信创软件市场规模有望突破 3万 亿元，2027年或达 5万亿元。市场结构呈现“双轨制”特征：政企采购以安全性、稳定性为核心，构成基本盘；中小企 业更关注性价比与易用性，成为新增长极。需求演进呈现从单点替代向全链升级、从基础可用向体验优化、从被动适配 向主动创新的三大转变。技术层面，操作系统、数据库、AI 框架等基础软件取得关键突破，根技术创新与生态层重构并 23",windowed_extraction_review_required
300229.SZ,AR_300229_SZ_2025,management_discussion,3,14,"拓尔思信息技术股份有限公司2025年年度报告全文 2025 年年度报告 第一节 重要提示、目录和释义 公司董事会及董事、高级管理人员保证年度报告内容的真实、准确、完 整，不存在虚假记载、误导性陈述或者重大遗漏，并承担个别和连带的法律 责任。 公司负责人李渝勤、主管会计工作负责人林义及会计机构负责人(会计主 管人员)林义声明：保证本年度报告中财务报告的真实、准确、完整。 所有董事均已出席了审议本报告的董事会会议。 报告期内，公司实现营业总收入 51,134.48 万元，较上年同期下降 34.19%；实现归属于上市公司股东的净利润-29,374.94 万元，较上年同期下 降 212.02%；实现归属于上市公司股东的扣除非经常性损益的净利润- 33,575.33 万元，较上年同期下降 96.88%。截至本年度报告披露之日，公司 持续经营能力不存在重大风险。有关公司本年度业绩亏损的原因及相关改善 盈利能力的措施的具体内容可参见本报告第三节“管理层讨论与分析”之 “二、报告期内公司从事的主要业务”、“四、主营业务分析”、“十一、 公司未来发展的展望”等部分相关描述。 本年度报告中涉及未来计划或规划等前瞻性陈述的，均不构成公司对投 资者的实质承诺，投资者及相关人士均应对此保持足够的风险认识，并且应 当理解计划、预测与承诺之间的差异，敬请投资者注意投资风险。 公司在本报告第三节“管理层讨论与分析”中“十一、公司未来发展的 2
拓尔思信息技术股份有限公司2025年年度报告全文 展望”部分，详细描述了公司经营中可能存在的风险及应对措施，敬请投资 者关注相关内容。 公司计划不派发现金红利，不送红股，不以公积金转增股本。 3
拓尔思信息技术股份有限公司2025年年度报告全文 目录 第一节 重要提示、目录和释义 ........................................................................................................ 2 第二节 公司简介和主要财务指标 .................................................................................................... 8 第三节 管理层讨论与分析 ................................................................................................................ 12 第四节 公司治理、环境和社会 ........................................................................................................ 49 第五节 重要事项 ................................................................................................................................ 66 第六节 股份变动及股东情况 ............................................................................................................ 86 第七节 债券相关情况 ........................................................................................................................ 93 第八节 财务报告 ................................................................................................................................ 94 4
拓尔思信息技术股份有限公司2025年年度报告全文 备查文件目录 （一）载有公司负责人、主管会计工作负责人、会计机构负责人（会计主管人员）签 名并盖章的财务报表。 （二）载有会计师事务所盖章、注册会计师签名并盖章的审计报告原件。 （三）报告期内公开披露过的所有公司文件的正本及公告的原稿。 （四）其他有关资料。 5
拓尔思信息技术股份有限公司2025年年度报告全文 释义 释义项 指 释义内容 工业和信息化部 指 中华人民共和国工业和信息化部 公安部 指 中华人民共和国公安部 财政部 指 中华人民共和国财政部 海关总署 指 中华人民共和国海关总署 税务总局 指 国家税务总局 国家发改委 指 中华人民共和国国家发展和改革委员会 中国信通院 指 中国信息通信研究院 公司、拓尔思 指 拓尔思信息技术股份有限公司（曾用名：北京拓尔思信息技术股份有限公司） TRS 指 公司的注册商标、英文简称和软件产品的统一品牌 控股股东、信科互动 指 信科互动科技发展有限公司（曾用名：北京信科互动科技发展有限公司） 实际控制人 指 李渝勤女士 认知智能 指 人工智能的高级形态，机器通过理解、推理等类人能力构建经济决策系统。 充分利用媒介载体，把广播、电视、报纸等既有共同点，又存在互补性的不同媒 融媒体 指 体，在人力、内容、宣传等方面进行全面整合，实现“资源通融、内容兼融、宣 传互融、利益共融”的新型媒体。 “对可能存在于智能体或智能体群体中的概念和关系的一种描述”，即用计算机可 本体 指 理解的方式，告诉机器“有什么、它们之间是什么关系”。 指智能体可调用的最小功能单元，即原子能力。每个 Skill 封装了特定的业务逻辑 Skill 指 或操作指令，供智能体在任务执行中按需调度。 Token 指 词元，大语言模型及多模态模型处理、理解与生成信息的最小可计算单元 具有庞大的参数规模和复杂程度的机器学习模型。在深度学习领域，大模型通常 大模型 指 是指具有数十亿甚至上万亿个参数的神经网络模型。 Artificial Intelligence，是研究、开发用于模拟、延伸和扩展人的智能的理论、方 人工智能/AI 指 法、技术及应用系统的计算机技术。 一种能够自主感知环境、动态决策并执行行动的智能实体，通过结合大语言模型 智能体 指 与外部工具/知识库，实现复杂任务的自动化处理。 通过将应用数学、图形学、信息可视化技术、信息科学等学科的理论与方法与计 量学引文分析、共现分析等方法结合，并利用可视化的图谱形象地展示学科的核 知识图谱 指 心结构、发展历史、前沿领域以及整体知识架构达到多学科融合目的的现代理 论。 情报、指挥、行动三大警务职能的高度融合和协同运作，旨在提升警务效率和应 情指行 指 对能力。 Capability Maturity Model Integration，即能力成熟度模型集成。CMMI共有5个级 CMMI 指 别，代表软件团队能力成熟度的 5 个等级，数字越大，成熟度越高，高成熟度等 级表示有比较强的软件综合开发能力。 自然语言处理（Natural Language Processing）的英文缩写，用计算机来处理、理解 NLP 指 以及运用人类语言（如中文、英文等），它属于人工智能的一个分支，是计算机科 学与语言学的交叉学科。 光学字符识别（Optical Character Recognition）的英文缩写，是指电子设备（例如 OCR 指 扫描仪或数码相机）检查纸上打印的字符，通过检测暗、亮的模式确定其形状， 6
拓尔思信息技术股份有限公司2025年年度报告全文 然后用字符识别方法将形状翻译成计算机文字的过程。 AIGC 指 利用人工智能技术来生成内容（AI Generated Content）的英文缩写 软件即服务，Software as a Service 的英文缩写，是一种软件分发模型，用户可以 SAAS 指 通过互联网访问并使用由第三方提供商托管的应用程序。在这种模型下，软件和 相关数据存储在云端，而不是本地计算机或服务器上。 结果即服务，Results as a Service的英文缩写，RaaS要求服务商直接对客户可量化 RaaS 指 的业务结果负责，按智能体处理任务数量、业务转化成效或效率提升效果等阶梯 式计费，实现供应商与客户利益深度绑定。 以数据资源作为关键生产要素、以现代信息网络作为重要载体、以信息通信技术 数字经济 指 的有效使用作为效率提升和经济结构优化的重要推动力的一系列经济活动 即信息技术应用创新产业，它是数据安全、网络安全的基础，也是新基建的重要 信创 指 组成部分 分布式计算的一种，指的是通过网络“云”将巨大的数据计算处理程序分解成无 云计算 指 数个小程序，然后，通过多部服务器组成的系统进行处理和分析这些小程序得到 结果并返回给用户。 基于互联网的相关服务的增加、使用和交互模式，通常涉及通过互联网来提供动 云服务 指 态易扩展且经常是虚拟化的资源。 拓尔思天行网安信息技术有限责任公司（曾用名：北京天行网安信息技术有限责 天行网安 指 任公司），公司全资子公司 金信网银 指 北京金信网银金融信息服务有限公司，公司持股80%的控股子公司 广州拓尔思大数据有限公司（曾用名：广州科韵大数据技术有限公司，广州科韵 广拓公司 指 大数据技术股份有限公司、广州科韵信息股份有限公司等），截至报告期末为公司 全资子公司 成都子公司、成都拓尔思 指 成都拓尔思信息技术有限公司，公司全资子公司 拓尔思国际 指 拓尔思国际有限公司，公司全资子公司 南京拓尔思 指 南京拓尔思智能系统有限公司，公司持股51%的控股子公司 本报告期、报告期 指 2025年1月1日-2025年12月31日 元、万元 指 人民币元、人民币万元 7
拓尔思信息技术股份有限公司2025年年度报告全文 第二节 公司简介和主要财务指标 一、公司信息 股票简称 拓尔思 股票代码 300229 公司的中文名称 拓尔思信息技术股份有限公司 公司的中文简称 拓尔思 公司的外文名称 TRS Information Technology Co., Ltd. 公司的外文名称缩写 TRS 公司的法定代表人 李渝勤 注册地址 北京市海淀区建枫路(南延)6号院3号楼1至7层101 注册地址的邮政编码 100096 2022 年 7 月，公司注册地址由“北京市海淀区知春路 6 号（锦秋国际大厦）B 座 14 层 公司注册地址历史变更情况 1404”变更至“北京市海淀区建枫路(南延)6号院3号楼1至7层101”。 办公地址 北京市海淀区建枫路（南延）6号院金隅西三旗科技园3号楼 办公地址的邮政编码 100096 公司网址 http://www.trs.com.cn 电子信箱 ir@trs.com.cn 二、联系人和联系方式 董事会秘书 证券事务代表 姓名 李党生 毛文仪 北京市海淀区建枫路（南延）6 号院金隅 北京市海淀区建枫路（南延）6 号院金隅 联系地址 西三旗科技园3号楼7层 西三旗科技园3号楼7层 电话 010-64848899 010-64848899-6618 传真 010-64879084 010-64879084 电子信箱 ir@trs.com.cn ir@trs.com.cn 三、信息披露及备置地点 公司披露年度报告的证券交易所网站 深圳证券交易所（http://www.szse.cn） 《证券时报》《证券日报》《上海证券报》《中国证券报》巨潮资讯网 公司披露年度报告的媒体名称及网址 （http://www.cninfo.com.cn） 公司年度报告备置地点 公司证券部 四、其他有关资料 公司聘请的会计师事务所 8
拓尔思信息技术股份有限公司2025年年度报告全文 会计师事务所名称 立信会计师事务所（特殊普通合伙） 会计师事务所办公地址 北京市朝阳区安定路5号院7号楼中海国际中心A座18层 签字会计师姓名 安行、李强 公司聘请的报告期内履行持续督导职责的保荐机构 适用 □不适用 保荐机构名称 保荐机构办公地址 保荐代表人姓名 持续督导期间 北京市朝阳区景辉街 16号院 1号楼泰 2024 年 10 月 29 日至 中信建投证券股份有限公司 张苏、周岱岳 康集团大厦10层 2026年12月31日 公司聘请的报告期内履行持续督导职责的财务顾问 □适用 不适用 五、主要会计数据和财务指标 公司是否需追溯调整或重述以前年度会计数据 □是 否 2025年 2024年 本年比上年增减 2023年 营业收入（元） 511,344,793.45 777,034,453.08 -34.19% 781,678,373.42 归属于上市公司股东的净利润（元） -293,749,397.56 -94,145,629.80 -212.02% 36,465,973.39 归属于上市公司股东的扣除非经常性 -335,753,340.94 -170,533,242.93 -96.88% 2,428,630.97 损益的净利润（元） 经营活动产生的现金流量净额（元） 197,978,468.33 69,459,171.56 185.03% 45,940,871.74 基本每股收益（元/股） -0.3362 -0.1165 -188.58% 0.0467 稀释每股收益（元/股） -0.3362 -0.1165 -188.58% 0.0467 加权平均净资产收益率 -7.38% -2.74% -4.64% 1.13% 2025年末 2024年末 本年末比上年末增减 2023年末 资产总额（元） 4,207,791,883.05 4,481,824,962.63 -6.11% 3,746,005,629.18 归属于上市公司股东的净资产（元） 3,846,553,812.81 4,125,239,803.11 -6.76% 3,352,105,013.12 公司最近三个会计年度扣除非经常性损益前后净利润孰低者均为负值，且最近一年审计报告显示公司持续经营能力存在 不确定性 □是 否 公司报告期内经审计利润总额、净利润、扣除非经常性损益后的净利润三者孰低为负值 是 □否 项目 2025年 2024年 备注 营业收入（元） 511,344,793.45 777,034,453.08 - 营业收入扣除金额（元） 18,160,515.30 122,999,665.90 - 9
拓尔思信息技术股份有限公司2025年年度报告全文 营业收入扣除后金额（元） 493,184,278.15 654,034,787.18 - 六、分季度主要财务指标 单位：元 第一季度 第二季度 第三季度 第四季度 营业收入 124,967,319.45 119,833,696.23 92,181,151.04 174,362,626.73 归属于上市公司股东的净利润 -22,929,808.70 -50,701,364.18 -86,446,254.59 -133,671,970.09 归属于上市公司股东的扣除非 -32,639,636.88 -56,806,657.15 -89,917,124.38 -156,389,922.53 经常性损益的净利润 经营活动产生的现金流量净额 42,160,300.02 -4,374,885.95 -1,921,948.75 162,115,003.01 上述财务指标或其加总数是否与公司已披露季度报告、半年度报告相关财务指标存在重大差异 □是 否 七、境内外会计准则下会计数据差异 1、同时按照国际会计准则与按照中国会计准则披露的财务报告中净利润和净资产差异情况 □适用 不适用 公司报告期不存在按照国际会计准则与按照中国会计准则披露的财务报告中净利润和净资产差异情况。 2、同时按照境外会计准则与按照中国会计准则披露的财务报告中净利润和净资产差异情况 □适用 不适用 公司报告期不存在按照境外会计准则与按照中国会计准则披露的财务报告中净利润和净资产差异情况。 八、非经常性损益项目及金额 适用 □不适用 单位：元 项目 2025年金额 2024年金额 2023年金额 说明 非流动性资产处置损益（包括已计提资产 572,908.80 41,198,850.41 351,922.86 减值准备的冲销部分） 计入当期损益的政府补助（与公司正常经 营业务密切相关，符合国家政策规定、按 19,453,081.93 19,689,767.90 13,269,992.64 照确定的标准享有、对公司损益产生持续 影响的政府补助除外） 除同公司正常经营业务相关的有效套期保 值业务外，非金融企业持有金融资产和金 21,538,007.04 10,038,514.47 20,276,626.86 融负债产生的公允价值变动损益以及处置 金融资产和金融负债产生的损益 10
拓尔思信息技术股份有限公司2025年年度报告全文 委托他人投资或管理资产的损益 2,723,874.90 2,300,661.92 3,794,230.37 除上述各项之外的其他营业外收入和支出 -1,316,285.85 3,064,264.73 -171,803.95 其他符合非经常性损益定义的损益项目 250,126.42 521,746.24 364,547.98 减：所得税影响额 1,209,833.99 95,802.32 3,700,217.93 少数股东权益影响额（税后） 7,935.87 330,390.22 147,956.41 合计 42,003,943.38 76,387,613.13 34,037,342.42 -- 其他符合非经常性损益定义的损益项目的具体情况： □适用 不适用 公司不存在其他符合非经常性损益定义的损益项目的具体情况。 将《公开发行证券的公司信息披露解释性公告第1号——非经常性损益》中列举的非经常性损益项目界定为经常性损益 项目的情况说明 □适用 不适用 公司不存在将《公开发行证券的公司信息披露解释性公告第 1 号——非经常性损益》中列举的非经常性损益项目界定为 经常性损益的项目的情形。 11
拓尔思信息技术股份有限公司2025年年度报告全文 第三节 管理层讨论与分析 一、报告期内公司从事的主要业务 报告期内，公司紧扣人工智能产业发展浪潮，以“决策智能”为核心发展方向，依托三十余年自然语言处理、知识 图谱等核心技术积累，持续加大行业大模型研发投入，加速拓天大模型技术落地与场景应用推广，深化人工智能、大数 据技术在数字政府、融媒体、金融科技、数字企业、公共安全等优势领域的融合创新。公司率先实现大模型与各行业传 统业务的深度耦合，助力客户实现体验提升、风险管控、降本增效的核心目标，持续巩固技术壁垒与市场领先优势，全 面推进商业模式向大模型赋能的认知智能服务转型，为公司长期高质量发展筑牢根基。 本报告期内，公司无新增重要非主营业务。 （一）人工智能产品 决策智能作为人工智能应用发展的核心前沿，是实现机器从“感知” 到“理解”再到“自主决策”的关键跨越，成 为全球科技界的核心探索方向。李飞飞曾指出“认知智能的突破将重构人机协作的底层逻辑，让 AI 真正具备解决复杂现 实问题的能力”，马斯克亦强调“真正的人工智能必然是拥有认知能力的智能体，而非单纯的信息处理工具”，Palantir 创 始人 Alex Karp 在 2025 年最新演讲中更是提出“认知智能作为双用途核心技术，已成为全球科技竞争与产业升级的关键 抓手”。全球决策智能发展已步入场景落地阶段，以 Palantir 为代表的企业正将认知智能技术深度融合于政务、安全、金 融等领域，实现从数据挖掘到智能决策的全链路赋能，头部科技企业均加大研发投入，推动认知智能技术与实体经济的 快速结合。国内决策智能产业迎来黄金发展期，在政策支持与技术创新双重驱动下，行业整体呈现“技术迭代加速、场 景应用深化、生态体系完善” 的特征，AI 大模型作为决策智能的核心载体，市场规模保持高速增长，成为数字经济发 展的重要引擎。 作为国内决策智能领域的先行者，公司构建了覆盖底座、平台、应用三层的全栈认知智能产品体系，涵盖从数据采 集、汇聚、存储检索到数据治理、动态本体、AI 大模型、智能体平台的全链路能力，为金融、能源、企业、媒体、政务、 网信、公安、特种等行业提供端到端的决策智能赋能。 12
拓尔思信息技术股份有限公司2025年年度报告全文 1、底座 底座层由数据资产与拓天大模型两大核心构成，共同为上层认知智能应用提供“燃料”与“引擎”。其中，数据资产 定位为高质量、多模态、可运营的 AI 训练资源底座和行业应用场景核心数据资源，拓天大模型定位为深耕垂直行业的 专用大模型基座。 数据资产：作为公司认知智能体系的“燃料层”，数据资产的核心价值在于为大模型预训练、行业专属语料销售及多 模态模型训练提供高质量、高密度的数据支撑。公司已构建超 6,000 亿条多模态数据资源，经标准化清洗与 Token 化处 理，形成超 200 万亿 Token 的高质量语料池。在金融风控、舆情监测、开源情报等核心应用场景中，公司数据资产为行 业场景智能体提供精准的行业上下文与实时动态信息，显著提升模型输出准确性与业务适配能力。 拓天大模型：作为公司认知智能体系的“引擎层”，拓天大模型定位为深耕政务、金融、媒体、公共安全等垂直行业 的专用大模型基座，核心价值在于为上层智能体应用提供高性价比、高安全性的行业 AI 能力。模型已完成与华为昇腾、 寒武纪、海光等主流国产化GPU厂商的深度适配。在不同行业应用场景中，拓天大模型实现规模化落地，具备行业知识 深度耦合、业务规则精准执行、私有化安全部署三大核心优势，成为驱动行业智能体的可靠动力核心。 2、平台 平台层由数据治理平台、动态本体平台、智能体平台三大核心引擎构成，分别承担数据资产化、知识语义化、能力 智能化的关键职能。 数据治理平台：定位为从多源异构数据采集、汇聚到高质量 AI 就绪数据的全链路加工与治理中心。其核心价值在 于将分散、原始、多模态的数据资源转化为标准化、可计量、可追溯的高价值数据资产，为上层认知智能应用提供坚实 的数据底座。平台深度融合海蜘分布式采集系统、海聚大数据融合系统、海贝全文搜索/向量/图数据库、数据中台及高 质量数据构建系统等核心产品，形成覆盖“采—聚—存—管—用”的全流程闭环。通过上述能力的系统集成，数据治理 平台为行业大模型训练与智能体应用提供源源不断的高质量“燃料”。 动态本体平台：定位为业务语义建模与知识表示系统。其核心价值在于解决 AI“看不懂业务”的痛点，通过构建统 一、动态、可执行的业务语义层，将分散在不同数据源中的原始字段、表结构、业务规则等转化为机器可理解、可推理 的概念、属性与关系。公司以自主研发的动态本体一体化平台为核心，支持多源异构数据的实时融合、实体提取、关系 建模与动态演化。与静态的、预先定义的行业知识图谱不同，动态本体能够随着业务变化、数据更新和应用反馈自动调 整和扩展，确保语义层始终与真实业务逻辑保持一致。通过动态本体平台，智能体可以基于业务概念而非底层数据表进 行推理和决策，从而大幅提升对复杂业务场景的理解准确性和任务执行可靠性，为上层智能体应用提供精准、可信、可 解释的业务上下文。 智能体平台：定位为行业智能体的统一开发、调度与运行环境。其核心价值在于将大模型能力与行业业务深度耦合， 实现从“通用对话”到“专业办事”的跨越。平台以拓天大模型为核心引擎，提供可视化编排、Skill 原子能力库及多智 能体协同等核心功能，将智能体开发周期从周级缩短至小时级。在此基础上，基于本体的自主探索系统支持业务人员无 需技术背景即可开展多跳挖掘、关联溯源与技战法沉淀，自动化解业务口径冲突，将专家经验转化为可复用分析流程。 平台深度融合拓天大模型及认知博弈实验平台等，支撑千行百业智能体的规模化落地。在交付模式上，支持按实例数、 Token消耗量或效果产出计费，推动商业模式向“数字员工服务采购”升级。 其他人工智能专业平台：TRS 事件推演与博弈系统新增基于平行数据的决策预测功能，将物理世界的多源感知数据 与信息领域的事件知识库相结合，提升复杂场景下的决策支持效果。TRS 数据和模型驱动的战略推演系统，借鉴国际先 进推演技术理念，基于 AI 大模型为战略推演与桌面演习提供智能化支持，助力国防相关领域用户探索动态复杂任务场 景。公司构建认知推演与分析平台，以社交媒体大数据为基础，融合 AI 语义理解、用户行为建模与仿真推演技术，形 成集主题发现、风险预警、立场分析、群体特征测绘、策略推演、内容生成与效果评估于一体的综合性分析系统，服务 于关键领域用户在网络空间风险感知与策略优化方面的需求。 13",windowed_extraction_review_required
